Data;Ano;MesNum;Mês;MesLongo;AnoMes;Periodo;proprietario;proprietario_filtro;Proprietario_Nome_Valido;subdominio;tema;tipo;produtos_digisac;Produto_Curto;card_financeiro;tipo_servico;motivo_downgrade;Situacao_Down;descricao;qtd_servicos;total_up_RS;total_down_RS;Movimento;criacao_url;Tempo_vida_cli;Faixa_Vida;Produto_Individual;produtos_digisac_original;Categoria;Status_Consideracao;Motivo_Consideracao
10/09/2025;2025;9;Set.;setembro;2025-09;Set./25;Usuário não identificado;Usuário inexistente;False;galeriaprcaruna;Migração para número oficial;Não informado;Migração para número oficial;Migração para número oficial;—;Migração/Outro;Não informado;Outros motivos descritos;Não informado;1;0.0;0.0;Migração;;;Não calculado;Migração para número oficial;Migração para número oficial;Conexão;Não considerado;Sem link no Card Financeiro
11/09/2025;2025;9;Set.;setembro;2025-09;Set./25;Usuário não identificado;Usuário inexistente;False;beecont;Migração para número oficial;Não informado;Migração para número oficial;Migração para número oficial;—;Migração/Outro;Não informado;Outros motivos descritos;Não informado;1;0.0;0.0;Migração;;;Não calculado;Migração para número oficial;Migração para número oficial;Conexão;Não considerado;Sem link no Card Financeiro
11/09/2025;2025;9;Set.;setembro;2025-09;Set./25;Usuário não identificado;Usuário inexistente;False;sullaser1;Downgrade;Não informado;Funil de vendas;Funil de vendas;—;Migração/Outro;Sem informação;Outros motivos descritos;Down Funil de vendas;1;0.0;0.0;Downgrade;;;Não calculado;Funil de vendas;Funil de vendas;Módulos;Não considerado;Sem link no Card Financeiro
11/09/2025;2025;9;Set.;setembro;2025-09;Set./25;Usuário não identificado;Usuário inexistente;False;rodrigobranquinho;Upgrade;Não informado;Servidores;Servidores;—;Migração/Outro;Não informado;Outros motivos descritos;UP Servidor 2/4 - R$ 89,00;1;0.0;0.0;Upgrade;;;Não calculado;Servidores;Servidores;Servidor;Não considerado;Sem link no Card Financeiro
11/09/2025;2025;9;Set.;setembro;2025-09;Set./25;Usuário não identificado;Usuário inexistente;False;demijoias;Upgrade;Não informado;IA Agent;IA Agent;—;Migração/Outro;Não informado;Outros motivos descritos;UPGRADE- Agente Inteligente 1000 créditos 112,90 - Protocolo: 202509111481738;1;0.0;0.0;Upgrade;;;Não calculado;IA Agent;IA Agent;IA;Não considerado;Sem link no Card Financeiro
11/09/2025;2025;9;Set.;setembro;2025-09;Set./25;Usuário não identificado;Usuário inexistente;False;mzhotelaria;Upgrade;Não informado;Funil de vendas;Funil de vendas;—;Migração/Outro;Não informado;Outros motivos descritos;"Upgrade - Funil de vendas - 49,90 - Protocolo; 202509111482236";1;0.0;0.0;Upgrade;;;Não calculado;Funil de vendas;Funil de vendas;Módulos;Não considerado;Sem link no Card Financeiro
11/09/2025;2025;9;Set.;setembro;2025-09;Set./25;Usuário não identificado;Usuário inexistente;False;okuyamaadvogados;Downgrade;Não informado;Funil de vendas;Funil de vendas;—;Migração/Outro;Não viu valor agregado;Redução de custo;Cliente não utiliza o recurso.;1;0.0;0.0;Downgrade;;;Não calculado;Funil de vendas;Funil de vendas;Módulos;Não considerado;Sem link no Card Financeiro
11/09/2025;2025;9;Set.;setembro;2025-09;Set./25;Usuário não identificado;Usuário inexistente;False;recifesaude;Upgrade;Não informado;Funil de vendas;Funil de vendas;—;Migração/Outro;Não informado;Outros motivos descritos;Upgrade - Funil de Vendas 49,00 - Protocolo: 202509111482273;1;0.0;0.0;Upgrade;;;Não calculado;Funil de vendas;Funil de vendas;Módulos;Não considerado;Sem link no Card Financeiro
11/09/2025;2025;9;Set.;setembro;2025-09;Set./25;Leticia Silva;Leticia Silva;True;bluebusinesscoworking;Downgrade;Não informado;IA Copiloto;IA Copiloto;—;Migração/Outro;Falta de Funcionalidade;Cancelamento / encerramento;O cliente relatou que, apesar de ter gostado da funcionalidade, identificou limitações na personalização de comportamentos. Como desenvolveu uma IA própria no Google, mais robusta e assertiva para suas demandas, optou pelo cancelamento.;1;0.0;0.0;Downgrade;;;Não calculado;IA Copiloto;IA Copiloto;IA;Não considerado;Sem link no Card Financeiro
11/09/2025;2025;9;Set.;setembro;2025-09;Set./25;Leticia Silva;Leticia Silva;True;ctemer;Solicitação de Teste;Não informado;Funil de vendas;Funil de vendas;—;Migração/Outro;Não informado;Outros motivos descritos;Liberação de teste referente ao Funil de Vendas até o dia 18/09/2025.;1;0.0;0.0;Teste;;;Não calculado;Funil de vendas;Funil de vendas;Módulos;Não considerado;Sem link no Card Financeiro
11/09/2025;2025;9;Set.;setembro;2025-09;Set./25;Leticia Silva;Leticia Silva;True;lelus;Solicitação de Teste;Não informado;Funil de vendas;Funil de vendas;—;Migração/Outro;Não informado;Outros motivos descritos;Não informado;1;0.0;0.0;Teste;;;Não calculado;Funil de vendas;Funil de vendas;Módulos;Não considerado;Sem link no Card Financeiro
11/09/2025;2025;9;Set.;setembro;2025-09;Set./25;Leticia Silva;Leticia Silva;True;lelus;Upgrade;Não informado;IA Agent;IA Agent;—;Migração/Outro;Não informado;Outros motivos descritos;Contratação referente a mil créditos do Agente IA por R$ 112,90;1;0.0;0.0;Upgrade;;;Não calculado;IA Agent;IA Agent;IA;Não considerado;Sem link no Card Financeiro
11/09/2025;2025;9;Set.;setembro;2025-09;Set./25;Leticia Silva;Leticia Silva;True;sseventos;Downgrade;Não informado;Usuário adicional;Usuário adicional;—;Migração/Outro;Dificuldade financeira;Redução de custo;Down referente a 5 usuários adicionais. Empresa passando por dificuldades financeiras.;1;0.0;0.0;Downgrade;;;Não calculado;Usuário adicional;Usuário adicional;Usuários;Não considerado;Sem link no Card Financeiro
11/09/2025;2025;9;Set.;setembro;2025-09;Set./25;Leticia Silva;Leticia Silva;True;vrfcontabilidade;Downgrade;Não informado;Usuário adicional;Usuário adicional;—;Migração/Outro;Não se adaptou ao produto;Outros motivos descritos;Down referente a 5 usuários adicionais e ao chat interno.;1;0.0;0.0;Downgrade;;;Não calculado;Usuário adicional;"Usuário adicional; Chat interno";Usuários;Não considerado;Sem link no Card Financeiro
11/09/2025;2025;9;Set.;setembro;2025-09;Set./25;Leticia Silva;Leticia Silva;True;vrfcontabilidade;Downgrade;Não informado;Chat interno;Chat interno;—;Migração/Outro;Não se adaptou ao produto;Outros motivos descritos;Down referente a 5 usuários adicionais e ao chat interno.;1;0.0;0.0;Downgrade;;;Não calculado;Chat interno;"Usuário adicional; Chat interno";Módulos;Não considerado;Sem link no Card Financeiro
11/09/2025;2025;9;Set.;setembro;2025-09;Set./25;Luis Siqueira;Luis Siqueira;True;vettorprint;Downgrade;Não informado;Conexão Instagram Direct;Conexão Instagram Direct;—;Migração/Outro;Não se adaptou ao produto;Outros motivos descritos;Cliente não seguirá, pois no momento não fez sentido ao seu negocio;1;0.0;0.0;Downgrade;;;Não calculado;Conexão Instagram Direct;"Conexão Instagram Direct; Conexão Facebook Messenger";Conexão;Não considerado;Sem link no Card Financeiro
11/09/2025;2025;9;Set.;setembro;2025-09;Set./25;Luis Siqueira;Luis Siqueira;True;vettorprint;Downgrade;Não informado;Conexão Facebook Messenger;Conexão Facebook Messenger;—;Migração/Outro;Não se adaptou ao produto;Outros motivos descritos;Cliente não seguirá, pois no momento não fez sentido ao seu negocio;1;0.0;0.0;Downgrade;;;Não calculado;Conexão Facebook Messenger;"Conexão Instagram Direct; Conexão Facebook Messenger";Conexão;Não considerado;Sem link no Card Financeiro
11/09/2025;2025;9;Set.;setembro;2025-09;Set./25;Luis Siqueira;Luis Siqueira;True;vettorprint;Upgrade;Não informado;Servidores;Servidores;—;Migração/Outro;Não informado;Redução de custo;Cliente fez a contratação do servidor 8/12 no valor de R$ 270,00;1;0.0;0.0;Upgrade;;;Não calculado;Servidores;Servidores;Servidor;Não considerado;Sem link no Card Financeiro
11/09/2025;2025;9;Set.;setembro;2025-09;Set./25;Mariana Nunes;Mariana Nunes;True;belmocredito;Downgrade;Não informado;Distribuição automática;Distribuição automática;—;Migração/Outro;Não se adaptou ao produto;Redução de custo;Down: distribuição automática / Valor: R$ 89,00 / Motivo: não se adaptou ao produto, vai criar via código aqui, internamente, na API.;1;0.0;0.0;Downgrade;;;Não calculado;Distribuição automática;Distribuição automática;Módulos;Não considerado;Sem link no Card Financeiro
11/09/2025;2025;9;Set.;setembro;2025-09;Set./25;Mariana Nunes;Mariana Nunes;True;cmcsst;Downgrade;Não informado;Chat interno;Chat interno;—;Migração/Outro;Dificuldade financeira;Redução de custo;Down: Chat Interno / Valor: R$ 89,00 / Protocolo: 202509111482480;1;0.0;0.0;Downgrade;;;Não calculado;Chat interno;Chat interno;Módulos;Não considerado;Sem link no Card Financeiro
11/09/2025;2025;9;Set.;setembro;2025-09;Set./25;Mariana Nunes;Mariana Nunes;True;extrajudicialnefadv;Downgrade;Não informado;Conexão adicional de WhatsApp;Conexão adicional de WhatsApp;—;Migração/Outro;Migrando de Plataforma;Redução de custo;Down: 15 conexões adicionais de WhatsApp / Valor: R$ 1.335,00 Integração SendRow / Valor: R$ 199,99 IA Texto Mágico / Valor: R$ 113,00 Cliente informou que agora tem uma ferramenta de desenvolvimento interna e estão trabalhando voltada a ela. Mas que vai continuar usando a plataforma oficial e as 3 URLs conosco.;1;0.0;0.0;Downgrade;;;Não calculado;Conexão adicional de WhatsApp;"Conexão adicional de WhatsApp; Texto Mágico; Integração";Conexão;Não considerado;Sem link no Card Financeiro
11/09/2025;2025;9;Set.;setembro;2025-09;Set./25;Mariana Nunes;Mariana Nunes;True;extrajudicialnefadv;Downgrade;Não informado;Texto Mágico;Texto Mágico;—;Migração/Outro;Migrando de Plataforma;Redução de custo;Down: 15 conexões adicionais de WhatsApp / Valor: R$ 1.335,00 Integração SendRow / Valor: R$ 199,99 IA Texto Mágico / Valor: R$ 113,00 Cliente informou que agora tem uma ferramenta de desenvolvimento interna e estão trabalhando voltada a ela. Mas que vai continuar usando a plataforma oficial e as 3 URLs conosco.;1;0.0;0.0;Downgrade;;;Não calculado;Texto Mágico;"Conexão adicional de WhatsApp; Texto Mágico; Integração";IA;Não considerado;Sem link no Card Financeiro
11/09/2025;2025;9;Set.;setembro;2025-09;Set./25;Mariana Nunes;Mariana Nunes;True;extrajudicialnefadv;Downgrade;Não informado;Integração;Integração;—;Migração/Outro;Migrando de Plataforma;Redução de custo;Down: 15 conexões adicionais de WhatsApp / Valor: R$ 1.335,00 Integração SendRow / Valor: R$ 199,99 IA Texto Mágico / Valor: R$ 113,00 Cliente informou que agora tem uma ferramenta de desenvolvimento interna e estão trabalhando voltada a ela. Mas que vai continuar usando a plataforma oficial e as 3 URLs conosco.;1;0.0;0.0;Downgrade;;;Não calculado;Integração;"Conexão adicional de WhatsApp; Texto Mágico; Integração";Integração;Não considerado;Sem link no Card Financeiro
11/09/2025;2025;9;Set.;setembro;2025-09;Set./25;Mariana Nunes;Mariana Nunes;True;extrajudicialnefadv;Downgrade;Não informado;Conexão adicional de WhatsApp;Conexão adicional de WhatsApp;—;Migração/Outro;Migrando de Plataforma;Redução de custo;Down: 15 conexões adicionais de WhatsApp / Valor: R$ 1.335,00 Integração SendRow / Valor: R$ 199,99 IA Texto Mágico / Valor: R$ 113,00. Cliente informou que agora tem uma ferramenta de desenvolvimento interna e estão trabalhando voltada a ela. Mas vai continuar usando a plataforma oficial e 3 URLs conosco que vai permanecer.;1;0.0;0.0;Downgrade;;;Não calculado;Conexão adicional de WhatsApp;"Conexão adicional de WhatsApp; Integração; Texto Mágico";Conexão;Não considerado;Sem link no Card Financeiro
11/09/2025;2025;9;Set.;setembro;2025-09;Set./25;Mariana Nunes;Mariana Nunes;True;extrajudicialnefadv;Downgrade;Não informado;Integração;Integração;—;Migração/Outro;Migrando de Plataforma;Redução de custo;Down: 15 conexões adicionais de WhatsApp / Valor: R$ 1.335,00 Integração SendRow / Valor: R$ 199,99 IA Texto Mágico / Valor: R$ 113,00. Cliente informou que agora tem uma ferramenta de desenvolvimento interna e estão trabalhando voltada a ela. Mas vai continuar usando a plataforma oficial e 3 URLs conosco que vai permanecer.;1;0.0;0.0;Downgrade;;;Não calculado;Integração;"Conexão adicional de WhatsApp; Integração; Texto Mágico";Integração;Não considerado;Sem link no Card Financeiro
11/09/2025;2025;9;Set.;setembro;2025-09;Set./25;Mariana Nunes;Mariana Nunes;True;extrajudicialnefadv;Downgrade;Não informado;Texto Mágico;Texto Mágico;—;Migração/Outro;Migrando de Plataforma;Redução de custo;Down: 15 conexões adicionais de WhatsApp / Valor: R$ 1.335,00 Integração SendRow / Valor: R$ 199,99 IA Texto Mágico / Valor: R$ 113,00. Cliente informou que agora tem uma ferramenta de desenvolvimento interna e estão trabalhando voltada a ela. Mas vai continuar usando a plataforma oficial e 3 URLs conosco que vai permanecer.;1;0.0;0.0;Downgrade;;;Não calculado;Texto Mágico;"Conexão adicional de WhatsApp; Integração; Texto Mágico";IA;Não considerado;Sem link no Card Financeiro
11/09/2025;2025;9;Set.;setembro;2025-09;Set./25;Mariana Nunes;Mariana Nunes;True;reversee;Upgrade;Não informado;Funil de vendas;Funil de vendas;—;Migração/Outro;Não informado;Redução de custo;Up: Funil de Vendas / Valor: R$49,90;1;0.0;0.0;Upgrade;;;Não calculado;Funil de vendas;Funil de vendas;Módulos;Não considerado;Sem link no Card Financeiro
11/09/2025;2025;9;Set.;setembro;2025-09;Set./25;Mariana Nunes;Mariana Nunes;True;taskdo2;Downgrade;Não informado;Integração;Integração;—;Migração/Outro;Redução de demanda;Redução de custo;Down: RD station / Valor: R$ 49,00 / Protocolo: 202509111481750;1;0.0;0.0;Downgrade;;;Não calculado;Integração;Integração;Integração;Não considerado;Sem link no Card Financeiro
11/09/2025;2025;9;Set.;setembro;2025-09;Set./25;Melissa Duarte;Melissa Duarte;True;beflycentervale;Upgrade;Não informado;Funil de vendas;Funil de vendas;—;Migração/Outro;Não informado;Redução de custo;Tipo: Upgrade Produto: Funil de Vendas Valor: 89,00 URL: beflycentervale Protocolo: 202509101481464;1;0.0;0.0;Upgrade;;;Não calculado;Funil de vendas;Funil de vendas;Módulos;Não considerado;Sem link no Card Financeiro
11/09/2025;2025;9;Set.;setembro;2025-09;Set./25;Melissa Duarte;Melissa Duarte;True;proclinicaguarulhos;Upgrade;Não informado;Integração;Integração;—;Migração/Outro;Não informado;Outros motivos descritos;Não informado;1;0.0;0.0;Upgrade;;;Não calculado;Integração;Integração;Integração;Não considerado;Sem link no Card Financeiro
11/09/2025;2025;9;Set.;setembro;2025-09;Set./25;Melissa Duarte;Melissa Duarte;True;valkiriacosta;Upgrade;Não informado;Integração;Integração;—;Migração/Outro;Não informado;Outros motivos descritos;Não informado;1;0.0;0.0;Upgrade;;;Não calculado;Integração;Integração;Integração;Não considerado;Sem link no Card Financeiro
11/09/2025;2025;9;Set.;setembro;2025-09;Set./25;Priscila Pavani;Priscila Pavani;True;integralidademedica;Upgrade;Não informado;Servidores;Servidores;—;Migração/Outro;Não informado;Outros motivos descritos;Não informado;1;0.0;0.0;Upgrade;;;Não calculado;Servidores;Servidores;Servidor;Não considerado;Sem link no Card Financeiro
11/09/2025;2025;9;Set.;setembro;2025-09;Set./25;Sem proprietário;Usuário inexistente;False;4ufullcommerce;Upgrade;Não informado;Chat interno;Chat interno;—;Migração/Outro;Não informado;Outros motivos descritos;Não informado;1;0.0;0.0;Upgrade;;;Não calculado;Chat interno;Chat interno;Módulos;Não considerado;Sem link no Card Financeiro
11/09/2025;2025;9;Set.;setembro;2025-09;Set./25;Sem proprietário;Usuário inexistente;False;opokmpokm;Upgrade;Não informado;Chat interno;Chat interno;—;Migração/Outro;Não informado;Outros motivos descritos;ççlmkmçklm;1;0.0;0.0;Upgrade;;;Não calculado;Chat interno;"Chat interno; Combo de IA's";Módulos;Não considerado;Sem link no Card Financeiro
11/09/2025;2025;9;Set.;setembro;2025-09;Set./25;Sem proprietário;Usuário inexistente;False;opokmpokm;Upgrade;Não informado;Combo de IA's;Combo de IA's;—;Migração/Outro;Não informado;Outros motivos descritos;ççlmkmçklm;1;0.0;0.0;Upgrade;;;Não calculado;Combo de IA's;"Chat interno; Combo de IA's";IA;Não considerado;Sem link no Card Financeiro
11/09/2025;2025;9;Set.;setembro;2025-09;Set./25;Sem proprietário;Usuário inexistente;False;wellingtonvazadv;Upgrade;Não informado;Servidores;Servidores;—;Migração/Outro;Não informado;Outros motivos descritos;UP servidor 2/4;1;0.0;0.0;Upgrade;;;Não calculado;Servidores;Servidores;Servidor;Não considerado;Sem link no Card Financeiro
11/09/2025;2025;9;Set.;setembro;2025-09;Set./25;Vinicius Simões;Vinicius Simões;True;brugcont;Downgrade;Não informado;Conexão Instagram Direct;Conexão Instagram Direct;—;Migração/Outro;UP por engano;Outros motivos descritos;Downgrade: - 1x Conexão de Instagram - R$ 89,00  Motivo: o cliente nunca chegou a utilizar a conexão, segundo ele, o mesmo contratou por engano.;1;0.0;0.0;Downgrade;;;Não calculado;Conexão Instagram Direct;Conexão Instagram Direct;Conexão;Não considerado;Sem link no Card Financeiro
11/09/2025;2025;9;Set.;setembro;2025-09;Set./25;Vinicius Simões;Vinicius Simões;True;gardentelecom;Upgrade;Não informado;Servidores;Servidores;—;Migração/Outro;Não informado;Outros motivos descritos;Upgrade: - Servidor 2/4 - R$ 89,00;1;0.0;0.0;Upgrade;;;Não calculado;Servidores;Servidores;Servidor;Não considerado;Sem link no Card Financeiro
11/09/2025;2025;9;Set.;setembro;2025-09;Set./25;Vinicius Simões;Vinicius Simões;True;vittaararaquara;Downgrade;Não informado;Conexão Facebook Messenger;Conexão Facebook Messenger;—;Migração/Outro;Top-down;Outros motivos descritos;Downgrade: - 1x Conexão de Facebook - R$ 49,50 - 10x Usuários adicionais - R$ 290,00  Motivo: o cliente explicou que a empresa esta centralizando o atendimento em outros sistemas e, por enquanto, ficará somente com uma equipe pequena na Digisac.;1;0.0;0.0;Downgrade;;;Não calculado;Conexão Facebook Messenger;"Conexão Facebook Messenger; Usuário adicional";Conexão;Não considerado;Sem link no Card Financeiro
11/09/2025;2025;9;Set.;setembro;2025-09;Set./25;Vinicius Simões;Vinicius Simões;True;vittaararaquara;Downgrade;Não informado;Usuário adicional;Usuário adicional;—;Migração/Outro;Top-down;Outros motivos descritos;Downgrade: - 1x Conexão de Facebook - R$ 49,50 - 10x Usuários adicionais - R$ 290,00  Motivo: o cliente explicou que a empresa esta centralizando o atendimento em outros sistemas e, por enquanto, ficará somente com uma equipe pequena na Digisac.;1;0.0;0.0;Downgrade;;;Não calculado;Usuário adicional;"Conexão Facebook Messenger; Usuário adicional";Usuários;Não considerado;Sem link no Card Financeiro
11/09/2025;2025;9;Set.;setembro;2025-09;Set./25;Viviane Vieira;Viviane Vieira;True;vjhgcjhcfgfnh;Solicitação de Teste;Não informado;Chat interno;Chat interno;—;Migração/Outro;Não informado;Outros motivos descritos;Não informado;1;0.0;0.0;Teste;;;Não calculado;Chat interno;"Chat interno; Funil de vendas";Módulos;Não considerado;Sem link no Card Financeiro
11/09/2025;2025;9;Set.;setembro;2025-09;Set./25;Viviane Vieira;Viviane Vieira;True;vjhgcjhcfgfnh;Solicitação de Teste;Não informado;Funil de vendas;Funil de vendas;—;Migração/Outro;Não informado;Outros motivos descritos;Não informado;1;0.0;0.0;Teste;;;Não calculado;Funil de vendas;"Chat interno; Funil de vendas";Módulos;Não considerado;Sem link no Card Financeiro
12/09/2025;2025;9;Set.;setembro;2025-09;Set./25;Usuário não identificado;Usuário inexistente;False;financeiroadv;Criação de URL;Não informado;URL;URL;—;Migração/Outro;Não informado;Outros motivos descritos;Não informado;1;0.0;0.0;Criação de URL;;;Não calculado;URL;URL;URL;Não considerado;Sem link no Card Financeiro
12/09/2025;2025;9;Set.;setembro;2025-09;Set./25;Usuário não identificado;Usuário inexistente;False;tabelionatosj;Upgrade;Não informado;Usuário adicional;Usuário adicional;—;Migração/Outro;Não informado;Outros motivos descritos;Não informado;1;0.0;0.0;Upgrade;;;Não calculado;Usuário adicional;Usuário adicional;Usuários;Não considerado;Sem link no Card Financeiro
12/09/2025;2025;9;Set.;setembro;2025-09;Set./25;Usuário não identificado;Usuário inexistente;False;semprecred;Upgrade;Não informado;IA Agent;IA Agent;—;Migração/Outro;Não informado;Outros motivos descritos;Upgrade - Agente Inteligente 1000 créditos - 112,90 - Protocolo: 202509121483273;1;0.0;0.0;Upgrade;;;Não calculado;IA Agent;IA Agent;IA;Não considerado;Sem link no Card Financeiro
12/09/2025;2025;9;Set.;setembro;2025-09;Set./25;Leticia Silva;Leticia Silva;True;machadoexavierss;Solicitação de Bonificação e Desconto;Não informado;Usuário adicional;Usuário adicional;—;Migração/Outro;Não informado;Outros motivos descritos;Down de 1 usuário adicional + UP de 1 usuário bonificado. 202509121482715;1;0.0;0.0;__EXCLUIR__;;;Não calculado;Usuário adicional;Usuário adicional;Usuários;Não considerado;Sem link no Card Financeiro
12/09/2025;2025;9;Set.;setembro;2025-09;Set./25;Vinicius Simões;Vinicius Simões;True;ieeducacional;Migração para número oficial;Não informado;Migração para número oficial;Migração para número oficial;—;Migração/Outro;Não informado;Outros motivos descritos;Não informado;1;0.0;0.0;Migração;;;Não calculado;Migração para número oficial;Migração para número oficial;Conexão;Não considerado;Sem link no Card Financeiro
15/09/2025;2025;9;Set.;setembro;2025-09;Set./25;Marcela Medeiros;Marcela Medeiros;True;nuvemshoptiendanube;Solicitação de Teste;Não informado;Distribuição automática;Distribuição automática;—;Migração/Outro;Não informado;Outros motivos descritos;Não informado;1;0.0;0.0;Teste;;;Não calculado;Distribuição automática;Distribuição automática;Módulos;Não considerado;Sem link no Card Financeiro
15/09/2025;2025;9;Set.;setembro;2025-09;Set./25;Melissa Duarte;Melissa Duarte;True;domhelio;Migração para número oficial;Não informado;Migração para número oficial;Migração para número oficial;—;Migração/Outro;Não informado;Outros motivos descritos;Não informado;1;0.0;0.0;Migração;;;Não calculado;Migração para número oficial;Migração para número oficial;Conexão;Não considerado;Sem link no Card Financeiro
16/09/2025;2025;9;Set.;setembro;2025-09;Set./25;Usuário não identificado;Usuário inexistente;False;kandelmedical;Downgrade;Não informado;Integração;Integração;—;Migração/Outro;Integração (responsabilidade terceiro);Outros motivos descritos;DOWN - Integração RD CRM e Integração RD Marketing / Receive Form - R$ 59,99 cada - 202509151484854;1;0.0;0.0;Downgrade;;;Não calculado;Integração;Integração;Integração;Não considerado;Sem link no Card Financeiro
16/09/2025;2025;9;Set.;setembro;2025-09;Set./25;Usuário não identificado;Usuário inexistente;False;protectmeseguros;Upgrade;Não informado;Conexão adicional de WhatsApp - WABA;Conexão adicional de WhatsApp - WABA;—;Migração/Outro;Não informado;Outros motivos descritos;UP 1 Conexão WABA - 202509161486288;1;0.0;0.0;Upgrade;;;Não calculado;Conexão adicional de WhatsApp - WABA;Conexão adicional de WhatsApp - WABA;Conexão;Não considerado;Sem link no Card Financeiro
16/09/2025;2025;9;Set.;setembro;2025-09;Set./25;Usuário não identificado;Usuário inexistente;False;vicentiniadvocacia;Solicitação de Teste;Não informado;Funil de vendas;Funil de vendas;—;Migração/Outro;Não informado;Outros motivos descritos;Não informado;1;0.0;0.0;Teste;;;Não calculado;Funil de vendas;Funil de vendas;Módulos;Não considerado;Sem link no Card Financeiro
16/09/2025;2025;9;Set.;setembro;2025-09;Set./25;Usuário não identificado;Usuário inexistente;False;vicentiniadvocacia;Upgrade;Não informado;Funil de vendas;Funil de vendas;—;Migração/Outro;Não informado;Outros motivos descritos;UP - FUNIL DE VENDAS - 89,90;1;0.0;0.0;Upgrade;;;Não calculado;Funil de vendas;Funil de vendas;Módulos;Não considerado;Sem link no Card Financeiro
16/09/2025;2025;9;Set.;setembro;2025-09;Set./25;Usuário não identificado;Usuário inexistente;False;vicentiniadvocacia;Upgrade;Não informado;Funil de vendas;Funil de vendas;—;Migração/Outro;Não informado;Outros motivos descritos;UP - FUNIL DE VENDAS - R$ 89,90 - 202509151484385;1;0.0;0.0;Upgrade;;;Não calculado;Funil de vendas;Funil de vendas;Módulos;Não considerado;Sem link no Card Financeiro
16/09/2025;2025;9;Set.;setembro;2025-09;Set./25;Usuário não identificado;Usuário inexistente;False;vicentiniadvocacia;Upgrade;Não informado;Funil de vendas;Funil de vendas;—;Migração/Outro;Não informado;Outros motivos descritos;UP - FUNIL DE VENDAS - R$ 89,90 - 202509151484385;1;0.0;0.0;Upgrade;;;Não calculado;Funil de vendas;Funil de vendas;Módulos;Não considerado;Sem link no Card Financeiro
16/09/2025;2025;9;Set.;setembro;2025-09;Set./25;Usuário não identificado;Usuário inexistente;False;trancarte;Solicitação de Teste;Não informado;Chat interno;Chat interno;—;Migração/Outro;Não informado;Outros motivos descritos;Não informado;1;0.0;0.0;Teste;;;Não calculado;Chat interno;Chat interno;Módulos;Não considerado;Sem link no Card Financeiro
16/09/2025;2025;9;Set.;setembro;2025-09;Set./25;Leticia Silva;Leticia Silva;True;logisticaeros;Downgrade;Não informado;Usuário adicional;Usuário adicional;—;Migração/Outro;Redução de funcionários;Redução de custo;Down referente a remoção de 2 usuários adicionais.;1;0.0;0.0;Downgrade;;;Não calculado;Usuário adicional;Usuário adicional;Usuários;Não considerado;Sem link no Card Financeiro
16/09/2025;2025;9;Set.;setembro;2025-09;Set./25;Melissa Duarte;Melissa Duarte;True;azvmaringa;Solicitação de Teste;Não informado;Funil de vendas;Funil de vendas;—;Migração/Outro;Não informado;Outros motivos descritos;Não informado;1;0.0;0.0;Teste;;;Não calculado;Funil de vendas;Funil de vendas;Módulos;Não considerado;Sem link no Card Financeiro
16/09/2025;2025;9;Set.;setembro;2025-09;Set./25;Priscila Pavani;Priscila Pavani;True;portofianca;Criação de URL;Não informado;URL;URL;—;Migração/Outro;Não informado;Outros motivos descritos;Não informado;1;0.0;0.0;Criação de URL;;;Não calculado;URL;URL;URL;Não considerado;Sem link no Card Financeiro
16/09/2025;2025;9;Set.;setembro;2025-09;Set./25;Tadiane Biason;Tadiane Biason;True;ambientalqvt;Solicitação de robô;Não informado;Robô personalizado;Robô personalizado;—;Migração/Outro;Não informado;Redução de custo;Caroline solicitou alteração no bot criado;1;0.0;0.0;Robô;;;Não calculado;Robô personalizado;Robô personalizado;Robô;Não considerado;Sem link no Card Financeiro
16/09/2025;2025;9;Set.;setembro;2025-09;Set./25;Tadiane Biason;Tadiane Biason;True;md5;Criação de URL;Não informado;URL;URL;—;Migração/Outro;Não informado;Outros motivos descritos;Não informado;1;0.0;0.0;Criação de URL;;;Não calculado;URL;URL;URL;Não considerado;Sem link no Card Financeiro
17/09/2025;2025;9;Set.;setembro;2025-09;Set./25;Usuário não identificado;Usuário inexistente;False;grupoexalt;Upgrade;Não informado;Conexão adicional de WhatsApp;Conexão adicional de WhatsApp;—;Migração/Outro;Não informado;Outros motivos descritos;Não informado;1;0.0;0.0;Upgrade;;;Não calculado;Conexão adicional de WhatsApp;Conexão adicional de WhatsApp;Conexão;Não considerado;Sem link no Card Financeiro
17/09/2025;2025;9;Set.;setembro;2025-09;Set./25;Usuário não identificado;Usuário inexistente;False;protectmeseguros;Upgrade;Não informado;Conexão adicional de WhatsApp - WABA;Conexão adicional de WhatsApp - WABA;—;Migração/Outro;Não informado;Outros motivos descritos;UP 1 Conexão WABA - 202509161486288;1;0.0;0.0;Upgrade;;;Não calculado;Conexão adicional de WhatsApp - WABA;Conexão adicional de WhatsApp - WABA;Conexão;Não considerado;Sem link no Card Financeiro
17/09/2025;2025;9;Set.;setembro;2025-09;Set./25;Usuário não identificado;Usuário inexistente;False;quattro;Upgrade;Não informado;Servidores;Servidores;—;Migração/Outro;Não informado;Outros motivos descritos;UP - Servidor 4/8 - R$ 169,00 - 202509161486169;1;0.0;0.0;Upgrade;;;Não calculado;Servidores;Servidores;Servidor;Não considerado;Sem link no Card Financeiro
17/09/2025;2025;9;Set.;setembro;2025-09;Set./25;Usuário não identificado;Usuário inexistente;False;quattro;Upgrade;Não informado;Servidores;Servidores;—;Migração/Outro;Não informado;Outros motivos descritos;UP - Servidor 4/8 - R$ 169,00 - 202509161486169;1;0.0;0.0;Upgrade;;;Não calculado;Servidores;Servidores;Servidor;Não considerado;Sem link no Card Financeiro
17/09/2025;2025;9;Set.;setembro;2025-09;Set./25;Usuário não identificado;Usuário inexistente;False;quattro;Upgrade;Não informado;Servidores;Servidores;—;Migração/Outro;Não informado;Outros motivos descritos;UP - Servidor 4/8 - R$ 169,00 - 202509161486169;1;0.0;0.0;Upgrade;;;Não calculado;Servidores;Servidores;Servidor;Não considerado;Sem link no Card Financeiro
17/09/2025;2025;9;Set.;setembro;2025-09;Set./25;Usuário não identificado;Usuário inexistente;False;vitoriaware;Upgrade;Não informado;Primeira ativação de número oficial;Primeira ativação de número oficial;—;Migração/Outro;Não informado;Outros motivos descritos;UP - 1 Conexão Oficial WABA - R$ 89,00 - primeira ativação de número oficial | 202509151484828;1;0.0;0.0;Upgrade;;;Não calculado;Primeira ativação de número oficial;Primeira ativação de número oficial;Conexão;Não considerado;Sem link no Card Financeiro
17/09/2025;2025;9;Set.;setembro;2025-09;Set./25;Luis Siqueira;Luis Siqueira;True;confianceinvestcaixa;Solicitação de Teste;Não informado;Chat interno;Chat interno;—;Migração/Outro;Não informado;Outros motivos descritos;Não informado;1;0.0;0.0;Teste;;;Não calculado;Chat interno;Chat interno;Módulos;Não considerado;Sem link no Card Financeiro
17/09/2025;2025;9;Set.;setembro;2025-09;Set./25;Luis Siqueira;Luis Siqueira;True;guerracontabilidade;Solicitação de Teste;Não informado;Chat interno;Chat interno;—;Migração/Outro;Não informado;Outros motivos descritos;Não informado;1;0.0;0.0;Teste;;;Não calculado;Chat interno;Chat interno;Módulos;Não considerado;Sem link no Card Financeiro
17/09/2025;2025;9;Set.;setembro;2025-09;Set./25;Marcela Medeiros;Marcela Medeiros;True;jullitabritoadv;Solicitação de Teste;Não informado;Funil de vendas;Funil de vendas;—;Migração/Outro;Não informado;Outros motivos descritos;Não informado;1;0.0;0.0;Teste;;;Não calculado;Funil de vendas;Funil de vendas;Módulos;Não considerado;Sem link no Card Financeiro
17/09/2025;2025;9;Set.;setembro;2025-09;Set./25;Sem proprietário;Usuário inexistente;False;atmodigital;Criação de URL;Não informado;URL;URL;—;Migração/Outro;Não informado;Outros motivos descritos;Não informado;1;0.0;0.0;Criação de URL;;;Não calculado;URL;URL;URL;Não considerado;Sem link no Card Financeiro
18/09/2025;2025;9;Set.;setembro;2025-09;Set./25;Leticia Silva;Leticia Silva;True;stcorretora;Upgrade;Não informado;Servidores;Servidores;—;Migração/Outro;Não informado;Outros motivos descritos;Não informado;1;0.0;0.0;Upgrade;;;Não calculado;Servidores;Servidores;Servidor;Não considerado;Sem link no Card Financeiro
18/09/2025;2025;9;Set.;setembro;2025-09;Set./25;Luis Siqueira;Luis Siqueira;True;blladvogados;Migração para número oficial;Não informado;Primeira ativação de número oficial;Primeira ativação de número oficial;—;Migração/Outro;Não informado;Outros motivos descritos;Não informado;1;0.0;0.0;Migração;;;Não calculado;Primeira ativação de número oficial;Primeira ativação de número oficial;Conexão;Não considerado;Sem link no Card Financeiro
19/09/2025;2025;9;Set.;setembro;2025-09;Set./25;Usuário não identificado;Usuário inexistente;False;drexameitaquera;Migração para número oficial;Não informado;Migração para número oficial;Migração para número oficial;—;Migração/Outro;Não informado;Outros motivos descritos;Não informado;1;0.0;0.0;Migração;;;Não calculado;Migração para número oficial;Migração para número oficial;Conexão;Não considerado;Sem link no Card Financeiro
19/09/2025;2025;9;Set.;setembro;2025-09;Set./25;Melissa Duarte;Melissa Duarte;True;maiaemachadoadvogados;Solicitação de Teste;Não informado;Funil de vendas;Funil de vendas;—;Migração/Outro;Não informado;Outros motivos descritos;Não informado;1;0.0;0.0;Teste;;;Não calculado;Funil de vendas;Funil de vendas;Módulos;Não considerado;Sem link no Card Financeiro
19/09/2025;2025;9;Set.;setembro;2025-09;Set./25;Tadiane Biason;Tadiane Biason;True;md4;Upgrade;Não informado;Usuário adicional;Usuário adicional;—;Migração/Outro;Não informado;Redução de custo;Tipo: Upgrade Produto: 1 usuario Valor: 21,90 URL: md4 Protocolo: 202509181489913;1;0.0;0.0;Upgrade;;;Não calculado;Usuário adicional;Usuário adicional;Usuários;Não considerado;Sem link no Card Financeiro
22/09/2025;2025;9;Set.;setembro;2025-09;Set./25;Luis Siqueira;Luis Siqueira;True;prevclinsaude;Migração para número oficial;Não informado;Migração para número oficial;Migração para número oficial;—;Migração/Outro;Não informado;Outros motivos descritos;Não informado;1;0.0;0.0;Migração;;;Não calculado;Migração para número oficial;Migração para número oficial;Conexão;Não considerado;Sem link no Card Financeiro
23/09/2025;2025;9;Set.;setembro;2025-09;Set./25;Usuário não identificado;Usuário inexistente;False;unesultransportes;Migração para número oficial;Não informado;Migração para número oficial;Migração para número oficial;—;Migração/Outro;Não informado;Outros motivos descritos;Não informado;1;0.0;0.0;Migração;;;Não calculado;Migração para número oficial;Migração para número oficial;Conexão;Não considerado;Sem link no Card Financeiro
23/09/2025;2025;9;Set.;setembro;2025-09;Set./25;Usuário não identificado;Usuário inexistente;False;unesultransportessac;Upgrade;Não informado;Primeira ativação de número oficial;Primeira ativação de número oficial;—;Migração/Outro;Não informado;Outros motivos descritos;Não informado;1;0.0;0.0;Upgrade;;;Não calculado;Primeira ativação de número oficial;Primeira ativação de número oficial;Conexão;Não considerado;Sem link no Card Financeiro
23/09/2025;2025;9;Set.;setembro;2025-09;Set./25;Usuário não identificado;Usuário inexistente;False;grupoinvestcar;Upgrade;Não informado;URL;URL;—;Migração/Outro;Não informado;Outros motivos descritos;Não informado;1;0.0;0.0;Upgrade;;;Não calculado;URL;URL;URL;Não considerado;Sem link no Card Financeiro
23/09/2025;2025;9;Set.;setembro;2025-09;Set./25;Usuário não identificado;Usuário inexistente;False;brasilcredfacil;Upgrade;Não informado;Servidores;Servidores;—;Migração/Outro;Não informado;Redução de custo;UP Servidor 8/16 valor de R$349,00 para URL:brasilcredfacil, conforme sugerido pelo suporte - 202509221493434 - Cliente WABA problema no registro da HUB;1;0.0;0.0;Upgrade;;;Não calculado;Servidores;Servidores;Servidor;Não considerado;Sem link no Card Financeiro
23/09/2025;2025;9;Set.;setembro;2025-09;Set./25;Leticia Silva;Leticia Silva;True;akmadvogados;Solicitação de Bonificação e Desconto;Não informado;Servidores;Servidores;—;Migração/Outro;Não informado;Redução de custo;Contratação do servidor 4/8, liberação de desconto autorizada pela Viviane conforme os descontos pré-autorizados pelo Paulo, cliente com um bom tempo de parceria, não tem desconto e paga um valor considerável pelo uso da plataforma.;1;0.0;0.0;__EXCLUIR__;;;Não calculado;Servidores;Servidores;Servidor;Não considerado;Sem link no Card Financeiro
23/09/2025;2025;9;Set.;setembro;2025-09;Set./25;Luis Siqueira;Luis Siqueira;True;teatroescolamacunaima;Downgrade;Não informado;Usuário adicional;Usuário adicional;—;Migração/Outro;Desistência da contratação;Outros motivos descritos;Desistiu da contratação;1;0.0;0.0;Downgrade;;;Não calculado;Usuário adicional;Usuário adicional;Usuários;Não considerado;Sem link no Card Financeiro
24/09/2025;2025;9;Set.;setembro;2025-09;Set./25;Usuário não identificado;Usuário inexistente;False;terascience;Downgrade;Não informado;Funil de vendas;Funil de vendas;—;Migração/Outro;Não viu valor agregado;Redução de custo;Downgrade - Funil de Vendas - 49,00 - Protocolo: 202509241497948 - A cliente relatou que não está usando o recurso e que optou por outras plataformas de KanBan;1;0.0;0.0;Downgrade;;;Não calculado;Funil de vendas;Funil de vendas;Módulos;Não considerado;Sem link no Card Financeiro
24/09/2025;2025;9;Set.;setembro;2025-09;Set./25;Vinicius Simões;Vinicius Simões;True;bimbobrasil;Criação de URL;Não informado;URL;URL;—;Migração/Outro;Não informado;Outros motivos descritos;Não informado;1;0.0;0.0;Criação de URL;;;Não calculado;URL;"URL; Usuário adicional";URL;Não considerado;Sem link no Card Financeiro
24/09/2025;2025;9;Set.;setembro;2025-09;Set./25;Vinicius Simões;Vinicius Simões;True;bimbobrasil;Criação de URL;Não informado;Usuário adicional;Usuário adicional;—;Migração/Outro;Não informado;Outros motivos descritos;Não informado;1;0.0;0.0;Criação de URL;;;Não calculado;Usuário adicional;"URL; Usuário adicional";Usuários;Não considerado;Sem link no Card Financeiro
24/09/2025;2025;9;Set.;setembro;2025-09;Set./25;Viviane Vieira;Viviane Vieira;True;maissaudeplano;Downgrade;Não informado;Distribuição automática;Distribuição automática;—;Migração/Outro;Bug Plataforma;Problema técnico / limitação;Protocolo: 202509241497845 // Downgrade da Distribuição automática que apresentou problemas - Card aberto Suporte.;1;0.0;0.0;Downgrade;;;Não calculado;Distribuição automática;Distribuição automática;Módulos;Não considerado;Sem link no Card Financeiro
25/09/2025;2025;9;Set.;setembro;2025-09;Set./25;Usuário não identificado;Usuário inexistente;False;livskin;Upgrade;Não informado;Primeira ativação de número oficial;Primeira ativação de número oficial;—;Migração/Outro;Não informado;Outros motivos descritos;Se;1;0.0;0.0;Upgrade;;;Não calculado;Primeira ativação de número oficial;Primeira ativação de número oficial;Conexão;Não considerado;Sem link no Card Financeiro
25/09/2025;2025;9;Set.;setembro;2025-09;Set./25;Usuário não identificado;Usuário inexistente;False;habreu;Downgrade;Não informado;Funil de vendas;Funil de vendas;—;Migração/Outro;Desistência da contratação;Outros motivos descritos;Downgrade - Funil de Vendas - R$ 49,90 - Protocolo: 202509241499729;1;0.0;0.0;Downgrade;;;Não calculado;Funil de vendas;Funil de vendas;Módulos;Não considerado;Sem link no Card Financeiro
25/09/2025;2025;9;Set.;setembro;2025-09;Set./25;Usuário não identificado;Usuário inexistente;False;andressalorenconiadv;Downgrade;Não informado;Funil de vendas;Funil de vendas;—;Migração/Outro;Não viu valor agregado;Redução de custo;Downgrade - Funil de vendas - 89,00 - Protocolo: 202509251500793 Cliente não está utilizando;1;0.0;0.0;Downgrade;;;Não calculado;Funil de vendas;Funil de vendas;Módulos;Não considerado;Sem link no Card Financeiro
25/09/2025;2025;9;Set.;setembro;2025-09;Set./25;Usuário não identificado;Usuário inexistente;False;clinicamultidiciplinar;Upgrade;Não informado;Resumo Inteligente;Resumo Inteligente;—;Migração/Outro;Não informado;Outros motivos descritos;Upgrade - Resumo Inteligente 500 créditos - 29,90 e Texto mágico 1000 créditos - 19,90 - Protocolo: 202509251501177;1;0.0;0.0;Upgrade;;;Não calculado;Resumo Inteligente;"Resumo Inteligente; Texto Mágico";IA;Não considerado;Sem link no Card Financeiro
25/09/2025;2025;9;Set.;setembro;2025-09;Set./25;Usuário não identificado;Usuário inexistente;False;clinicamultidiciplinar;Upgrade;Não informado;Texto Mágico;Texto Mágico;—;Migração/Outro;Não informado;Outros motivos descritos;Upgrade - Resumo Inteligente 500 créditos - 29,90 e Texto mágico 1000 créditos - 19,90 - Protocolo: 202509251501177;1;0.0;0.0;Upgrade;;;Não calculado;Texto Mágico;"Resumo Inteligente; Texto Mágico";IA;Não considerado;Sem link no Card Financeiro
25/09/2025;2025;9;Set.;setembro;2025-09;Set./25;Leticia Silva;Leticia Silva;True;bbrandaoadv;Downgrade;Não informado;Funil de vendas;Funil de vendas;—;Migração/Outro;Falta de Funcionalidade;Outros motivos descritos;Down referente ao Funil de Vendas.;1;0.0;0.0;Downgrade;;;Não calculado;Funil de vendas;Funil de vendas;Módulos;Não considerado;Sem link no Card Financeiro
25/09/2025;2025;9;Set.;setembro;2025-09;Set./25;Leticia Silva;Leticia Silva;True;jcfotoevideo;Solicitação de Bonificação e Desconto;Não informado;Servidores;Servidores;—;Migração/Outro;Não informado;Outros motivos descritos;202509241498844 - UP referente a contratação do servidor 2/4. Bonificação autorizada pela Viviane mediante desconto pré-aprovado pelo Paulo.;1;0.0;0.0;__EXCLUIR__;;;Não calculado;Servidores;Servidores;Servidor;Não considerado;Sem link no Card Financeiro
25/09/2025;2025;9;Set.;setembro;2025-09;Set./25;Leticia Silva;Leticia Silva;True;nedeffepestana;Criação de URL;Não informado;URL;URL;—;Migração/Outro;Não informado;Outros motivos descritos;Não informado;1;0.0;0.0;Criação de URL;;;Não calculado;URL;"URL; Funil de vendas";URL;Não considerado;Sem link no Card Financeiro
25/09/2025;2025;9;Set.;setembro;2025-09;Set./25;Leticia Silva;Leticia Silva;True;nedeffepestana;Criação de URL;Não informado;Funil de vendas;Funil de vendas;—;Migração/Outro;Não informado;Outros motivos descritos;Não informado;1;0.0;0.0;Criação de URL;;;Não calculado;Funil de vendas;"URL; Funil de vendas";Módulos;Não considerado;Sem link no Card Financeiro
25/09/2025;2025;9;Set.;setembro;2025-09;Set./25;Luis Siqueira;Luis Siqueira;True;teatroescolamacunaima;Upgrade;Não informado;Funil de vendas;Funil de vendas;—;Migração/Outro;Não informado;Outros motivos descritos;Cliente fez a contratação do funil de vendas por R$ 49,90;1;0.0;0.0;Upgrade;;;Não calculado;Funil de vendas;Funil de vendas;Módulos;Não considerado;Sem link no Card Financeiro
26/09/2025;2025;9;Set.;setembro;2025-09;Set./25;Usuário não identificado;Usuário inexistente;False;saevambiental;Downgrade;Não informado;Servidores;Servidores;—;Migração/Outro;Desistência da contratação;Outros motivos descritos;Não informado;1;0.0;0.0;Downgrade;;;Não calculado;Servidores;Servidores;Servidor;Não considerado;Sem link no Card Financeiro
26/09/2025;2025;9;Set.;setembro;2025-09;Set./25;Luis Siqueira;Luis Siqueira;True;drexameitaquera;Upgrade;Não informado;Distribuição automática;Distribuição automática;—;Migração/Outro;Não informado;Processo/uso operacional;Cliente contratou a distribuição automatica por R$ 149,00;1;0.0;0.0;Upgrade;;;Não calculado;Distribuição automática;Distribuição automática;Módulos;Não considerado;Sem link no Card Financeiro
26/09/2025;2025;9;Set.;setembro;2025-09;Set./25;Sem proprietário;Usuário inexistente;False;oystr;Solicitação de Teste;Não informado;Integração;Integração;—;Migração/Outro;Não informado;Outros motivos descritos;Não informado;1;0.0;0.0;Teste;;;Não calculado;Integração;Integração;Integração;Não considerado;Sem link no Card Financeiro
29/09/2025;2025;9;Set.;setembro;2025-09;Set./25;Usuário não identificado;Usuário inexistente;False;mlxviagenseturismo;Upgrade;Não informado;Servidores;Servidores;—;Migração/Outro;Não informado;Outros motivos descritos;UP Servidor 2/4 - R$ 89,00;1;0.0;0.0;Upgrade;;;Não calculado;Servidores;Servidores;Servidor;Não considerado;Sem link no Card Financeiro
29/09/2025;2025;9;Set.;setembro;2025-09;Set./25;Leticia Silva;Leticia Silva;True;carmosociedadeadv;Downgrade;Não informado;Combo de IA's;Combo de IA's;—;Migração/Outro;Não se adaptou ao produto;Outros motivos descritos;Down referente ao combo IA Texto Mágico.;1;0.0;0.0;Downgrade;;;Não calculado;Combo de IA's;Combo de IA's;IA;Não considerado;Sem link no Card Financeiro
30/09/2025;2025;9;Set.;setembro;2025-09;Set./25;Usuário não identificado;Usuário inexistente;False;grupoinvestcar;Upgrade;Não informado;Primeira ativação de número oficial;Primeira ativação de número oficial;—;Migração/Outro;Não informado;Outros motivos descritos;UP Conexão Oficial WhatsAppp;1;0.0;0.0;Upgrade;;;Não calculado;Primeira ativação de número oficial;Primeira ativação de número oficial;Conexão;Não considerado;Sem link no Card Financeiro
30/09/2025;2025;9;Set.;setembro;2025-09;Set./25;Melissa Duarte;Melissa Duarte;True;macrosinosveiculos;Solicitação de Teste;Não informado;Funil de vendas;Funil de vendas;—;Migração/Outro;Não informado;Outros motivos descritos;Não informado;1;0.0;0.0;Teste;;;Não calculado;Funil de vendas;Funil de vendas;Módulos;Não considerado;Sem link no Card Financeiro
01/10/2025;2025;10;Out.;outubro;2025-10;Out./25;Usuário não identificado;Usuário inexistente;False;camposadvogados;Criação de URL;Não informado;URL;URL;—;Migração/Outro;Não informado;Outros motivos descritos;Não informado;1;0.0;0.0;Criação de URL;;;Não calculado;URL;URL;URL;Não considerado;Sem link no Card Financeiro
01/10/2025;2025;10;Out.;outubro;2025-10;Out./25;Usuário não identificado;Usuário inexistente;False;casadosfiltros;Solicitação de Teste;Não informado;Funil de vendas;Funil de vendas;—;Migração/Outro;Não informado;Outros motivos descritos;Não informado;1;0.0;0.0;Teste;;;Não calculado;Funil de vendas;Funil de vendas;Módulos;Não considerado;Sem link no Card Financeiro
01/10/2025;2025;10;Out.;outubro;2025-10;Out./25;Usuário não identificado;Usuário inexistente;False;bylux;Downgrade;Não informado;Distribuição automática;Distribuição automática;—;Migração/Outro;Não viu valor agregado;Redução de custo;"DOwn - Distribuição automática - 99,00 - Protocolo; 202510011507907";1;0.0;0.0;Downgrade;;;Não calculado;Distribuição automática;Distribuição automática;Módulos;Não considerado;Sem link no Card Financeiro
01/10/2025;2025;10;Out.;outubro;2025-10;Out./25;Usuário não identificado;Usuário inexistente;False;pionen;Upgrade;Não informado;Transcrição de Áudio;Transcrição de Áudio;—;Migração/Outro;Não informado;Outros motivos descritos;"Upgrade - Transcrição de áudio 500 minutos - 24,90 - Protocolo; 202510011507452";1;0.0;0.0;Upgrade;;;Não calculado;Transcrição de Áudio;Transcrição de Áudio;IA;Não considerado;Sem link no Card Financeiro
01/10/2025;2025;10;Out.;outubro;2025-10;Out./25;Leticia Silva;Leticia Silva;True;cartaobeneficiarsaocarlos;Solicitação de Bonificação e Desconto;Não informado;Usuário adicional;Usuário adicional;—;Migração/Outro;Não informado;Outros motivos descritos;Bonificação referente a 1 usuário adicional.;1;0.0;0.0;__EXCLUIR__;;;Não calculado;Usuário adicional;Usuário adicional;Usuários;Não considerado;Sem link no Card Financeiro
01/10/2025;2025;10;Out.;outubro;2025-10;Out./25;Sem proprietário;Usuário inexistente;False;camposadvogados;Criação de URL;Não informado;URL;URL;—;Migração/Outro;Não informado;Outros motivos descritos;Não informado;1;0.0;0.0;Criação de URL;;;Não calculado;URL;URL;URL;Não considerado;Sem link no Card Financeiro
02/10/2025;2025;10;Out.;outubro;2025-10;Out./25;Usuário não identificado;Usuário inexistente;False;bvgarantia;Upgrade;Não informado;Servidores;Servidores;—;Migração/Outro;Não informado;Outros motivos descritos;UP servidor 16/16;1;0.0;0.0;Upgrade;;;Não calculado;Servidores;Servidores;Servidor;Não considerado;Sem link no Card Financeiro
03/10/2025;2025;10;Out.;outubro;2025-10;Out./25;Usuário não identificado;Usuário inexistente;False;valdecirrabeloadvogados;Migração para número oficial;Não informado;Migração para número oficial;Migração para número oficial;—;Migração/Outro;Não informado;Outros motivos descritos;Não informado;1;0.0;0.0;Migração;;;Não calculado;Migração para número oficial;Migração para número oficial;Conexão;Não considerado;Sem link no Card Financeiro
03/10/2025;2025;10;Out.;outubro;2025-10;Out./25;Usuário não identificado;Usuário inexistente;False;icrlavanderia;Solicitação de robô;Não informado;Robô personalizado;Robô personalizado;—;Migração/Outro;Não informado;Outros motivos descritos;Robo personalizado;1;0.0;0.0;Robô;;;Não calculado;Robô personalizado;Robô personalizado;Robô;Não considerado;Sem link no Card Financeiro
03/10/2025;2025;10;Out.;outubro;2025-10;Out./25;Usuário não identificado;Usuário inexistente;False;attflorida;Upgrade;Não informado;Funil de vendas;Funil de vendas;—;Migração/Outro;Não informado;Outros motivos descritos;UPGRADE - Funil de Vendas R$ 89,00 | Protocolo: 202510031511178;1;0.0;0.0;Upgrade;;;Não calculado;Funil de vendas;Funil de vendas;Módulos;Não considerado;Sem link no Card Financeiro
03/10/2025;2025;10;Out.;outubro;2025-10;Out./25;Priscila Pavani;Priscila Pavani;True;integralidademedica;Upgrade;Não informado;Primeira ativação de número oficial;Primeira ativação de número oficial;—;Migração/Outro;Não informado;Outros motivos descritos;Plano base 2 usuários - 1 conexão | R$165,74 Usuários adicionais | 171x R$26,10 | R$4.463,10 Conexão adicional de WhatsApp | 26x R$79,00 | R$2.054,00 Conexão adicional de WhatsApp Desconto | 1x R$0,00 | R$0,00 Servidor 32/32 | 1x R$935,76 Conexão WABA / Gupshup / Direct Payment | 1x R$89,00  Total mensal: R$7.707,60;1;0.0;0.0;Upgrade;;;Não calculado;Primeira ativação de número oficial;Primeira ativação de número oficial;Conexão;Não considerado;Sem link no Card Financeiro
03/10/2025;2025;10;Out.;outubro;2025-10;Out./25;Sem proprietário;Usuário inexistente;False;administrativoamaralcarvalho;Upgrade;Não informado;URL;URL;—;Migração/Outro;Não informado;Outros motivos descritos;"- URL: rhamaralcarvalho Plano Base 2x Usuários – 1x Conexão - R$ 197,00 12x Usuários adicionais - R$ 348,00 (R$ 29,00 cada); 1x Usuário bonificado - R$ 0,00 Total mensal - R$ 545,00";1;0.0;0.0;Upgrade;;;Não calculado;URL;"URL; Usuário adicional";URL;Não considerado;Sem link no Card Financeiro
03/10/2025;2025;10;Out.;outubro;2025-10;Out./25;Sem proprietário;Usuário inexistente;False;administrativoamaralcarvalho;Upgrade;Não informado;Usuário adicional;Usuário adicional;—;Migração/Outro;Não informado;Outros motivos descritos;"- URL: rhamaralcarvalho Plano Base 2x Usuários – 1x Conexão - R$ 197,00 12x Usuários adicionais - R$ 348,00 (R$ 29,00 cada); 1x Usuário bonificado - R$ 0,00 Total mensal - R$ 545,00";1;0.0;0.0;Upgrade;;;Não calculado;Usuário adicional;"URL; Usuário adicional";Usuários;Não considerado;Sem link no Card Financeiro
03/10/2025;2025;10;Out.;outubro;2025-10;Out./25;Vinicius Simões;Vinicius Simões;True;administrativoamaralcarvalho;Criação de URL;Não informado;URL;URL;—;Migração/Outro;Não informado;Outros motivos descritos;Não informado;1;0.0;0.0;Criação de URL;;;Não calculado;URL;"URL; Usuário adicional";URL;Não considerado;Sem link no Card Financeiro
03/10/2025;2025;10;Out.;outubro;2025-10;Out./25;Vinicius Simões;Vinicius Simões;True;administrativoamaralcarvalho;Criação de URL;Não informado;Usuário adicional;Usuário adicional;—;Migração/Outro;Não informado;Outros motivos descritos;Não informado;1;0.0;0.0;Criação de URL;;;Não calculado;Usuário adicional;"URL; Usuário adicional";Usuários;Não considerado;Sem link no Card Financeiro
03/10/2025;2025;10;Out.;outubro;2025-10;Out./25;Vinicius Simões;Vinicius Simões;True;administrativoamaralcarvalho;Upgrade;Não informado;URL;URL;—;Migração/Outro;Não informado;Outros motivos descritos;"- URL: rhamaralcarvalho Plano Base 2x Usuários – 1x Conexão - R$ 197,00 12x Usuários adicionais - R$ 348,00 (R$ 29,00 cada); 1x Usuário bonificado - R$ 0,00 Total mensal - R$ 545,00";1;0.0;0.0;Upgrade;;;Não calculado;URL;"URL; Usuário adicional";URL;Não considerado;Sem link no Card Financeiro
03/10/2025;2025;10;Out.;outubro;2025-10;Out./25;Vinicius Simões;Vinicius Simões;True;administrativoamaralcarvalho;Upgrade;Não informado;Usuário adicional;Usuário adicional;—;Migração/Outro;Não informado;Outros motivos descritos;"- URL: rhamaralcarvalho Plano Base 2x Usuários – 1x Conexão - R$ 197,00 12x Usuários adicionais - R$ 348,00 (R$ 29,00 cada); 1x Usuário bonificado - R$ 0,00 Total mensal - R$ 545,00";1;0.0;0.0;Upgrade;;;Não calculado;Usuário adicional;"URL; Usuário adicional";Usuários;Não considerado;Sem link no Card Financeiro
06/10/2025;2025;10;Out.;outubro;2025-10;Out./25;Usuário não identificado;Usuário inexistente;False;skplay;Solicitação de Teste;Não informado;Distribuição automática;Distribuição automática;—;Migração/Outro;Não informado;Outros motivos descritos;Não informado;1;0.0;0.0;Teste;;;Não calculado;Distribuição automática;Distribuição automática;Módulos;Não considerado;Sem link no Card Financeiro
06/10/2025;2025;10;Out.;outubro;2025-10;Out./25;Leticia Silva;Leticia Silva;True;jhansendornelas;Solicitação de Bonificação e Desconto;Não informado;Usuário adicional;Usuário adicional;—;Migração/Outro;Não informado;Outros motivos descritos;Bonificação de 1 usuário adicional, ciente informado que a cada 10 pagantes, 1 bonificado é liberado.;1;0.0;0.0;__EXCLUIR__;;;Não calculado;Usuário adicional;Usuário adicional;Usuários;Não considerado;Sem link no Card Financeiro
06/10/2025;2025;10;Out.;outubro;2025-10;Out./25;Sem proprietário;Usuário inexistente;False;jrfbtrabalhista;Criação de URL;Não informado;URL;URL;—;Migração/Outro;Não informado;Outros motivos descritos;Não informado;1;0.0;0.0;Criação de URL;;;Não calculado;URL;URL;URL;Não considerado;Sem link no Card Financeiro
07/10/2025;2025;10;Out.;outubro;2025-10;Out./25;Usuário não identificado;Usuário inexistente;False;transverticaltelecom;Upgrade;Não informado;Servidores;Servidores;—;Migração/Outro;Não informado;Outros motivos descritos;Cliente contratou servidor 4/8, sugerido pelo Caue Santos (suporte) - R$ 169,00 | Protocolo: 202510061513128 e 202510071513830;1;0.0;0.0;Upgrade;;;Não calculado;Servidores;Servidores;Servidor;Não considerado;Sem link no Card Financeiro
07/10/2025;2025;10;Out.;outubro;2025-10;Out./25;Sem proprietário;Usuário inexistente;False;belgaadv;Downgrade;Não informado;Conexão Instagram Direct;Conexão Instagram Direct;—;Migração/Outro;Não informado;Outros motivos descritos;Não informado;1;0.0;0.0;Downgrade;;;Não calculado;Conexão Instagram Direct;Conexão Instagram Direct;Conexão;Não considerado;Sem link no Card Financeiro
08/10/2025;2025;10;Out.;outubro;2025-10;Out./25;Usuário não identificado;Usuário inexistente;False;fegassessoriacontabil;Downgrade;Não informado;Usuário adicional;Usuário adicional;—;Migração/Outro;Redução de funcionários;Redução de custo;Não informado;1;0.0;0.0;Downgrade;;;Não calculado;Usuário adicional;Usuário adicional;Usuários;Não considerado;Sem link no Card Financeiro
09/10/2025;2025;10;Out.;outubro;2025-10;Out./25;Usuário não identificado;Usuário inexistente;False;queirozeliebanasadv;Downgrade;Não informado;Chat interno;Chat interno;—;Migração/Outro;Desistência da contratação;Outros motivos descritos;Downgrade - Chat Interno R$ 89,00 | Motivo: Falta de uso, possivelmente a gente irá contratar novamente quando se estabelecer. | Protocolo: 202510091516309;1;0.0;0.0;Downgrade;;;Não calculado;Chat interno;Chat interno;Módulos;Não considerado;Sem link no Card Financeiro
09/10/2025;2025;10;Out.;outubro;2025-10;Out./25;Usuário não identificado;Usuário inexistente;False;tecsoft;Upgrade;Não informado;Usuário adicional;Usuário adicional;—;Migração/Outro;Não informado;Outros motivos descritos;UP - 1 Usuário - Protocolo: 202510091516949;1;0.0;0.0;Upgrade;;;Não calculado;Usuário adicional;Usuário adicional;Usuários;Não considerado;Sem link no Card Financeiro
09/10/2025;2025;10;Out.;outubro;2025-10;Out./25;Usuário não identificado;Usuário inexistente;False;vivaamerica;Downgrade;Não informado;Chat interno;Chat interno;—;Migração/Outro;Solução própria;Processo/uso operacional;Integração: Ele irá descontinuar com a RD Station Chat interno: não lembra de ter contratado e o cliente afirmou que utiliza outros meios de organização na equipe. Além disso, o cliente afirmou que deseja ter a DigiSac apenas para conversas e atendimentos. Ele não realizou treinamento, e não possui interesse;1;0.0;0.0;Downgrade;;;Não calculado;Chat interno;"Chat interno; Integração";Módulos;Não considerado;Sem link no Card Financeiro
09/10/2025;2025;10;Out.;outubro;2025-10;Out./25;Usuário não identificado;Usuário inexistente;False;vivaamerica;Downgrade;Não informado;Integração;Integração;—;Migração/Outro;Solução própria;Processo/uso operacional;Integração: Ele irá descontinuar com a RD Station Chat interno: não lembra de ter contratado e o cliente afirmou que utiliza outros meios de organização na equipe. Além disso, o cliente afirmou que deseja ter a DigiSac apenas para conversas e atendimentos. Ele não realizou treinamento, e não possui interesse;1;0.0;0.0;Downgrade;;;Não calculado;Integração;"Chat interno; Integração";Integração;Não considerado;Sem link no Card Financeiro
09/10/2025;2025;10;Out.;outubro;2025-10;Out./25;Luis Siqueira;Luis Siqueira;True;lokan;Solicitação de Teste;Não informado;Integração;Integração;—;Migração/Outro;Não informado;Outros motivos descritos;Não informado;1;0.0;0.0;Teste;;;Não calculado;Integração;Integração;Integração;Não considerado;Sem link no Card Financeiro
09/10/2025;2025;10;Out.;outubro;2025-10;Out./25;Sem proprietário;Usuário inexistente;False;nobreakbrasil;Downgrade;Não informado;IA Copiloto;IA Copiloto;—;Migração/Outro;Redução de funcionários;Redução de custo;Cliente alega redução de Funcionários.  A mesma chegou a reduzir 4 usuários pelo recurso MEU plano.;1;0.0;0.0;Downgrade;;;Não calculado;IA Copiloto;IA Copiloto;IA;Não considerado;Sem link no Card Financeiro
10/10/2025;2025;10;Out.;outubro;2025-10;Out./25;Usuário não identificado;Usuário inexistente;False;monteverdepj;Upgrade;Não informado;Usuário adicional;Usuário adicional;—;Migração/Outro;Não informado;Outros motivos descritos;UPGRADE - Servidor 2/4 R$ 89,00. Indicado pelo Joao Vieira (suporte) | Protocolo: 202510101519469;1;0.0;0.0;Upgrade;;;Não calculado;Usuário adicional;Usuário adicional;Usuários;Não considerado;Sem link no Card Financeiro
10/10/2025;2025;10;Out.;outubro;2025-10;Out./25;Usuário não identificado;Usuário inexistente;False;monteverdesp;Upgrade;Não informado;Conexão adicional de WhatsApp;Conexão adicional de WhatsApp;—;Migração/Outro;Não informado;Outros motivos descritos;Upgrade Controle CS - 1 conexão adicional Whatsapp R$ 89,00 cada. Orientada a fazer pelo Meu Plano | Protocolo: 202510101519469;1;0.0;0.0;Upgrade;;;Não calculado;Conexão adicional de WhatsApp;Conexão adicional de WhatsApp;Conexão;Não considerado;Sem link no Card Financeiro
10/10/2025;2025;10;Out.;outubro;2025-10;Out./25;Usuário não identificado;Usuário inexistente;False;soaresalimentos;Upgrade;Não informado;Servidores;Servidores;—;Migração/Outro;Não informado;Outros motivos descritos;UPGRADE - Cliente aceitou contratar Servidor 2/4 R$ 89,00. Indicado pela analista Regina Guermandi (suporte) | Protocolo: 202510091517094 | Observação: Cliente costuma demonstrar pressa nos atendimentos e pode alegar desconhecimento sobre contratação do servidor. Em caso de dúvida, consultar este protocolo e o histórico completo do cliente.;1;0.0;0.0;Upgrade;;;Não calculado;Servidores;Servidores;Servidor;Não considerado;Sem link no Card Financeiro
10/10/2025;2025;10;Out.;outubro;2025-10;Out./25;Usuário não identificado;Usuário inexistente;False;betbis;Upgrade;Não informado;Pacotes SMS Disparo em Massa;Pacotes SMS Disparo em Massa;—;Migração/Outro;Não informado;Outros motivos descritos;Não informado;1;0.0;0.0;Upgrade;;;Não calculado;Pacotes SMS Disparo em Massa;Pacotes SMS Disparo em Massa;SMS;Não considerado;Sem link no Card Financeiro
10/10/2025;2025;10;Out.;outubro;2025-10;Out./25;Marcela Medeiros;Marcela Medeiros;True;holaturismo;Downgrade;Não informado;Funil de vendas;Funil de vendas;—;Migração/Outro;Falta de Funcionalidade;Redução de custo;Cliente em tratativa de manifestação no RA. Reclamou também que o funil e as IAs não funcionam no APP Digisac Foi realizada a redução de R$ 20,00 no funil de vendas, protocolo 202510031510029 R$ 89,90 para 69,90 mensais;1;0.0;0.0;Downgrade;;;Não calculado;Funil de vendas;Funil de vendas;Módulos;Não considerado;Sem link no Card Financeiro
10/10/2025;2025;10;Out.;outubro;2025-10;Out./25;Priscila Pavani;Priscila Pavani;True;honda;Upgrade;Não informado;Conexão adicional de WhatsApp;Conexão adicional de WhatsApp;—;Migração/Outro;Não informado;Outros motivos descritos;Tipo: Upgrade Produto: 1 usuário URL: honda (totalizando 12 conexões WhatsApp) Protocolo: 202510101519615;1;0.0;0.0;Upgrade;;;Não calculado;Conexão adicional de WhatsApp;Conexão adicional de WhatsApp;Conexão;Não considerado;Sem link no Card Financeiro
10/10/2025;2025;10;Out.;outubro;2025-10;Out./25;Sem proprietário;Usuário inexistente;False;minervafoodsteste;Criação de URL;Não informado;URL;URL;—;Migração/Outro;Não informado;Outros motivos descritos;URL de teste para SSO solicitado pela Aline Parmezão.;1;0.0;0.0;Criação de URL;;;Não calculado;URL;URL;URL;Não considerado;Sem link no Card Financeiro
13/10/2025;2025;10;Out.;outubro;2025-10;Out./25;Melissa Duarte;Melissa Duarte;True;camcam;Solicitação de Teste;Não informado;Integração;Integração;—;Migração/Outro;Não informado;Outros motivos descritos;Não informado;1;0.0;0.0;Teste;;;Não calculado;Integração;Integração;Integração;Não considerado;Sem link no Card Financeiro
14/10/2025;2025;10;Out.;outubro;2025-10;Out./25;Usuário não identificado;Usuário inexistente;False;comunicacaorm;Upgrade;Não informado;Usuário adicional;Usuário adicional;—;Migração/Outro;Não informado;Outros motivos descritos;Upgrade de 2 usuários, para url comunicacaorm- Protocolo 202510101519552;1;0.0;0.0;Upgrade;;;Não calculado;Usuário adicional;Usuário adicional;Usuários;Não considerado;Sem link no Card Financeiro
14/10/2025;2025;10;Out.;outubro;2025-10;Out./25;Usuário não identificado;Usuário inexistente;False;acessotv;Migração para número oficial;Não informado;Migração para número oficial;Migração para número oficial;—;Migração/Outro;Não informado;Outros motivos descritos;Não informado;1;0.0;0.0;Migração;;;Não calculado;Migração para número oficial;Migração para número oficial;Conexão;Não considerado;Sem link no Card Financeiro
14/10/2025;2025;10;Out.;outubro;2025-10;Out./25;Usuário não identificado;Usuário inexistente;False;acessotv;Upgrade;Não informado;Primeira ativação de número oficial;Primeira ativação de número oficial;—;Migração/Outro;Não informado;Outros motivos descritos;Se trata da primeira contratação do numero oficial, cliente pretende contratação conexão oficial.;1;0.0;0.0;Upgrade;;;Não calculado;Primeira ativação de número oficial;Primeira ativação de número oficial;Conexão;Não considerado;Sem link no Card Financeiro
14/10/2025;2025;10;Out.;outubro;2025-10;Out./25;Usuário não identificado;Usuário inexistente;False;ocscontabil;Upgrade;Não informado;Funil de vendas;Funil de vendas;—;Migração/Outro;Não informado;Outros motivos descritos;Não informado;1;0.0;0.0;Upgrade;;;Não calculado;Funil de vendas;Funil de vendas;Módulos;Não considerado;Sem link no Card Financeiro
14/10/2025;2025;10;Out.;outubro;2025-10;Out./25;Usuário não identificado;Usuário inexistente;False;rfioravanteadv;Upgrade;Não informado;Conexão adicional de WhatsApp - WABA;Conexão adicional de WhatsApp - WABA;—;Migração/Outro;Não informado;Outros motivos descritos;Cliente deseja conexão adicional waba.;1;0.0;0.0;Upgrade;;;Não calculado;Conexão adicional de WhatsApp - WABA;Conexão adicional de WhatsApp - WABA;Conexão;Não considerado;Sem link no Card Financeiro
14/10/2025;2025;10;Out.;outubro;2025-10;Out./25;Leticia Silva;Leticia Silva;True;bdaadvogados;Upgrade;Não informado;Texto Mágico;Texto Mágico;—;Migração/Outro;Não informado;Outros motivos descritos;UP referente a IA Texto Mágico e Transcrição de Áudio;1;0.0;0.0;Upgrade;;;Não calculado;Texto Mágico;"Texto Mágico; Transcrição de Áudio";IA;Não considerado;Sem link no Card Financeiro
14/10/2025;2025;10;Out.;outubro;2025-10;Out./25;Leticia Silva;Leticia Silva;True;bdaadvogados;Upgrade;Não informado;Transcrição de Áudio;Transcrição de Áudio;—;Migração/Outro;Não informado;Outros motivos descritos;UP referente a IA Texto Mágico e Transcrição de Áudio;1;0.0;0.0;Upgrade;;;Não calculado;Transcrição de Áudio;"Texto Mágico; Transcrição de Áudio";IA;Não considerado;Sem link no Card Financeiro
14/10/2025;2025;10;Out.;outubro;2025-10;Out./25;Melissa Duarte;Melissa Duarte;True;rhfpatobranco;Solicitação de Teste;Não informado;Funil de vendas;Funil de vendas;—;Migração/Outro;Não informado;Outros motivos descritos;Não informado;1;0.0;0.0;Teste;;;Não calculado;Funil de vendas;Funil de vendas;Módulos;Não considerado;Sem link no Card Financeiro
15/10/2025;2025;10;Out.;outubro;2025-10;Out./25;Leticia Silva;Leticia Silva;True;placasexpress;Upgrade;Não informado;IA Agent;IA Agent;—;Migração/Outro;Não informado;Outros motivos descritos;Up IA Agente - 1.000 créditos.;1;0.0;0.0;Upgrade;;;Não calculado;IA Agent;IA Agent;IA;Não considerado;Sem link no Card Financeiro
15/10/2025;2025;10;Out.;outubro;2025-10;Out./25;Luis Siqueira;Luis Siqueira;True;prominas;Solicitação de Bonificação e Desconto;Não informado;Usuário adicional;Usuário adicional;—;Migração/Outro;Não informado;Redução de custo;Cliente contratou 9 usuarios e foram bonificados 2 Ciente de que se reduzir os bonificados serão os primeiros;1;0.0;0.0;__EXCLUIR__;;;Não calculado;Usuário adicional;Usuário adicional;Usuários;Não considerado;Sem link no Card Financeiro
15/10/2025;2025;10;Out.;outubro;2025-10;Out./25;Sem proprietário;Usuário inexistente;False;grupoabys;Upgrade;Não informado;Conexão Instagram Direct;Conexão Instagram Direct;—;Migração/Outro;Não informado;Outros motivos descritos;up de mais uma conexão de whatsapp e instagram;1;0.0;0.0;Upgrade;;;Não calculado;Conexão Instagram Direct;"Conexão Instagram Direct; Conexão adicional de WhatsApp";Conexão;Não considerado;Sem link no Card Financeiro
15/10/2025;2025;10;Out.;outubro;2025-10;Out./25;Sem proprietário;Usuário inexistente;False;grupoabys;Upgrade;Não informado;Conexão adicional de WhatsApp;Conexão adicional de WhatsApp;—;Migração/Outro;Não informado;Outros motivos descritos;up de mais uma conexão de whatsapp e instagram;1;0.0;0.0;Upgrade;;;Não calculado;Conexão adicional de WhatsApp;"Conexão Instagram Direct; Conexão adicional de WhatsApp";Conexão;Não considerado;Sem link no Card Financeiro
16/10/2025;2025;10;Out.;outubro;2025-10;Out./25;Usuário não identificado;Usuário inexistente;False;clinivati2;Downgrade;Não informado;Conexão adicional de WhatsApp;Conexão adicional de WhatsApp;—;Migração/Outro;Dificuldade financeira;Redução de custo;Downgrade Conexão Adicional de WhatsApp 2 - R$178 | Protocolo 202510151523910;1;0.0;0.0;Downgrade;;;Não calculado;Conexão adicional de WhatsApp;Conexão adicional de WhatsApp;Conexão;Não considerado;Sem link no Card Financeiro
16/10/2025;2025;10;Out.;outubro;2025-10;Out./25;Usuário não identificado;Usuário inexistente;False;carraramarmores;Solicitação de Teste;Não informado;Chat interno;Chat interno;—;Migração/Outro;Não informado;Outros motivos descritos;Não informado;1;0.0;0.0;Teste;;;Não calculado;Chat interno;Chat interno;Módulos;Não considerado;Sem link no Card Financeiro
16/10/2025;2025;10;Out.;outubro;2025-10;Out./25;Usuário não identificado;Usuário inexistente;False;autmaisautomacoes;Downgrade;Não informado;Funil de vendas;Funil de vendas;—;Migração/Outro;Falta de Funcionalidade;Outros motivos descritos;Downgrade - Funil de Vendas R$ 49,00 | Motivo: Cliente contratou um sistema de CRM, que é mais completo e específico para o controle que precisa | Protocolo: 202510161524324;1;0.0;0.0;Downgrade;;;Não calculado;Funil de vendas;Funil de vendas;Módulos;Não considerado;Sem link no Card Financeiro
16/10/2025;2025;10;Out.;outubro;2025-10;Out./25;Usuário não identificado;Usuário inexistente;False;barasuoladvocacia;Downgrade;Não informado;Resumo Inteligente;Resumo Inteligente;—;Migração/Outro;Falta de Funcionalidade;Cancelamento / encerramento;Motivo: O cliente relatou que o cancelamento do recurso é referente a expectativa e funcionalidade. O recurso não gera resumos após o fechamento do chamado (antigo e atuais), falei que existe uma opção de habilitar, mas ele desejou continuar com o cancelamento. Ele relatou que foi fácil ativar e usar mas que não superou as expectativas.;1;0.0;0.0;Downgrade;;;Não calculado;Resumo Inteligente;Resumo Inteligente;IA;Não considerado;Sem link no Card Financeiro
16/10/2025;2025;10;Out.;outubro;2025-10;Out./25;Luis Siqueira;Luis Siqueira;True;papicontabilidade;Upgrade;Não informado;Chat interno;Chat interno;—;Migração/Outro;Não informado;Redução de custo;Cliente fez a contratação do chat interno pelo valor de R$ 49,90;1;0.0;0.0;Upgrade;;;Não calculado;Chat interno;Chat interno;Módulos;Não considerado;Sem link no Card Financeiro
16/10/2025;2025;10;Out.;outubro;2025-10;Out./25;Vinicius Simões;Vinicius Simões;True;fantec;Migração para número oficial;Não informado;Migração para número oficial;Migração para número oficial;—;Migração/Outro;Não informado;Outros motivos descritos;Não informado;1;0.0;0.0;Migração;;;Não calculado;Migração para número oficial;Migração para número oficial;Conexão;Não considerado;Sem link no Card Financeiro
16/10/2025;2025;10;Out.;outubro;2025-10;Out./25;Vinicius Simões;Vinicius Simões;True;fantec;Migração para número oficial;Não informado;Primeira ativação de número oficial;Primeira ativação de número oficial;—;Migração/Outro;Não informado;Outros motivos descritos;Não informado;1;0.0;0.0;Migração;;;Não calculado;Primeira ativação de número oficial;Primeira ativação de número oficial;Conexão;Não considerado;Sem link no Card Financeiro
17/10/2025;2025;10;Out.;outubro;2025-10;Out./25;Usuário não identificado;Usuário inexistente;False;heckvoigtadvocacia;Downgrade;Não informado;Funil de vendas;Funil de vendas;—;Migração/Outro;Não se adaptou ao produto;Outros motivos descritos;Cliente alega que não conseguiu se adaptar a utilização do recurso.;1;0.0;0.0;Downgrade;;;Não calculado;Funil de vendas;Funil de vendas;Módulos;Não considerado;Sem link no Card Financeiro
17/10/2025;2025;10;Out.;outubro;2025-10;Out./25;Usuário não identificado;Usuário inexistente;False;deniscavalcantiadvocacia;Downgrade;Não informado;IA Copiloto;IA Copiloto;—;Migração/Outro;Não se adaptou ao produto;Outros motivos descritos;Downgrade - IA Copiloto - 1.000 créditos R$ 72,90 | Motivo: Não atendeu a dinâmica do escritório | Protocolo: 202510171526428;1;0.0;0.0;Downgrade;;;Não calculado;IA Copiloto;IA Copiloto;IA;Não considerado;Sem link no Card Financeiro
17/10/2025;2025;10;Out.;outubro;2025-10;Out./25;Usuário não identificado;Usuário inexistente;False;salvepaineis;Upgrade;Não informado;Funil de vendas;Funil de vendas;—;Migração/Outro;Não informado;Outros motivos descritos;Up - Funil de vendas - 49,90 - Protocolo: 202510171526865;1;0.0;0.0;Upgrade;;;Não calculado;Funil de vendas;Funil de vendas;Módulos;Não considerado;Sem link no Card Financeiro
17/10/2025;2025;10;Out.;outubro;2025-10;Out./25;Leticia Silva;Leticia Silva;True;thaislimaatelier;Downgrade;Não informado;IA Agent;IA Agent;—;Migração/Outro;Não se adaptou ao produto;Outros motivos descritos;Down referente ao Agente IA, cliente disse que não está funcionando, sugeri auxílio do suporte para as devidas configurações mas cliente disse que já fez iso e então desisitiu.;1;0.0;0.0;Downgrade;;;Não calculado;IA Agent;IA Agent;IA;Não considerado;Sem link no Card Financeiro
21/10/2025;2025;10;Out.;outubro;2025-10;Out./25;Usuário não identificado;Usuário inexistente;False;jessicacavalcanteadv;Downgrade;Não informado;Funil de vendas;Funil de vendas;—;Migração/Outro;Desistência da contratação;Outros motivos descritos;"Downgrade Funil de vendas = R$ 49,90/mensais  ""Na verdade não estou utilizando visto que ainda não implementei o comercial aqui no escritório""";1;0.0;0.0;Downgrade;;;Não calculado;Funil de vendas;Funil de vendas;Módulos;Não considerado;Sem link no Card Financeiro
21/10/2025;2025;10;Out.;outubro;2025-10;Out./25;Usuário não identificado;Usuário inexistente;False;decorcril;Migração para número oficial;Não informado;Migração para número oficial;Migração para número oficial;—;Migração/Outro;Não informado;Outros motivos descritos;Não informado;1;0.0;0.0;Migração;;;Não calculado;Migração para número oficial;Migração para número oficial;Conexão;Não considerado;Sem link no Card Financeiro
21/10/2025;2025;10;Out.;outubro;2025-10;Out./25;Sem proprietário;Usuário inexistente;False;lurk;Downgrade;Não informado;Funil de vendas;Funil de vendas;—;Migração/Outro;Não se adaptou ao produto;Outros motivos descritos;Downgrade Funil de vendas = R$ 49,90/mensais   Cliente informou que o seu time não se adaptou a ferramenta.;1;0.0;0.0;Downgrade;;;Não calculado;Funil de vendas;Funil de vendas;Módulos;Não considerado;Sem link no Card Financeiro
21/10/2025;2025;10;Out.;outubro;2025-10;Out./25;Sem proprietário;Usuário inexistente;False;polomasther;Upgrade;Não informado;Usuário adicional;Usuário adicional;—;Migração/Outro;Não informado;Outros motivos descritos;Não informado;1;0.0;0.0;Upgrade;;;Não calculado;Usuário adicional;Usuário adicional;Usuários;Não considerado;Sem link no Card Financeiro
22/10/2025;2025;10;Out.;outubro;2025-10;Out./25;Usuário não identificado;Usuário inexistente;False;financeiroadv;Solicitação de Bonificação e Desconto;Não informado;Integração;Integração;—;Migração/Outro;Não informado;Redução de custo;A cliente possui contratação ativa da Bem melhor e gostaria de saber se é possível aplicar desconto sobre a integração, cujo valor atual é R$ 10,90 por usuário.  Atualmente, a empresa possui 100 funcionários ativos, o que representa um custo considerável caso todos utilizem a integração. A cliente questiona se existe possibilidade de bonificação parcial ou desconto especial nesse caso.  Vale destacar que o cliente está em expansão, realizou recentemente a contratação de uma nova URL e o último upgrade foi de 15 usuários. O segmento de atuação é serviços advocatícios, o que reforça o potencial estratégico de manutenção e crescimento da parceria.;1;0.0;0.0;__EXCLUIR__;;;Não calculado;Integração;Integração;Integração;Não considerado;Sem link no Card Financeiro
22/10/2025;2025;10;Out.;outubro;2025-10;Out./25;Usuário não identificado;Usuário inexistente;False;promenac;Solicitação de Bonificação e Desconto;Não informado;Usuário adicional;Usuário adicional;—;Migração/Outro;Não informado;Outros motivos descritos;Bonificação de 2 usuários, cliente contratou 18, somando 24 na sua DigiSac.;1;0.0;0.0;__EXCLUIR__;;;Não calculado;Usuário adicional;Usuário adicional;Usuários;Não considerado;Sem link no Card Financeiro
23/10/2025;2025;10;Out.;outubro;2025-10;Out./25;Leticia Silva;Leticia Silva;True;tabelionatosj;Upgrade;Não informado;Usuário adicional;Usuário adicional;—;Migração/Outro;Não informado;Outros motivos descritos;Up referente a contratação de 1 usuário adcional;1;0.0;0.0;Upgrade;;;Não calculado;Usuário adicional;Usuário adicional;Usuários;Não considerado;Sem link no Card Financeiro
23/10/2025;2025;10;Out.;outubro;2025-10;Out./25;Luis Siqueira;Luis Siqueira;True;maryhelppinheiros;Upgrade;Não informado;Primeira ativação de número oficial;Primeira ativação de número oficial;—;Migração/Outro;Não informado;Outros motivos descritos;Plano Base - 2 Usuarios - 1 Conexao|R$ 102,80  Total mensal: R$ 102,80;1;0.0;0.0;Upgrade;;;Não calculado;Primeira ativação de número oficial;Primeira ativação de número oficial;Conexão;Não considerado;Sem link no Card Financeiro
24/10/2025;2025;10;Out.;outubro;2025-10;Out./25;Usuário não identificado;Usuário inexistente;False;suviaje;Upgrade;Não informado;Primeira ativação de número oficial;Primeira ativação de número oficial;—;Migração/Outro;Não informado;Outros motivos descritos;UP conexão Oficial;1;0.0;0.0;Upgrade;;;Não calculado;Primeira ativação de número oficial;Primeira ativação de número oficial;Conexão;Não considerado;Sem link no Card Financeiro
24/10/2025;2025;10;Out.;outubro;2025-10;Out./25;Marcela Medeiros;Marcela Medeiros;True;holaturismo;Solicitação de Teste;Não informado;Conexão Instagram Direct;Conexão Instagram Direct;—;Migração/Outro;Não informado;Outros motivos descritos;Não informado;1;0.0;0.0;Teste;;;Não calculado;Conexão Instagram Direct;"Conexão Instagram Direct; Conexão Facebook Messenger";Conexão;Não considerado;Sem link no Card Financeiro
24/10/2025;2025;10;Out.;outubro;2025-10;Out./25;Marcela Medeiros;Marcela Medeiros;True;holaturismo;Solicitação de Teste;Não informado;Conexão Facebook Messenger;Conexão Facebook Messenger;—;Migração/Outro;Não informado;Outros motivos descritos;Não informado;1;0.0;0.0;Teste;;;Não calculado;Conexão Facebook Messenger;"Conexão Instagram Direct; Conexão Facebook Messenger";Conexão;Não considerado;Sem link no Card Financeiro
27/10/2025;2025;10;Out.;outubro;2025-10;Out./25;Usuário não identificado;Usuário inexistente;False;admareiaquecanta;Migração para número oficial;Não informado;Migração para número oficial;Migração para número oficial;—;Migração/Outro;Não informado;Outros motivos descritos;Não informado;1;0.0;0.0;Migração;;;Não calculado;Migração para número oficial;Migração para número oficial;Conexão;Não considerado;Sem link no Card Financeiro
27/10/2025;2025;10;Out.;outubro;2025-10;Out./25;Usuário não identificado;Usuário inexistente;False;youcertificacaodigital1;Solicitação de Teste;Não informado;Chat interno;Chat interno;—;Migração/Outro;Não informado;Outros motivos descritos;Não informado;1;0.0;0.0;Teste;;;Não calculado;Chat interno;"Chat interno; Funil de vendas";Módulos;Não considerado;Sem link no Card Financeiro
27/10/2025;2025;10;Out.;outubro;2025-10;Out./25;Usuário não identificado;Usuário inexistente;False;youcertificacaodigital1;Solicitação de Teste;Não informado;Funil de vendas;Funil de vendas;—;Migração/Outro;Não informado;Outros motivos descritos;Não informado;1;0.0;0.0;Teste;;;Não calculado;Funil de vendas;"Chat interno; Funil de vendas";Módulos;Não considerado;Sem link no Card Financeiro
27/10/2025;2025;10;Out.;outubro;2025-10;Out./25;Melissa Duarte;Melissa Duarte;True;melius;Solicitação de Teste;Não informado;Funil de vendas;Funil de vendas;—;Migração/Outro;Não informado;Outros motivos descritos;Não informado;1;0.0;0.0;Teste;;;Não calculado;Funil de vendas;Funil de vendas;Módulos;Não considerado;Sem link no Card Financeiro
28/10/2025;2025;10;Out.;outubro;2025-10;Out./25;Usuário não identificado;Usuário inexistente;False;admareiaquecanta;Migração para número oficial;Não informado;Migração para número oficial;Migração para número oficial;—;Migração/Outro;Não informado;Outros motivos descritos;Não informado;1;0.0;0.0;Migração;;;Não calculado;Migração para número oficial;Migração para número oficial;Conexão;Não considerado;Sem link no Card Financeiro
28/10/2025;2025;10;Out.;outubro;2025-10;Out./25;Usuário não identificado;Usuário inexistente;False;oticasantograu;Downgrade;Não informado;Usuário adicional;Usuário adicional;—;Migração/Outro;Redução de funcionários;Redução de custo;Downgrade de 1 usuário - Protocolo 202510271537075;1;0.0;0.0;Downgrade;;;Não calculado;Usuário adicional;Usuário adicional;Usuários;Não considerado;Sem link no Card Financeiro
28/10/2025;2025;10;Out.;outubro;2025-10;Out./25;Usuário não identificado;Usuário inexistente;False;fortunatoadvogados;Downgrade;Não informado;Integração;Integração;—;Migração/Outro;Integração (responsabilidade terceiro);Outros motivos descritos;Não informado;1;0.0;0.0;Downgrade;;;Não calculado;Integração;Integração;Integração;Não considerado;Sem link no Card Financeiro
28/10/2025;2025;10;Out.;outubro;2025-10;Out./25;Usuário não identificado;Usuário inexistente;False;memoriau;Downgrade;Não informado;Chat interno;Chat interno;—;Migração/Outro;Falta de Funcionalidade;Processo/uso operacional;"Motivo: ""Funil de vendas, falta mais opções, permitir personalizar campos, ser mais automático, ter mais interações com o bot. Chat interno, muito simples, não atendeu as expectativas. Distribuição de chamados, não estão usando mais, nada contra, era ok, mas não é mais necessária"" OBS: Cliente relatou que recebeu todo apoio da equipe, mas que o produto realmente não atendeu suas expectativas por falta de funcionalidades";1;0.0;0.0;Downgrade;;;Não calculado;Chat interno;"Chat interno; Funil de vendas; Distribuição automática";Módulos;Não considerado;Sem link no Card Financeiro
28/10/2025;2025;10;Out.;outubro;2025-10;Out./25;Usuário não identificado;Usuário inexistente;False;memoriau;Downgrade;Não informado;Funil de vendas;Funil de vendas;—;Migração/Outro;Falta de Funcionalidade;Processo/uso operacional;"Motivo: ""Funil de vendas, falta mais opções, permitir personalizar campos, ser mais automático, ter mais interações com o bot. Chat interno, muito simples, não atendeu as expectativas. Distribuição de chamados, não estão usando mais, nada contra, era ok, mas não é mais necessária"" OBS: Cliente relatou que recebeu todo apoio da equipe, mas que o produto realmente não atendeu suas expectativas por falta de funcionalidades";1;0.0;0.0;Downgrade;;;Não calculado;Funil de vendas;"Chat interno; Funil de vendas; Distribuição automática";Módulos;Não considerado;Sem link no Card Financeiro
28/10/2025;2025;10;Out.;outubro;2025-10;Out./25;Usuário não identificado;Usuário inexistente;False;memoriau;Downgrade;Não informado;Distribuição automática;Distribuição automática;—;Migração/Outro;Falta de Funcionalidade;Processo/uso operacional;"Motivo: ""Funil de vendas, falta mais opções, permitir personalizar campos, ser mais automático, ter mais interações com o bot. Chat interno, muito simples, não atendeu as expectativas. Distribuição de chamados, não estão usando mais, nada contra, era ok, mas não é mais necessária"" OBS: Cliente relatou que recebeu todo apoio da equipe, mas que o produto realmente não atendeu suas expectativas por falta de funcionalidades";1;0.0;0.0;Downgrade;;;Não calculado;Distribuição automática;"Chat interno; Funil de vendas; Distribuição automática";Módulos;Não considerado;Sem link no Card Financeiro
28/10/2025;2025;10;Out.;outubro;2025-10;Out./25;Melissa Duarte;Melissa Duarte;True;fssol;Solicitação de Teste;Não informado;Funil de vendas;Funil de vendas;—;Migração/Outro;Não informado;Outros motivos descritos;Não informado;1;0.0;0.0;Teste;;;Não calculado;Funil de vendas;Funil de vendas;Módulos;Não considerado;Sem link no Card Financeiro
29/10/2025;2025;10;Out.;outubro;2025-10;Out./25;Usuário não identificado;Usuário inexistente;False;youcertificacaodigital1;Solicitação de Teste;Não informado;Chat interno;Chat interno;—;Migração/Outro;Não informado;Outros motivos descritos;Não informado;1;0.0;0.0;Teste;;;Não calculado;Chat interno;Chat interno;Módulos;Não considerado;Sem link no Card Financeiro
29/10/2025;2025;10;Out.;outubro;2025-10;Out./25;Usuário não identificado;Usuário inexistente;False;inkorefitness;Upgrade;Não informado;Primeira ativação de número oficial;Primeira ativação de número oficial;—;Migração/Outro;Não informado;Outros motivos descritos;UP Conexão oficial, primeira contratação.;1;0.0;0.0;Upgrade;;;Não calculado;Primeira ativação de número oficial;Primeira ativação de número oficial;Conexão;Não considerado;Sem link no Card Financeiro
29/10/2025;2025;10;Out.;outubro;2025-10;Out./25;Leticia Silva;Leticia Silva;True;ciasat;Solicitação de Bonificação e Desconto;Não informado;Servidores;Servidores;—;Migração/Outro;Não informado;Outros motivos descritos;Servidor 2/4 bonficado, alinhado com a Vivi por estar na regra dos 20%.;1;0.0;0.0;__EXCLUIR__;;;Não calculado;Servidores;Servidores;Servidor;Não considerado;Sem link no Card Financeiro
29/10/2025;2025;10;Out.;outubro;2025-10;Out./25;Leticia Silva;Leticia Silva;True;kandelmedical;Upgrade;Não informado;Integração;Integração;—;Migração/Outro;Não informado;Outros motivos descritos;Down Integração PipeDrive, up Integração RD Marketing / Receive Form.;1;0.0;0.0;Upgrade;;;Não calculado;Integração;Integração;Integração;Não considerado;Sem link no Card Financeiro
29/10/2025;2025;10;Out.;outubro;2025-10;Out./25;Sem proprietário;Usuário inexistente;False;danielanevesadv;Downgrade;Não informado;Conexão adicional de WhatsApp;Conexão adicional de WhatsApp;—;Migração/Outro;Banimento;Outros motivos descritos;R$118,00;1;0.0;0.0;Downgrade;;;Não calculado;Conexão adicional de WhatsApp;"Conexão adicional de WhatsApp; Usuário adicional";Conexão;Não considerado;Sem link no Card Financeiro
29/10/2025;2025;10;Out.;outubro;2025-10;Out./25;Sem proprietário;Usuário inexistente;False;danielanevesadv;Downgrade;Não informado;Usuário adicional;Usuário adicional;—;Migração/Outro;Banimento;Outros motivos descritos;R$118,00;1;0.0;0.0;Downgrade;;;Não calculado;Usuário adicional;"Conexão adicional de WhatsApp; Usuário adicional";Usuários;Não considerado;Sem link no Card Financeiro
30/10/2025;2025;10;Out.;outubro;2025-10;Out./25;Usuário não identificado;Usuário inexistente;False;juvenalpaiva;Downgrade;Não informado;Resumo Inteligente;Resumo Inteligente;—;Migração/Outro;Não viu valor agregado;Redução de custo;Cliente não deu detalhes sobre. Alegou que os recursos não são viáveis no momento.;1;0.0;0.0;Downgrade;;;Não calculado;Resumo Inteligente;"Resumo Inteligente; Texto Mágico";IA;Não considerado;Sem link no Card Financeiro
30/10/2025;2025;10;Out.;outubro;2025-10;Out./25;Usuário não identificado;Usuário inexistente;False;juvenalpaiva;Downgrade;Não informado;Texto Mágico;Texto Mágico;—;Migração/Outro;Não viu valor agregado;Redução de custo;Cliente não deu detalhes sobre. Alegou que os recursos não são viáveis no momento.;1;0.0;0.0;Downgrade;;;Não calculado;Texto Mágico;"Resumo Inteligente; Texto Mágico";IA;Não considerado;Sem link no Card Financeiro
30/10/2025;2025;10;Out.;outubro;2025-10;Out./25;Leticia Silva;Leticia Silva;True;idealsolucoes;Upgrade;Não informado;Primeira ativação de número oficial;Primeira ativação de número oficial;—;Migração/Outro;Não informado;Outros motivos descritos;Primeira Ativação de Número Oficial;1;0.0;0.0;Upgrade;;;Não calculado;Primeira ativação de número oficial;Primeira ativação de número oficial;Conexão;Não considerado;Sem link no Card Financeiro
30/10/2025;2025;10;Out.;outubro;2025-10;Out./25;Marcela Medeiros;Marcela Medeiros;True;aquablu;Downgrade;Não informado;Conexão adicional de WhatsApp;Conexão adicional de WhatsApp;—;Migração/Outro;Desistência da contratação;Redução de custo;Redução de Whats Adicional, contrtratou errado;1;0.0;0.0;Downgrade;;;Não calculado;Conexão adicional de WhatsApp;Conexão adicional de WhatsApp;Conexão;Não considerado;Sem link no Card Financeiro
30/10/2025;2025;10;Out.;outubro;2025-10;Out./25;Sem proprietário;Usuário inexistente;False;aquablu;Upgrade;Não informado;Conexão adicional de WhatsApp;Conexão adicional de WhatsApp;—;Migração/Outro;Não informado;Outros motivos descritos;Upgrade conexão Standard;1;0.0;0.0;Upgrade;;;Não calculado;Conexão adicional de WhatsApp;Conexão adicional de WhatsApp;Conexão;Não considerado;Sem link no Card Financeiro
30/10/2025;2025;10;Out.;outubro;2025-10;Out./25;Sem proprietário;Usuário inexistente;False;relojoariauniversal;Upgrade;Não informado;Servidores;Servidores;—;Migração/Outro;Não informado;Outros motivos descritos;Upgrade servidor 4/8 = R$ 169,00/mensal;1;0.0;0.0;Upgrade;;;Não calculado;Servidores;Servidores;Servidor;Não considerado;Sem link no Card Financeiro
30/10/2025;2025;10;Out.;outubro;2025-10;Out./25;Sem proprietário;Usuário inexistente;False;telecom1click;Upgrade;Não informado;Conexão adicional de WhatsApp - WABA;Conexão adicional de WhatsApp - WABA;—;Migração/Outro;Não informado;Outros motivos descritos;Não informado;1;0.0;0.0;Upgrade;;;Não calculado;Conexão adicional de WhatsApp - WABA;Conexão adicional de WhatsApp - WABA;Conexão;Não considerado;Sem link no Card Financeiro
31/10/2025;2025;10;Out.;outubro;2025-10;Out./25;Sem proprietário;Usuário inexistente;False;cassianoadv;Downgrade;Não informado;Funil de vendas;Funil de vendas;—;Migração/Outro;Dificuldade financeira;Redução de custo;Não informado;1;0.0;0.0;Downgrade;;;Não calculado;Funil de vendas;Funil de vendas;Módulos;Não considerado;Sem link no Card Financeiro
03/11/2025;2025;11;Nov.;novembro;2025-11;Nov./25;Usuário não identificado;Usuário inexistente;False;tudoviraestampa;Upgrade;Não informado;Funil de vendas;Funil de vendas;—;Migração/Outro;Não informado;Outros motivos descritos;Upgrade Funil de vendas = R$ 89,90/mensal;1;0.0;0.0;Upgrade;;;Não calculado;Funil de vendas;Funil de vendas;Módulos;Não considerado;Sem link no Card Financeiro
03/11/2025;2025;11;Nov.;novembro;2025-11;Nov./25;Usuário não identificado;Usuário inexistente;False;lampatur;Downgrade;Não informado;Usuário adicional;Usuário adicional;—;Migração/Outro;Redução de funcionários;Redução de custo;Downgrade - 1 usuário adicional R$ 29,00 | Protocolo: 202510311542315 | OBS: O cliente solicitou a redução de usuários, mas não foi informado que a redução seria aplicada sobre os usuários bonificados. Em caráter de exceção, a Aline autorizou a redução sobre usuários pagantes. Informei cliente sobre a política de redução de bonificados e valores promocionais. CLIENTE CIENTE de que, nas próximas reduções o ajuste será feito primeiro sobre os usuários bonificados, até que sejam zerados. Depois disso, as reduções passam a ser aplicadas aos usuários ou produtos pagantes.;1;0.0;0.0;Downgrade;;;Não calculado;Usuário adicional;Usuário adicional;Usuários;Não considerado;Sem link no Card Financeiro
03/11/2025;2025;11;Nov.;novembro;2025-11;Nov./25;Usuário não identificado;Usuário inexistente;False;sabicred;Downgrade;Não informado;Texto Mágico;Texto Mágico;—;Migração/Outro;Não viu valor agregado;Redução de custo;Downgrade - IA Texto Mágico - 1.000 créditos R$ 19,90 | IA Resumo Inteligente - Plano 500 créditos - R$ 29,90 | IA Copiloto - 500 créditos - R$ 49,90 | Protocolo: 202511031543817 | Cliente solicitou redução das IAs contratadas devido à falta de orientação na venda das funcionalidades. Orientei sobre o uso de cada IA. Mas temporariamente quer cancelar e vai contratar transcrição de áudio. Em dezembro, pretende retornar com o Copiloto.;1;0.0;0.0;Downgrade;;;Não calculado;Texto Mágico;"Texto Mágico; Resumo Inteligente; IA Copiloto";IA;Não considerado;Sem link no Card Financeiro
03/11/2025;2025;11;Nov.;novembro;2025-11;Nov./25;Usuário não identificado;Usuário inexistente;False;sabicred;Downgrade;Não informado;Resumo Inteligente;Resumo Inteligente;—;Migração/Outro;Não viu valor agregado;Redução de custo;Downgrade - IA Texto Mágico - 1.000 créditos R$ 19,90 | IA Resumo Inteligente - Plano 500 créditos - R$ 29,90 | IA Copiloto - 500 créditos - R$ 49,90 | Protocolo: 202511031543817 | Cliente solicitou redução das IAs contratadas devido à falta de orientação na venda das funcionalidades. Orientei sobre o uso de cada IA. Mas temporariamente quer cancelar e vai contratar transcrição de áudio. Em dezembro, pretende retornar com o Copiloto.;1;0.0;0.0;Downgrade;;;Não calculado;Resumo Inteligente;"Texto Mágico; Resumo Inteligente; IA Copiloto";IA;Não considerado;Sem link no Card Financeiro
03/11/2025;2025;11;Nov.;novembro;2025-11;Nov./25;Usuário não identificado;Usuário inexistente;False;sabicred;Downgrade;Não informado;IA Copiloto;IA Copiloto;—;Migração/Outro;Não viu valor agregado;Redução de custo;Downgrade - IA Texto Mágico - 1.000 créditos R$ 19,90 | IA Resumo Inteligente - Plano 500 créditos - R$ 29,90 | IA Copiloto - 500 créditos - R$ 49,90 | Protocolo: 202511031543817 | Cliente solicitou redução das IAs contratadas devido à falta de orientação na venda das funcionalidades. Orientei sobre o uso de cada IA. Mas temporariamente quer cancelar e vai contratar transcrição de áudio. Em dezembro, pretende retornar com o Copiloto.;1;0.0;0.0;Downgrade;;;Não calculado;IA Copiloto;"Texto Mágico; Resumo Inteligente; IA Copiloto";IA;Não considerado;Sem link no Card Financeiro
03/11/2025;2025;11;Nov.;novembro;2025-11;Nov./25;Usuário não identificado;Usuário inexistente;False;sabicred;Upgrade;Não informado;Transcrição de Áudio;Transcrição de Áudio;—;Migração/Outro;Não informado;Outros motivos descritos;Upgrade - IA Transcrição de áudio - Plano 500 minutos R$ 24,90 | Protocolo: 202511031543817;1;0.0;0.0;Upgrade;;;Não calculado;Transcrição de Áudio;Transcrição de Áudio;IA;Não considerado;Sem link no Card Financeiro
04/11/2025;2025;11;Nov.;novembro;2025-11;Nov./25;Usuário não identificado;Usuário inexistente;False;camilajanuzziadvocacia;Solicitação de Teste;Não informado;Funil de vendas;Funil de vendas;—;Migração/Outro;Não informado;Outros motivos descritos;Não informado;1;0.0;0.0;Teste;;;Não calculado;Funil de vendas;Funil de vendas;Módulos;Não considerado;Sem link no Card Financeiro
04/11/2025;2025;11;Nov.;novembro;2025-11;Nov./25;Usuário não identificado;Usuário inexistente;False;iev;Upgrade;Não informado;Primeira ativação de número oficial;Primeira ativação de número oficial;—;Migração/Outro;Não informado;Outros motivos descritos;UP 2 conexões de WhatsApp a 89,00 cada. Se trata da primeira contratação de numeros oficiais.;1;0.0;0.0;Upgrade;;;Não calculado;Primeira ativação de número oficial;Primeira ativação de número oficial;Conexão;Não considerado;Sem link no Card Financeiro
04/11/2025;2025;11;Nov.;novembro;2025-11;Nov./25;Usuário não identificado;Usuário inexistente;False;devco;Solicitação de Bonificação e Desconto;Não informado;Usuário adicional;Usuário adicional;—;Migração/Outro;Não informado;Outros motivos descritos;Motivo da solicitação abaixo: o cliente disse que está expandindo a empresa e que está adicionando mais usuários, mas que gostaria de bonificar alguns. Informei que poderíamos bonificar apenas 1 dos usuários;1;0.0;0.0;__EXCLUIR__;;;Não calculado;Usuário adicional;Usuário adicional;Usuários;Não considerado;Sem link no Card Financeiro
04/11/2025;2025;11;Nov.;novembro;2025-11;Nov./25;Marcela Medeiros;Marcela Medeiros;True;myshopbh;Downgrade;Não informado;Funil de vendas;Funil de vendas;—;Migração/Outro;Não viu valor agregado;Redução de custo;"""Internamente não estamos usando para ser direto. por isso essa motivação."" não aceitou treinamento.";1;0.0;0.0;Downgrade;;;Não calculado;Funil de vendas;"Funil de vendas; Distribuição automática";Módulos;Não considerado;Sem link no Card Financeiro
04/11/2025;2025;11;Nov.;novembro;2025-11;Nov./25;Marcela Medeiros;Marcela Medeiros;True;myshopbh;Downgrade;Não informado;Distribuição automática;Distribuição automática;—;Migração/Outro;Não viu valor agregado;Redução de custo;"""Internamente não estamos usando para ser direto. por isso essa motivação."" não aceitou treinamento.";1;0.0;0.0;Downgrade;;;Não calculado;Distribuição automática;"Funil de vendas; Distribuição automática";Módulos;Não considerado;Sem link no Card Financeiro
04/11/2025;2025;11;Nov.;novembro;2025-11;Nov./25;Melissa Duarte;Melissa Duarte;True;caminhodaluz;Solicitação de Teste;Não informado;Integração;Integração;—;Migração/Outro;Não informado;Outros motivos descritos;Não informado;1;0.0;0.0;Teste;;;Não calculado;Integração;Integração;Integração;Não considerado;Sem link no Card Financeiro
04/11/2025;2025;11;Nov.;novembro;2025-11;Nov./25;Melissa Duarte;Melissa Duarte;True;paraibatextil;Solicitação de Teste;Não informado;Servidores;Servidores;—;Migração/Outro;Não informado;Outros motivos descritos;Não informado;1;0.0;0.0;Teste;;;Não calculado;Servidores;Servidores;Servidor;Não considerado;Sem link no Card Financeiro
04/11/2025;2025;11;Nov.;novembro;2025-11;Nov./25;Sem proprietário;Usuário inexistente;False;invictajoalheria;Downgrade;Não informado;Funil de vendas;Funil de vendas;—;Migração/Outro;Não se adaptou ao produto;Outros motivos descritos;Downgrade Funil de vendas = R$ 49,00/mensal  Relato cliente: Equipe não se adaptou ao uso da ferramenta.;1;0.0;0.0;Downgrade;;;Não calculado;Funil de vendas;Funil de vendas;Módulos;Não considerado;Sem link no Card Financeiro
04/11/2025;2025;11;Nov.;novembro;2025-11;Nov./25;Tadiane Biason;Tadiane Biason;True;myshopgoiania;Downgrade;Não informado;Chat interno;Chat interno;—;Migração/Outro;Desistência da contratação;Outros motivos descritos;"Motivo do downgrade  ""Internamente não estamos usando para ser direto. por isso essa motivação."" não aceitou treinamento. Solicitado pelo e-mail luan@starpurificadores.com.br";1;0.0;0.0;Downgrade;;;Não calculado;Chat interno;"Chat interno; Distribuição automática; Funil de vendas";Módulos;Não considerado;Sem link no Card Financeiro
04/11/2025;2025;11;Nov.;novembro;2025-11;Nov./25;Tadiane Biason;Tadiane Biason;True;myshopgoiania;Downgrade;Não informado;Distribuição automática;Distribuição automática;—;Migração/Outro;Desistência da contratação;Outros motivos descritos;"Motivo do downgrade  ""Internamente não estamos usando para ser direto. por isso essa motivação."" não aceitou treinamento. Solicitado pelo e-mail luan@starpurificadores.com.br";1;0.0;0.0;Downgrade;;;Não calculado;Distribuição automática;"Chat interno; Distribuição automática; Funil de vendas";Módulos;Não considerado;Sem link no Card Financeiro
04/11/2025;2025;11;Nov.;novembro;2025-11;Nov./25;Tadiane Biason;Tadiane Biason;True;myshopgoiania;Downgrade;Não informado;Funil de vendas;Funil de vendas;—;Migração/Outro;Desistência da contratação;Outros motivos descritos;"Motivo do downgrade  ""Internamente não estamos usando para ser direto. por isso essa motivação."" não aceitou treinamento. Solicitado pelo e-mail luan@starpurificadores.com.br";1;0.0;0.0;Downgrade;;;Não calculado;Funil de vendas;"Chat interno; Distribuição automática; Funil de vendas";Módulos;Não considerado;Sem link no Card Financeiro
05/11/2025;2025;11;Nov.;novembro;2025-11;Nov./25;Usuário não identificado;Usuário inexistente;False;amorsaudesaovicente;Upgrade;Não informado;Pacotes SMS Disparo em Massa;Pacotes SMS Disparo em Massa;—;Migração/Outro;Não informado;Outros motivos descritos;Contratação de créditos SMS 100 (Antes da contratação havia 0 créditos na conta);1;0.0;0.0;Upgrade;;;Não calculado;Pacotes SMS Disparo em Massa;Pacotes SMS Disparo em Massa;SMS;Não considerado;Sem link no Card Financeiro
05/11/2025;2025;11;Nov.;novembro;2025-11;Nov./25;Usuário não identificado;Usuário inexistente;False;clinicalifetime;Migração para número oficial;Não informado;Migração para número oficial;Migração para número oficial;—;Migração/Outro;Não informado;Outros motivos descritos;Não informado;1;0.0;0.0;Migração;;;Não calculado;Migração para número oficial;Migração para número oficial;Conexão;Não considerado;Sem link no Card Financeiro
05/11/2025;2025;11;Nov.;novembro;2025-11;Nov./25;Usuário não identificado;Usuário inexistente;False;floracred;Downgrade;Não informado;Usuário adicional;Usuário adicional;—;Migração/Outro;Redução de funcionários;Redução de custo;Downgrade 03 usuários adicionais  Relato: Redução de funcionários;1;0.0;0.0;Downgrade;;;Não calculado;Usuário adicional;Usuário adicional;Usuários;Não considerado;Sem link no Card Financeiro
05/11/2025;2025;11;Nov.;novembro;2025-11;Nov./25;Usuário não identificado;Usuário inexistente;False;manipulacaorosa;Upgrade;Não informado;Servidores;Servidores;—;Migração/Outro;Não informado;Outros motivos descritos;Não informado;1;0.0;0.0;Upgrade;;;Não calculado;Servidores;Servidores;Servidor;Não considerado;Sem link no Card Financeiro
05/11/2025;2025;11;Nov.;novembro;2025-11;Nov./25;Leticia Silva;Leticia Silva;True;premiumtax6290;Downgrade;Não informado;Conexão adicional de WhatsApp;Conexão adicional de WhatsApp;—;Migração/Outro;Redução de demanda;Redução de custo;Cliente havia contratado apenas a conexão como reserva para que estava banida.;1;0.0;0.0;Downgrade;;;Não calculado;Conexão adicional de WhatsApp;Conexão adicional de WhatsApp;Conexão;Não considerado;Sem link no Card Financeiro
05/11/2025;2025;11;Nov.;novembro;2025-11;Nov./25;Sem proprietário;Usuário inexistente;False;goldenlance;Upgrade;Não informado;Conexão adicional de WhatsApp - WABA;Conexão adicional de WhatsApp - WABA;—;Migração/Outro;Não informado;Outros motivos descritos;Não informado;1;0.0;0.0;Upgrade;;;Não calculado;Conexão adicional de WhatsApp - WABA;Conexão adicional de WhatsApp - WABA;Conexão;Não considerado;Sem link no Card Financeiro
05/11/2025;2025;11;Nov.;novembro;2025-11;Nov./25;Sem proprietário;Usuário inexistente;False;mecgestao;Solicitação de Teste;Não informado;Funil de vendas;Funil de vendas;—;Migração/Outro;Não informado;Outros motivos descritos;Não informado;1;0.0;0.0;Teste;;;Não calculado;Funil de vendas;Funil de vendas;Módulos;Não considerado;Sem link no Card Financeiro
05/11/2025;2025;11;Nov.;novembro;2025-11;Nov./25;Vinicius Simões;Vinicius Simões;True;mellomarques;Solicitação de Bonificação e Desconto;Não informado;Usuário adicional;Usuário adicional;—;Migração/Outro;Não informado;Outros motivos descritos;Bonificação: - 1x Usuário adicional  Motivo: a cliente entrou em contato solicitando algum desconto em sua plataforma e, devido a quantidade de usuários adicionais ser maior ou igual a 10, bonifiquei um usuário.;1;0.0;0.0;__EXCLUIR__;;;Não calculado;Usuário adicional;Usuário adicional;Usuários;Não considerado;Sem link no Card Financeiro
06/11/2025;2025;11;Nov.;novembro;2025-11;Nov./25;Usuário não identificado;Usuário inexistente;False;redemundialtelhas;Solicitação de Teste;Não informado;Funil de vendas;Funil de vendas;—;Migração/Outro;Não informado;Outros motivos descritos;Não informado;1;0.0;0.0;Teste;;;Não calculado;Funil de vendas;Funil de vendas;Módulos;Não considerado;Sem link no Card Financeiro
06/11/2025;2025;11;Nov.;novembro;2025-11;Nov./25;Usuário não identificado;Usuário inexistente;False;cpo;Criação de URL;Não informado;URL;URL;—;Migração/Outro;Não informado;Outros motivos descritos;Não informado;1;0.0;0.0;Criação de URL;;;Não calculado;URL;"URL; Usuário adicional; Servidores";URL;Não considerado;Sem link no Card Financeiro
06/11/2025;2025;11;Nov.;novembro;2025-11;Nov./25;Usuário não identificado;Usuário inexistente;False;cpo;Criação de URL;Não informado;Usuário adicional;Usuário adicional;—;Migração/Outro;Não informado;Outros motivos descritos;Não informado;1;0.0;0.0;Criação de URL;;;Não calculado;Usuário adicional;"URL; Usuário adicional; Servidores";Usuários;Não considerado;Sem link no Card Financeiro
06/11/2025;2025;11;Nov.;novembro;2025-11;Nov./25;Usuário não identificado;Usuário inexistente;False;cpo;Criação de URL;Não informado;Servidores;Servidores;—;Migração/Outro;Não informado;Outros motivos descritos;Não informado;1;0.0;0.0;Criação de URL;;;Não calculado;Servidores;"URL; Usuário adicional; Servidores";Servidor;Não considerado;Sem link no Card Financeiro
06/11/2025;2025;11;Nov.;novembro;2025-11;Nov./25;Leticia Silva;Leticia Silva;True;yelt;Solicitação de Bonificação e Desconto;Não informado;Usuário adicional;Usuário adicional;—;Migração/Outro;Não informado;Redução de custo;Liberação de teste referente ao chat interno, válido até o dia 13 de novembro de 2025 + bonificação de dois usuários, pois cliente contratou 18. Ela está ciente de que os primeiros a serem removidos são os bonificados, se ela for realizar alguma redução futuramente.;1;0.0;0.0;__EXCLUIR__;;;Não calculado;Usuário adicional;Usuário adicional;Usuários;Não considerado;Sem link no Card Financeiro
06/11/2025;2025;11;Nov.;novembro;2025-11;Nov./25;Leticia Silva;Leticia Silva;True;yelt;Solicitação de Teste;Não informado;Chat interno;Chat interno;—;Migração/Outro;Não informado;Outros motivos descritos;Não informado;1;0.0;0.0;Teste;;;Não calculado;Chat interno;Chat interno;Módulos;Não considerado;Sem link no Card Financeiro
06/11/2025;2025;11;Nov.;novembro;2025-11;Nov./25;Priscila Pavani;Priscila Pavani;True;barcelossop1;Upgrade;Não informado;Conexão adicional de WhatsApp;Conexão adicional de WhatsApp;—;Migração/Outro;Não informado;Redução de custo;Tipo: Upgrade Produto: 1 conexão de whats comum + 2 usuários Valor: R$ 59,00 + R$ 50,00 = R$ 109,00 URL: barcelossop1 Protocolo: 202511031544029;1;0.0;0.0;Upgrade;;;Não calculado;Conexão adicional de WhatsApp;"Conexão adicional de WhatsApp; Usuário adicional";Conexão;Não considerado;Sem link no Card Financeiro
06/11/2025;2025;11;Nov.;novembro;2025-11;Nov./25;Priscila Pavani;Priscila Pavani;True;barcelossop1;Upgrade;Não informado;Usuário adicional;Usuário adicional;—;Migração/Outro;Não informado;Redução de custo;Tipo: Upgrade Produto: 1 conexão de whats comum + 2 usuários Valor: R$ 59,00 + R$ 50,00 = R$ 109,00 URL: barcelossop1 Protocolo: 202511031544029;1;0.0;0.0;Upgrade;;;Não calculado;Usuário adicional;"Conexão adicional de WhatsApp; Usuário adicional";Usuários;Não considerado;Sem link no Card Financeiro
07/11/2025;2025;11;Nov.;novembro;2025-11;Nov./25;Usuário não identificado;Usuário inexistente;False;yagoviagens;Upgrade;Não informado;Funil de vendas;Funil de vendas;—;Migração/Outro;Não informado;Outros motivos descritos;Upgrade Funil de vendas = R$ 89,90/mensal;1;0.0;0.0;Upgrade;;;Não calculado;Funil de vendas;Funil de vendas;Módulos;Não considerado;Sem link no Card Financeiro
07/11/2025;2025;11;Nov.;novembro;2025-11;Nov./25;Usuário não identificado;Usuário inexistente;False;clinicallsolutions;Solicitação de Bonificação e Desconto;Não informado;Usuário adicional;Usuário adicional;—;Migração/Outro;Não informado;Redução de custo;"Denis tem demonstrado um alto nível de engajamento com a plataforma e vem realizando sucessivos upgrades — foram sete apenas em outubro, elevando o plano de R$ 4.085,74 para R$ 4.677,74. Ele utiliza a Digisac desde 2021, sempre mantendo recorrência e histórico positivo.  Além disso, o cliente indicou novas contas ativas que totalizam um valor de aproximadamente R$ 1.126,00/mês, reforçando seu papel como promotor espontâneo da marca, sem ter solicitado qualquer retorno financeiro pelas indicações. Atualmente, ele possui dois users e 1 conexão WhatsApp bonificadas da contratação de 2021 e desconto nas conexões, benefício concedido anteriormente em um contexto de retenção, ainda em 2023.  Diante desse histórico, acredito que uma revisão na política de desconto atual — ainda que pontual — seria um reconhecimento justo pela fidelidade, volume de upgrades e contribuição indireta para a expansão da base de clientes. Essa ação também reforçaria o relacionamento e abriria espaço para futuras expansões dentro da própria conta, o que o cliente já sinalizou ter intenção de fazer.  Sugiro avaliarmos a possibilidade de uma margem de desconto adicional ou condição diferenciada temporária, como forma de valorização e estímulo à continuidade do crescimento dentro da Digisac.  nomes dos urls  | data de criação | valor de entrada;  hospitalxv.digisac.com.br/ | 24/06/2025 | R$332,00 gruponascer.digisac.io/ | 30/10/2025 | R$ 313,00 hsms.digisac.io | 04/11/2025 | R$ 197,00 pluralmed.digisac.io | 21/10/2025 | 284,00  --- Total R$ 1126,00";1;0.0;0.0;__EXCLUIR__;;;Não calculado;Usuário adicional;Usuário adicional;Usuários;Não considerado;Sem link no Card Financeiro
07/11/2025;2025;11;Nov.;novembro;2025-11;Nov./25;Usuário não identificado;Usuário inexistente;False;visage;Upgrade;Não informado;Transcrição de Áudio;Transcrição de Áudio;—;Migração/Outro;Não informado;Outros motivos descritos;Não informado;1;0.0;0.0;Upgrade;;;Não calculado;Transcrição de Áudio;Transcrição de Áudio;IA;Não considerado;Sem link no Card Financeiro
07/11/2025;2025;11;Nov.;novembro;2025-11;Nov./25;Mariana Nunes;Mariana Nunes;True;fsprime;Upgrade;Não informado;Primeira ativação de número oficial;Primeira ativação de número oficial;—;Migração/Outro;Não informado;Outros motivos descritos;Primeira ativação de conexão oficial;1;0.0;0.0;Upgrade;;;Não calculado;Primeira ativação de número oficial;Primeira ativação de número oficial;Conexão;Não considerado;Sem link no Card Financeiro
07/11/2025;2025;11;Nov.;novembro;2025-11;Nov./25;Sem proprietário;Usuário inexistente;False;completoseguros;Downgrade;Não informado;Usuário adicional;Usuário adicional;—;Migração/Outro;Redução de demanda;Redução de custo;Tipo: Downgrade Produto:11 usuários Valor: 319,00 URL: completoseguros Protocolo:202511071550196 Motivo: Problema com banimento, mudança de estratégia. Pretende voltar.    Tipo: Downgrade Produto:16 Conexões Valor: 1424,00 URL: completoseguros Protocolo:202511071550196 Motivo: Problema com banimento, mudança de estratégia. Pretende voltar.;1;0.0;0.0;Downgrade;;;Não calculado;Usuário adicional;"Usuário adicional; Conexão adicional de WhatsApp";Usuários;Não considerado;Sem link no Card Financeiro
07/11/2025;2025;11;Nov.;novembro;2025-11;Nov./25;Sem proprietário;Usuário inexistente;False;completoseguros;Downgrade;Não informado;Conexão adicional de WhatsApp;Conexão adicional de WhatsApp;—;Migração/Outro;Redução de demanda;Redução de custo;Tipo: Downgrade Produto:11 usuários Valor: 319,00 URL: completoseguros Protocolo:202511071550196 Motivo: Problema com banimento, mudança de estratégia. Pretende voltar.    Tipo: Downgrade Produto:16 Conexões Valor: 1424,00 URL: completoseguros Protocolo:202511071550196 Motivo: Problema com banimento, mudança de estratégia. Pretende voltar.;1;0.0;0.0;Downgrade;;;Não calculado;Conexão adicional de WhatsApp;"Usuário adicional; Conexão adicional de WhatsApp";Conexão;Não considerado;Sem link no Card Financeiro
07/11/2025;2025;11;Nov.;novembro;2025-11;Nov./25;Tadiane Biason;Tadiane Biason;True;musassaude;Upgrade;Não informado;Usuário adicional;Usuário adicional;—;Migração/Outro;Não informado;Redução de custo;Tipo: Upgrade Produto:1 usuário Valor: 19,90 URL: musassaude Protocolo: 202511121557060     Tipo: Upgrade Produto:Funil de Vendas Valor: 49,00 URL: musassaude Protocolo: 202511121557060;1;0.0;0.0;Upgrade;;;Não calculado;Usuário adicional;"Usuário adicional; Funil de vendas";Usuários;Não considerado;Sem link no Card Financeiro
07/11/2025;2025;11;Nov.;novembro;2025-11;Nov./25;Tadiane Biason;Tadiane Biason;True;musassaude;Upgrade;Não informado;Funil de vendas;Funil de vendas;—;Migração/Outro;Não informado;Redução de custo;Tipo: Upgrade Produto:1 usuário Valor: 19,90 URL: musassaude Protocolo: 202511121557060     Tipo: Upgrade Produto:Funil de Vendas Valor: 49,00 URL: musassaude Protocolo: 202511121557060;1;0.0;0.0;Upgrade;;;Não calculado;Funil de vendas;"Usuário adicional; Funil de vendas";Módulos;Não considerado;Sem link no Card Financeiro
07/11/2025;2025;11;Nov.;novembro;2025-11;Nov./25;Vinicius Simões;Vinicius Simões;True;sbr;Downgrade;Não informado;Integração;Integração;—;Migração/Outro;Não informado;Outros motivos descritos;Não informado;1;0.0;0.0;Downgrade;;;Não calculado;Integração;Integração;Integração;Não considerado;Sem link no Card Financeiro
10/11/2025;2025;11;Nov.;novembro;2025-11;Nov./25;Usuário não identificado;Usuário inexistente;False;apiresdesign;Upgrade;Não informado;Funil de vendas;Funil de vendas;—;Migração/Outro;Não informado;Outros motivos descritos;"""UP funil de vendas""";1;0.0;0.0;Upgrade;;;Não calculado;Funil de vendas;Funil de vendas;Módulos;Não considerado;Sem link no Card Financeiro
10/11/2025;2025;11;Nov.;novembro;2025-11;Nov./25;Usuário não identificado;Usuário inexistente;False;solusconcincoestrelas;Solicitação de Teste;Não informado;Funil de vendas;Funil de vendas;—;Migração/Outro;Não informado;Outros motivos descritos;Não informado;1;0.0;0.0;Teste;;;Não calculado;Funil de vendas;Funil de vendas;Módulos;Não considerado;Sem link no Card Financeiro
11/11/2025;2025;11;Nov.;novembro;2025-11;Nov./25;Luis Siqueira;Luis Siqueira;True;drexameonline;Upgrade;Não informado;Servidores;Servidores;—;Migração/Outro;Não informado;Redução de custo;Cliente fez a contratação do servidor 8/16 no valor de R$ 349,00;1;0.0;0.0;Upgrade;;;Não calculado;Servidores;Servidores;Servidor;Não considerado;Sem link no Card Financeiro
12/11/2025;2025;11;Nov.;novembro;2025-11;Nov./25;Usuário não identificado;Usuário inexistente;False;livance;Upgrade;Não informado;Conexão adicional de WhatsApp - WABA;Conexão adicional de WhatsApp - WABA;—;Migração/Outro;Não informado;Redução de custo;Upgrade de 4 Conexões WABA / Gupshup / Direct Payment - Valor R$356 - sendo R$89 cada.;1;0.0;0.0;Upgrade;;;Não calculado;Conexão adicional de WhatsApp - WABA;Conexão adicional de WhatsApp - WABA;Conexão;Não considerado;Sem link no Card Financeiro
12/11/2025;2025;11;Nov.;novembro;2025-11;Nov./25;Usuário não identificado;Usuário inexistente;False;dmcont;Downgrade;Não informado;IA Agent;IA Agent;—;Migração/Outro;Não informado;Outros motivos descritos;Não informado;1;0.0;0.0;Downgrade;;;Não calculado;IA Agent;IA Agent;IA;Não considerado;Sem link no Card Financeiro
12/11/2025;2025;11;Nov.;novembro;2025-11;Nov./25;Sem proprietário;Usuário inexistente;False;holaturismo;Downgrade;Não informado;Usuário adicional;Usuário adicional;—;Migração/Outro;Banimento;Redução de custo;Numero standard foi restrito, é posível utilizar apenas no aparelho e por ser um número antigo da empresa não deseja ativar outro no lugar nesse momento, mas pretende se tornar WABA, para isso está concluindo a criação de seu site para se adaptar aos pré-requisitos necessários.  Reduzirá todo o plano para o ACELERA para manter seu ambiente ativo até o momento em que seja possível ativar o WhatsApp Oficial.   Usuarios adicionais- 290,00 Servidor 4/8 - 114,00  Combo do lançamento - IA Texto Mágico - 113,00  (Novo) Modulo - Funil de Vendas - Digisac  - 89,90;1;0.0;0.0;Downgrade;;;Não calculado;Usuário adicional;"Usuário adicional; Servidores; Funil de vendas; Texto Mágico";Usuários;Não considerado;Sem link no Card Financeiro
12/11/2025;2025;11;Nov.;novembro;2025-11;Nov./25;Sem proprietário;Usuário inexistente;False;holaturismo;Downgrade;Não informado;Servidores;Servidores;—;Migração/Outro;Banimento;Redução de custo;Numero standard foi restrito, é posível utilizar apenas no aparelho e por ser um número antigo da empresa não deseja ativar outro no lugar nesse momento, mas pretende se tornar WABA, para isso está concluindo a criação de seu site para se adaptar aos pré-requisitos necessários.  Reduzirá todo o plano para o ACELERA para manter seu ambiente ativo até o momento em que seja possível ativar o WhatsApp Oficial.   Usuarios adicionais- 290,00 Servidor 4/8 - 114,00  Combo do lançamento - IA Texto Mágico - 113,00  (Novo) Modulo - Funil de Vendas - Digisac  - 89,90;1;0.0;0.0;Downgrade;;;Não calculado;Servidores;"Usuário adicional; Servidores; Funil de vendas; Texto Mágico";Servidor;Não considerado;Sem link no Card Financeiro
12/11/2025;2025;11;Nov.;novembro;2025-11;Nov./25;Sem proprietário;Usuário inexistente;False;holaturismo;Downgrade;Não informado;Funil de vendas;Funil de vendas;—;Migração/Outro;Banimento;Redução de custo;Numero standard foi restrito, é posível utilizar apenas no aparelho e por ser um número antigo da empresa não deseja ativar outro no lugar nesse momento, mas pretende se tornar WABA, para isso está concluindo a criação de seu site para se adaptar aos pré-requisitos necessários.  Reduzirá todo o plano para o ACELERA para manter seu ambiente ativo até o momento em que seja possível ativar o WhatsApp Oficial.   Usuarios adicionais- 290,00 Servidor 4/8 - 114,00  Combo do lançamento - IA Texto Mágico - 113,00  (Novo) Modulo - Funil de Vendas - Digisac  - 89,90;1;0.0;0.0;Downgrade;;;Não calculado;Funil de vendas;"Usuário adicional; Servidores; Funil de vendas; Texto Mágico";Módulos;Não considerado;Sem link no Card Financeiro
12/11/2025;2025;11;Nov.;novembro;2025-11;Nov./25;Sem proprietário;Usuário inexistente;False;holaturismo;Downgrade;Não informado;Texto Mágico;Texto Mágico;—;Migração/Outro;Banimento;Redução de custo;Numero standard foi restrito, é posível utilizar apenas no aparelho e por ser um número antigo da empresa não deseja ativar outro no lugar nesse momento, mas pretende se tornar WABA, para isso está concluindo a criação de seu site para se adaptar aos pré-requisitos necessários.  Reduzirá todo o plano para o ACELERA para manter seu ambiente ativo até o momento em que seja possível ativar o WhatsApp Oficial.   Usuarios adicionais- 290,00 Servidor 4/8 - 114,00  Combo do lançamento - IA Texto Mágico - 113,00  (Novo) Modulo - Funil de Vendas - Digisac  - 89,90;1;0.0;0.0;Downgrade;;;Não calculado;Texto Mágico;"Usuário adicional; Servidores; Funil de vendas; Texto Mágico";IA;Não considerado;Sem link no Card Financeiro
13/11/2025;2025;11;Nov.;novembro;2025-11;Nov./25;Usuário não identificado;Usuário inexistente;False;nogara;Solicitação de Teste;Não informado;Funil de vendas;Funil de vendas;—;Migração/Outro;Não informado;Outros motivos descritos;Não informado;1;0.0;0.0;Teste;;;Não calculado;Funil de vendas;Funil de vendas;Módulos;Não considerado;Sem link no Card Financeiro
13/11/2025;2025;11;Nov.;novembro;2025-11;Nov./25;Usuário não identificado;Usuário inexistente;False;hassadv;Upgrade;Não informado;Conexão adicional de WhatsApp - WABA;Conexão adicional de WhatsApp - WABA;—;Migração/Outro;Não informado;Outros motivos descritos;1 Conexão Oficial Waba Gupshup Direct Pay - R$89,00;1;0.0;0.0;Upgrade;;;Não calculado;Conexão adicional de WhatsApp - WABA;Conexão adicional de WhatsApp - WABA;Conexão;Não considerado;Sem link no Card Financeiro
13/11/2025;2025;11;Nov.;novembro;2025-11;Nov./25;Usuário não identificado;Usuário inexistente;False;desbravandonatal;Migração para número oficial;Não informado;Migração para número oficial;Migração para número oficial;—;Migração/Outro;Não informado;Outros motivos descritos;Não informado;1;0.0;0.0;Migração;;;Não calculado;Migração para número oficial;Migração para número oficial;Conexão;Não considerado;Sem link no Card Financeiro
13/11/2025;2025;11;Nov.;novembro;2025-11;Nov./25;Usuário não identificado;Usuário inexistente;False;casadediscipulos;Upgrade;Não informado;Primeira ativação de número oficial;Primeira ativação de número oficial;—;Migração/Outro;Não informado;Outros motivos descritos;Cliente realizou upgrade de conexão adicional WABA R$ 89,00. Vai migrar da plataforma ChatGuru para a Digisac.  Plano Base - 2 Usuarios - 1 Conexao - R$ 197,00 Usuarios adicionais | 2 x 29,00 | R$ 58,00 Conexão Adicional de WhatsApp | 2 x R$ 89,00 | 178,00 Conexão adicional WABA R$ 89,00 (contratada nesse up)  total atual R$ 522,00;1;0.0;0.0;Upgrade;;;Não calculado;Primeira ativação de número oficial;Primeira ativação de número oficial;Conexão;Não considerado;Sem link no Card Financeiro
13/11/2025;2025;11;Nov.;novembro;2025-11;Nov./25;Gustavo Medeiros;Gustavo Medeiros;True;espacoarteitalinea;Migração para número oficial;Não informado;Migração para número oficial;Migração para número oficial;—;Migração/Outro;Não informado;Outros motivos descritos;Não informado;1;0.0;0.0;Migração;;;Não calculado;Migração para número oficial;Migração para número oficial;Conexão;Não considerado;Sem link no Card Financeiro
14/11/2025;2025;11;Nov.;novembro;2025-11;Nov./25;Usuário não identificado;Usuário inexistente;False;amorsaudearaucaria;Migração para número oficial;Não informado;Migração para número oficial;Migração para número oficial;—;Migração/Outro;Não informado;Outros motivos descritos;Não informado;1;0.0;0.0;Migração;;;Não calculado;Migração para número oficial;Migração para número oficial;Conexão;Não considerado;Sem link no Card Financeiro
14/11/2025;2025;11;Nov.;novembro;2025-11;Nov./25;Usuário não identificado;Usuário inexistente;False;imunocentro;Upgrade;Não informado;Usuário adicional;Usuário adicional;—;Migração/Outro;Não informado;Outros motivos descritos;Não informado;1;0.0;0.0;Upgrade;;;Não calculado;Usuário adicional;Usuário adicional;Usuários;Não considerado;Sem link no Card Financeiro
17/11/2025;2025;11;Nov.;novembro;2025-11;Nov./25;Usuário não identificado;Usuário inexistente;False;auxiliocertificacao;Upgrade;Não informado;Conexão adicional de WhatsApp - WABA;Conexão adicional de WhatsApp - WABA;—;Migração/Outro;Não informado;Outros motivos descritos;Upgrade Conexão Adicional WABA R$ 89,00 | Cliente ja possui Plano Base WABA e esta contratando uma conexão adicional | Protocolo: 202511171562060;1;0.0;0.0;Upgrade;;;Não calculado;Conexão adicional de WhatsApp - WABA;Conexão adicional de WhatsApp - WABA;Conexão;Não considerado;Sem link no Card Financeiro
17/11/2025;2025;11;Nov.;novembro;2025-11;Nov./25;Usuário não identificado;Usuário inexistente;False;cmi;Migração para número oficial;Não informado;Migração para número oficial;Migração para número oficial;—;Migração/Outro;Não informado;Outros motivos descritos;Não informado;1;0.0;0.0;Migração;;;Não calculado;Migração para número oficial;Migração para número oficial;Conexão;Não considerado;Sem link no Card Financeiro
17/11/2025;2025;11;Nov.;novembro;2025-11;Nov./25;Leticia Silva;Leticia Silva;True;grcaempresarial;Upgrade;Não informado;Usuário adicional;Usuário adicional;—;Migração/Outro;Não informado;Outros motivos descritos;Up 1 usuário.;1;0.0;0.0;Upgrade;;;Não calculado;Usuário adicional;Usuário adicional;Usuários;Não considerado;Sem link no Card Financeiro
17/11/2025;2025;11;Nov.;novembro;2025-11;Nov./25;Sem proprietário;Usuário inexistente;False;ploomcont;Solicitação de Teste;Não informado;Servidores;Servidores;—;Migração/Outro;Não informado;Outros motivos descritos;Não informado;1;0.0;0.0;Teste;;;Não calculado;Servidores;Servidores;Servidor;Não considerado;Sem link no Card Financeiro
17/11/2025;2025;11;Nov.;novembro;2025-11;Nov./25;Vinicius Simões;Vinicius Simões;True;4ufullcommerce;Upgrade;Não informado;Integração;Integração;—;Migração/Outro;Não informado;Outros motivos descritos;Não informado;1;0.0;0.0;Upgrade;;;Não calculado;Integração;Integração;Integração;Não considerado;Sem link no Card Financeiro
18/11/2025;2025;11;Nov.;novembro;2025-11;Nov./25;Usuário não identificado;Usuário inexistente;False;domodontopremium;Migração para número oficial;Não informado;Migração para número oficial;Migração para número oficial;—;Migração/Outro;Não informado;Outros motivos descritos;Não informado;1;0.0;0.0;Migração;;;Não calculado;Migração para número oficial;Migração para número oficial;Conexão;Não considerado;Sem link no Card Financeiro
18/11/2025;2025;11;Nov.;novembro;2025-11;Nov./25;Usuário não identificado;Usuário inexistente;False;assinetvplay;Upgrade;Não informado;Servidores;Servidores;—;Migração/Outro;Não informado;Outros motivos descritos;Upgrade - Servidor 2/4 R$ 89,00, Indicado por Gabriela Oliveira (suporte) | Protocolo: 202511171560932;1;0.0;0.0;Upgrade;;;Não calculado;Servidores;Servidores;Servidor;Não considerado;Sem link no Card Financeiro
19/11/2025;2025;11;Nov.;novembro;2025-11;Nov./25;Usuário não identificado;Usuário inexistente;False;promenacmotos;Migração para número oficial;Não informado;Primeira ativação de número oficial;Primeira ativação de número oficial;—;Migração/Outro;Não informado;Outros motivos descritos;Primeira conexão de Whatsapp Oficial;1;0.0;0.0;Migração;;;Não calculado;Primeira ativação de número oficial;Primeira ativação de número oficial;Conexão;Não considerado;Sem link no Card Financeiro
19/11/2025;2025;11;Nov.;novembro;2025-11;Nov./25;Luis Siqueira;Luis Siqueira;True;infocodigitalsp;Migração para número oficial;Não informado;Migração para número oficial;Migração para número oficial;—;Migração/Outro;Não informado;Outros motivos descritos;Não informado;1;0.0;0.0;Migração;;;Não calculado;Migração para número oficial;"Migração para número oficial; Primeira ativação de número oficial";Conexão;Não considerado;Sem link no Card Financeiro
19/11/2025;2025;11;Nov.;novembro;2025-11;Nov./25;Luis Siqueira;Luis Siqueira;True;infocodigitalsp;Migração para número oficial;Não informado;Primeira ativação de número oficial;Primeira ativação de número oficial;—;Migração/Outro;Não informado;Outros motivos descritos;Não informado;1;0.0;0.0;Migração;;;Não calculado;Primeira ativação de número oficial;"Migração para número oficial; Primeira ativação de número oficial";Conexão;Não considerado;Sem link no Card Financeiro
19/11/2025;2025;11;Nov.;novembro;2025-11;Nov./25;Melissa Duarte;Melissa Duarte;True;vanessacred;Migração para número oficial;Não informado;Migração para número oficial;Migração para número oficial;—;Migração/Outro;Não informado;Outros motivos descritos;UP Conexão adicional de API oficial Conexão WABA / Gupshup / Direct Payment | R$89,00;1;0.0;0.0;Migração;;;Não calculado;Migração para número oficial;Migração para número oficial;Conexão;Não considerado;Sem link no Card Financeiro
19/11/2025;2025;11;Nov.;novembro;2025-11;Nov./25;Melissa Duarte;Melissa Duarte;True;vanessacred;Upgrade;Não informado;Primeira ativação de número oficial;Primeira ativação de número oficial;—;Migração/Outro;Não informado;Outros motivos descritos;UP Conexão WABA / Gupshup / Direct Payment | R$89,00;1;0.0;0.0;Upgrade;;;Não calculado;Primeira ativação de número oficial;Primeira ativação de número oficial;Conexão;Não considerado;Sem link no Card Financeiro
19/11/2025;2025;11;Nov.;novembro;2025-11;Nov./25;Sem proprietário;Usuário inexistente;False;moreiraamorim;Migração para número oficial;Não informado;Migração para número oficial;Migração para número oficial;—;Migração/Outro;Não informado;Outros motivos descritos;Não informado;1;0.0;0.0;Migração;;;Não calculado;Migração para número oficial;Migração para número oficial;Conexão;Não considerado;Sem link no Card Financeiro
19/11/2025;2025;11;Nov.;novembro;2025-11;Nov./25;Tadiane Biason;Tadiane Biason;True;mercury;Downgrade;Não informado;Conexão adicional de WhatsApp;Conexão adicional de WhatsApp;—;Migração/Outro;Redução de demanda;Redução de custo;Tipo: Upgrade Produto: 1 Conexão Comuns Valor: R$ 89,00 URL: mercury Protocolo: 202511191573039 (Acabei realizando o Down de duas pois fiz um up antes, errado, por isso reduzi 2, mas o pedido da cliente é somente 1);1;0.0;0.0;Downgrade;;;Não calculado;Conexão adicional de WhatsApp;Conexão adicional de WhatsApp;Conexão;Não considerado;Sem link no Card Financeiro
19/11/2025;2025;11;Nov.;novembro;2025-11;Nov./25;Vinicius Simões;Vinicius Simões;True;limasantosadv;Upgrade;Não informado;Integração;Integração;—;Migração/Outro;Não informado;Outros motivos descritos;Não informado;1;0.0;0.0;Upgrade;;;Não calculado;Integração;Integração;Integração;Não considerado;Sem link no Card Financeiro
21/11/2025;2025;11;Nov.;novembro;2025-11;Nov./25;Usuário não identificado;Usuário inexistente;False;goesnicoladelli02;Downgrade;Não informado;E-mail adicional;E-mail adicional;—;Migração/Outro;Problema sistêmico (cliente);Problema técnico / limitação;Downgrade Produto Email : 11 URL: goesnicoladelli02 Protocolo: 202511191574236;1;0.0;0.0;Downgrade;;;Não calculado;E-mail adicional;E-mail adicional;Conexão;Não considerado;Sem link no Card Financeiro
21/11/2025;2025;11;Nov.;novembro;2025-11;Nov./25;Usuário não identificado;Usuário inexistente;False;ammadesign;Upgrade;Não informado;Chat interno;Chat interno;—;Migração/Outro;Não informado;Outros motivos descritos;Upgrade Chat Interno R$ 69,00 | Protocolo: 202511211574951;1;0.0;0.0;Upgrade;;;Não calculado;Chat interno;Chat interno;Módulos;Não considerado;Sem link no Card Financeiro
21/11/2025;2025;11;Nov.;novembro;2025-11;Nov./25;Gustavo Medeiros;Gustavo Medeiros;True;soluti;Upgrade;Não informado;Servidores;Servidores;—;Migração/Outro;Não informado;Outros motivos descritos;aumento de servidor para server 2/4;1;0.0;0.0;Upgrade;;;Não calculado;Servidores;Servidores;Servidor;Não considerado;Sem link no Card Financeiro
21/11/2025;2025;11;Nov.;novembro;2025-11;Nov./25;Leticia Silva;Leticia Silva;True;primecare;Downgrade;Não informado;Conexão Instagram Direct;Conexão Instagram Direct;—;Migração/Outro;Redução de demanda;Redução de custo;Cliente está reduzindo custos.;1;0.0;0.0;Downgrade;;;Não calculado;Conexão Instagram Direct;Conexão Instagram Direct;Conexão;Não considerado;Sem link no Card Financeiro
21/11/2025;2025;11;Nov.;novembro;2025-11;Nov./25;Luis Siqueira;Luis Siqueira;True;grupodavol;Upgrade;Não informado;Funil de vendas;Funil de vendas;—;Migração/Outro;Não informado;Redução de custo;cliente contratou o funil de vendas no valor de R$ 49.90;1;0.0;0.0;Upgrade;;;Não calculado;Funil de vendas;Funil de vendas;Módulos;Não considerado;Sem link no Card Financeiro
21/11/2025;2025;11;Nov.;novembro;2025-11;Nov./25;Luis Siqueira;Luis Siqueira;True;pneumocor;Downgrade;Não informado;Integração;Integração;—;Migração/Outro;Não informado;Outros motivos descritos;Não informado;1;0.0;0.0;Downgrade;;;Não calculado;Integração;Integração;Integração;Não considerado;Sem link no Card Financeiro
21/11/2025;2025;11;Nov.;novembro;2025-11;Nov./25;Melissa Duarte;Melissa Duarte;True;jccjadvocacia;Downgrade;Não informado;Integração;Integração;—;Migração/Outro;Não informado;Outros motivos descritos;Não informado;1;0.0;0.0;Downgrade;;;Não calculado;Integração;Integração;Integração;Não considerado;Sem link no Card Financeiro
24/11/2025;2025;11;Nov.;novembro;2025-11;Nov./25;Luis Siqueira;Luis Siqueira;True;braunaturismo;Downgrade;Não informado;Funil de vendas;Funil de vendas;—;Migração/Outro;Desistência da contratação;Cancelamento / encerramento;Cliente disse que no momento está esperando migrar completamente para conexão oficial, por isso que está cancelando agora;1;0.0;0.0;Downgrade;;;Não calculado;Funil de vendas;Funil de vendas;Módulos;Não considerado;Sem link no Card Financeiro
26/11/2025;2025;11;Nov.;novembro;2025-11;Nov./25;Leticia Silva;Leticia Silva;True;flaviasanches;Downgrade;Não informado;Conexão Instagram Direct;Conexão Instagram Direct;—;Migração/Outro;Falta de Funcionalidade;Produto desnecessário;O canal principal de atendimento é o whatsapp, então essas outras 2 conexões está sendo um gasto desnecessário atualmente para o objetivo deles.;1;0.0;0.0;Downgrade;;;Não calculado;Conexão Instagram Direct;"Conexão Instagram Direct; Conexão Facebook Messenger";Conexão;Não considerado;Sem link no Card Financeiro
26/11/2025;2025;11;Nov.;novembro;2025-11;Nov./25;Leticia Silva;Leticia Silva;True;flaviasanches;Downgrade;Não informado;Conexão Facebook Messenger;Conexão Facebook Messenger;—;Migração/Outro;Falta de Funcionalidade;Produto desnecessário;O canal principal de atendimento é o whatsapp, então essas outras 2 conexões está sendo um gasto desnecessário atualmente para o objetivo deles.;1;0.0;0.0;Downgrade;;;Não calculado;Conexão Facebook Messenger;"Conexão Instagram Direct; Conexão Facebook Messenger";Conexão;Não considerado;Sem link no Card Financeiro
26/11/2025;2025;11;Nov.;novembro;2025-11;Nov./25;Leticia Silva;Leticia Silva;True;saviadvocacia;Solicitação de Bonificação e Desconto;Não informado;Usuário adicional;Usuário adicional;—;Migração/Outro;Não informado;Redução de custo;Bonificação de 1 dos 12 usuários contratados (informei que o primeiro a ser removido é o bonificado em casos de reduções).;1;0.0;0.0;__EXCLUIR__;;;Não calculado;Usuário adicional;Usuário adicional;Usuários;Não considerado;Sem link no Card Financeiro
26/11/2025;2025;11;Nov.;novembro;2025-11;Nov./25;Melissa Duarte;Melissa Duarte;True;alinecostaadv;Downgrade;Não informado;IA Copiloto;IA Copiloto;—;Migração/Outro;Desistência da contratação;Outros motivos descritos;Downgrade Copiloto 500 créditos R$49,90 e Downgrade Transcrição R$24,50 TOTAL: R$74,40;1;0.0;0.0;Downgrade;;;Não calculado;IA Copiloto;"IA Copiloto; Transcrição de Áudio";IA;Não considerado;Sem link no Card Financeiro
26/11/2025;2025;11;Nov.;novembro;2025-11;Nov./25;Melissa Duarte;Melissa Duarte;True;alinecostaadv;Downgrade;Não informado;Transcrição de Áudio;Transcrição de Áudio;—;Migração/Outro;Desistência da contratação;Outros motivos descritos;Downgrade Copiloto 500 créditos R$49,90 e Downgrade Transcrição R$24,50 TOTAL: R$74,40;1;0.0;0.0;Downgrade;;;Não calculado;Transcrição de Áudio;"IA Copiloto; Transcrição de Áudio";IA;Não considerado;Sem link no Card Financeiro
26/11/2025;2025;11;Nov.;novembro;2025-11;Nov./25;Melissa Duarte;Melissa Duarte;True;biankavalenteadv;Upgrade;Não informado;Usuário adicional;Usuário adicional;—;Migração/Outro;Não informado;Outros motivos descritos;UP Migração do plano Acelera para o Plano Base R$197,00;1;0.0;0.0;Upgrade;;;Não calculado;Usuário adicional;Usuário adicional;Usuários;Não considerado;Sem link no Card Financeiro
27/11/2025;2025;11;Nov.;novembro;2025-11;Nov./25;Usuário não identificado;Usuário inexistente;False;tridestinos;Upgrade;Não informado;Funil de vendas;Funil de vendas;—;Migração/Outro;Não informado;Outros motivos descritos;Contratação Funil de vendas = R$ 59,90/mensal;1;0.0;0.0;Upgrade;;;Não calculado;Funil de vendas;Funil de vendas;Módulos;Não considerado;Sem link no Card Financeiro
27/11/2025;2025;11;Nov.;novembro;2025-11;Nov./25;Vinicius Simões;Vinicius Simões;True;arcertsym;Upgrade;Não informado;Conexão adicional de WhatsApp - WABA;Conexão adicional de WhatsApp - WABA;—;Migração/Outro;Não informado;Outros motivos descritos;Upgrade: - 1x Conexão adicional de API Oficial - R$ 89,00;1;0.0;0.0;Upgrade;;;Não calculado;Conexão adicional de WhatsApp - WABA;Conexão adicional de WhatsApp - WABA;Conexão;Não considerado;Sem link no Card Financeiro
28/11/2025;2025;11;Nov.;novembro;2025-11;Nov./25;Usuário não identificado;Usuário inexistente;False;clinicafaustoviterbo;Downgrade;Não informado;Funil de vendas;Funil de vendas;—;Migração/Outro;Não viu valor agregado;Redução de custo;"Downgrade - Funil de Vendas - 49,90 - Protocolo: 202511271582467 - Motivo: Cliente contratou no lançamento e nunca utilizou, questionei sobre os treinamentos. Mas segundo ela ""Na vdd o problema é o nosso gerenciamento interno mesmo"", eles utilizam um CRM e não estão utilizando o recurso.";1;0.0;0.0;Downgrade;;;Não calculado;Funil de vendas;Funil de vendas;Módulos;Não considerado;Sem link no Card Financeiro
28/11/2025;2025;11;Nov.;novembro;2025-11;Nov./25;Leticia Silva;Leticia Silva;True;lojasbricio;Solicitação de Bonificação e Desconto;Não informado;Usuário adicional;Usuário adicional;—;Migração/Outro;Não informado;Redução de custo;Bonificação de 2 usuários (ciente que vão ser os primeiros a serem removidos em casos de reduções).;1;0.0;0.0;__EXCLUIR__;;;Não calculado;Usuário adicional;Usuário adicional;Usuários;Não considerado;Sem link no Card Financeiro
01/12/2025;2025;12;Dez.;dezembro;2025-12;Dez./25;Priscila Pavani;Priscila Pavani;True;osolucionador;Solicitação de Bonificação e Desconto;Não informado;URL;URL;—;Migração/Outro;Não informado;Outros motivos descritos;URL: osolucionador  PLANO SEM DESCONTO:   Plano Base - 2 Usuarios - 1 Conexao 197,00 Usuarios adicionais 1229 = 348,00 Conexão Adicional de WhatsApp 889= 712,00 Servidor 8/12 270,00  Total mensal: 1.527,00 ------------------------------------------ Com desconto URL: osolucionador  O plano ficaria:  Plano Base - 2 Usuarios - 1 Conexao 177,30 Conexão Adicional de WhatsApp 8* 79,00 = 632,00 Usuarios adicionais 12 * 26,10 = 313,20 Servidor 8/12 270,00  Total mensal: 1.392,50;1;0.0;0.0;__EXCLUIR__;;;Não calculado;URL;URL;URL;Não considerado;Sem link no Card Financeiro
02/12/2025;2025;12;Dez.;dezembro;2025-12;Dez./25;Leticia Silva;Leticia Silva;True;teka;Upgrade;Não informado;Primeira ativação de número oficial;Primeira ativação de número oficial;—;Migração/Outro;Não informado;Outros motivos descritos;Primeira Ativação de Número Oficial;1;0.0;0.0;Upgrade;;;Não calculado;Primeira ativação de número oficial;Primeira ativação de número oficial;Conexão;Não considerado;Sem link no Card Financeiro
03/12/2025;2025;12;Dez.;dezembro;2025-12;Dez./25;Usuário não identificado;Usuário inexistente;False;billaautomoveis;Upgrade;Não informado;Usuário adicional;Usuário adicional;—;Migração/Outro;Não informado;Problema técnico / limitação;"UP - 2 usuários - Protocolo: 202512031587335 - Motivo: Bug no ""Meu Plano"" cliente está usando 10 usuários, possui 9 contratados, quer ter 11 usuários - Estou organizando o plano";1;0.0;0.0;Upgrade;;;Não calculado;Usuário adicional;Usuário adicional;Usuários;Não considerado;Sem link no Card Financeiro
03/12/2025;2025;12;Dez.;dezembro;2025-12;Dez./25;Luis Siqueira;Luis Siqueira;True;ffconsignado;Downgrade;Não informado;Conexão Instagram Direct;Conexão Instagram Direct;—;Migração/Outro;Redução de demanda;Redução de custo;"down insagram - ""Uso o Instagram somente com o call center, como finalizamos ele, não tem motivo para eu manter o insta no Digisac""";1;0.0;0.0;Downgrade;;;Não calculado;Conexão Instagram Direct;Conexão Instagram Direct;Conexão;Não considerado;Sem link no Card Financeiro
03/12/2025;2025;12;Dez.;dezembro;2025-12;Dez./25;Sem proprietário;Usuário inexistente;False;auxiliumodonto;Downgrade;Não informado;IA Copiloto;IA Copiloto;—;Migração/Outro;Dificuldade financeira;Redução de custo;Redução IA Copiloto - 1.000 créditos = R$ 72,90/mensal  Relato cliente: Estamos cortando custos.;1;0.0;0.0;Downgrade;;;Não calculado;IA Copiloto;IA Copiloto;IA;Não considerado;Sem link no Card Financeiro
04/12/2025;2025;12;Dez.;dezembro;2025-12;Dez./25;Usuário não identificado;Usuário inexistente;False;centerlab;Downgrade;Não informado;Texto Mágico;Texto Mágico;—;Migração/Outro;Não viu valor agregado;Redução de custo;Downgrade - IA Texto Mágico - 1.000 créditos R$ 19,90 e IA Resumo Inteligente - Plano 500 créditos R$ 29,90 | Motivo: A equipe não aderiu as ferramentas e decidiram cancelar;1;0.0;0.0;Downgrade;;;Não calculado;Texto Mágico;"Texto Mágico; Resumo Inteligente";IA;Não considerado;Sem link no Card Financeiro
04/12/2025;2025;12;Dez.;dezembro;2025-12;Dez./25;Usuário não identificado;Usuário inexistente;False;centerlab;Downgrade;Não informado;Resumo Inteligente;Resumo Inteligente;—;Migração/Outro;Não viu valor agregado;Redução de custo;Downgrade - IA Texto Mágico - 1.000 créditos R$ 19,90 e IA Resumo Inteligente - Plano 500 créditos R$ 29,90 | Motivo: A equipe não aderiu as ferramentas e decidiram cancelar;1;0.0;0.0;Downgrade;;;Não calculado;Resumo Inteligente;"Texto Mágico; Resumo Inteligente";IA;Não considerado;Sem link no Card Financeiro
04/12/2025;2025;12;Dez.;dezembro;2025-12;Dez./25;Usuário não identificado;Usuário inexistente;False;centerlab;Downgrade;Não informado;Texto Mágico;Texto Mágico;—;Migração/Outro;Não viu valor agregado;Redução de custo;Downgrade - IA Texto Mágico - 1.000 créditos R$ 19,90 e IA Resumo Inteligente - Plano 500 créditos R$ 29,90 | Motivo: A equipe não aderiu as ferramentas e decidiram cancelar.;1;0.0;0.0;Downgrade;;;Não calculado;Texto Mágico;"Texto Mágico; Resumo Inteligente";IA;Não considerado;Sem link no Card Financeiro
04/12/2025;2025;12;Dez.;dezembro;2025-12;Dez./25;Usuário não identificado;Usuário inexistente;False;centerlab;Downgrade;Não informado;Resumo Inteligente;Resumo Inteligente;—;Migração/Outro;Não viu valor agregado;Redução de custo;Downgrade - IA Texto Mágico - 1.000 créditos R$ 19,90 e IA Resumo Inteligente - Plano 500 créditos R$ 29,90 | Motivo: A equipe não aderiu as ferramentas e decidiram cancelar.;1;0.0;0.0;Downgrade;;;Não calculado;Resumo Inteligente;"Texto Mágico; Resumo Inteligente";IA;Não considerado;Sem link no Card Financeiro
04/12/2025;2025;12;Dez.;dezembro;2025-12;Dez./25;Usuário não identificado;Usuário inexistente;False;guruservicewaba;Upgrade;Não informado;Primeira ativação de número oficial;Primeira ativação de número oficial;—;Migração/Outro;Não informado;Processo/uso operacional;Cliente deseja upgrade de uma conexão adicional WABA R$ 89,00. Processo de primeira ativação.  Plano Base - 2 Usuarios - 1 Conexao | R$ 197,00 Usuários adicionais | R$ 29,00 Conexão de Instagram R$ 89,00 Conexão adicional WABA R$ 89,00 (desse upgrade) Total R$ 404,00;1;0.0;0.0;Upgrade;;;Não calculado;Primeira ativação de número oficial;Primeira ativação de número oficial;Conexão;Não considerado;Sem link no Card Financeiro
04/12/2025;2025;12;Dez.;dezembro;2025-12;Dez./25;Leticia Silva;Leticia Silva;True;abnservicosfinanceiros;Migração para número oficial;Não informado;Migração para número oficial;Migração para número oficial;—;Migração/Outro;Não informado;Outros motivos descritos;Não informado;1;0.0;0.0;Migração;;;Não calculado;Migração para número oficial;Migração para número oficial;Conexão;Não considerado;Sem link no Card Financeiro
05/12/2025;2025;12;Dez.;dezembro;2025-12;Dez./25;Usuário não identificado;Usuário inexistente;False;nogara;Upgrade;Não informado;Funil de vendas;Funil de vendas;—;Migração/Outro;Não informado;Outros motivos descritos;Upgrade Funil de vendas R$ 89,90/mensal;1;0.0;0.0;Upgrade;;;Não calculado;Funil de vendas;Funil de vendas;Módulos;Não considerado;Sem link no Card Financeiro
05/12/2025;2025;12;Dez.;dezembro;2025-12;Dez./25;Usuário não identificado;Usuário inexistente;False;jettax;Downgrade;Não informado;Conexão adicional de WhatsApp;Conexão adicional de WhatsApp;—;Migração/Outro;Redução de demanda;Redução de custo;"Downgrade - 2 Conexões de Whatsapp - Protocolo: 202512051591009 - Motivo: Bug no ""Meu Plano"", cliente quer reduzir as conexões que não usa";1;0.0;0.0;Downgrade;;;Não calculado;Conexão adicional de WhatsApp;Conexão adicional de WhatsApp;Conexão;Não considerado;Sem link no Card Financeiro
05/12/2025;2025;12;Dez.;dezembro;2025-12;Dez./25;Leticia Silva;Leticia Silva;True;gma;Upgrade;Não informado;Servidores;Servidores;—;Migração/Outro;Não informado;Outros motivos descritos;Down servidor 2/4 Up servidor 4/8.;1;0.0;0.0;Upgrade;;;Não calculado;Servidores;Servidores;Servidor;Não considerado;Sem link no Card Financeiro
05/12/2025;2025;12;Dez.;dezembro;2025-12;Dez./25;Sem proprietário;Usuário inexistente;False;alvesmartinsadv;Downgrade;Não informado;Funil de vendas;Funil de vendas;—;Migração/Outro;Falta de Funcionalidade;Outros motivos descritos;Cliente disse que recurso caiu em desuso.;1;0.0;0.0;Downgrade;;;Não calculado;Funil de vendas;Funil de vendas;Módulos;Não considerado;Sem link no Card Financeiro
08/12/2025;2025;12;Dez.;dezembro;2025-12;Dez./25;Usuário não identificado;Usuário inexistente;False;jrfisioterapia;Downgrade;Não informado;Integração;Integração;—;Migração/Outro;Desistência da contratação;Cancelamento / encerramento;Cancelamento Integração PipeDrive  Não está utilizando a integração no momento.;1;0.0;0.0;Downgrade;;;Não calculado;Integração;Integração;Integração;Não considerado;Sem link no Card Financeiro
08/12/2025;2025;12;Dez.;dezembro;2025-12;Dez./25;Usuário não identificado;Usuário inexistente;False;rcgadvogados;Solicitação de Teste;Não informado;Chat interno;Chat interno;—;Migração/Outro;Não informado;Outros motivos descritos;Liberado teste do Chat Interno de 08 a 18/12 | Protocolo: 202512081593209;1;0.0;0.0;Teste;;;Não calculado;Chat interno;Chat interno;Módulos;Não considerado;Sem link no Card Financeiro
08/12/2025;2025;12;Dez.;dezembro;2025-12;Dez./25;Usuário não identificado;Usuário inexistente;False;dsautocenter;Downgrade;Não informado;Funil de vendas;Funil de vendas;—;Migração/Outro;Problema sistêmico (cliente);Problema técnico / limitação;"Downgrade - Funil de vendas - 59,00 - Protocolo: 202512081592190 - Motivo: Cliente disse que o time é ""punk"" e que não se adaptou ao produto.";1;0.0;0.0;Downgrade;;;Não calculado;Funil de vendas;Funil de vendas;Módulos;Não considerado;Sem link no Card Financeiro
08/12/2025;2025;12;Dez.;dezembro;2025-12;Dez./25;Usuário não identificado;Usuário inexistente;False;dsautocenter;Upgrade;Não informado;Conexão Instagram Direct;Conexão Instagram Direct;—;Migração/Outro;Não informado;Outros motivos descritos;Upgrade - Instagram - 89,00 - Protocolo: 202512081592190;1;0.0;0.0;Upgrade;;;Não calculado;Conexão Instagram Direct;Conexão Instagram Direct;Conexão;Não considerado;Sem link no Card Financeiro
08/12/2025;2025;12;Dez.;dezembro;2025-12;Dez./25;Melissa Duarte;Melissa Duarte;True;gomesribeiro;Upgrade;Não informado;Funil de vendas;Funil de vendas;—;Migração/Outro;Não informado;Outros motivos descritos;Up Funil de Vendas com desconto R$49,00;1;0.0;0.0;Upgrade;;;Não calculado;Funil de vendas;Funil de vendas;Módulos;Não considerado;Sem link no Card Financeiro
09/12/2025;2025;12;Dez.;dezembro;2025-12;Dez./25;Usuário não identificado;Usuário inexistente;False;lojasconcred;Upgrade;Não informado;Pacotes SMS Disparo em Massa;Pacotes SMS Disparo em Massa;—;Migração/Outro;Não informado;Outros motivos descritos;Não informado;1;0.0;0.0;Upgrade;;;Não calculado;Pacotes SMS Disparo em Massa;Pacotes SMS Disparo em Massa;SMS;Não considerado;Sem link no Card Financeiro
09/12/2025;2025;12;Dez.;dezembro;2025-12;Dez./25;Leticia Silva;Leticia Silva;True;clinisaff;Migração para número oficial;Não informado;Migração para número oficial;Migração para número oficial;—;Migração/Outro;Não informado;Outros motivos descritos;Não informado;1;0.0;0.0;Migração;;;Não calculado;Migração para número oficial;Migração para número oficial;Conexão;Não considerado;Sem link no Card Financeiro
09/12/2025;2025;12;Dez.;dezembro;2025-12;Dez./25;Priscila Pavani;Priscila Pavani;True;datasystem2;Downgrade;Não informado;Usuário adicional;Usuário adicional;—;Migração/Outro;Redução de funcionários;Redução de custo;Tipo: Downgrade Produto: 1 usuário Valor: R$ 29,00 Protocolo: 202512091594379;1;0.0;0.0;Downgrade;;;Não calculado;Usuário adicional;Usuário adicional;Usuários;Não considerado;Sem link no Card Financeiro
10/12/2025;2025;12;Dez.;dezembro;2025-12;Dez./25;Leticia Silva;Leticia Silva;True;inephroclinica;Upgrade;Não informado;Integração;Integração;—;Migração/Outro;Não informado;Outros motivos descritos;Up integração feegow.;1;0.0;0.0;Upgrade;;;Não calculado;Integração;Integração;Integração;Não considerado;Sem link no Card Financeiro
11/12/2025;2025;12;Dez.;dezembro;2025-12;Dez./25;Usuário não identificado;Usuário inexistente;False;cartoriosambaiba;Downgrade;Não informado;Chat interno;Chat interno;—;Migração/Outro;Não viu valor agregado;Redução de custo;Downgrade Chat Interno - R$ 89,00. Recurso sem funcionalidade para cliente;1;0.0;0.0;Downgrade;;;Não calculado;Chat interno;Chat interno;Módulos;Não considerado;Sem link no Card Financeiro
11/12/2025;2025;12;Dez.;dezembro;2025-12;Dez./25;Usuário não identificado;Usuário inexistente;False;blume;Downgrade;Não informado;Chat interno;Chat interno;—;Migração/Outro;Não viu valor agregado;Redução de custo;"Down - Chat Interno - Protocolo: 202512111597788 - Motivo: Cliente disse que não gostou do visual, disse que as mensagens antigas aparecem para ele, se demonstrou bem impaciente durante o processo, e solicitou o cancelamento mesmo com a possibilidade de resolução. Adriano: ""pq tipo eu tenho um atendente, que esta inativo, e fica aparecendo ali, e nao quero mais""";1;0.0;0.0;Downgrade;;;Não calculado;Chat interno;Chat interno;Módulos;Não considerado;Sem link no Card Financeiro
11/12/2025;2025;12;Dez.;dezembro;2025-12;Dez./25;Usuário não identificado;Usuário inexistente;False;kelvinld;Upgrade;Não informado;Chat interno;Chat interno;—;Migração/Outro;Não informado;Outros motivos descritos;UP - CHAT INTERNO - 89,00 - Protocolo: 202512111597957;1;0.0;0.0;Upgrade;;;Não calculado;Chat interno;Chat interno;Módulos;Não considerado;Sem link no Card Financeiro
11/12/2025;2025;12;Dez.;dezembro;2025-12;Dez./25;Melissa Duarte;Melissa Duarte;True;newtimeagencia;Solicitação de Teste;Não informado;Chat interno;Chat interno;—;Migração/Outro;Não informado;Outros motivos descritos;Não informado;1;0.0;0.0;Teste;;;Não calculado;Chat interno;Chat interno;Módulos;Não considerado;Sem link no Card Financeiro
12/12/2025;2025;12;Dez.;dezembro;2025-12;Dez./25;Usuário não identificado;Usuário inexistente;False;sigasul;Upgrade;Não informado;Texto Mágico;Texto Mágico;—;Migração/Outro;Não informado;Outros motivos descritos;Contratação Texto mágico 1.000 créditos | R$ 19,90/mensal e Contratação Copiloto 500 créditos | R$ 49,90/ mensal;1;0.0;0.0;Upgrade;;;Não calculado;Texto Mágico;"Texto Mágico; IA Copiloto";IA;Não considerado;Sem link no Card Financeiro
12/12/2025;2025;12;Dez.;dezembro;2025-12;Dez./25;Usuário não identificado;Usuário inexistente;False;sigasul;Upgrade;Não informado;IA Copiloto;IA Copiloto;—;Migração/Outro;Não informado;Outros motivos descritos;Contratação Texto mágico 1.000 créditos | R$ 19,90/mensal e Contratação Copiloto 500 créditos | R$ 49,90/ mensal;1;0.0;0.0;Upgrade;;;Não calculado;IA Copiloto;"Texto Mágico; IA Copiloto";IA;Não considerado;Sem link no Card Financeiro
15/12/2025;2025;12;Dez.;dezembro;2025-12;Dez./25;Usuário não identificado;Usuário inexistente;False;sulcred1;Downgrade;Não informado;Servidores;Servidores;—;Migração/Outro;Dificuldade financeira;Redução de custo;Cliente cancelou a Digisac e quer retornar, para isso pediu alteração do valor do plano e atualização da fatura. Foi feito o down do servidor 2/4 e 1 usuário adicional.;1;0.0;0.0;Downgrade;;;Não calculado;Servidores;"Servidores; Usuário adicional";Servidor;Não considerado;Sem link no Card Financeiro
15/12/2025;2025;12;Dez.;dezembro;2025-12;Dez./25;Usuário não identificado;Usuário inexistente;False;sulcred1;Downgrade;Não informado;Usuário adicional;Usuário adicional;—;Migração/Outro;Dificuldade financeira;Redução de custo;Cliente cancelou a Digisac e quer retornar, para isso pediu alteração do valor do plano e atualização da fatura. Foi feito o down do servidor 2/4 e 1 usuário adicional.;1;0.0;0.0;Downgrade;;;Não calculado;Usuário adicional;"Servidores; Usuário adicional";Usuários;Não considerado;Sem link no Card Financeiro
15/12/2025;2025;12;Dez.;dezembro;2025-12;Dez./25;Leticia Silva;Leticia Silva;True;arcuspsicologia;Downgrade;Não informado;Usuário adicional;Usuário adicional;—;Migração/Outro;Redução de funcionários;Redução de custo;- Down 1 usuário bonificado + 2 adicionais.;1;0.0;0.0;Downgrade;;;Não calculado;Usuário adicional;Usuário adicional;Usuários;Não considerado;Sem link no Card Financeiro
15/12/2025;2025;12;Dez.;dezembro;2025-12;Dez./25;Luis Siqueira;Luis Siqueira;True;movatendimento;Solicitação de Teste;Não informado;Distribuição automática;Distribuição automática;—;Migração/Outro;Não informado;Outros motivos descritos;Não informado;1;0.0;0.0;Teste;;;Não calculado;Distribuição automática;Distribuição automática;Módulos;Não considerado;Sem link no Card Financeiro
16/12/2025;2025;12;Dez.;dezembro;2025-12;Dez./25;Melissa Duarte;Melissa Duarte;True;casaprimeplanejados;Solicitação de Teste;Não informado;Funil de vendas;Funil de vendas;—;Migração/Outro;Não informado;Outros motivos descritos;Não informado;1;0.0;0.0;Teste;;;Não calculado;Funil de vendas;Funil de vendas;Módulos;Não considerado;Sem link no Card Financeiro
16/12/2025;2025;12;Dez.;dezembro;2025-12;Dez./25;Sem proprietário;Usuário inexistente;False;olivaesouza;Solicitação de Bonificação e Desconto;Não informado;Usuário adicional;Usuário adicional;—;Migração/Outro;Não informado;Redução de custo;Cliente entrou em contato solicitando a possibilidade de desconto no plano. Conforme nossas regras de negociação, foi realizada a bonificação de três usuários. A cliente está ciente de que, em caso de necessidade de redução futura no plano, os usuários bonificados serão os primeiros a serem ajustados, preservando os usuários contratados.;1;0.0;0.0;__EXCLUIR__;;;Não calculado;Usuário adicional;Usuário adicional;Usuários;Não considerado;Sem link no Card Financeiro
16/12/2025;2025;12;Dez.;dezembro;2025-12;Dez./25;Sem proprietário;Usuário inexistente;False;unilaser;Upgrade;Não informado;Chat interno;Chat interno;—;Migração/Outro;Não informado;Outros motivos descritos;Não informado;1;0.0;0.0;Upgrade;;;Não calculado;Chat interno;Chat interno;Módulos;Não considerado;Sem link no Card Financeiro
17/12/2025;2025;12;Dez.;dezembro;2025-12;Dez./25;Leticia Silva;Leticia Silva;True;cyberbridge;Upgrade;Não informado;IA Agent;IA Agent;—;Migração/Outro;Não informado;Outros motivos descritos;Up IA Agente - 1.000 créditos (R$112,90).;1;0.0;0.0;Upgrade;;;Não calculado;IA Agent;IA Agent;IA;Não considerado;Sem link no Card Financeiro
18/12/2025;2025;12;Dez.;dezembro;2025-12;Dez./25;Usuário não identificado;Usuário inexistente;False;promenac;Upgrade;Não informado;Conexão adicional de WhatsApp;Conexão adicional de WhatsApp;—;Migração/Outro;Não informado;Outros motivos descritos;Contratação conexão adicional WhatsApp = R$ 89,00;1;0.0;0.0;Upgrade;;;Não calculado;Conexão adicional de WhatsApp;Conexão adicional de WhatsApp;Conexão;Não considerado;Sem link no Card Financeiro
18/12/2025;2025;12;Dez.;dezembro;2025-12;Dez./25;Leticia Silva;Leticia Silva;True;cartoriodocampocomprido;Solicitação de robô;Não informado;Robô personalizado;Robô personalizado;—;Migração/Outro;Não informado;Redução de custo;Criação de robô:  10 paǵinas extras R$40,00 cada Valor total: R$400,00.;1;0.0;0.0;Robô;;;Não calculado;Robô personalizado;Robô personalizado;Robô;Não considerado;Sem link no Card Financeiro
18/12/2025;2025;12;Dez.;dezembro;2025-12;Dez./25;Melissa Duarte;Melissa Duarte;True;doceriaamorosa;Upgrade;Não informado;Servidores;Servidores;—;Migração/Outro;Não informado;Outros motivos descritos;UP Servidor 4/8 R$169,00;1;0.0;0.0;Upgrade;;;Não calculado;Servidores;Servidores;Servidor;Não considerado;Sem link no Card Financeiro
19/12/2025;2025;12;Dez.;dezembro;2025-12;Dez./25;Usuário não identificado;Usuário inexistente;False;vacationmkt;Migração para número oficial;Não informado;Migração para número oficial;Migração para número oficial;—;Migração/Outro;Não informado;Outros motivos descritos;Não informado;1;0.0;0.0;Migração;;;Não calculado;Migração para número oficial;Migração para número oficial;Conexão;Não considerado;Sem link no Card Financeiro
19/12/2025;2025;12;Dez.;dezembro;2025-12;Dez./25;Leticia Silva;Leticia Silva;True;cartoriodocampocomprido;Upgrade;Não informado;Robô personalizado;Robô personalizado;—;Migração/Outro;Não informado;Redução de custo;Criação de robô:  10 paǵinas extras R$40,00 cada Valor total: R$400,00.;1;0.0;0.0;Upgrade;;;Não calculado;Robô personalizado;Robô personalizado;Robô;Não considerado;Sem link no Card Financeiro
19/12/2025;2025;12;Dez.;dezembro;2025-12;Dez./25;Leticia Silva;Leticia Silva;True;cartoriodocampocomprido;Upgrade;Não informado;Robô personalizado;Robô personalizado;—;Migração/Outro;Não informado;Outros motivos descritos;Não informado;1;0.0;0.0;Upgrade;;;Não calculado;Robô personalizado;Robô personalizado;Robô;Não considerado;Sem link no Card Financeiro
22/12/2025;2025;12;Dez.;dezembro;2025-12;Dez./25;Usuário não identificado;Usuário inexistente;False;mjrecursosdemultas;Migração para número oficial;Não informado;Migração para número oficial;Migração para número oficial;—;Migração/Outro;Não informado;Outros motivos descritos;Não informado;1;0.0;0.0;Migração;;;Não calculado;Migração para número oficial;Migração para número oficial;Conexão;Não considerado;Sem link no Card Financeiro
22/12/2025;2025;12;Dez.;dezembro;2025-12;Dez./25;Guilherme Virgilio Soares;Guilherme Virgilio Soares;True;zrgrepresentacao;Downgrade;Não informado;Funil de vendas;Funil de vendas;—;Migração/Outro;Não viu valor agregado;Redução de custo;Downgrade: - Funil de Vendas - R$ 89,00  Motivo: Segundo o cliente, sua equipe não se adaptou ao uso da ferramenta. Ele não quis dar mais detalhes.;1;0.0;0.0;Downgrade;;;Não calculado;Funil de vendas;Funil de vendas;Módulos;Não considerado;Sem link no Card Financeiro
22/12/2025;2025;12;Dez.;dezembro;2025-12;Dez./25;Leticia Silva;Leticia Silva;True;sigasul;Solicitação de Bonificação e Desconto;Não informado;E-mail adicional;E-mail adicional;—;Migração/Outro;Não informado;Outros motivos descritos;Bonificação de 1 conexão de e-mail.;1;0.0;0.0;__EXCLUIR__;;;Não calculado;E-mail adicional;E-mail adicional;Conexão;Não considerado;Sem link no Card Financeiro
23/12/2025;2025;12;Dez.;dezembro;2025-12;Dez./25;Usuário não identificado;Usuário inexistente;False;cr2;Upgrade;Não informado;IA Agent;IA Agent;—;Migração/Outro;Não informado;Outros motivos descritos;Contratação Agente IA 2.000 créditos = R$ 220,90/mensais;1;0.0;0.0;Upgrade;;;Não calculado;IA Agent;IA Agent;IA;Não considerado;Sem link no Card Financeiro
23/12/2025;2025;12;Dez.;dezembro;2025-12;Dez./25;Leticia Silva;Leticia Silva;True;villaparkhotel;Downgrade;Não informado;Conexão Instagram Direct;Conexão Instagram Direct;—;Migração/Outro;Solução própria;Redução de custo;O cancelamento foi solicitado porque a empresa reorganizou os contratos por unidade. Inicialmente, as conexões de Natal e Fortaleza estavam unificadas em uma única fatura. Posteriormente, foi criado um novo contrato exclusivo para Fortaleza, tornando desnecessária a cobrança das conexões dessa unidade na fatura original.  Dessa forma, o cliente solicitou o cancelamento da conexão de Fortaleza que ainda constava na fatura de Natal, para que permanecesse ativo apenas o contrato de Natal, com 4 usuários, 1 WhatsApp, 1 Instagram e 1 Facebook, mantendo o valor original da cobrança.;1;0.0;0.0;Downgrade;;;Não calculado;Conexão Instagram Direct;"Conexão Instagram Direct; Conexão Facebook Messenger";Conexão;Não considerado;Sem link no Card Financeiro
23/12/2025;2025;12;Dez.;dezembro;2025-12;Dez./25;Leticia Silva;Leticia Silva;True;villaparkhotel;Downgrade;Não informado;Conexão Facebook Messenger;Conexão Facebook Messenger;—;Migração/Outro;Solução própria;Redução de custo;O cancelamento foi solicitado porque a empresa reorganizou os contratos por unidade. Inicialmente, as conexões de Natal e Fortaleza estavam unificadas em uma única fatura. Posteriormente, foi criado um novo contrato exclusivo para Fortaleza, tornando desnecessária a cobrança das conexões dessa unidade na fatura original.  Dessa forma, o cliente solicitou o cancelamento da conexão de Fortaleza que ainda constava na fatura de Natal, para que permanecesse ativo apenas o contrato de Natal, com 4 usuários, 1 WhatsApp, 1 Instagram e 1 Facebook, mantendo o valor original da cobrança.;1;0.0;0.0;Downgrade;;;Não calculado;Conexão Facebook Messenger;"Conexão Instagram Direct; Conexão Facebook Messenger";Conexão;Não considerado;Sem link no Card Financeiro
23/12/2025;2025;12;Dez.;dezembro;2025-12;Dez./25;Melissa Duarte;Melissa Duarte;True;vanilimoveis;Solicitação de Teste;Não informado;Integração;Integração;—;Migração/Outro;Não informado;Outros motivos descritos;Não informado;1;0.0;0.0;Teste;;;Não calculado;Integração;Integração;Integração;Não considerado;Sem link no Card Financeiro
24/12/2025;2025;12;Dez.;dezembro;2025-12;Dez./25;Vinicius Simões;Vinicius Simões;True;macrocont;Upgrade;Não informado;Conexão adicional de WhatsApp - WABA;Conexão adicional de WhatsApp - WABA;—;Migração/Outro;Não informado;Outros motivos descritos;Upgrade: - 1x Conexão adicional de WhatsApp API Oficial - R$ 89,00;1;0.0;0.0;Upgrade;;;Não calculado;Conexão adicional de WhatsApp - WABA;Conexão adicional de WhatsApp - WABA;Conexão;Não considerado;Sem link no Card Financeiro
29/12/2025;2025;12;Dez.;dezembro;2025-12;Dez./25;Sem proprietário;Usuário inexistente;False;thiagostabileadv;Downgrade;Não informado;Transcrição de Áudio;Transcrição de Áudio;—;Migração/Outro;Dificuldade financeira;Redução de custo;Down IA Transcrição de áudio - Plano 2.000 (cliente está reduzindo custos, falei sobre a possibilidade de pacotes menores mas o mesmo não se interessou.;1;0.0;0.0;Downgrade;;;Não calculado;Transcrição de Áudio;Transcrição de Áudio;IA;Não considerado;Sem link no Card Financeiro
29/12/2025;2025;12;Dez.;dezembro;2025-12;Dez./25;Vitoria Sabadin;Vitoria Sabadin;True;contecpiracicaba;Solicitação de Teste;Não informado;Chat interno;Chat interno;—;Migração/Outro;Não informado;Outros motivos descritos;Não informado;1;0.0;0.0;Teste;;;Não calculado;Chat interno;Chat interno;Módulos;Não considerado;Sem link no Card Financeiro
02/01/2026;2026;1;Jan.;janeiro;2026-01;Jan./26;Sem proprietário;Usuário inexistente;False;brunofreitasadv;Downgrade;Não informado;Servidores;Servidores;—;Migração/Outro;Falta de Funcionalidade;Cancelamento / encerramento;Down Servidor 4/8 + Funil de Vendas (cliente parou de utilizar a plataforma no setor comercial).;1;0.0;0.0;Downgrade;;;Não calculado;Servidores;"Servidores; Funil de vendas";Servidor;Não considerado;Sem link no Card Financeiro
02/01/2026;2026;1;Jan.;janeiro;2026-01;Jan./26;Sem proprietário;Usuário inexistente;False;brunofreitasadv;Downgrade;Não informado;Funil de vendas;Funil de vendas;—;Migração/Outro;Falta de Funcionalidade;Cancelamento / encerramento;Down Servidor 4/8 + Funil de Vendas (cliente parou de utilizar a plataforma no setor comercial).;1;0.0;0.0;Downgrade;;;Não calculado;Funil de vendas;"Servidores; Funil de vendas";Módulos;Não considerado;Sem link no Card Financeiro
02/01/2026;2026;1;Jan.;janeiro;2026-01;Jan./26;Viviane Vieira;Viviane Vieira;True;fxtrxtx;Migração para número oficial;Não informado;Migração para número oficial;Migração para número oficial;teste;Migração/Outro;Não informado;Outros motivos descritos;Não informado;1;0.0;0.0;Migração;;;Não calculado;Migração para número oficial;Migração para número oficial;Conexão;Não considerado;Sem link no Card Financeiro
06/01/2026;2026;1;Jan.;janeiro;2026-01;Jan./26;Usuário não identificado;Usuário inexistente;False;digitalcertificadora;Upgrade;Não informado;Conexão adicional de WhatsApp;Conexão adicional de WhatsApp;—;Migração/Outro;Não informado;Outros motivos descritos;UP - Conexão de Whatsapp 89,00 - digitalcertificadora - Protocolo: 202601061619846;1;0.0;0.0;Upgrade;;;Não calculado;Conexão adicional de WhatsApp;Conexão adicional de WhatsApp;Conexão;Não considerado;Sem link no Card Financeiro
06/01/2026;2026;1;Jan.;janeiro;2026-01;Jan./26;Guilherme Virgilio Soares;Guilherme Virgilio Soares;True;gmpharma;Upgrade;Não informado;Conexão Instagram Direct;Conexão Instagram Direct;—;Migração/Outro;Não informado;Outros motivos descritos;- Upgrade: Conexão de Instagram - R$89,00;1;0.0;0.0;Upgrade;;;Não calculado;Conexão Instagram Direct;Conexão Instagram Direct;Conexão;Não considerado;Sem link no Card Financeiro
07/01/2026;2026;1;Jan.;janeiro;2026-01;Jan./26;Leticia Silva;Leticia Silva;True;mercobran;Upgrade;Não informado;Primeira ativação de número oficial;Primeira ativação de número oficial;—;Migração/Outro;Não informado;Outros motivos descritos;Primeira Ativação de Número Oficial;1;0.0;0.0;Upgrade;;;Não calculado;Primeira ativação de número oficial;Primeira ativação de número oficial;Conexão;Não considerado;Sem link no Card Financeiro
08/01/2026;2026;1;Jan.;janeiro;2026-01;Jan./26;Usuário não identificado;Usuário inexistente;False;frivelcorrespondente;Upgrade;Não informado;Servidores;Servidores;—;Migração/Outro;Não informado;Outros motivos descritos;Upgrade - servidor 2/4 - 89,00 - Protocolo: 202601081623909;1;0.0;0.0;Upgrade;;;Não calculado;Servidores;Servidores;Servidor;Não considerado;Sem link no Card Financeiro
09/01/2026;2026;1;Jan.;janeiro;2026-01;Jan./26;Usuário não identificado;Usuário inexistente;False;dkcred;Upgrade;Não informado;Conexão adicional de WhatsApp;Conexão adicional de WhatsApp;—;Migração/Outro;Não informado;Cancelamento / encerramento;Cliente cancelou a plataforma e irá retornar. UP 1 conexão adicional de WhatsApp com desconto de R$10,0;1;0.0;0.0;Upgrade;;;Não calculado;Conexão adicional de WhatsApp;Conexão adicional de WhatsApp;Conexão;Não considerado;Sem link no Card Financeiro
09/01/2026;2026;1;Jan.;janeiro;2026-01;Jan./26;Usuário não identificado;Usuário inexistente;False;fmgbrasil;Upgrade;Não informado;IA CSAT;IA CSAT;—;Migração/Outro;Não informado;Outros motivos descritos;Upgrade - IA CSAT - Plano 1.000 créditos R$ 25,90 | Protocolo: 202601091625445;1;0.0;0.0;Upgrade;;;Não calculado;IA CSAT;IA CSAT;IA;Não considerado;Sem link no Card Financeiro
12/01/2026;2026;1;Jan.;janeiro;2026-01;Jan./26;Guilherme Virgilio Soares;Guilherme Virgilio Soares;True;barrigaverderbo;Downgrade;Não informado;Usuário adicional;Usuário adicional;—;Migração/Outro;Redução de funcionários;Redução de custo;- Downgrade: Usuários adicionais | 7x R$29,00 | total: R$203,00.;1;0.0;0.0;Downgrade;;;Não calculado;Usuário adicional;Usuário adicional;Usuários;Não considerado;Sem link no Card Financeiro
12/01/2026;2026;1;Jan.;janeiro;2026-01;Jan./26;Leticia Silva;Leticia Silva;True;alecianesadvocacia;Solicitação de Bonificação e Desconto;Não informado;Usuário adicional;Usuário adicional;—;Migração/Outro;Não informado;Redução de custo;Bonificação de 1 usuário (ciente que é o primeiro a ser removido em casos de redução).;1;0.0;0.0;__EXCLUIR__;;;Não calculado;Usuário adicional;Usuário adicional;Usuários;Não considerado;Sem link no Card Financeiro
12/01/2026;2026;1;Jan.;janeiro;2026-01;Jan./26;Leticia Silva;Leticia Silva;True;jvs;Downgrade;Não informado;Usuário adicional;Usuário adicional;—;Migração/Outro;Redução de funcionários;Redução de custo;"Down de 3 usuários bonificados (cliente precisa reduzir alguns pelo ""meu plano"", por isso foram necessárias essas reduções.";1;0.0;0.0;Downgrade;;;Não calculado;Usuário adicional;Usuário adicional;Usuários;Não considerado;Sem link no Card Financeiro
12/01/2026;2026;1;Jan.;janeiro;2026-01;Jan./26;Viviane Vieira;Viviane Vieira;True;jgfiutfuytfiuy;Solicitação de Bonificação e Desconto;Não informado;Chat interno;Chat interno;—;Migração/Outro;Não informado;Outros motivos descritos;konffgvçjsnddfbkljnfsdlkjbnsgçlknbdçrlknkçdlm;1;0.0;0.0;__EXCLUIR__;;;Não calculado;Chat interno;Chat interno;Módulos;Não considerado;Sem link no Card Financeiro
12/01/2026;2026;1;Jan.;janeiro;2026-01;Jan./26;Viviane Vieira;Viviane Vieira;True;vjcujyjrcxjyrrcjytcgviku;Solicitação de Bonificação e Desconto;Não informado;Chat interno;Chat interno;—;Migração/Outro;Não informado;Outros motivos descritos;kjkvkgcvjyrfchtexgr;1;0.0;0.0;__EXCLUIR__;;;Não calculado;Chat interno;Chat interno;Módulos;Não considerado;Sem link no Card Financeiro
13/01/2026;2026;1;Jan.;janeiro;2026-01;Jan./26;Usuário não identificado;Usuário inexistente;False;mnadbeleza;Upgrade;Não informado;Conexão adicional de WhatsApp;Conexão adicional de WhatsApp;—;Migração/Outro;Não informado;Outros motivos descritos;Upgrade 2 conexões whatsapp | Protocolo: 202601091625885;1;0.0;0.0;Upgrade;;;Não calculado;Conexão adicional de WhatsApp;Conexão adicional de WhatsApp;Conexão;Não considerado;Sem link no Card Financeiro
13/01/2026;2026;1;Jan.;janeiro;2026-01;Jan./26;Guilherme Virgilio Soares;Guilherme Virgilio Soares;True;lucianapapini;Migração para número oficial;Não informado;Migração para número oficial;Migração para número oficial;—;Migração/Outro;Não informado;Outros motivos descritos;Não informado;1;0.0;0.0;Migração;;;Não calculado;Migração para número oficial;Migração para número oficial;Conexão;Não considerado;Sem link no Card Financeiro
13/01/2026;2026;1;Jan.;janeiro;2026-01;Jan./26;Melissa Duarte;Melissa Duarte;True;unidascorp;Solicitação de Teste;Não informado;Funil de vendas;Funil de vendas;—;Migração/Outro;Não informado;Outros motivos descritos;Não informado;1;0.0;0.0;Teste;;;Não calculado;Funil de vendas;Funil de vendas;Módulos;Não considerado;Sem link no Card Financeiro
13/01/2026;2026;1;Jan.;janeiro;2026-01;Jan./26;Vitoria Sabadin;Vitoria Sabadin;True;desbravandojoaopessoa;Migração para número oficial;Não informado;Migração para número oficial;Migração para número oficial;—;Migração/Outro;Não informado;Outros motivos descritos;Não informado;1;0.0;0.0;Migração;;;Não calculado;Migração para número oficial;Migração para número oficial;Conexão;Não considerado;Sem link no Card Financeiro
14/01/2026;2026;1;Jan.;janeiro;2026-01;Jan./26;Usuário não identificado;Usuário inexistente;False;santaritaadm;Solicitação de Teste;Não informado;Integração;Integração;—;Migração/Outro;Não informado;Outros motivos descritos;Não informado;1;0.0;0.0;Teste;;;Não calculado;Integração;Integração;Integração;Não considerado;Sem link no Card Financeiro
14/01/2026;2026;1;Jan.;janeiro;2026-01;Jan./26;Usuário não identificado;Usuário inexistente;False;pratikavet;Downgrade;Não informado;Chat interno;Chat interno;—;Migração/Outro;Migrando de Plataforma;Cancelamento / encerramento;"Remoção geral - Usuário 203,00; funil de vendas 49,00; chat interno 89,00; servidor 4/8 169,00 - Protocolo: 202601131629798 - Motivo: cancelamento da plataforma";1;0.0;0.0;Downgrade;;;Não calculado;Chat interno;"Chat interno; Usuário adicional; Funil de vendas; Servidores";Módulos;Não considerado;Sem link no Card Financeiro
14/01/2026;2026;1;Jan.;janeiro;2026-01;Jan./26;Usuário não identificado;Usuário inexistente;False;pratikavet;Downgrade;Não informado;Usuário adicional;Usuário adicional;—;Migração/Outro;Migrando de Plataforma;Cancelamento / encerramento;"Remoção geral - Usuário 203,00; funil de vendas 49,00; chat interno 89,00; servidor 4/8 169,00 - Protocolo: 202601131629798 - Motivo: cancelamento da plataforma";1;0.0;0.0;Downgrade;;;Não calculado;Usuário adicional;"Chat interno; Usuário adicional; Funil de vendas; Servidores";Usuários;Não considerado;Sem link no Card Financeiro
14/01/2026;2026;1;Jan.;janeiro;2026-01;Jan./26;Usuário não identificado;Usuário inexistente;False;pratikavet;Downgrade;Não informado;Funil de vendas;Funil de vendas;—;Migração/Outro;Migrando de Plataforma;Cancelamento / encerramento;"Remoção geral - Usuário 203,00; funil de vendas 49,00; chat interno 89,00; servidor 4/8 169,00 - Protocolo: 202601131629798 - Motivo: cancelamento da plataforma";1;0.0;0.0;Downgrade;;;Não calculado;Funil de vendas;"Chat interno; Usuário adicional; Funil de vendas; Servidores";Módulos;Não considerado;Sem link no Card Financeiro
14/01/2026;2026;1;Jan.;janeiro;2026-01;Jan./26;Usuário não identificado;Usuário inexistente;False;pratikavet;Downgrade;Não informado;Servidores;Servidores;—;Migração/Outro;Migrando de Plataforma;Cancelamento / encerramento;"Remoção geral - Usuário 203,00; funil de vendas 49,00; chat interno 89,00; servidor 4/8 169,00 - Protocolo: 202601131629798 - Motivo: cancelamento da plataforma";1;0.0;0.0;Downgrade;;;Não calculado;Servidores;"Chat interno; Usuário adicional; Funil de vendas; Servidores";Servidor;Não considerado;Sem link no Card Financeiro
14/01/2026;2026;1;Jan.;janeiro;2026-01;Jan./26;Leticia Silva;Leticia Silva;True;comercialbiomeds;Upgrade;Não informado;Servidores;Servidores;—;Migração/Outro;Não informado;Outros motivos descritos;Up Servidor 4/8 (R$169,00).;1;0.0;0.0;Upgrade;;;Não calculado;Servidores;Servidores;Servidor;Não considerado;Sem link no Card Financeiro
14/01/2026;2026;1;Jan.;janeiro;2026-01;Jan./26;Sem proprietário;Usuário inexistente;False;grupoaem;Downgrade;Não informado;Funil de vendas;Funil de vendas;—;Migração/Outro;Falta de Funcionalidade;Outros motivos descritos;Ela disse que abre aspas equipe nao esta fazendo a utilização e não faz sentido pagarmos por um produto que nao esta sendo utilizado fecha aspas.  Não deu muitos detalhes!;1;0.0;0.0;Downgrade;;;Não calculado;Funil de vendas;Funil de vendas;Módulos;Não considerado;Sem link no Card Financeiro
14/01/2026;2026;1;Jan.;janeiro;2026-01;Jan./26;Vinicius Simões;Vinicius Simões;True;fredericoadvogado;Downgrade;Não informado;Funil de vendas;Funil de vendas;—;Migração/Outro;Falta de Funcionalidade;Processo/uso operacional;Downgrade: - Funil de Vendas - R$ 89,90  Motivo: o cliente informou que, sem a automação para o lead ser vinculado a uma oportunidade e ir mudando entre as etapas de forma automática, a ferramenta se torna inútil para o modelo de trabalho deles.;1;0.0;0.0;Downgrade;;;Não calculado;Funil de vendas;Funil de vendas;Módulos;Não considerado;Sem link no Card Financeiro
14/01/2026;2026;1;Jan.;janeiro;2026-01;Jan./26;Vinicius Simões;Vinicius Simões;True;maryhelprecreio;Downgrade;Não informado;Funil de vendas;Funil de vendas;—;Migração/Outro;Não viu valor agregado;Redução de custo;Não informado;1;0.0;0.0;Downgrade;;;Não calculado;Funil de vendas;Funil de vendas;Módulos;Não considerado;Sem link no Card Financeiro
15/01/2026;2026;1;Jan.;janeiro;2026-01;Jan./26;Usuário não identificado;Usuário inexistente;False;rafaelamaciel;Solicitação de Teste;Não informado;Funil de vendas;Funil de vendas;—;Migração/Outro;Não informado;Outros motivos descritos;Não informado;1;0.0;0.0;Teste;;;Não calculado;Funil de vendas;Funil de vendas;Módulos;Não considerado;Sem link no Card Financeiro
15/01/2026;2026;1;Jan.;janeiro;2026-01;Jan./26;Leticia Silva;Leticia Silva;True;advhgadvogados;Solicitação de Bonificação e Desconto;Não informado;Usuário adicional;Usuário adicional;—;Migração/Outro;Não informado;Redução de custo;Cliente entrou em contato solicitando desconto em seu plano. Como estratégia comercial, eu realizei a bonificação de um dos 21 usuários que ele possui (ciente de que vai ser o primeiro a ser removido em casos de futuras reduções).;1;0.0;0.0;__EXCLUIR__;;;Não calculado;Usuário adicional;Usuário adicional;Usuários;Não considerado;Sem link no Card Financeiro
15/01/2026;2026;1;Jan.;janeiro;2026-01;Jan./26;Leticia Silva;Leticia Silva;True;vittamedicina;Upgrade;Não informado;Robô personalizado;Robô personalizado;—;Migração/Outro;Não informado;Outros motivos descritos;4 páginas adicionais do robô (R$160,00).;1;0.0;0.0;Upgrade;;;Não calculado;Robô personalizado;Robô personalizado;Robô;Não considerado;Sem link no Card Financeiro
15/01/2026;2026;1;Jan.;janeiro;2026-01;Jan./26;Sem proprietário;Usuário inexistente;False;fsadv;Downgrade;Não informado;Funil de vendas;Funil de vendas;—;Migração/Outro;Falta de Funcionalidade;Outros motivos descritos;Down Funil de Vendas (R$49,90). Cliente apenas disse que não estava mais utilizando, não deu detalhes quando foi questionado sobre o motivo.;1;0.0;0.0;Downgrade;;;Não calculado;Funil de vendas;Funil de vendas;Módulos;Não considerado;Sem link no Card Financeiro
16/01/2026;2026;1;Jan.;janeiro;2026-01;Jan./26;Usuário não identificado;Usuário inexistente;False;evidencieb2c;Upgrade;Não informado;Funil de vendas;Funil de vendas;—;Migração/Outro;Não informado;Outros motivos descritos;Upgrade Funil de vendas R$ 49,90 | Protocolo: 202601161634494;1;0.0;0.0;Upgrade;;;Não calculado;Funil de vendas;Funil de vendas;Módulos;Não considerado;Sem link no Card Financeiro
16/01/2026;2026;1;Jan.;janeiro;2026-01;Jan./26;Guilherme Virgilio Soares;Guilherme Virgilio Soares;True;finance;Upgrade;Não informado;Servidores;Servidores;—;Migração/Outro;Não informado;Outros motivos descritos;- Upgrade: Servidor 2/4 | R$89,00;1;0.0;0.0;Upgrade;;;Não calculado;Servidores;Servidores;Servidor;Não considerado;Sem link no Card Financeiro
16/01/2026;2026;1;Jan.;janeiro;2026-01;Jan./26;Leticia Silva;Leticia Silva;True;alpop;Upgrade;Não informado;Conexão adicional de WhatsApp;Conexão adicional de WhatsApp;—;Migração/Outro;Não informado;Outros motivos descritos;Up de 1 conexão com desconto (R$79,00).;1;0.0;0.0;Upgrade;;;Não calculado;Conexão adicional de WhatsApp;Conexão adicional de WhatsApp;Conexão;Não considerado;Sem link no Card Financeiro
19/01/2026;2026;1;Jan.;janeiro;2026-01;Jan./26;Usuário não identificado;Usuário inexistente;False;evidencieb2c;Upgrade;Não informado;Funil de vendas;Funil de vendas;—;Migração/Outro;Não informado;Outros motivos descritos;Upgrade Funil de vendas R$ 49,90 | Protocolo: 202601161634494;1;0.0;0.0;Upgrade;;;Não calculado;Funil de vendas;Funil de vendas;Módulos;Não considerado;Sem link no Card Financeiro
19/01/2026;2026;1;Jan.;janeiro;2026-01;Jan./26;Guilherme Virgilio Soares;Guilherme Virgilio Soares;True;casabueno;Solicitação de Bonificação e Desconto;Não informado;E-mail adicional;E-mail adicional;—;Migração/Outro;Não informado;Redução de custo;- Solicitação de desconto: Cliente solicita 2 Conexões adicionais de e-mail por R$49,90 cada. Observação: Havia anteriormente 2 conexões adicionais por esse mesmo valor de R$ 49,90, mas realizou o cancelamento, ao acreditar não ser mais necessário. Agora precisa novamente e deseja recontratar pelo mesmo valor anterior.;1;0.0;0.0;__EXCLUIR__;;;Não calculado;E-mail adicional;E-mail adicional;Conexão;Não considerado;Sem link no Card Financeiro
19/01/2026;2026;1;Jan.;janeiro;2026-01;Jan./26;Melissa Duarte;Melissa Duarte;True;mbseguros;Solicitação de Teste;Não informado;Distribuição automática;Distribuição automática;—;Migração/Outro;Não informado;Outros motivos descritos;Não informado;1;0.0;0.0;Teste;;;Não calculado;Distribuição automática;Distribuição automática;Módulos;Não considerado;Sem link no Card Financeiro
20/01/2026;2026;1;Jan.;janeiro;2026-01;Jan./26;Usuário não identificado;Usuário inexistente;False;advabeilard;Downgrade;Não informado;Texto Mágico;Texto Mágico;—;Migração/Outro;Dificuldade financeira;Redução de custo;Downgrade - 1) Texto mágico R$ 113,00 2) IA Copiloto R$ 209,90 3) Conexão WABA R$ 89,00 4) Funil de Vendas R$ 89,90 5) 2 conexões web chat R$ 178,00 - Motivo: Cliente está realizando corte de gastos, disse que os recursos foram bons. - Protocolo: 202601191636135;1;0.0;0.0;Downgrade;;;Não calculado;Texto Mágico;"Texto Mágico; IA Copiloto; Funil de vendas; Conexão adicional de WhatsApp - WABA; Web chat";IA;Não considerado;Sem link no Card Financeiro
20/01/2026;2026;1;Jan.;janeiro;2026-01;Jan./26;Usuário não identificado;Usuário inexistente;False;advabeilard;Downgrade;Não informado;IA Copiloto;IA Copiloto;—;Migração/Outro;Dificuldade financeira;Redução de custo;Downgrade - 1) Texto mágico R$ 113,00 2) IA Copiloto R$ 209,90 3) Conexão WABA R$ 89,00 4) Funil de Vendas R$ 89,90 5) 2 conexões web chat R$ 178,00 - Motivo: Cliente está realizando corte de gastos, disse que os recursos foram bons. - Protocolo: 202601191636135;1;0.0;0.0;Downgrade;;;Não calculado;IA Copiloto;"Texto Mágico; IA Copiloto; Funil de vendas; Conexão adicional de WhatsApp - WABA; Web chat";IA;Não considerado;Sem link no Card Financeiro
20/01/2026;2026;1;Jan.;janeiro;2026-01;Jan./26;Usuário não identificado;Usuário inexistente;False;advabeilard;Downgrade;Não informado;Funil de vendas;Funil de vendas;—;Migração/Outro;Dificuldade financeira;Redução de custo;Downgrade - 1) Texto mágico R$ 113,00 2) IA Copiloto R$ 209,90 3) Conexão WABA R$ 89,00 4) Funil de Vendas R$ 89,90 5) 2 conexões web chat R$ 178,00 - Motivo: Cliente está realizando corte de gastos, disse que os recursos foram bons. - Protocolo: 202601191636135;1;0.0;0.0;Downgrade;;;Não calculado;Funil de vendas;"Texto Mágico; IA Copiloto; Funil de vendas; Conexão adicional de WhatsApp - WABA; Web chat";Módulos;Não considerado;Sem link no Card Financeiro
20/01/2026;2026;1;Jan.;janeiro;2026-01;Jan./26;Usuário não identificado;Usuário inexistente;False;advabeilard;Downgrade;Não informado;Conexão adicional de WhatsApp - WABA;Conexão adicional de WhatsApp - WABA;—;Migração/Outro;Dificuldade financeira;Redução de custo;Downgrade - 1) Texto mágico R$ 113,00 2) IA Copiloto R$ 209,90 3) Conexão WABA R$ 89,00 4) Funil de Vendas R$ 89,90 5) 2 conexões web chat R$ 178,00 - Motivo: Cliente está realizando corte de gastos, disse que os recursos foram bons. - Protocolo: 202601191636135;1;0.0;0.0;Downgrade;;;Não calculado;Conexão adicional de WhatsApp - WABA;"Texto Mágico; IA Copiloto; Funil de vendas; Conexão adicional de WhatsApp - WABA; Web chat";Conexão;Não considerado;Sem link no Card Financeiro
20/01/2026;2026;1;Jan.;janeiro;2026-01;Jan./26;Usuário não identificado;Usuário inexistente;False;advabeilard;Downgrade;Não informado;Web chat;Web chat;—;Migração/Outro;Dificuldade financeira;Redução de custo;Downgrade - 1) Texto mágico R$ 113,00 2) IA Copiloto R$ 209,90 3) Conexão WABA R$ 89,00 4) Funil de Vendas R$ 89,90 5) 2 conexões web chat R$ 178,00 - Motivo: Cliente está realizando corte de gastos, disse que os recursos foram bons. - Protocolo: 202601191636135;1;0.0;0.0;Downgrade;;;Não calculado;Web chat;"Texto Mágico; IA Copiloto; Funil de vendas; Conexão adicional de WhatsApp - WABA; Web chat";Conexão;Não considerado;Sem link no Card Financeiro
20/01/2026;2026;1;Jan.;janeiro;2026-01;Jan./26;Usuário não identificado;Usuário inexistente;False;jrcredito;Upgrade;Não informado;Servidores;Servidores;—;Migração/Outro;Não informado;Outros motivos descritos;Up - servidor 2/4 89,00 - Protocolo: 202601201637083;1;0.0;0.0;Upgrade;;;Não calculado;Servidores;Servidores;Servidor;Não considerado;Sem link no Card Financeiro
20/01/2026;2026;1;Jan.;janeiro;2026-01;Jan./26;Usuário não identificado;Usuário inexistente;False;narcisocontabilidade;Downgrade;Não informado;Funil de vendas;Funil de vendas;—;Migração/Outro;Não se adaptou ao produto;Processo/uso operacional;Down - Funil de Vendas 89,90 - Motivo: Cliente não gostou do funcionamento, por ele não atuar de maneira automática. Além disso, ele informou que possui um alto fluxo, que irá estudar CRM e aguardar o KANBAN. - Protocolo: 202601201637472;1;0.0;0.0;Downgrade;;;Não calculado;Funil de vendas;Funil de vendas;Módulos;Não considerado;Sem link no Card Financeiro
20/01/2026;2026;1;Jan.;janeiro;2026-01;Jan./26;Guilherme Virgilio Soares;Guilherme Virgilio Soares;True;belladoctorscrubs;Migração para número oficial;Não informado;Migração para número oficial;Migração para número oficial;—;Migração/Outro;Não informado;Outros motivos descritos;Não informado;1;0.0;0.0;Migração;;;Não calculado;Migração para número oficial;Migração para número oficial;Conexão;Não considerado;Sem link no Card Financeiro
21/01/2026;2026;1;Jan.;janeiro;2026-01;Jan./26;Usuário não identificado;Usuário inexistente;False;maissaudeplano;Upgrade;Não informado;Usuário adicional;Usuário adicional;—;Migração/Outro;Não informado;Outros motivos descritos;Não informado;1;0.0;0.0;Upgrade;;;Não calculado;Usuário adicional;Usuário adicional;Usuários;Não considerado;Sem link no Card Financeiro
21/01/2026;2026;1;Jan.;janeiro;2026-01;Jan./26;Guilherme Virgilio Soares;Guilherme Virgilio Soares;True;akitutes;Solicitação de Bonificação e Desconto;Não informado;Funil de vendas;Funil de vendas;—;Migração/Outro;Não informado;Redução de custo;- Solicitação de desconto:  Cliente solicita desconto para aquisição de uma conexão de Instagram e a ferramenta de funil de vendas. Não possui nenhuma bonificação ou desconto em seu plano, diz que viram outras plataformas que tinham funcionalidades parecidas, como gosta de Digisac, pretende ficar conosco, mas informa que o valor ficou um pouco acima.  Sugestão: Funil de vendas | R$59,90 Conexão Instagram | R$65,00;1;0.0;0.0;__EXCLUIR__;;;Não calculado;Funil de vendas;"Funil de vendas; Conexão Instagram Direct";Módulos;Não considerado;Sem link no Card Financeiro
21/01/2026;2026;1;Jan.;janeiro;2026-01;Jan./26;Guilherme Virgilio Soares;Guilherme Virgilio Soares;True;akitutes;Solicitação de Bonificação e Desconto;Não informado;Conexão Instagram Direct;Conexão Instagram Direct;—;Migração/Outro;Não informado;Redução de custo;- Solicitação de desconto:  Cliente solicita desconto para aquisição de uma conexão de Instagram e a ferramenta de funil de vendas. Não possui nenhuma bonificação ou desconto em seu plano, diz que viram outras plataformas que tinham funcionalidades parecidas, como gosta de Digisac, pretende ficar conosco, mas informa que o valor ficou um pouco acima.  Sugestão: Funil de vendas | R$59,90 Conexão Instagram | R$65,00;1;0.0;0.0;__EXCLUIR__;;;Não calculado;Conexão Instagram Direct;"Funil de vendas; Conexão Instagram Direct";Conexão;Não considerado;Sem link no Card Financeiro
21/01/2026;2026;1;Jan.;janeiro;2026-01;Jan./26;Guilherme Virgilio Soares;Guilherme Virgilio Soares;True;primeiraimpressao;Downgrade;Não informado;IA Agent;IA Agent;—;Migração/Outro;Não se adaptou ao produto;Problema técnico / limitação;"- Downgrade: IA Agente - 1.000 créditos | R$112,90 |  Motivo: Cliente informa que a ferramenta não atendeu a demanda, e que não resolveu o problema sendo bem ruim na visão deles, deixou o seguinte feedback: ""A gente tinha uma outra ideia do que a ferramenta fazia, na minha opinião ha um erro muito grande em que não ha opção de deixar o bot sem responder nada, somos uma gráfica rápida e em múltiplas vezes a demanda do nosso cliente é imediata, rápida e precisa ser respondida exatamente o que ele quer, por muitas vezes procurei a digisac para explicar que se o *robô não soubesse responder* era para ele *não responder nada* e infelizmente me foi apresentado que não havia essa opção, nosso cliente já é meio lento e não gosta de ser “contrariado” ai o bot ficava dando info errada meio que gerou um atrito e insatisfação.""";1;0.0;0.0;Downgrade;;;Não calculado;IA Agent;IA Agent;IA;Não considerado;Sem link no Card Financeiro
22/01/2026;2026;1;Jan.;janeiro;2026-01;Jan./26;Usuário não identificado;Usuário inexistente;False;atendimentocontareisp;Upgrade;Não informado;Servidores;Servidores;—;Migração/Outro;Não informado;Outros motivos descritos;Up - servidor 8/12 - 270,00 - Protocolo: 202601201638567;1;0.0;0.0;Upgrade;;;Não calculado;Servidores;Servidores;Servidor;Não considerado;Sem link no Card Financeiro
22/01/2026;2026;1;Jan.;janeiro;2026-01;Jan./26;Usuário não identificado;Usuário inexistente;False;penatec;Upgrade;Não informado;IA Agent;IA Agent;—;Migração/Outro;Não informado;Outros motivos descritos;Up - Agente INteligente 1.000 112,90 - Protocolo: 202601211639479;1;0.0;0.0;Upgrade;;;Não calculado;IA Agent;IA Agent;IA;Não considerado;Sem link no Card Financeiro
22/01/2026;2026;1;Jan.;janeiro;2026-01;Jan./26;Guilherme Virgilio Soares;Guilherme Virgilio Soares;True;angelajesussouzaadv;Solicitação de Bonificação e Desconto;Não informado;Funil de vendas;Funil de vendas;—;Migração/Outro;Não informado;Outros motivos descritos;- Solicitação de desconto: Funil de vendas |;1;0.0;0.0;__EXCLUIR__;;;Não calculado;Funil de vendas;Funil de vendas;Módulos;Não considerado;Sem link no Card Financeiro
23/01/2026;2026;1;Jan.;janeiro;2026-01;Jan./26;Sem proprietário;Usuário inexistente;False;penatec;Upgrade;Não informado;Texto Mágico;Texto Mágico;—;Migração/Outro;Não informado;Outros motivos descritos;Up IA Texto Mágico - 1.000 créditos (R$19,90).;1;0.0;0.0;Upgrade;;;Não calculado;Texto Mágico;Texto Mágico;IA;Não considerado;Sem link no Card Financeiro
23/01/2026;2026;1;Jan.;janeiro;2026-01;Jan./26;Tadiane Biason;Tadiane Biason;True;maoficial;Solicitação de Teste;Não informado;Chat interno;Chat interno;—;Migração/Outro;Não informado;Outros motivos descritos;Não informado;1;0.0;0.0;Teste;;;Não calculado;Chat interno;Chat interno;Módulos;Não considerado;Sem link no Card Financeiro
26/01/2026;2026;1;Jan.;janeiro;2026-01;Jan./26;Usuário não identificado;Usuário inexistente;False;cartaobeneficiarribeiraopreto;Upgrade;Não informado;Primeira ativação de número oficial;Primeira ativação de número oficial;—;Migração/Outro;Não informado;Outros motivos descritos;UP - Primeira ativação waba -;1;0.0;0.0;Upgrade;;;Não calculado;Primeira ativação de número oficial;Primeira ativação de número oficial;Conexão;Não considerado;Sem link no Card Financeiro
26/01/2026;2026;1;Jan.;janeiro;2026-01;Jan./26;Guilherme Virgilio Soares;Guilherme Virgilio Soares;True;teatroescolamacunaima;Upgrade;Não informado;Texto Mágico;Texto Mágico;—;Migração/Outro;Não informado;Outros motivos descritos;Não informado;1;0.0;0.0;Upgrade;;;Não calculado;Texto Mágico;Texto Mágico;IA;Não considerado;Sem link no Card Financeiro
27/01/2026;2026;1;Jan.;janeiro;2026-01;Jan./26;Leticia Silva;Leticia Silva;True;alexandreturismo;Upgrade;Não informado;Usuário adicional;Usuário adicional;—;Migração/Outro;Não informado;Redução de custo;Bonificação de 1 usuário adicional (ciente que vai ser o primeiro a ser removido em casos de futuras reduções).;1;0.0;0.0;Upgrade;;;Não calculado;Usuário adicional;Usuário adicional;Usuários;Não considerado;Sem link no Card Financeiro
28/01/2026;2026;1;Jan.;janeiro;2026-01;Jan./26;Usuário não identificado;Usuário inexistente;False;hvsantavida;Upgrade;Não informado;Migração para número oficial;Migração para número oficial;—;Migração/Outro;Não informado;Outros motivos descritos;Não informado;1;0.0;0.0;Upgrade;;;Não calculado;Migração para número oficial;Migração para número oficial;Conexão;Não considerado;Sem link no Card Financeiro
28/01/2026;2026;1;Jan.;janeiro;2026-01;Jan./26;Usuário não identificado;Usuário inexistente;False;vivarainfinity;Criação de URL;Não informado;URL;URL;—;Migração/Outro;Não informado;Outros motivos descritos;Não informado;1;0.0;0.0;Criação de URL;;;Não calculado;URL;URL;URL;Não considerado;Sem link no Card Financeiro
29/01/2026;2026;1;Jan.;janeiro;2026-01;Jan./26;Usuário não identificado;Usuário inexistente;False;pionen;Downgrade;Não informado;Distribuição automática;Distribuição automática;—;Migração/Outro;Sem informação;Processo/uso operacional;Downgrade - IA Transcrição de áudio - Plano 500 minutos - 24,90 Distribuição Automática - 149,00 | Protocolo: 202601291648012;1;0.0;0.0;Downgrade;;;Não calculado;Distribuição automática;"Distribuição automática; Transcrição de Áudio";Módulos;Não considerado;Sem link no Card Financeiro
29/01/2026;2026;1;Jan.;janeiro;2026-01;Jan./26;Usuário não identificado;Usuário inexistente;False;pionen;Downgrade;Não informado;Transcrição de Áudio;Transcrição de Áudio;—;Migração/Outro;Sem informação;Processo/uso operacional;Downgrade - IA Transcrição de áudio - Plano 500 minutos - 24,90 Distribuição Automática - 149,00 | Protocolo: 202601291648012;1;0.0;0.0;Downgrade;;;Não calculado;Transcrição de Áudio;"Distribuição automática; Transcrição de Áudio";IA;Não considerado;Sem link no Card Financeiro
29/01/2026;2026;1;Jan.;janeiro;2026-01;Jan./26;Guilherme Virgilio Soares;Guilherme Virgilio Soares;True;sigasul;Solicitação de Bonificação e Desconto;Não informado;Usuário adicional;Usuário adicional;—;Migração/Outro;Não informado;Redução de custo;- Solicitação de Bonificação: Cliente solicita bonificação e desconto no plano, informa que precisa diminuir o valor, pois já irá realizar a contratação de 2.500 créditos de SMS, e o valor ficaria alto demais.  Sugestão: 2 usuários bonificados.;1;0.0;0.0;__EXCLUIR__;;;Não calculado;Usuário adicional;Usuário adicional;Usuários;Não considerado;Sem link no Card Financeiro
29/01/2026;2026;1;Jan.;janeiro;2026-01;Jan./26;Leticia Silva;Leticia Silva;True;leaomaquinas1;Downgrade;Não informado;IA Agent;IA Agent;—;Migração/Outro;Sazonal;Produto desnecessário;Cliente apenas disse que não estava sendo utilizado, não deu muitos detalhes, apenas disse que ele é desnecessário.;1;0.0;0.0;Downgrade;;;Não calculado;IA Agent;IA Agent;IA;Não considerado;Sem link no Card Financeiro
30/01/2026;2026;1;Jan.;janeiro;2026-01;Jan./26;Usuário não identificado;Usuário inexistente;False;innovaprime;Downgrade;Não informado;Funil de vendas;Funil de vendas;—;Migração/Outro;Desistência da contratação;Outros motivos descritos;Downgrade Funil de vendas = R$ 49,00/mensal  Cliente informou nunca ter utilizado, e não tem interesse no momento.;1;0.0;0.0;Downgrade;;;Não calculado;Funil de vendas;Funil de vendas;Módulos;Não considerado;Sem link no Card Financeiro
30/01/2026;2026;1;Jan.;janeiro;2026-01;Jan./26;Guilherme Virgilio Soares;Guilherme Virgilio Soares;True;xnamai;Downgrade;Não informado;Funil de vendas;Funil de vendas;—;Migração/Outro;Não se adaptou ao produto;Cancelamento / encerramento;- Downgrade: Funil de vendas (com desconto) | R$49,00 |  Motivo: Cliente informa que teve dificuldade e não gostaria de continuar com a ferramenta, não quis dar mais detalhes sobre qual seria a dificuldade e pediu o cancelamento.;1;0.0;0.0;Downgrade;;;Não calculado;Funil de vendas;Funil de vendas;Módulos;Não considerado;Sem link no Card Financeiro
30/01/2026;2026;1;Jan.;janeiro;2026-01;Jan./26;Priscila Pavani;Priscila Pavani;True;integralidademedica;Upgrade;Não informado;Conexão adicional de WhatsApp - WABA;Conexão adicional de WhatsApp - WABA;—;Migração/Outro;Não informado;Redução de custo;Tipo: Upgrade Produto: 1 conexões WABA / Gupshup / Direct Payment Valor: R$ 89,00 URL: integralidademedica Protocolo: 202510201528213  OBS: Cliente já é waba. O número para ser ativados é: bnghubSaosebastiao5164 - Nº de tel.:: 5511952135164 Chave API: c3o25qdjaawu09hf8vnd1qmbewdvakyx - já está inccluso na GUP.;1;0.0;0.0;Upgrade;;;Não calculado;Conexão adicional de WhatsApp - WABA;Conexão adicional de WhatsApp - WABA;Conexão;Não considerado;Sem link no Card Financeiro
02/02/2026;2026;2;Fev.;fevereiro;2026-02;Fev./26;Guilherme Virgilio Soares;Guilherme Virgilio Soares;True;flynowviagens;Downgrade;Não informado;Distribuição automática;Distribuição automática;—;Migração/Outro;Bug Plataforma;Problema técnico / limitação;- Downgrade: Distribuição automática | R$149,00 |  Motivo: Cliente informa que a ferramenta não estava atuando como deveria na distribuição dos atendimentos, não atuando de forma igualitária entre os usuários, mesmo configurando o número máximo de chamados, ficava discrepante o direcionamento dos atendimentos.;1;0.0;0.0;Downgrade;;;Não calculado;Distribuição automática;Distribuição automática;Módulos;Não considerado;Sem link no Card Financeiro
03/02/2026;2026;2;Fev.;fevereiro;2026-02;Fev./26;Usuário não identificado;Usuário inexistente;False;scncontabilidade;Upgrade;Não informado;Usuário adicional;Usuário adicional;—;Migração/Outro;Não informado;Outros motivos descritos;Não informado;1;0.0;0.0;Upgrade;;;Não calculado;Usuário adicional;Usuário adicional;Usuários;Não considerado;Sem link no Card Financeiro
03/02/2026;2026;2;Fev.;fevereiro;2026-02;Fev./26;Viviane Vieira;Viviane Vieira;True;uduycjytj;Upgrade;Não informado;Integração;Integração;—;Migração/Outro;Não informado;Outros motivos descritos;Não informado;1;0.0;0.0;Upgrade;;;Não calculado;Integração;Integração;Integração;Não considerado;Sem link no Card Financeiro
04/02/2026;2026;2;Fev.;fevereiro;2026-02;Fev./26;Usuário não identificado;Usuário inexistente;False;pauladomingues;Solicitação de Teste;Não informado;Chat interno;Chat interno;—;Migração/Outro;Não informado;Outros motivos descritos;Não informado;1;0.0;0.0;Teste;;;Não calculado;Chat interno;Chat interno;Módulos;Não considerado;Sem link no Card Financeiro
04/02/2026;2026;2;Fev.;fevereiro;2026-02;Fev./26;Sem proprietário;Usuário inexistente;False;tegcont;Downgrade;Não informado;Conexão adicional de WhatsApp;Conexão adicional de WhatsApp;—;Migração/Outro;Desmembramento de URL;Problema técnico / limitação;Cliente solicitou downgrade de 1 conexão e 6 usuários, sem remoção do bonificado, conforme alinhamento interno e divisão de contas. Demanda já alinhada com Viviane Vieira. Ajuste realizado manualmente, devido a limitação do recurso “Meu Plano” | 202602021651045;1;0.0;0.0;Downgrade;;;Não calculado;Conexão adicional de WhatsApp;"Conexão adicional de WhatsApp; Usuário adicional";Conexão;Não considerado;Sem link no Card Financeiro
04/02/2026;2026;2;Fev.;fevereiro;2026-02;Fev./26;Sem proprietário;Usuário inexistente;False;tegcont;Downgrade;Não informado;Usuário adicional;Usuário adicional;—;Migração/Outro;Desmembramento de URL;Problema técnico / limitação;Cliente solicitou downgrade de 1 conexão e 6 usuários, sem remoção do bonificado, conforme alinhamento interno e divisão de contas. Demanda já alinhada com Viviane Vieira. Ajuste realizado manualmente, devido a limitação do recurso “Meu Plano” | 202602021651045;1;0.0;0.0;Downgrade;;;Não calculado;Usuário adicional;"Conexão adicional de WhatsApp; Usuário adicional";Usuários;Não considerado;Sem link no Card Financeiro
04/02/2026;2026;2;Fev.;fevereiro;2026-02;Fev./26;Sem proprietário;Usuário inexistente;False;tegcont;Downgrade;Não informado;Funil de vendas;Funil de vendas;—;Migração/Outro;Não se adaptou ao produto;Outros motivos descritos;Downgrade Funil de Vendas | 202602021651045;1;0.0;0.0;Downgrade;;;Não calculado;Funil de vendas;Funil de vendas;Módulos;Não considerado;Sem link no Card Financeiro
05/02/2026;2026;2;Fev.;fevereiro;2026-02;Fev./26;Guilherme Virgilio Soares;Guilherme Virgilio Soares;True;1tabjacarei;Solicitação de Bonificação e Desconto;Não informado;Chat interno;Chat interno;—;Migração/Outro;Não informado;Outros motivos descritos;- Solicitação de desconto: Cliente solicita desconto no chat interno.  Sugestão: Chat interno | R$ 49,00/mensais;1;0.0;0.0;__EXCLUIR__;;;Não calculado;Chat interno;Chat interno;Módulos;Não considerado;Sem link no Card Financeiro
05/02/2026;2026;2;Fev.;fevereiro;2026-02;Fev./26;Marcela Medeiros;Marcela Medeiros;True;alperpraiagrande;Upgrade;Não informado;Usuário adicional;Usuário adicional;—;Migração/Outro;Não informado;Outros motivos descritos;UP, 6 usuários adicionais por R$ 29,00 cada - Protocolo 202602041655265;1;0.0;0.0;Upgrade;;;Não calculado;Usuário adicional;Usuário adicional;Usuários;Não considerado;Sem link no Card Financeiro
06/02/2026;2026;2;Fev.;fevereiro;2026-02;Fev./26;Vitoria Sabadin;Vitoria Sabadin;True;jnmoura;Migração para número oficial;Não informado;Migração para número oficial;Migração para número oficial;—;Migração/Outro;Não informado;Outros motivos descritos;Não informado;1;0.0;0.0;Migração;;;Não calculado;Migração para número oficial;Migração para número oficial;Conexão;Não considerado;Sem link no Card Financeiro
09/02/2026;2026;2;Fev.;fevereiro;2026-02;Fev./26;Usuário não identificado;Usuário inexistente;False;integralidademedica;Upgrade;Não informado;Conexão adicional de WhatsApp - WABA;Conexão adicional de WhatsApp - WABA;—;Migração/Outro;Não informado;Redução de custo;Tipo: Upgrade Produto: 1 conexão WABA / Gupshup / Direct Payment Valor: R$ 89,00;1;0.0;0.0;Upgrade;;;Não calculado;Conexão adicional de WhatsApp - WABA;Conexão adicional de WhatsApp - WABA;Conexão;Não considerado;Sem link no Card Financeiro
10/02/2026;2026;2;Fev.;fevereiro;2026-02;Fev./26;Usuário não identificado;Usuário inexistente;False;prominas;Downgrade;Não informado;Integração;Integração;—;Migração/Outro;Desistência da contratação;Outros motivos descritos;Downgrade Integração RD CRM | R$ 59,99/mensal;1;0.0;0.0;Downgrade;;;Não calculado;Integração;Integração;Integração;Não considerado;Sem link no Card Financeiro
10/02/2026;2026;2;Fev.;fevereiro;2026-02;Fev./26;Usuário não identificado;Usuário inexistente;False;upparks;Upgrade;Não informado;Conexão adicional de WhatsApp;Conexão adicional de WhatsApp;—;Migração/Outro;Não informado;Outros motivos descritos;Upgrade 2 conexões standard R$ 69,00 cada, autorizado pela Aline Parmezão | 202602091659474;1;0.0;0.0;Upgrade;;;Não calculado;Conexão adicional de WhatsApp;Conexão adicional de WhatsApp;Conexão;Não considerado;Sem link no Card Financeiro
10/02/2026;2026;2;Fev.;fevereiro;2026-02;Fev./26;Guilherme Virgilio Soares;Guilherme Virgilio Soares;True;clinicadeimagem;Upgrade;Não informado;Transcrição de Áudio;Transcrição de Áudio;—;Migração/Outro;Não informado;Outros motivos descritos;- Upgrade:  IA Transcrição de áudios - 500 créditos | R$24,90 |  Conexão de Instagram | R$89,00 Conexão de Facebook | R$89,00 |  Total: R$202,90;1;0.0;0.0;Upgrade;;;Não calculado;Transcrição de Áudio;"Transcrição de Áudio; Conexão Instagram Direct; Conexão Facebook Messenger";IA;Não considerado;Sem link no Card Financeiro
10/02/2026;2026;2;Fev.;fevereiro;2026-02;Fev./26;Guilherme Virgilio Soares;Guilherme Virgilio Soares;True;clinicadeimagem;Upgrade;Não informado;Conexão Instagram Direct;Conexão Instagram Direct;—;Migração/Outro;Não informado;Outros motivos descritos;- Upgrade:  IA Transcrição de áudios - 500 créditos | R$24,90 |  Conexão de Instagram | R$89,00 Conexão de Facebook | R$89,00 |  Total: R$202,90;1;0.0;0.0;Upgrade;;;Não calculado;Conexão Instagram Direct;"Transcrição de Áudio; Conexão Instagram Direct; Conexão Facebook Messenger";Conexão;Não considerado;Sem link no Card Financeiro
10/02/2026;2026;2;Fev.;fevereiro;2026-02;Fev./26;Guilherme Virgilio Soares;Guilherme Virgilio Soares;True;clinicadeimagem;Upgrade;Não informado;Conexão Facebook Messenger;Conexão Facebook Messenger;—;Migração/Outro;Não informado;Outros motivos descritos;- Upgrade:  IA Transcrição de áudios - 500 créditos | R$24,90 |  Conexão de Instagram | R$89,00 Conexão de Facebook | R$89,00 |  Total: R$202,90;1;0.0;0.0;Upgrade;;;Não calculado;Conexão Facebook Messenger;"Transcrição de Áudio; Conexão Instagram Direct; Conexão Facebook Messenger";Conexão;Não considerado;Sem link no Card Financeiro
10/02/2026;2026;2;Fev.;fevereiro;2026-02;Fev./26;Vitoria Sabadin;Vitoria Sabadin;True;jnmoura;Migração para número oficial;Não informado;Migração para número oficial;Migração para número oficial;—;Migração/Outro;Não informado;Outros motivos descritos;Não informado;1;0.0;0.0;Migração;;;Não calculado;Migração para número oficial;Migração para número oficial;Conexão;Não considerado;Sem link no Card Financeiro
10/02/2026;2026;2;Fev.;fevereiro;2026-02;Fev./26;Vitoria Sabadin;Vitoria Sabadin;True;jnmoura;Upgrade;Não informado;Primeira ativação de número oficial;Primeira ativação de número oficial;—;Migração/Outro;Não informado;Outros motivos descritos;Plano Base – 2 Usuários – 1 Conexão (1×) | R$165,74  Usuários adicionais (2 × R$29,00) | R$58,00  Conexão adicional WABA - 360dialog / Direct Payment (1x) | R$89,00  Total: R$312,74;1;0.0;0.0;Upgrade;;;Não calculado;Primeira ativação de número oficial;Primeira ativação de número oficial;Conexão;Não considerado;Sem link no Card Financeiro
11/02/2026;2026;2;Fev.;fevereiro;2026-02;Fev./26;Usuário não identificado;Usuário inexistente;False;amern;Migração para número oficial;Não informado;Migração para número oficial;Migração para número oficial;—;Migração/Outro;Não informado;Outros motivos descritos;Não informado;1;0.0;0.0;Migração;;;Não calculado;Migração para número oficial;Migração para número oficial;Conexão;Não considerado;Sem link no Card Financeiro
11/02/2026;2026;2;Fev.;fevereiro;2026-02;Fev./26;Usuário não identificado;Usuário inexistente;False;dibassessoria;Migração para número oficial;Não informado;Migração para número oficial;Migração para número oficial;—;Migração/Outro;Não informado;Outros motivos descritos;Não informado;1;0.0;0.0;Migração;;;Não calculado;Migração para número oficial;Migração para número oficial;Conexão;Não considerado;Sem link no Card Financeiro
11/02/2026;2026;2;Fev.;fevereiro;2026-02;Fev./26;Guilherme Virgilio Soares;Guilherme Virgilio Soares;True;conteasyconsultoria;Solicitação de Bonificação e Desconto;Não informado;Usuário adicional;Usuário adicional;—;Migração/Outro;Não informado;Redução de custo;- Solicitação de desconto: Cliente informa que gostaria de revisar o valor do plano:  Plano base 2 usuários - 1 conexão | R$197,00 | Usuários adicionais | 18x R$29,00 | R$522,00 Usuários bonificados | 1x R$0,00 | R$0,00 Servidor 2/4 | R$89,00  Total: 808,00  Recentemente recebeu uma proposta de outra plataforma no valor de R$ 665,25 para 20 usuários, como estão satisfeitos com a utilização da Digisac, gostariam de aproximar ao valor proposto para permanecerem com a parceria (querem permanecer com os 21 usuários na plataforma).;1;0.0;0.0;__EXCLUIR__;;;Não calculado;Usuário adicional;Usuário adicional;Usuários;Não considerado;Sem link no Card Financeiro
11/02/2026;2026;2;Fev.;fevereiro;2026-02;Fev./26;Sem proprietário;Usuário inexistente;False;gabriellefloresadv;Downgrade;Não informado;Usuário adicional;Usuário adicional;—;Migração/Outro;Migrando de Plataforma;Processo/uso operacional;Migraçao para a CHATGURU, cliente menciona que -> plataforma é mais robusta em automações e agendamentos. A Digisac tem várias limitações. Gosto mais da interface do Digisac e da forma de organização das filas. Mas estamos utilizando várias automações deles que nos tiraram diversas atividades do dia a dia, como inclusão de tags automaticamente, os funis dele tbm são melhores e a possibilidade de realizar infinitas ações em massa.;1;0.0;0.0;Downgrade;;;Não calculado;Usuário adicional;"Usuário adicional; Servidores";Usuários;Não considerado;Sem link no Card Financeiro
11/02/2026;2026;2;Fev.;fevereiro;2026-02;Fev./26;Sem proprietário;Usuário inexistente;False;gabriellefloresadv;Downgrade;Não informado;Servidores;Servidores;—;Migração/Outro;Migrando de Plataforma;Processo/uso operacional;Migraçao para a CHATGURU, cliente menciona que -> plataforma é mais robusta em automações e agendamentos. A Digisac tem várias limitações. Gosto mais da interface do Digisac e da forma de organização das filas. Mas estamos utilizando várias automações deles que nos tiraram diversas atividades do dia a dia, como inclusão de tags automaticamente, os funis dele tbm são melhores e a possibilidade de realizar infinitas ações em massa.;1;0.0;0.0;Downgrade;;;Não calculado;Servidores;"Usuário adicional; Servidores";Servidor;Não considerado;Sem link no Card Financeiro
11/02/2026;2026;2;Fev.;fevereiro;2026-02;Fev./26;Vinicius Simões;Vinicius Simões;True;lelus;Criação de URL;Não informado;URL;URL;—;Migração/Outro;Não informado;Outros motivos descritos;Não informado;1;0.0;0.0;Criação de URL;;;Não calculado;URL;URL;URL;Não considerado;Sem link no Card Financeiro
12/02/2026;2026;2;Fev.;fevereiro;2026-02;Fev./26;Usuário não identificado;Usuário inexistente;False;classeacontabil;Upgrade;Não informado;Integração;Integração;—;Migração/Outro;Não informado;Outros motivos descritos;Upgrade RD Station CRM R$ 59,99/mensal;1;0.0;0.0;Upgrade;;;Não calculado;Integração;Integração;Integração;Não considerado;Sem link no Card Financeiro
13/02/2026;2026;2;Fev.;fevereiro;2026-02;Fev./26;Usuário não identificado;Usuário inexistente;False;livance;Solicitação de Bonificação e Desconto;Não informado;Conexão adicional de WhatsApp;Conexão adicional de WhatsApp;—;Migração/Outro;Não informado;Redução de custo;Na data de hoje, a cliente realizou um upgrade de 7  novas conexões (7*89 = R$623,00). Após a contratação, ela questionou a possibilidade de concessão de desconto em função da quantidade adquirida.  Diante disso, expliquei que abriria a solicitação internamente e, para manter a equiparação com as demais URLs pertencentes ao mesmo grupo, apliquei o valor unitário de R$ 89,00 para R$ 84,56.  Nesse sentido, fico no aguardo de um posicionamento sobre a possibilidade de conceder alguma margem adicional de desconto exclusivamente para essas 7 conexões contratadas hoje.;1;0.0;0.0;__EXCLUIR__;;;Não calculado;Conexão adicional de WhatsApp;Conexão adicional de WhatsApp;Conexão;Não considerado;Sem link no Card Financeiro
13/02/2026;2026;2;Fev.;fevereiro;2026-02;Fev./26;Usuário não identificado;Usuário inexistente;False;metalvo;Downgrade;Não informado;Conexão adicional de WhatsApp;Conexão adicional de WhatsApp;—;Migração/Outro;Redução de demanda;Redução de custo;Down de Conexão Adicional de WhatsApp. Por se tratar de um BP, foi autorizado pela liderança da Patrícia em conjunto com a da Viviane que nesse caso, não era para seguir com nosso padrão de negociação comercial, onde os primeiros recursos a serem removidos são os bonificados. ASSUNTO DO E-MAIL: Autorização de downgrade – Parceiro Ícaro;1;0.0;0.0;Downgrade;;;Não calculado;Conexão adicional de WhatsApp;Conexão adicional de WhatsApp;Conexão;Não considerado;Sem link no Card Financeiro
13/02/2026;2026;2;Fev.;fevereiro;2026-02;Fev./26;Marcela Medeiros;Marcela Medeiros;True;allpharma;Solicitação de Bonificação e Desconto;Não informado;Servidores;Servidores;—;Migração/Outro;Não informado;Outros motivos descritos;Não informado;1;0.0;0.0;__EXCLUIR__;;;Não calculado;Servidores;Servidores;Servidor;Não considerado;Sem link no Card Financeiro
13/02/2026;2026;2;Fev.;fevereiro;2026-02;Fev./26;Marcela Medeiros;Marcela Medeiros;True;allpharma;Upgrade;Não informado;Servidores;Servidores;—;Migração/Outro;Não informado;Outros motivos descritos;Servidor 4/8. bonificado | Lucas Galve autorizou a bonificação de acordo com a parceria.;1;0.0;0.0;Upgrade;;;Não calculado;Servidores;Servidores;Servidor;Não considerado;Sem link no Card Financeiro
13/02/2026;2026;2;Fev.;fevereiro;2026-02;Fev./26;Marcela Medeiros;Marcela Medeiros;True;ostengroupoficial;Upgrade;Não informado;URL;URL;—;Migração/Outro;Não informado;Outros motivos descritos;Não informado;1;0.0;0.0;Upgrade;;;Não calculado;URL;URL;URL;Não considerado;Sem link no Card Financeiro
13/02/2026;2026;2;Fev.;fevereiro;2026-02;Fev./26;Sem proprietário;Usuário inexistente;False;administrarmais;Solicitação de Teste;Não informado;Chat interno;Chat interno;—;Migração/Outro;Não informado;Outros motivos descritos;Não informado;1;0.0;0.0;Teste;;;Não calculado;Chat interno;Chat interno;Módulos;Não considerado;Sem link no Card Financeiro
18/02/2026;2026;2;Fev.;fevereiro;2026-02;Fev./26;Usuário não identificado;Usuário inexistente;False;anfitrioesdealuguel;Upgrade;Não informado;Conexão adicional de WhatsApp;Conexão adicional de WhatsApp;—;Migração/Outro;Não informado;Redução de custo;Cliente plano waba - Ativou um número convencional (era uma conexão da DIgisac) como oficial A conexão standard do cliente era o valor de 49,00 - (tinha 2 conexões standard com esse mesmo valor de 49,00 cada uma).  Alterei o plano, fiz o down de 1 conexão standard deste valor acima e adicionei uma conexão 360 neste valor, só precisa do card para envio ao financeiro.  Cliente foi ativo na sexta 13/02/2026  360Dialog - Pagamento direto - Número: 48 3199-9454;1;0.0;0.0;Upgrade;;;Não calculado;Conexão adicional de WhatsApp;Conexão adicional de WhatsApp;Conexão;Não considerado;Sem link no Card Financeiro
18/02/2026;2026;2;Fev.;fevereiro;2026-02;Fev./26;Guilherme Virgilio Soares;Guilherme Virgilio Soares;True;sulacres;Migração para número oficial;Não informado;Migração para número oficial;Migração para número oficial;—;Migração/Outro;Não informado;Outros motivos descritos;Não informado;1;0.0;0.0;Migração;;;Não calculado;Migração para número oficial;Migração para número oficial;Conexão;Não considerado;Sem link no Card Financeiro
19/02/2026;2026;2;Fev.;fevereiro;2026-02;Fev./26;Tadiane Biason;Tadiane Biason;True;gotemburgo;Upgrade;Não informado;Usuário adicional;Usuário adicional;—;Migração/Outro;Não informado;Outros motivos descritos;Não informado;1;0.0;0.0;Upgrade;;;Não calculado;Usuário adicional;"Usuário adicional; Conexão adicional de WhatsApp";Usuários;Não considerado;Sem link no Card Financeiro
19/02/2026;2026;2;Fev.;fevereiro;2026-02;Fev./26;Tadiane Biason;Tadiane Biason;True;gotemburgo;Upgrade;Não informado;Conexão adicional de WhatsApp;Conexão adicional de WhatsApp;—;Migração/Outro;Não informado;Outros motivos descritos;Não informado;1;0.0;0.0;Upgrade;;;Não calculado;Conexão adicional de WhatsApp;"Usuário adicional; Conexão adicional de WhatsApp";Conexão;Não considerado;Sem link no Card Financeiro
20/02/2026;2026;2;Fev.;fevereiro;2026-02;Fev./26;Usuário não identificado;Usuário inexistente;False;easyname;Upgrade;Não informado;Conexão adicional de WhatsApp - WABA;Conexão adicional de WhatsApp - WABA;—;Migração/Outro;Não informado;Outros motivos descritos;Upgrade Conexão adicional WABA R$ 89,00 | 202602201670347;1;0.0;0.0;Upgrade;;;Não calculado;Conexão adicional de WhatsApp - WABA;Conexão adicional de WhatsApp - WABA;Conexão;Não considerado;Sem link no Card Financeiro
20/02/2026;2026;2;Fev.;fevereiro;2026-02;Fev./26;Usuário não identificado;Usuário inexistente;False;hydrosystembr;Downgrade;Não informado;Integração;Integração;—;Migração/Outro;Falta de Funcionalidade;Outros motivos descritos;"Downgrade Integração PipeDrive R$ 59,99 | Motivo: "" A integração não faz o que seria bom para gente hoje, que é de fato descrever as mensagens trocadas no digisac, dentro do pipe"" | 20260220167049";1;0.0;0.0;Downgrade;;;Não calculado;Integração;Integração;Integração;Não considerado;Sem link no Card Financeiro
20/02/2026;2026;2;Fev.;fevereiro;2026-02;Fev./26;Guilherme Virgilio Soares;Guilherme Virgilio Soares;True;casadaslatas;Solicitação de Bonificação e Desconto;Não informado;Usuário adicional;Usuário adicional;—;Migração/Outro;Não informado;Redução de custo;- Solicição: Cliente solicita uma reavaliação do plano, informa que recebeu uma proposta de uma outra plataforma (Agiliza), no valor de R$849,00 que atende à quantidade de usuários que possui, diz que estão passando por um momento difícil de baixo faturamento e precisa reduzir o custo, se não terá que migrar para uma plataforma mais barata. Pede para aproximarmos ao máximo o valor proporcionado pela outra empresa. Informa também que quer adicionar ao plano: 6x Conexões adicionais WhatsApp | R$534,00 4x Usuários adicionais | R$116,00  Valor total do plano com adicionais: R$1.654,00;1;0.0;0.0;__EXCLUIR__;;;Não calculado;Usuário adicional;"Usuário adicional; Conexão adicional de WhatsApp";Usuários;Não considerado;Sem link no Card Financeiro
20/02/2026;2026;2;Fev.;fevereiro;2026-02;Fev./26;Guilherme Virgilio Soares;Guilherme Virgilio Soares;True;casadaslatas;Solicitação de Bonificação e Desconto;Não informado;Conexão adicional de WhatsApp;Conexão adicional de WhatsApp;—;Migração/Outro;Não informado;Redução de custo;- Solicição: Cliente solicita uma reavaliação do plano, informa que recebeu uma proposta de uma outra plataforma (Agiliza), no valor de R$849,00 que atende à quantidade de usuários que possui, diz que estão passando por um momento difícil de baixo faturamento e precisa reduzir o custo, se não terá que migrar para uma plataforma mais barata. Pede para aproximarmos ao máximo o valor proporcionado pela outra empresa. Informa também que quer adicionar ao plano: 6x Conexões adicionais WhatsApp | R$534,00 4x Usuários adicionais | R$116,00  Valor total do plano com adicionais: R$1.654,00;1;0.0;0.0;__EXCLUIR__;;;Não calculado;Conexão adicional de WhatsApp;"Usuário adicional; Conexão adicional de WhatsApp";Conexão;Não considerado;Sem link no Card Financeiro
20/02/2026;2026;2;Fev.;fevereiro;2026-02;Fev./26;Tadiane Biason;Tadiane Biason;True;mixfinanceira1;Downgrade;Não informado;Usuário adicional;Usuário adicional;—;Migração/Outro;Redução de funcionários;Redução de custo;Tipo: Dowgrade Produto: 3 usuáriario URL: mixfinanceira1 Protocolo: 202602201670936  Tipo: Dowgrade Produto: 2 usuáriario URL: mixfinanceira2 Protocolo: 202602201670936  Tipo: Dowgrade Produto: 1 usuário URL: mixfinanceira3 Protocolo: 202602201670936  Tipo: Dowgrade Produto: 1 usuário URL: mixfinanceira5 Protocolo: 202602201670936  Total de Down: 7;1;0.0;0.0;Downgrade;;;Não calculado;Usuário adicional;Usuário adicional;Usuários;Não considerado;Sem link no Card Financeiro
24/02/2026;2026;2;Fev.;fevereiro;2026-02;Fev./26;Usuário não identificado;Usuário inexistente;False;credinpromotora;Downgrade;Não informado;Funil de vendas;Funil de vendas;—;Migração/Outro;Não viu valor agregado;Redução de custo;Downgrade Funil de vendas | 202602241673676;1;0.0;0.0;Downgrade;;;Não calculado;Funil de vendas;Funil de vendas;Módulos;Não considerado;Sem link no Card Financeiro
24/02/2026;2026;2;Fev.;fevereiro;2026-02;Fev./26;Usuário não identificado;Usuário inexistente;False;toldostore;Downgrade;Não informado;Funil de vendas;Funil de vendas;—;Migração/Outro;Não viu valor agregado;Redução de custo;Downgrade Funil de Vendas R$ 49,00 | Motivo: Funcionários do cliente não estão mais utilizando | 202602231672797;1;0.0;0.0;Downgrade;;;Não calculado;Funil de vendas;Funil de vendas;Módulos;Não considerado;Sem link no Card Financeiro
25/02/2026;2026;2;Fev.;fevereiro;2026-02;Fev./26;Usuário não identificado;Usuário inexistente;False;alumiaeducacional;Upgrade;Não informado;Conexão adicional de WhatsApp;Conexão adicional de WhatsApp;—;Migração/Outro;Não informado;Outros motivos descritos;Não informado;1;0.0;0.0;Upgrade;;;Não calculado;Conexão adicional de WhatsApp;Conexão adicional de WhatsApp;Conexão;Não considerado;Sem link no Card Financeiro
25/02/2026;2026;2;Fev.;fevereiro;2026-02;Fev./26;Usuário não identificado;Usuário inexistente;False;nepuga;Upgrade;Não informado;Conexão adicional de WhatsApp - WABA;Conexão adicional de WhatsApp - WABA;—;Migração/Outro;Não informado;Outros motivos descritos;Upgrade de Conexão WABA / Gupshup / Direct Payment | 1 conexão;1;0.0;0.0;Upgrade;;;Não calculado;Conexão adicional de WhatsApp - WABA;Conexão adicional de WhatsApp - WABA;Conexão;Não considerado;Sem link no Card Financeiro
25/02/2026;2026;2;Fev.;fevereiro;2026-02;Fev./26;Leticia Silva;Leticia Silva;True;diasdocantoassis;Downgrade;Não informado;Servidores;Servidores;—;Migração/Outro;Falta de Funcionalidade;Outros motivos descritos;Cliente está deixando a url apenas para fins de consulta.;1;0.0;0.0;Downgrade;;;Não calculado;Servidores;"Servidores; Distribuição automática";Servidor;Não considerado;Sem link no Card Financeiro
25/02/2026;2026;2;Fev.;fevereiro;2026-02;Fev./26;Leticia Silva;Leticia Silva;True;diasdocantoassis;Downgrade;Não informado;Distribuição automática;Distribuição automática;—;Migração/Outro;Falta de Funcionalidade;Outros motivos descritos;Cliente está deixando a url apenas para fins de consulta.;1;0.0;0.0;Downgrade;;;Não calculado;Distribuição automática;"Servidores; Distribuição automática";Módulos;Não considerado;Sem link no Card Financeiro
25/02/2026;2026;2;Fev.;fevereiro;2026-02;Fev./26;Leticia Silva;Leticia Silva;True;gis;Downgrade;Não informado;Usuário adicional;Usuário adicional;—;Migração/Outro;Redução de funcionários;Redução de custo;Down 3 usuários adicionais (R$87,00).;1;0.0;0.0;Downgrade;;;Não calculado;Usuário adicional;Usuário adicional;Usuários;Não considerado;Sem link no Card Financeiro
26/02/2026;2026;2;Fev.;fevereiro;2026-02;Fev./26;Vinicius Simões;Vinicius Simões;True;annavoig;Downgrade;Não informado;Funil de vendas;Funil de vendas;—;Migração/Outro;Não se adaptou ao produto;Outros motivos descritos;Downgrade: - Funil de Vendas - R$ 49,00  Motivo: a cliente explicou que eles não estavam utilizando pois não se adaptaram ao uso da ferramenta, questionei sobre o motivo do que não se adaptaram e ela não deu mais retorno.;1;0.0;0.0;Downgrade;;;Não calculado;Funil de vendas;Funil de vendas;Módulos;Não considerado;Sem link no Card Financeiro
27/02/2026;2026;2;Fev.;fevereiro;2026-02;Fev./26;Usuário não identificado;Usuário inexistente;False;contabilidadepescara;Upgrade;Não informado;Transcrição de Áudio;Transcrição de Áudio;—;Migração/Outro;Não informado;Outros motivos descritos;Upgrade IA Transcrição de áudio - Plano 500 minutos R$ 24,90 | 202602271678186;1;0.0;0.0;Upgrade;;;Não calculado;Transcrição de Áudio;Transcrição de Áudio;IA;Não considerado;Sem link no Card Financeiro
27/02/2026;2026;2;Fev.;fevereiro;2026-02;Fev./26;Usuário não identificado;Usuário inexistente;False;maieremoura;Downgrade;Não informado;Funil de vendas;Funil de vendas;—;Migração/Outro;Redução de demanda;Redução de custo;"Downgrade Funil de vendas R$ 49,00 IA Resumo Inteligente - Plano 500 créditos R$ 29,90 Conexão WABA / 360Dialog / Direct Payment - R$ 89,00. motivo: Falta de uso e redução de custos. Estamos ajustando o escritório e testando novos sistemas. Por enquanto dessa forma já está ""ok"" para o que precisamos. | 202602261677673";1;0.0;0.0;Downgrade;;;Não calculado;Funil de vendas;"Funil de vendas; Resumo Inteligente; Conexão adicional de WhatsApp - WABA";Módulos;Não considerado;Sem link no Card Financeiro
27/02/2026;2026;2;Fev.;fevereiro;2026-02;Fev./26;Usuário não identificado;Usuário inexistente;False;maieremoura;Downgrade;Não informado;Resumo Inteligente;Resumo Inteligente;—;Migração/Outro;Redução de demanda;Redução de custo;"Downgrade Funil de vendas R$ 49,00 IA Resumo Inteligente - Plano 500 créditos R$ 29,90 Conexão WABA / 360Dialog / Direct Payment - R$ 89,00. motivo: Falta de uso e redução de custos. Estamos ajustando o escritório e testando novos sistemas. Por enquanto dessa forma já está ""ok"" para o que precisamos. | 202602261677673";1;0.0;0.0;Downgrade;;;Não calculado;Resumo Inteligente;"Funil de vendas; Resumo Inteligente; Conexão adicional de WhatsApp - WABA";IA;Não considerado;Sem link no Card Financeiro
27/02/2026;2026;2;Fev.;fevereiro;2026-02;Fev./26;Usuário não identificado;Usuário inexistente;False;maieremoura;Downgrade;Não informado;Conexão adicional de WhatsApp - WABA;Conexão adicional de WhatsApp - WABA;—;Migração/Outro;Redução de demanda;Redução de custo;"Downgrade Funil de vendas R$ 49,00 IA Resumo Inteligente - Plano 500 créditos R$ 29,90 Conexão WABA / 360Dialog / Direct Payment - R$ 89,00. motivo: Falta de uso e redução de custos. Estamos ajustando o escritório e testando novos sistemas. Por enquanto dessa forma já está ""ok"" para o que precisamos. | 202602261677673";1;0.0;0.0;Downgrade;;;Não calculado;Conexão adicional de WhatsApp - WABA;"Funil de vendas; Resumo Inteligente; Conexão adicional de WhatsApp - WABA";Conexão;Não considerado;Sem link no Card Financeiro
27/02/2026;2026;2;Fev.;fevereiro;2026-02;Fev./26;Usuário não identificado;Usuário inexistente;False;politone;Downgrade;Não informado;Servidores;Servidores;—;Migração/Outro;Redução de demanda;Redução de custo;"Downgrade Servidor 2/4 R$ 89,00. Motivo: ""o principal agora é reduzir custos, depois quando terminarmos a mudança de cidade retornamos o pessoal""  | 202602271677814";1;0.0;0.0;Downgrade;;;Não calculado;Servidores;Servidores;Servidor;Não considerado;Sem link no Card Financeiro
27/02/2026;2026;2;Fev.;fevereiro;2026-02;Fev./26;Guilherme Virgilio Soares;Guilherme Virgilio Soares;True;credfacilcacu;Upgrade;Não informado;Servidores;Servidores;—;Migração/Outro;Não informado;Outros motivos descritos;Não informado;1;0.0;0.0;Upgrade;;;Não calculado;Servidores;Servidores;Servidor;Não considerado;Sem link no Card Financeiro
27/02/2026;2026;2;Fev.;fevereiro;2026-02;Fev./26;Guilherme Virgilio Soares;Guilherme Virgilio Soares;True;finitascontabilidade;Upgrade;Não informado;Usuário adicional;Usuário adicional;—;Migração/Outro;Não informado;Outros motivos descritos;- Bonificação: 1 Usuário | R$0,00;1;0.0;0.0;Upgrade;;;Não calculado;Usuário adicional;Usuário adicional;Usuários;Não considerado;Sem link no Card Financeiro
02/03/2026;2026;3;Mar.;março;2026-03;Mar./26;Usuário não identificado;Usuário inexistente;False;politone;Downgrade;Não informado;Servidores;Servidores;—;Migração/Outro;Redução de funcionários;Redução de custo;"Downgrade Servidor 2/4 R$ 89,00. Motivo: ""o principal agora é reduzir custos, depois quando terminarmos a mudança de cidade retornamos o pessoal""  | 202602271677814";1;0.0;0.0;Downgrade;;;Não calculado;Servidores;Servidores;Servidor;Não considerado;Sem link no Card Financeiro
02/03/2026;2026;3;Mar.;março;2026-03;Mar./26;Guilherme Virgilio Soares;Guilherme Virgilio Soares;True;nacrh;Upgrade;Não informado;Chat interno;Chat interno;—;Migração/Outro;Não informado;Outros motivos descritos;- Upgrade: Chat interno | R$89,00;1;0.0;0.0;Upgrade;;;Não calculado;Chat interno;Chat interno;Módulos;Não considerado;Sem link no Card Financeiro
03/03/2026;2026;3;Mar.;março;2026-03;Mar./26;Usuário não identificado;Usuário inexistente;False;tecnort;Upgrade;Não informado;Robô personalizado;Robô personalizado;—;Migração/Outro;Não informado;Outros motivos descritos;Não informado;1;0.0;0.0;Upgrade;;;Não calculado;Robô personalizado;Robô personalizado;Robô;Não considerado;Sem link no Card Financeiro
03/03/2026;2026;3;Mar.;março;2026-03;Mar./26;Leticia Silva;Leticia Silva;True;portaldastintas;Solicitação de Teste;Não informado;Funil de vendas;Funil de vendas;—;Migração/Outro;Não informado;Outros motivos descritos;Não informado;1;0.0;0.0;Teste;;;Não calculado;Funil de vendas;Funil de vendas;Módulos;Não considerado;Sem link no Card Financeiro
04/03/2026;2026;3;Mar.;março;2026-03;Mar./26;Usuário não identificado;Usuário inexistente;False;casadoconstrutorbc;Upgrade;Não informado;Servidores;Servidores;—;Migração/Outro;Não informado;Redução de custo;Upgrade Servidor 8/12, valor R$ 270,00, indicado pelo suporte (Regina Guermandi);1;0.0;0.0;Upgrade;;;Não calculado;Servidores;Servidores;Servidor;Não considerado;Sem link no Card Financeiro
04/03/2026;2026;3;Mar.;março;2026-03;Mar./26;Guilherme Virgilio Soares;Guilherme Virgilio Soares;True;americasespacofacial;Solicitação de Teste;Não informado;Funil de vendas;Funil de vendas;—;Migração/Outro;Não informado;Outros motivos descritos;Não informado;1;0.0;0.0;Teste;;;Não calculado;Funil de vendas;Funil de vendas;Módulos;Não considerado;Sem link no Card Financeiro
04/03/2026;2026;3;Mar.;março;2026-03;Mar./26;Guilherme Virgilio Soares;Guilherme Virgilio Soares;True;jdiasimobiliaria;Upgrade;Não informado;Transcrição de Áudio;Transcrição de Áudio;—;Migração/Outro;Não informado;Outros motivos descritos;- Upgrade: IA - Transcrição de Áudios - 500 créditos | R$24,90;1;0.0;0.0;Upgrade;;;Não calculado;Transcrição de Áudio;Transcrição de Áudio;IA;Não considerado;Sem link no Card Financeiro
04/03/2026;2026;3;Mar.;março;2026-03;Mar./26;Vinicius Simões;Vinicius Simões;True;cristalvalle;Upgrade;Não informado;Conexão Instagram Direct;Conexão Instagram Direct;—;Migração/Outro;Não informado;Outros motivos descritos;Upgrade: - 1x Conexão de Instagram - R$ 89,00;1;0.0;0.0;Upgrade;;;Não calculado;Conexão Instagram Direct;Conexão Instagram Direct;Conexão;Não considerado;Sem link no Card Financeiro
04/03/2026;2026;3;Mar.;março;2026-03;Mar./26;Vinicius Simões;Vinicius Simões;True;placasexpress;Upgrade;Não informado;Texto Mágico;Texto Mágico;—;Migração/Outro;Não informado;Outros motivos descritos;Upgrade: - IA Texto Mágico | 1.000 créditos - R$ 19,90;1;0.0;0.0;Upgrade;;;Não calculado;Texto Mágico;Texto Mágico;IA;Não considerado;Sem link no Card Financeiro
06/03/2026;2026;3;Mar.;março;2026-03;Mar./26;Usuário não identificado;Usuário inexistente;False;agenciaimpulsiona;Upgrade;Não informado;Servidores;Servidores;—;Migração/Outro;Não informado;Outros motivos descritos;Não informado;1;0.0;0.0;Upgrade;;;Não calculado;Servidores;Servidores;Servidor;Não considerado;Sem link no Card Financeiro
06/03/2026;2026;3;Mar.;março;2026-03;Mar./26;Usuário não identificado;Usuário inexistente;False;lavo;Upgrade;Não informado;Conexão Facebook Messenger;Conexão Facebook Messenger;—;Migração/Outro;Não informado;Outros motivos descritos;Upgrade Conexão Facebook R$ 89,00 | 202603061686189;1;0.0;0.0;Upgrade;;;Não calculado;Conexão Facebook Messenger;Conexão Facebook Messenger;Conexão;Não considerado;Sem link no Card Financeiro
06/03/2026;2026;3;Mar.;março;2026-03;Mar./26;Guilherme Virgilio Soares;Guilherme Virgilio Soares;True;frampromotora;Solicitação de Bonificação e Desconto;Não informado;Usuário adicional;Usuário adicional;—;Migração/Outro;Não informado;Redução de custo;- Solicitação de desconto: Cliente deseja realizar o upgrade de:  07 Conexões de WhatsApp convencional | R$ 623,00 25 Usuários adicionais | R$ 725,00 Servidor 4/8 | R$169,00  Total: R$1.517,00  Solicita desconto para esse upgrade, devido à quantidade de adições e por estarem cogitando a migração de plataforma (InsideLeads), onde teriam um valor mais em conta, porém, como utilizam a plataforma há um certo tempo, preferem manter utilizando a Digisac caso consigam um valor melhor.;1;0.0;0.0;__EXCLUIR__;;;Não calculado;Usuário adicional;"Usuário adicional; Conexão adicional de WhatsApp; Servidores";Usuários;Não considerado;Sem link no Card Financeiro
06/03/2026;2026;3;Mar.;março;2026-03;Mar./26;Guilherme Virgilio Soares;Guilherme Virgilio Soares;True;frampromotora;Solicitação de Bonificação e Desconto;Não informado;Conexão adicional de WhatsApp;Conexão adicional de WhatsApp;—;Migração/Outro;Não informado;Redução de custo;- Solicitação de desconto: Cliente deseja realizar o upgrade de:  07 Conexões de WhatsApp convencional | R$ 623,00 25 Usuários adicionais | R$ 725,00 Servidor 4/8 | R$169,00  Total: R$1.517,00  Solicita desconto para esse upgrade, devido à quantidade de adições e por estarem cogitando a migração de plataforma (InsideLeads), onde teriam um valor mais em conta, porém, como utilizam a plataforma há um certo tempo, preferem manter utilizando a Digisac caso consigam um valor melhor.;1;0.0;0.0;__EXCLUIR__;;;Não calculado;Conexão adicional de WhatsApp;"Usuário adicional; Conexão adicional de WhatsApp; Servidores";Conexão;Não considerado;Sem link no Card Financeiro
06/03/2026;2026;3;Mar.;março;2026-03;Mar./26;Guilherme Virgilio Soares;Guilherme Virgilio Soares;True;frampromotora;Solicitação de Bonificação e Desconto;Não informado;Servidores;Servidores;—;Migração/Outro;Não informado;Redução de custo;- Solicitação de desconto: Cliente deseja realizar o upgrade de:  07 Conexões de WhatsApp convencional | R$ 623,00 25 Usuários adicionais | R$ 725,00 Servidor 4/8 | R$169,00  Total: R$1.517,00  Solicita desconto para esse upgrade, devido à quantidade de adições e por estarem cogitando a migração de plataforma (InsideLeads), onde teriam um valor mais em conta, porém, como utilizam a plataforma há um certo tempo, preferem manter utilizando a Digisac caso consigam um valor melhor.;1;0.0;0.0;__EXCLUIR__;;;Não calculado;Servidores;"Usuário adicional; Conexão adicional de WhatsApp; Servidores";Servidor;Não considerado;Sem link no Card Financeiro
06/03/2026;2026;3;Mar.;março;2026-03;Mar./26;Leticia Silva;Leticia Silva;True;bluebusinesscoworking;Downgrade;Não informado;Transcrição de Áudio;Transcrição de Áudio;—;Migração/Outro;Falta de Funcionalidade;Troca de solução / concorrente;Down Funil de Vendas (R$49,90) + IA Transcrição de áudio - Plano 500 minutos (R$24,90).  Cliente apenas disse que está usando outras ferramentas.;1;0.0;0.0;Downgrade;;;Não calculado;Transcrição de Áudio;"Transcrição de Áudio; Funil de vendas";IA;Não considerado;Sem link no Card Financeiro
06/03/2026;2026;3;Mar.;março;2026-03;Mar./26;Leticia Silva;Leticia Silva;True;bluebusinesscoworking;Downgrade;Não informado;Funil de vendas;Funil de vendas;—;Migração/Outro;Falta de Funcionalidade;Troca de solução / concorrente;Down Funil de Vendas (R$49,90) + IA Transcrição de áudio - Plano 500 minutos (R$24,90).  Cliente apenas disse que está usando outras ferramentas.;1;0.0;0.0;Downgrade;;;Não calculado;Funil de vendas;"Transcrição de Áudio; Funil de vendas";Módulos;Não considerado;Sem link no Card Financeiro
09/03/2026;2026;3;Mar.;março;2026-03;Mar./26;Usuário não identificado;Usuário inexistente;False;a4advogados;Downgrade;Não informado;Funil de vendas;Funil de vendas;—;Migração/Outro;Não viu valor agregado;Redução de custo;Downgrade Funil de Vendas R$ 89,00. Motivo: Cancelou Funil para contratar Servidor por conta de valores | 202603061686623;1;0.0;0.0;Downgrade;;;Não calculado;Funil de vendas;Funil de vendas;Módulos;Não considerado;Sem link no Card Financeiro
09/03/2026;2026;3;Mar.;março;2026-03;Mar./26;Leticia Silva;Leticia Silva;True;engrena;Upgrade;Não informado;IA Copiloto;IA Copiloto;—;Migração/Outro;Não informado;Outros motivos descritos;Up IA Copiloto – 500 créditos – R$ 49,90  IA Transcrição de áudio – Plano 500 minutos – R$ 24,90  IA Resumo Inteligente – Plano 500 créditos – R$ 34,90  IA Texto Mágico – 500 Créditos – R$ 12,90 (Total = R$124,60).;1;0.0;0.0;Upgrade;;;Não calculado;IA Copiloto;"IA Copiloto; Transcrição de Áudio; Resumo Inteligente; Texto Mágico";IA;Não considerado;Sem link no Card Financeiro
09/03/2026;2026;3;Mar.;março;2026-03;Mar./26;Leticia Silva;Leticia Silva;True;engrena;Upgrade;Não informado;Transcrição de Áudio;Transcrição de Áudio;—;Migração/Outro;Não informado;Outros motivos descritos;Up IA Copiloto – 500 créditos – R$ 49,90  IA Transcrição de áudio – Plano 500 minutos – R$ 24,90  IA Resumo Inteligente – Plano 500 créditos – R$ 34,90  IA Texto Mágico – 500 Créditos – R$ 12,90 (Total = R$124,60).;1;0.0;0.0;Upgrade;;;Não calculado;Transcrição de Áudio;"IA Copiloto; Transcrição de Áudio; Resumo Inteligente; Texto Mágico";IA;Não considerado;Sem link no Card Financeiro
09/03/2026;2026;3;Mar.;março;2026-03;Mar./26;Leticia Silva;Leticia Silva;True;engrena;Upgrade;Não informado;Resumo Inteligente;Resumo Inteligente;—;Migração/Outro;Não informado;Outros motivos descritos;Up IA Copiloto – 500 créditos – R$ 49,90  IA Transcrição de áudio – Plano 500 minutos – R$ 24,90  IA Resumo Inteligente – Plano 500 créditos – R$ 34,90  IA Texto Mágico – 500 Créditos – R$ 12,90 (Total = R$124,60).;1;0.0;0.0;Upgrade;;;Não calculado;Resumo Inteligente;"IA Copiloto; Transcrição de Áudio; Resumo Inteligente; Texto Mágico";IA;Não considerado;Sem link no Card Financeiro
09/03/2026;2026;3;Mar.;março;2026-03;Mar./26;Leticia Silva;Leticia Silva;True;engrena;Upgrade;Não informado;Texto Mágico;Texto Mágico;—;Migração/Outro;Não informado;Outros motivos descritos;Up IA Copiloto – 500 créditos – R$ 49,90  IA Transcrição de áudio – Plano 500 minutos – R$ 24,90  IA Resumo Inteligente – Plano 500 créditos – R$ 34,90  IA Texto Mágico – 500 Créditos – R$ 12,90 (Total = R$124,60).;1;0.0;0.0;Upgrade;;;Não calculado;Texto Mágico;"IA Copiloto; Transcrição de Áudio; Resumo Inteligente; Texto Mágico";IA;Não considerado;Sem link no Card Financeiro
09/03/2026;2026;3;Mar.;março;2026-03;Mar./26;Leticia Silva;Leticia Silva;True;verareichertimoveis;Upgrade;Não informado;Transcrição de Áudio;Transcrição de Áudio;—;Migração/Outro;Não informado;Outros motivos descritos;Up Transcrição de Áudio: 1.000 min → R$ 49,90.;1;0.0;0.0;Upgrade;;;Não calculado;Transcrição de Áudio;Transcrição de Áudio;IA;Não considerado;Sem link no Card Financeiro
10/03/2026;2026;3;Mar.;março;2026-03;Mar./26;Usuário não identificado;Usuário inexistente;False;lucasadv;Downgrade;Não informado;Servidores;Servidores;—;Migração/Outro;Sem informação;Redução de custo;Downgrade Servidor 2/4, valor de R$ 89,00 para Upgrade Servidor 4/8, no valor de R$ 169,00, indicado pelo suporte (Rafael Novelli) | 202603091688433;1;0.0;0.0;Downgrade;;;Não calculado;Servidores;Servidores;Servidor;Não considerado;Sem link no Card Financeiro
10/03/2026;2026;3;Mar.;março;2026-03;Mar./26;Leticia Silva;Leticia Silva;True;rgadvocacia;Upgrade;Não informado;Servidores;Servidores;—;Migração/Outro;Não informado;Redução de custo;Cliente (URL: rgadvocacia) possuía contrato bonificado, porém não foram encontradas informações detalhadas que justificassem ou formalizassem essa bonificação.  O cliente vinha realizando alterações e inclusões no plano sem cobrança. Após alinhamento com a Aline (gestora), foi definido que, a partir de agora, as cobranças passarão a ser aplicadas normalmente e a fatura do cliente será gerada.  Neste momento, será cobrado apenas o valor proporcional do servidor 4/8, atualmente contratado.  Cliente já foi informado, deu aceite e está ciente da alteração.;1;0.0;0.0;Upgrade;;;Não calculado;Servidores;Servidores;Servidor;Não considerado;Sem link no Card Financeiro
11/03/2026;2026;3;Mar.;março;2026-03;Mar./26;Usuário não identificado;Usuário inexistente;False;escolaaplauso;Upgrade;Não informado;Funil de vendas;Funil de vendas;—;Migração/Outro;Não informado;Outros motivos descritos;Upgrade Funil de Vendas R$ 49,00 | 202603101688900;1;0.0;0.0;Upgrade;;;Não calculado;Funil de vendas;Funil de vendas;Módulos;Não considerado;Sem link no Card Financeiro
11/03/2026;2026;3;Mar.;março;2026-03;Mar./26;Usuário não identificado;Usuário inexistente;False;farenzenaefranco;Downgrade;Não informado;Integração;Integração;—;Migração/Outro;Não viu valor agregado;Redução de custo;Downgrade Integração Rd Station R$ 59,99 | 202603101689572;1;0.0;0.0;Downgrade;;;Não calculado;Integração;Integração;Integração;Não considerado;Sem link no Card Financeiro
11/03/2026;2026;3;Mar.;março;2026-03;Mar./26;Usuário não identificado;Usuário inexistente;False;saudemed;Upgrade;Não informado;Servidores;Servidores;—;Migração/Outro;Não informado;Outros motivos descritos;Não informado;1;0.0;0.0;Upgrade;;;Não calculado;Servidores;Servidores;Servidor;Não considerado;Sem link no Card Financeiro
11/03/2026;2026;3;Mar.;março;2026-03;Mar./26;Usuário não identificado;Usuário inexistente;False;vitalyconsultoria;Upgrade;Não informado;Servidores;Servidores;—;Migração/Outro;Não informado;Redução de custo;Upgrade Servidor 2/4 R$ 89,00. Cliente pagou a fatura mensal ontem. Realizou redução de recursos no contrato;1;0.0;0.0;Upgrade;;;Não calculado;Servidores;Servidores;Servidor;Não considerado;Sem link no Card Financeiro
11/03/2026;2026;3;Mar.;março;2026-03;Mar./26;Guilherme Virgilio Soares;Guilherme Virgilio Soares;True;dataso;Upgrade;Não informado;Chat interno;Chat interno;—;Migração/Outro;Não informado;Outros motivos descritos;- Upgrade: Chat interno | R$ 89,00;1;0.0;0.0;Upgrade;;;Não calculado;Chat interno;Chat interno;Módulos;Não considerado;Sem link no Card Financeiro
11/03/2026;2026;3;Mar.;março;2026-03;Mar./26;Guilherme Virgilio Soares;Guilherme Virgilio Soares;True;rioodontovalqueire;Upgrade;Não informado;Servidores;Servidores;—;Migração/Outro;Não informado;Outros motivos descritos;- Upgrade: Servidor 2/4 | R$ 89,00;1;0.0;0.0;Upgrade;;;Não calculado;Servidores;Servidores;Servidor;Não considerado;Sem link no Card Financeiro
12/03/2026;2026;3;Mar.;março;2026-03;Mar./26;Usuário não identificado;Usuário inexistente;False;psc;Downgrade;Não informado;Servidores;Servidores;—;Migração/Outro;Não informado;Outros motivos descritos;Não informado;1;0.0;0.0;Downgrade;;;Não calculado;Servidores;Servidores;Servidor;Não considerado;Sem link no Card Financeiro
13/03/2026;2026;3;Mar.;março;2026-03;Mar./26;Usuário não identificado;Usuário inexistente;False;clinicasaopedro;Migração para número oficial;Não informado;Migração para número oficial;Migração para número oficial;—;Migração/Outro;Não informado;Outros motivos descritos;Não informado;1;0.0;0.0;Migração;;;Não calculado;Migração para número oficial;Migração para número oficial;Conexão;Não considerado;Sem link no Card Financeiro
13/03/2026;2026;3;Mar.;março;2026-03;Mar./26;Tadiane Biason;Tadiane Biason;True;musassaude;Upgrade;Não informado;Usuário adicional;Usuário adicional;—;Migração/Outro;Não informado;Outros motivos descritos;Não informado;1;0.0;0.0;Upgrade;;;Não calculado;Usuário adicional;Usuário adicional;Usuários;Não considerado;Sem link no Card Financeiro
16/03/2026;2026;3;Mar.;março;2026-03;Mar./26;Usuário não identificado;Usuário inexistente;False;macrosinosveiculos;Downgrade;Não informado;Funil de vendas;Funil de vendas;—;Migração/Outro;Não viu valor agregado;Redução de custo;Downgrade do Funil de Vendas R$ 49,00 | Motivo: Cliente informou que não está utilizando o Funil, considera o recurso pouco interativo, mencionou que os custos atuais da plataforma estão altos e também relatou falhas frequentes no sistema | 202603161697413;1;0.0;0.0;Downgrade;;;Não calculado;Funil de vendas;Funil de vendas;Módulos;Não considerado;Sem link no Card Financeiro
16/03/2026;2026;3;Mar.;março;2026-03;Mar./26;Sem proprietário;Usuário inexistente;False;coelhofibra;Upgrade;Não informado;Usuário adicional;Usuário adicional;—;Migração/Outro;Não informado;Outros motivos descritos;Upgrade Usuários adicionais | 17x R$29,00;1;0.0;0.0;Upgrade;;;Não calculado;Usuário adicional;Usuário adicional;Usuários;Não considerado;Sem link no Card Financeiro
16/03/2026;2026;3;Mar.;março;2026-03;Mar./26;Vitoria Sabadin;Vitoria Sabadin;True;coelhofibra;Upgrade;Não informado;Usuário adicional;Usuário adicional;—;Migração/Outro;Não informado;Outros motivos descritos;Usuários adicionais | 17x R$29,00;1;0.0;0.0;Upgrade;;;Não calculado;Usuário adicional;Usuário adicional;Usuários;Não considerado;Sem link no Card Financeiro
17/03/2026;2026;3;Mar.;março;2026-03;Mar./26;Usuário não identificado;Usuário inexistente;False;pipperjoias;Upgrade;Não informado;Usuário adicional;Usuário adicional;—;Migração/Outro;Não informado;Outros motivos descritos;Não informado;1;0.0;0.0;Upgrade;;;Não calculado;Usuário adicional;Usuário adicional;Usuários;Não considerado;Sem link no Card Financeiro
17/03/2026;2026;3;Mar.;março;2026-03;Mar./26;Vinicius Simões;Vinicius Simões;True;educabrasil;Upgrade;Não informado;Usuário adicional;Usuário adicional;—;Migração/Outro;Não informado;Outros motivos descritos;Upgrade: - 2x Usuários adicionais - R$ 58,00;1;0.0;0.0;Upgrade;;;Não calculado;Usuário adicional;Usuário adicional;Usuários;Não considerado;Sem link no Card Financeiro
17/03/2026;2026;3;Mar.;março;2026-03;Mar./26;Vinicius Simões;Vinicius Simões;True;quanton3dd;Upgrade;Não informado;Chat interno;Chat interno;—;Migração/Outro;Não informado;Outros motivos descritos;Upgrade: - Chat Interno - R$ 89,00;1;0.0;0.0;Upgrade;;;Não calculado;Chat interno;Chat interno;Módulos;Não considerado;Sem link no Card Financeiro
18/03/2026;2026;3;Mar.;março;2026-03;Mar./26;Usuário não identificado;Usuário inexistente;False;clinicamultidiciplinar;Migração para número oficial;Não informado;Migração para número oficial;Migração para número oficial;—;Migração/Outro;Não informado;Outros motivos descritos;Não informado;1;0.0;0.0;Migração;;;Não calculado;Migração para número oficial;Migração para número oficial;Conexão;Não considerado;Sem link no Card Financeiro
18/03/2026;2026;3;Mar.;março;2026-03;Mar./26;Guilherme Virgilio Soares;Guilherme Virgilio Soares;True;prumobio;Downgrade;Não informado;Usuário adicional;Usuário adicional;—;Migração/Outro;Redução de demanda;Redução de custo;"- Downgrade: 2x Usuários adicionais (com desconto) | 2x R$26,10 | R$52,20 | Downgrade realizado por conta de bug na aba ""Meu plano"".";1;0.0;0.0;Downgrade;;;Não calculado;Usuário adicional;Usuário adicional;Usuários;Não considerado;Sem link no Card Financeiro
18/03/2026;2026;3;Mar.;março;2026-03;Mar./26;Guilherme Virgilio Soares;Guilherme Virgilio Soares;True;ventture;Solicitação de Bonificação e Desconto;Não informado;URL;URL;—;Migração/Outro;Não informado;Outros motivos descritos;Cliente solicita desconto no plano base das URLs: maryhelpcuritiba2 e rhmaryhelpgoiania2, por conta da parceria com a MaryHelp. Desconto concedido por Marcela Medeiros, ficando R$102,80 cada. | Protocolo: 202603171699316;1;0.0;0.0;__EXCLUIR__;;;Não calculado;URL;URL;URL;Não considerado;Sem link no Card Financeiro
18/03/2026;2026;3;Mar.;março;2026-03;Mar./26;Vinicius Simões;Vinicius Simões;True;clinicadraliviasabia;Upgrade;Não informado;Servidores;Servidores;—;Migração/Outro;Não informado;Outros motivos descritos;Upgrade: - Servidor 2/4 - R$ 89,00;1;0.0;0.0;Upgrade;;;Não calculado;Servidores;Servidores;Servidor;Não considerado;Sem link no Card Financeiro
19/03/2026;2026;3;Mar.;março;2026-03;Mar./26;Guilherme Virgilio Soares;Guilherme Virgilio Soares;True;provisaoclinica;Migração para número oficial;Não informado;Migração para número oficial;Migração para número oficial;—;Migração/Outro;Não informado;Outros motivos descritos;Não informado;1;0.0;0.0;Migração;;;Não calculado;Migração para número oficial;Migração para número oficial;Conexão;Não considerado;Sem link no Card Financeiro
19/03/2026;2026;3;Mar.;março;2026-03;Mar./26;Guilherme Virgilio Soares;Guilherme Virgilio Soares;True;sidecont;Solicitação de Bonificação e Desconto;Não informado;Servidores;Servidores;—;Migração/Outro;Não informado;Redução de custo;- Solicitação de desconto:  Feito o upgrade de servidor para o 4/8, com bonificação da diferença do valor do servidor 2/4, conforme o protocolo: 202603171698974. Desconto liberado por Paulo Carvalho.;1;0.0;0.0;__EXCLUIR__;;;Não calculado;Servidores;Servidores;Servidor;Não considerado;Sem link no Card Financeiro
19/03/2026;2026;3;Mar.;março;2026-03;Mar./26;Guilherme Virgilio Soares;Guilherme Virgilio Soares;True;sidecont;Upgrade;Não informado;Servidores;Servidores;—;Migração/Outro;Não informado;Outros motivos descritos;- Upgrade: Servidor 4/8 (com desconto) | R$89,00;1;0.0;0.0;Upgrade;;;Não calculado;Servidores;Servidores;Servidor;Não considerado;Sem link no Card Financeiro
20/03/2026;2026;3;Mar.;março;2026-03;Mar./26;Usuário não identificado;Usuário inexistente;False;grupooperandi;Upgrade;Não informado;Primeira ativação de número oficial;Primeira ativação de número oficial;—;Migração/Outro;Não informado;Outros motivos descritos;Migração da conexão adicional (satandard) para oficial;1;0.0;0.0;Upgrade;;;Não calculado;Primeira ativação de número oficial;Primeira ativação de número oficial;Conexão;Não considerado;Sem link no Card Financeiro
20/03/2026;2026;3;Mar.;março;2026-03;Mar./26;Leticia Silva;Leticia Silva;True;advcostaemartins;Downgrade;Não informado;Chat interno;Chat interno;—;Migração/Outro;Não viu valor agregado;Redução de custo;- Down Chat Interno (cliente disse que a função não está sendo muito efetivo, pois o mesmo não envia notificações.;1;0.0;0.0;Downgrade;;;Não calculado;Chat interno;Chat interno;Módulos;Não considerado;Sem link no Card Financeiro
20/03/2026;2026;3;Mar.;março;2026-03;Mar./26;Leticia Silva;Leticia Silva;True;clinican2;Upgrade;Não informado;Servidores;Servidores;—;Migração/Outro;Não informado;Outros motivos descritos;Up Servidor 2/4 (R$89,00).;1;0.0;0.0;Upgrade;;;Não calculado;Servidores;Servidores;Servidor;Não considerado;Sem link no Card Financeiro
20/03/2026;2026;3;Mar.;março;2026-03;Mar./26;Leticia Silva;Leticia Silva;True;homma;Migração para número oficial;Não informado;Migração para número oficial;Migração para número oficial;—;Migração/Outro;Não informado;Outros motivos descritos;Não informado;1;0.0;0.0;Migração;;;Não calculado;Migração para número oficial;Migração para número oficial;Conexão;Não considerado;Sem link no Card Financeiro
25/03/2026;2026;3;Mar.;março;2026-03;Mar./26;Usuário não identificado;Usuário inexistente;False;drexameosasco;Upgrade;Não informado;Primeira ativação de número oficial;Primeira ativação de número oficial;—;Migração/Outro;Não informado;Outros motivos descritos;Primeira ativação de número oficial;1;0.0;0.0;Upgrade;;;Não calculado;Primeira ativação de número oficial;Primeira ativação de número oficial;Conexão;Não considerado;Sem link no Card Financeiro
25/03/2026;2026;3;Mar.;março;2026-03;Mar./26;Melissa Duarte;Melissa Duarte;True;senacmt;Solicitação de Bonificação e Desconto;Não informado;Usuário adicional;Usuário adicional;—;Migração/Outro;Não informado;Outros motivos descritos;Liberado pela Patricia, gerente comercial, 3 usuários bonificados para o SENAC;1;0.0;0.0;__EXCLUIR__;;;Não calculado;Usuário adicional;Usuário adicional;Usuários;Não considerado;Sem link no Card Financeiro
26/03/2026;2026;3;Mar.;março;2026-03;Mar./26;Usuário não identificado;Usuário inexistente;False;gastrolife;Upgrade;Não informado;Conexão adicional de WhatsApp;Conexão adicional de WhatsApp;—;Up;Não informado;Outros motivos descritos;Não informado;1;89.0;0.0;Upgrade;;;Não calculado;Conexão adicional de WhatsApp;Conexão adicional de WhatsApp;Conexão;Não considerado;Sem link no Card Financeiro
26/03/2026;2026;3;Mar.;março;2026-03;Mar./26;Luis Siqueira;Luis Siqueira;True;mhtrindade;Migração para número oficial;Não informado;Migração para número oficial;Migração para número oficial;—;Up;Não informado;Outros motivos descritos;CONEXÃO ADICIONA;1;89.0;0.0;Migração;;;Não calculado;Migração para número oficial;"Migração para número oficial; Primeira ativação de número oficial";Conexão;Não considerado;Sem link no Card Financeiro
26/03/2026;2026;3;Mar.;março;2026-03;Mar./26;Luis Siqueira;Luis Siqueira;True;mhtrindade;Migração para número oficial;Não informado;Primeira ativação de número oficial;Primeira ativação de número oficial;—;Up;Não informado;Outros motivos descritos;CONEXÃO ADICIONA;1;0.0;0.0;Migração;;;Não calculado;Primeira ativação de número oficial;"Migração para número oficial; Primeira ativação de número oficial";Conexão;Não considerado;Sem link no Card Financeiro
27/03/2026;2026;3;Mar.;março;2026-03;Mar./26;Luis Siqueira;Luis Siqueira;True;alumiaeducacional;Solicitação de Teste;Não informado;Funil de vendas;Funil de vendas;—;Migração/Outro;Não informado;Outros motivos descritos;Não informado;1;0.0;0.0;Teste;;;Não calculado;Funil de vendas;Funil de vendas;Módulos;Não considerado;Sem link no Card Financeiro
30/03/2026;2026;3;Mar.;março;2026-03;Mar./26;Usuário não identificado;Usuário inexistente;False;scmartinscontabilidade;Migração para número oficial;Não informado;Migração para número oficial;Migração para número oficial;—;Migração/Outro;Não informado;Outros motivos descritos;Não informado;1;0.0;0.0;Migração;;;Não calculado;Migração para número oficial;Migração para número oficial;Conexão;Não considerado;Sem link no Card Financeiro
30/03/2026;2026;3;Mar.;março;2026-03;Mar./26;Vinicius Simões;Vinicius Simões;True;grupocaomcomercial;Downgrade;Não informado;URL;URL;—;Down;Sem informação;Outros motivos descritos;"Downgrade: - Plano Acelera - R$ 99,00  OBS: a cliente esta expandindo seu plano, com isso, será necessário mudar do plano acelera para plano base. Como não temos o ""plano acelera"" e o ""plano base"" na Hub, vou utilizar o produto ""URL"" para representar estes casos.";1;0.0;99.0;Downgrade;;;Não calculado;URL;URL;URL;Não considerado;Sem link no Card Financeiro
30/03/2026;2026;3;Mar.;março;2026-03;Mar./26;Vinicius Simões;Vinicius Simões;True;grupocaomcomercial;Upgrade;Não informado;URL;URL;—;Up;Não informado;Outros motivos descritos;"Upgrade: - Plano Base - R$ 197,00  OBS: a cliente esta expandindo seu plano, com isso, será necessário mudar do plano acelera para plano base. Como não temos o ""plano acelera"" e o ""plano base"" na Hub, vou utilizar o produto ""URL"" para representar estes casos.";1;197.0;0.0;Upgrade;;;Não calculado;URL;URL;URL;Não considerado;Sem link no Card Financeiro
30/03/2026;2026;3;Mar.;março;2026-03;Mar./26;Vinicius Simões;Vinicius Simões;True;johnathanadv;Downgrade;Não informado;Funil de vendas;Funil de vendas;—;Down;Bug Plataforma;Redução de custo;Downgrade: - Funil de Vendas - R$ 49,90  Motivo: o cliente entrou em contato pois gostaria de reduzir tanto o Funil de Vendas, quanto cinco usuários adicionais, o motivo que ele disse foi por causa de desconexões constantes, porém, devido ao fato dele não ter arquivado os usuários, eu mantive estes produtos ativos.;1;0.0;49.9;Downgrade;;;Não calculado;Funil de vendas;Funil de vendas;Módulos;Não considerado;Sem link no Card Financeiro
31/03/2026;2026;3;Mar.;março;2026-03;Mar./26;Usuário não identificado;Usuário inexistente;False;grupooperandi;Migração para número oficial;Não informado;Migração para número oficial;Migração para número oficial;—;Migração/Outro;Não informado;Outros motivos descritos;Não informado;1;0.0;0.0;Migração;;;Não calculado;Migração para número oficial;Migração para número oficial;Conexão;Não considerado;Sem link no Card Financeiro
02/04/2026;2026;4;Abr.;abril;2026-04;Abr./26;Vinicius Simões;Vinicius Simões;True;avodahimoveis;Downgrade;Não informado;Conexão Facebook Messenger;Conexão Facebook Messenger;—;Down;Redução de demanda;Redução de custo;Downgrade: - 1x Conexão de Facebook - R$ 49,50  Motivo: a cliente explicou que eles pararam de utilizar depois que contrataram uma empresa de marketing própria para acompanhar o fluxo das redes sociais.;1;0.0;49.5;Downgrade;;;Não calculado;Conexão Facebook Messenger;Conexão Facebook Messenger;Conexão;Não considerado;Sem link no Card Financeiro
06/04/2026;2026;4;Abr.;abril;2026-04;Abr./26;Usuário não identificado;Usuário inexistente;False;rioinsuranceus;Solicitação de robô;Não informado;Robô personalizado;Robô personalizado;—;Migração/Outro;Não informado;Outros motivos descritos;Robô personalizado | 4 páginas extras no script, cada uma por U$7,76 totalizando U$31,04 |;1;0.0;0.0;Robô;;;Não calculado;Robô personalizado;Robô personalizado;Robô;Não considerado;Sem link no Card Financeiro
06/04/2026;2026;4;Abr.;abril;2026-04;Abr./26;Usuário não identificado;Usuário inexistente;False;rioinsuranceus;Upgrade;Não informado;Robô personalizado;Robô personalizado;—;Migração/Outro;Não informado;Outros motivos descritos;202604061717977 | Robô personalizado | 4 páginas extras no script, cada uma por U$7,76 totalizando U$31,04 |;1;0.0;0.0;Upgrade;;;Não calculado;Robô personalizado;Robô personalizado;Robô;Não considerado;Sem link no Card Financeiro
07/04/2026;2026;4;Abr.;abril;2026-04;Abr./26;Leticia Silva;Leticia Silva;True;avanteassessoria;Upgrade;Não informado;Chat interno;Chat interno;—;Up;Não informado;Outros motivos descritos;Up Chat Interno (R$89,00).;1;89.0;0.0;Upgrade;;;Não calculado;Chat interno;Chat interno;Módulos;Não considerado;Sem link no Card Financeiro
07/04/2026;2026;4;Abr.;abril;2026-04;Abr./26;Luis Siqueira;Luis Siqueira;True;icc;Upgrade;Não informado;Conexão adicional de WhatsApp;Conexão adicional de WhatsApp;—;Up;Não informado;Redução de custo;Cliente fez a contratação de uma conexão oficial, no valor de R$ 89,00;1;89.0;0.0;Upgrade;;;Não calculado;Conexão adicional de WhatsApp;Conexão adicional de WhatsApp;Conexão;Não considerado;Sem link no Card Financeiro
08/04/2026;2026;4;Abr.;abril;2026-04;Abr./26;Usuário não identificado;Usuário inexistente;False;telinoeregaladoadv;Migração para número oficial;Não informado;Migração para número oficial;Migração para número oficial;—;Migração/Outro;Não informado;Outros motivos descritos;Não informado;1;0.0;0.0;Migração;;;Não calculado;Migração para número oficial;Migração para número oficial;Conexão;Não considerado;Sem link no Card Financeiro
08/04/2026;2026;4;Abr.;abril;2026-04;Abr./26;Guilherme Virgilio Soares;Guilherme Virgilio Soares;True;goldempresas;Migração para número oficial;Não informado;Migração para número oficial;Migração para número oficial;—;Migração/Outro;Não informado;Outros motivos descritos;Não informado;1;0.0;0.0;Migração;;;Não calculado;Migração para número oficial;Migração para número oficial;Conexão;Não considerado;Sem link no Card Financeiro
08/04/2026;2026;4;Abr.;abril;2026-04;Abr./26;Guilherme Virgilio Soares;Guilherme Virgilio Soares;True;institutogabilheri;Downgrade;Não informado;Integração de prateleira;Integração de prateleira;—;Down;Integração (responsabilidade terceiro);Cancelamento / encerramento;- Downgrade: Integração RD Station CRM | R$59,99 |  Motivo: Cliente informa que, por mudanças de políticas internas da empresa, tiveram que cancelar o próprio sistema RD Station e, por conta disso, não irão utilizar mais a integração.;1;0.0;59.99;Downgrade;;;Não calculado;Integração de prateleira;Integração de prateleira;Integração;Não considerado;Sem link no Card Financeiro
08/04/2026;2026;4;Abr.;abril;2026-04;Abr./26;Leticia Silva;Leticia Silva;True;contabilizedigital;Downgrade;Não informado;Integração de prateleira;Integração de prateleira;—;Down;Falta de Funcionalidade;Outros motivos descritos;Down Integração RD Marketing / Receive Form (R$59,99) > Up Integração RD Marketing / Receive Form (R$59,99).;1;0.0;59.99;Downgrade;;;Não calculado;Integração de prateleira;Integração de prateleira;Integração;Não considerado;Sem link no Card Financeiro
08/04/2026;2026;4;Abr.;abril;2026-04;Abr./26;Leticia Silva;Leticia Silva;True;contabilizedigital;Upgrade;Não informado;Integração de prateleira;Integração de prateleira;—;Up;Não informado;Outros motivos descritos;Down Integração RD Marketing / Receive Form (R$59,99) > Up Integração RD Marketing / Receive Form (R$59,99).;1;59.99;0.0;Upgrade;;;Não calculado;Integração de prateleira;Integração de prateleira;Integração;Não considerado;Sem link no Card Financeiro
08/04/2026;2026;4;Abr.;abril;2026-04;Abr./26;Leticia Silva;Leticia Silva;True;goldensquaresbc;Upgrade;Não informado;Servidores;Servidores;—;Up;Não informado;Outros motivos descritos;Up Servidor 2/4 (R$89,00).;1;89.0;0.0;Upgrade;;;Não calculado;Servidores;Servidores;Servidor;Não considerado;Sem link no Card Financeiro
08/04/2026;2026;4;Abr.;abril;2026-04;Abr./26;Leticia Silva;Leticia Silva;True;sigasul;Solicitação de Bonificação e Desconto;Não informado;Usuário adicional;Usuário adicional;—;Migração/Outro;Não informado;Outros motivos descritos;Cliente entrou em contato via ramal (2301) solicitando desconto nas 2 conexões que iria contratar. Pelo fato do plano dele já possuir condições diferenciadas, em caráter de exceção, bonifiquei 1 usuário adicional dos 18 que ele possui contratado até o momento.;1;0.0;0.0;__EXCLUIR__;;;Não calculado;Usuário adicional;Usuário adicional;Usuários;Não considerado;Sem link no Card Financeiro
09/04/2026;2026;4;Abr.;abril;2026-04;Abr./26;Usuário não identificado;Usuário inexistente;False;servicecaixa;Upgrade;Não informado;Pacotes SMS Disparo em Massa;Pacotes SMS Disparo em Massa;—;Migração/Outro;Não informado;Outros motivos descritos;Não informado;1;0.0;0.0;Upgrade;;;Não calculado;Pacotes SMS Disparo em Massa;Pacotes SMS Disparo em Massa;SMS;Não considerado;Sem link no Card Financeiro
09/04/2026;2026;4;Abr.;abril;2026-04;Abr./26;Usuário não identificado;Usuário inexistente;False;servicecaixa;Upgrade;Não informado;Pacotes SMS Disparo em Massa;Pacotes SMS Disparo em Massa;—;Up;Não informado;Redução de custo;Upgrade créditos de SMS - Pacote 1.000 créditos - valor R$ 130,00 | 202604081720770;1;130.0;0.0;Upgrade;;;Não calculado;Pacotes SMS Disparo em Massa;Pacotes SMS Disparo em Massa;SMS;Não considerado;Sem link no Card Financeiro
09/04/2026;2026;4;Abr.;abril;2026-04;Abr./26;Usuário não identificado;Usuário inexistente;False;camadijoias;Upgrade;Não informado;Integração de prateleira;Integração de prateleira;—;Up;Não informado;Outros motivos descritos;202603251708502 | Upgrade | Integração RD CRM | R$59,99;1;59.99;0.0;Upgrade;;;Não calculado;Integração de prateleira;Integração de prateleira;Integração;Não considerado;Sem link no Card Financeiro
09/04/2026;2026;4;Abr.;abril;2026-04;Abr./26;Usuário não identificado;Usuário inexistente;False;fgp;Solicitação de Bonificação e Desconto;Não informado;Usuário adicional;Usuário adicional;—;Migração/Outro;Não informado;Outros motivos descritos;Bonificado | 2 usuários | Cliente afirma que realizará uma expansão no próximo mês;1;0.0;0.0;__EXCLUIR__;;;Não calculado;Usuário adicional;Usuário adicional;Usuários;Não considerado;Sem link no Card Financeiro
09/04/2026;2026;4;Abr.;abril;2026-04;Abr./26;Usuário não identificado;Usuário inexistente;False;floracea;Upgrade;Não informado;Integração de prateleira;Integração de prateleira;—;Up;Não informado;Outros motivos descritos;Upgrade | Integração Digisac x Bling | R$59,99;1;59.99;0.0;Upgrade;;;Não calculado;Integração de prateleira;Integração de prateleira;Integração;Não considerado;Sem link no Card Financeiro
09/04/2026;2026;4;Abr.;abril;2026-04;Abr./26;Guilherme Virgilio Soares;Guilherme Virgilio Soares;True;lacadministradora;Upgrade;Não informado;Integração de prateleira;Integração de prateleira;—;Up;Não informado;Outros motivos descritos;- Upgrade:  Integração Almah condomínios | R$ 59,99;1;59.99;0.0;Upgrade;;;Não calculado;Integração de prateleira;Integração de prateleira;Integração;Não considerado;Sem link no Card Financeiro
09/04/2026;2026;4;Abr.;abril;2026-04;Abr./26;Marcela Medeiros;Marcela Medeiros;True;maira;Downgrade;Não informado;Servidores;Servidores;—;Down;Sem informação;Redução de custo;Realizado ajuste no plano: Estava com 5 unidades do servidor 2/4, reduzi 4 e deixei apenas um de R$ 89,00;1;0.0;356.0;Downgrade;;;Não calculado;Servidores;Servidores;Servidor;Não considerado;Sem link no Card Financeiro
10/04/2026;2026;4;Abr.;abril;2026-04;Abr./26;Usuário não identificado;Usuário inexistente;False;britoassociados;Upgrade;Não informado;Transcrição de Áudio;Transcrição de Áudio;—;Migração/Outro;Não informado;Outros motivos descritos;Não informado;1;0.0;0.0;Upgrade;;;Não calculado;Transcrição de Áudio;Transcrição de Áudio;IA;Não considerado;Sem link no Card Financeiro
10/04/2026;2026;4;Abr.;abril;2026-04;Abr./26;Guilherme Virgilio Soares;Guilherme Virgilio Soares;True;facilitecontabilidade;Migração para número oficial;Não informado;Migração para número oficial;Migração para número oficial;—;Migração/Outro;Não informado;Outros motivos descritos;Não informado;1;0.0;0.0;Migração;;;Não calculado;Migração para número oficial;Migração para número oficial;Conexão;Não considerado;Sem link no Card Financeiro
10/04/2026;2026;4;Abr.;abril;2026-04;Abr./26;Sem proprietário;Usuário inexistente;False;gsdf;Solicitação de Teste;Não informado;Integração;Integração;—;Migração/Outro;Não informado;Outros motivos descritos;Não informado;1;0.0;0.0;Teste;;;Não calculado;Integração;Integração;Integração;Não considerado;Sem link no Card Financeiro
13/04/2026;2026;4;Abr.;abril;2026-04;Abr./26;Usuário não identificado;Usuário inexistente;False;audicontcontabilidade;Upgrade;Não informado;Chat interno;Chat interno;—;Up;Não informado;Outros motivos descritos;Upgrade do Chat Interno - R$ 89,00 | 202604131726018;1;89.0;0.0;Upgrade;;;Não calculado;Chat interno;Chat interno;Módulos;Não considerado;Sem link no Card Financeiro
13/04/2026;2026;4;Abr.;abril;2026-04;Abr./26;Usuário não identificado;Usuário inexistente;False;portalnet;Downgrade;Não informado;Conexão adicional de WhatsApp;Conexão adicional de WhatsApp;—;Down;Redução de demanda;Redução de custo;Downgrade Servidor 4/8 - R$ 169,00 | Integração Ixc R$ 49,00 | Conexão Adicional de WhatsApp R$ 89,00 (problema ao reduzir pelo meu plano) | Motivo: Preciso do custo minimo possivel da paltaforma, pois não vamos utiliza-la nos proximos dias e precisamos cortar custos | 202604131725100;1;0.0;307.0;Downgrade;;;Não calculado;Conexão adicional de WhatsApp;"Conexão adicional de WhatsApp; Servidores; Integração";Conexão;Não considerado;Sem link no Card Financeiro
13/04/2026;2026;4;Abr.;abril;2026-04;Abr./26;Usuário não identificado;Usuário inexistente;False;portalnet;Downgrade;Não informado;Servidores;Servidores;—;Down;Redução de demanda;Redução de custo;Downgrade Servidor 4/8 - R$ 169,00 | Integração Ixc R$ 49,00 | Conexão Adicional de WhatsApp R$ 89,00 (problema ao reduzir pelo meu plano) | Motivo: Preciso do custo minimo possivel da paltaforma, pois não vamos utiliza-la nos proximos dias e precisamos cortar custos | 202604131725100;1;0.0;0.0;Downgrade;;;Não calculado;Servidores;"Conexão adicional de WhatsApp; Servidores; Integração";Servidor;Não considerado;Sem link no Card Financeiro
13/04/2026;2026;4;Abr.;abril;2026-04;Abr./26;Usuário não identificado;Usuário inexistente;False;portalnet;Downgrade;Não informado;Integração;Integração;—;Down;Redução de demanda;Redução de custo;Downgrade Servidor 4/8 - R$ 169,00 | Integração Ixc R$ 49,00 | Conexão Adicional de WhatsApp R$ 89,00 (problema ao reduzir pelo meu plano) | Motivo: Preciso do custo minimo possivel da paltaforma, pois não vamos utiliza-la nos proximos dias e precisamos cortar custos | 202604131725100;1;0.0;0.0;Downgrade;;;Não calculado;Integração;"Conexão adicional de WhatsApp; Servidores; Integração";Integração;Não considerado;Sem link no Card Financeiro
13/04/2026;2026;4;Abr.;abril;2026-04;Abr./26;Vinicius Simões;Vinicius Simões;True;organicodochico;Downgrade;Não informado;Resumo Inteligente;Resumo Inteligente;—;Down;Não se adaptou ao produto;Problema técnico / limitação;"Downgrade: - IA Agente Inteligente | 1.000 créditos | R$ 112,90 - IA Resumo Inteligente | 500 créditos | R$ 34,90  Motivos: - Resumo Inteligente: o cliente simplesmente informou que nunca chegaram a prestar atenção no resumo, visto que nunca precisaram desta informação. - Agente Inteligente: ele mencionou que a ferramenta era ""travada"". Como exemplo, ele explicou que o agente não permite configurar a mensagem que a IA envia para quando um cliente envia arquivos e ela precisa explicar que não entende este tipo de mensagem.";1;0.0;147.8;Downgrade;;;Não calculado;Resumo Inteligente;"Resumo Inteligente; IA Agent";IA;Não considerado;Sem link no Card Financeiro
13/04/2026;2026;4;Abr.;abril;2026-04;Abr./26;Vinicius Simões;Vinicius Simões;True;organicodochico;Downgrade;Não informado;IA Agent;IA Agent;—;Down;Não se adaptou ao produto;Problema técnico / limitação;"Downgrade: - IA Agente Inteligente | 1.000 créditos | R$ 112,90 - IA Resumo Inteligente | 500 créditos | R$ 34,90  Motivos: - Resumo Inteligente: o cliente simplesmente informou que nunca chegaram a prestar atenção no resumo, visto que nunca precisaram desta informação. - Agente Inteligente: ele mencionou que a ferramenta era ""travada"". Como exemplo, ele explicou que o agente não permite configurar a mensagem que a IA envia para quando um cliente envia arquivos e ela precisa explicar que não entende este tipo de mensagem.";1;0.0;0.0;Downgrade;;;Não calculado;IA Agent;"Resumo Inteligente; IA Agent";IA;Não considerado;Sem link no Card Financeiro
15/04/2026;2026;4;Abr.;abril;2026-04;Abr./26;Priscila Pavani;Priscila Pavani;True;barcelossop1c;Upgrade;Não informado;Conexão adicional de WhatsApp;Conexão adicional de WhatsApp;—;Up;Não informado;Redução de custo;Tipo: Upgrade Produto: 1 conexão comum de WhatsApp URL: barcelossop1c Valor: R$ 59,00 Protocolo: 202604141726551;1;59.0;0.0;Upgrade;;;Não calculado;Conexão adicional de WhatsApp;Conexão adicional de WhatsApp;Conexão;Não considerado;Sem link no Card Financeiro
15/04/2026;2026;4;Abr.;abril;2026-04;Abr./26;Priscila Pavani;Priscila Pavani;True;barcelossop1c;Upgrade;Não informado;Conexão adicional de WhatsApp;Conexão adicional de WhatsApp;—;Up;Não informado;Redução de custo;Tipo: Upgrade Produto: 2 conexões comuns URL: barcelossop1c Valor: R$ 118,00 Protocolo: 202604141726551;1;118.0;0.0;Upgrade;;;Não calculado;Conexão adicional de WhatsApp;Conexão adicional de WhatsApp;Conexão;Não considerado;Sem link no Card Financeiro
17/04/2026;2026;4;Abr.;abril;2026-04;Abr./26;Guilherme Virgilio Soares;Guilherme Virgilio Soares;True;icc;Upgrade;Não informado;Conexão adicional de WhatsApp;Conexão adicional de WhatsApp;—;Up;Não informado;Outros motivos descritos;"- Upgrade: Conexão adicional de WhatsApp | R$ 89,00 |  (Cliente não tem acesso à aba ""meu plano"")";1;89.0;0.0;Upgrade;;;Não calculado;Conexão adicional de WhatsApp;Conexão adicional de WhatsApp;Conexão;Não considerado;Sem link no Card Financeiro
17/04/2026;2026;4;Abr.;abril;2026-04;Abr./26;Yemuri Teodoro;Yemuri Teodoro;True;mariaemiliatanajura;Downgrade;Não informado;Integração de prateleira;Integração de prateleira;—;Down;Sem informação;Baixa utilização / sem valor percebido;Downgrade:  - Integração com Trello - R$89,99  Motivo: Cliente entrou em coontato solicitando o canncelamento do Trello por não utilizar. Houve a tentativa de entender melhor sobre o  motivo do downgrade porém a cliente não deu mais detalhes.;1;0.0;89.99;Downgrade;;;Não calculado;Integração de prateleira;Integração de prateleira;Integração;Não considerado;Sem link no Card Financeiro
20/04/2026;2026;4;Abr.;abril;2026-04;Abr./26;Guilherme Virgilio Soares;Guilherme Virgilio Soares;True;siqueiralink;Solicitação de Teste;Não informado;Servidores;Servidores;—;Up;Não informado;Outros motivos descritos;Não informado;1;169.0;0.0;Teste;;;Não calculado;Servidores;Servidores;Servidor;Não considerado;Sem link no Card Financeiro
22/04/2026;2026;4;Abr.;abril;2026-04;Abr./26;Luis Siqueira;Luis Siqueira;True;la3cefis;Upgrade;Não informado;Servidores;Servidores;—;Up;Não informado;Outros motivos descritos;Contratação do servidor 8/12 - alinhado via Paulo o desconto de R$ 71,00;1;199.0;0.0;Upgrade;;;Não calculado;Servidores;Servidores;Servidor;Não considerado;Sem link no Card Financeiro
23/04/2026;2026;4;Abr.;abril;2026-04;Abr./26;Usuário não identificado;Usuário inexistente;False;florianosolucoes;Upgrade;Não informado;Servidores;Servidores;—;Up;Não informado;Outros motivos descritos;Upgrade Servidor 2/4, indicado pelo suporte (Ana Lins) | 202604231734478;1;89.0;0.0;Upgrade;;;Não calculado;Servidores;Servidores;Servidor;Não considerado;Sem link no Card Financeiro
23/04/2026;2026;4;Abr.;abril;2026-04;Abr./26;Yemuri Teodoro;Yemuri Teodoro;True;casadaslatas;Downgrade;Não informado;Usuário adicional;Usuário adicional;—;Down;Dificuldade financeira;Redução de custo;DOWNGRADE  1 Usuário Adicional - R$29,00  PROTOCOLO - 202604221734163   MOTIVO - Dificuldade financeira  Cliente não conseguiu fazer pelo meu plano. Tem usuários bonificados.;1;0.0;29.0;Downgrade;;;Não calculado;Usuário adicional;Usuário adicional;Usuários;Não considerado;Sem link no Card Financeiro
23/04/2026;2026;4;Abr.;abril;2026-04;Abr./26;Yemuri Teodoro;Yemuri Teodoro;True;casadaslatas;Downgrade;Não informado;Usuário adicional;Usuário adicional;—;Down;Dificuldade financeira;Redução de custo;DOWNGRADE 1 Usuário Adicional - R$29,00 - PROTOCOLO - 202604221734163 -- MOTIVO - Dificuldade financeira . cliente nao conseguiu fazer por conta.;1;0.0;29.0;Downgrade;;;Não calculado;Usuário adicional;Usuário adicional;Usuários;Não considerado;Sem link no Card Financeiro
24/04/2026;2026;4;Abr.;abril;2026-04;Abr./26;Marcela Medeiros;Marcela Medeiros;True;settemadvogados;Upgrade;Não informado;Servidores;Servidores;—;Migração/Outro;Não informado;Redução de custo;Servidor 2/4 alterado para 4/8 e valor mantido por R$ 89,00 mensais em exceção (utilizada a margem do plano, histórico recente de Reclamação Google e com JIRA SUS-3259 em andamnento) - Protocolo 202604241735644;1;0.0;0.0;Upgrade;;;Não calculado;Servidores;Servidores;Servidor;Não considerado;Sem link no Card Financeiro
28/04/2026;2026;4;Abr.;abril;2026-04;Abr./26;Sem proprietário;Usuário inexistente;False;parkpio;Upgrade;Não informado;Conexão adicional de WhatsApp;Conexão adicional de WhatsApp;—;Up;Não informado;Outros motivos descritos;Upgrade | Usuário adicional | 1x R$ 29,00 Conexão adicional de whatsapp | 2x R$ 89,00 | R$ 178,00;1;207.0;0.0;Upgrade;;;Não calculado;Conexão adicional de WhatsApp;"Conexão adicional de WhatsApp; Usuário adicional";Conexão;Não considerado;Sem link no Card Financeiro
28/04/2026;2026;4;Abr.;abril;2026-04;Abr./26;Sem proprietário;Usuário inexistente;False;parkpio;Upgrade;Não informado;Usuário adicional;Usuário adicional;—;Up;Não informado;Outros motivos descritos;Upgrade | Usuário adicional | 1x R$ 29,00 Conexão adicional de whatsapp | 2x R$ 89,00 | R$ 178,00;1;0.0;0.0;Upgrade;;;Não calculado;Usuário adicional;"Conexão adicional de WhatsApp; Usuário adicional";Usuários;Não considerado;Sem link no Card Financeiro
29/04/2026;2026;4;Abr.;abril;2026-04;Abr./26;Usuário não identificado;Usuário inexistente;False;nefadv;Downgrade;Não informado;Servidores;Servidores;—;Down;Solução própria;Troca de solução / concorrente;Downgrade do servidor 4/8 (R$ 169,00) | 202604291740691;1;0.0;169.0;Downgrade;;;Não calculado;Servidores;Servidores;Servidor;Não considerado;Sem link no Card Financeiro
29/04/2026;2026;4;Abr.;abril;2026-04;Abr./26;Marcela Medeiros;Marcela Medeiros;True;202604291740268;Upgrade;Não informado;Usuário adicional;Usuário adicional;—;Up;Não informado;Redução de custo;Up de um usuário, protocolo 202604291740268 | Valor de R$ 26,10 acordado somente para esse usuário!!! Licença será utilizada para monitoramento interno e em exceção com autorização da liderança, foi concedido o desconto.;1;26.1;0.0;Upgrade;;;Não calculado;Usuário adicional;Usuário adicional;Usuários;Não considerado;Sem link no Card Financeiro
30/04/2026;2026;4;Abr.;abril;2026-04;Abr./26;Usuário não identificado;Usuário inexistente;False;nucleodrmenegucci;Downgrade;Não informado;Conexão Instagram Direct;Conexão Instagram Direct;—;Down;Não viu valor agregado;Redução de custo;Downgrade Conexão de Instagram R$ 89,00 | Motivo: A cliente informou que não tinha conhecimento de que possuía a coneão de Instagram contratada e, após validação interna, confirmou que o recurso não é utilizado na operação atual. | 202604301741550;1;0.0;89.0;Downgrade;;;Não calculado;Conexão Instagram Direct;Conexão Instagram Direct;Conexão;Não considerado;Sem link no Card Financeiro
05/05/2026;2026;5;Mai.;maio;2026-05;Mai./26;Tadiane Biason;Tadiane Biason;True;razonet;Downgrade;Não informado;Conexão adicional de WhatsApp;Conexão adicional de WhatsApp;—;Down;Centralização URL (conexão);Outros motivos descritos;Tipo: Dowgrade  Produto: 2 conexoes standard - 79,00 cada / total: 158,00   URL: razonet  Protocolo: 202605051745370;1;0.0;158.0;Downgrade;;;Não calculado;Conexão adicional de WhatsApp;Conexão adicional de WhatsApp;Conexão;Não considerado;Sem link no Card Financeiro
05/05/2026;2026;5;Mai.;maio;2026-05;Mai./26;Yemuri Teodoro;Yemuri Teodoro;True;rbprintart;Downgrade;Não informado;Integração;Integração;—;Down;Migrando de Plataforma;Processo/uso operacional;DOWNGRADE Trello - R$89,99 Adotaram outro método de organização na operação. Mudaram para um ERP na empresa que já possui o método de cards nativo. Protocolo: 202605051745293;1;0.0;89.99;Downgrade;;;Não calculado;Integração;Integração;Integração;Não considerado;Sem link no Card Financeiro
06/05/2026;2026;5;Mai.;maio;2026-05;Mai./26;Usuário não identificado;Usuário inexistente;False;testedesconsiderar;Upgrade;Não informado;Conexão adicional de WhatsApp - WABA;Conexão adicional de WhatsApp - WABA;—;Up;Não informado;Outros motivos descritos;teste;1;89.0;0.0;Upgrade;;;Não calculado;Conexão adicional de WhatsApp - WABA;Conexão adicional de WhatsApp - WABA;Conexão;Não considerado;Sem link no Card Financeiro
06/05/2026;2026;5;Mai.;maio;2026-05;Mai./26;Usuário não identificado;Usuário inexistente;False;desipatricio;Downgrade;Não informado;Chat interno;Chat interno;—;Down;Não se adaptou ao produto;Cancelamento / encerramento;"Cliente não gostou de utilizar o chat pois ele não permite ""buscar"" em uma lupa as mensagens antigas. Sobre a IA, não teve tempo de configurar e alega ser leiga nesse assunto. E por falta de uso prefere cancelar.";1;0.0;201.9;Downgrade;;;Não calculado;Chat interno;"Chat interno; IA Agent";Módulos;Não considerado;Sem link no Card Financeiro
06/05/2026;2026;5;Mai.;maio;2026-05;Mai./26;Usuário não identificado;Usuário inexistente;False;desipatricio;Downgrade;Não informado;IA Agent;IA Agent;—;Down;Não se adaptou ao produto;Cancelamento / encerramento;"Cliente não gostou de utilizar o chat pois ele não permite ""buscar"" em uma lupa as mensagens antigas. Sobre a IA, não teve tempo de configurar e alega ser leiga nesse assunto. E por falta de uso prefere cancelar.";1;0.0;0.0;Downgrade;;;Não calculado;IA Agent;"Chat interno; IA Agent";IA;Não considerado;Sem link no Card Financeiro
06/05/2026;2026;5;Mai.;maio;2026-05;Mai./26;Usuário não identificado;Usuário inexistente;False;desipatricio;Downgrade;Não informado;Chat interno;Chat interno;—;Migração/Outro;Não se adaptou ao produto;Cancelamento / encerramento;"Cliente não gostou de utilizar o chat pois ele não permite ""buscar"" em uma lupa as mensagens antigas. Sobre a IA, não teve tempo de configurar e alega ser leiga nesse assunto. E por falta de uso prefere cancelar.";1;0.0;0.0;Downgrade;;;Não calculado;Chat interno;"Chat interno; IA Agent";Módulos;Não considerado;Sem link no Card Financeiro
06/05/2026;2026;5;Mai.;maio;2026-05;Mai./26;Usuário não identificado;Usuário inexistente;False;desipatricio;Downgrade;Não informado;IA Agent;IA Agent;—;Migração/Outro;Não se adaptou ao produto;Cancelamento / encerramento;"Cliente não gostou de utilizar o chat pois ele não permite ""buscar"" em uma lupa as mensagens antigas. Sobre a IA, não teve tempo de configurar e alega ser leiga nesse assunto. E por falta de uso prefere cancelar.";1;0.0;0.0;Downgrade;;;Não calculado;IA Agent;"Chat interno; IA Agent";IA;Não considerado;Sem link no Card Financeiro
07/05/2026;2026;5;Mai.;maio;2026-05;Mai./26;Usuário não identificado;Usuário inexistente;False;viagemnamente;Upgrade;Não informado;IA Agent;IA Agent;—;Up;Não informado;Outros motivos descritos;Upgrade: Agente Inteligente - 2000 créditos  | 219,90;1;219.9;0.0;Upgrade;;;Não calculado;IA Agent;IA Agent;IA;Não considerado;Sem link no Card Financeiro
07/05/2026;2026;5;Mai.;maio;2026-05;Mai./26;Leticia Silva;Leticia Silva;True;condominiosdirey;Upgrade;Não informado;Integração de prateleira;Integração de prateleira;—;Up;Não informado;Outros motivos descritos;Up Integração Superlogica condominios R$69,99.;1;69.99;0.0;Upgrade;;;Não calculado;Integração de prateleira;Integração de prateleira;Integração;Não considerado;Sem link no Card Financeiro
08/05/2026;2026;5;Mai.;maio;2026-05;Mai./26;Usuário não identificado;Usuário inexistente;False;cresolgetuliovargas;Downgrade;Não informado;Usuário adicional;Usuário adicional;—;Down;Redução de funcionários;Redução de custo;Downgradede 3 usuários, total de R$ 65,70 (21,90 cada);1;0.0;65.7;Downgrade;;;Não calculado;Usuário adicional;Usuário adicional;Usuários;Não considerado;Sem link no Card Financeiro
08/05/2026;2026;5;Mai.;maio;2026-05;Mai./26;Guilherme Virgilio Soares;Guilherme Virgilio Soares;True;estrelacapital;Downgrade;Não informado;Conexão adicional de WhatsApp;Conexão adicional de WhatsApp;—;Down;Redução de funcionários;Redução de custo;- Downgrade: 1x Conexão adicional de WhatsApp Standard (com desconto) | R$ 79,00 |  Motivo: cliente informa que foi realizada uma dissolução da sociedade e, com isso, feita a divisão de setores e números. Por isso, ficaram com uma conexão sem necessidade, então decidiram reduzir.;1;0.0;79.0;Downgrade;;;Não calculado;Conexão adicional de WhatsApp;Conexão adicional de WhatsApp;Conexão;Não considerado;Sem link no Card Financeiro
11/05/2026;2026;5;Mai.;maio;2026-05;Mai./26;Guilherme Virgilio Soares;Guilherme Virgilio Soares;True;platviagens;Upgrade;Não informado;Servidores;Servidores;—;Up;Não informado;Outros motivos descritos;- Upgrade: Servidor 2/4 | R$ 89,00 |;1;89.0;0.0;Upgrade;;;Não calculado;Servidores;Servidores;Servidor;Não considerado;Sem link no Card Financeiro
12/05/2026;2026;5;Mai.;maio;2026-05;Mai./26;Guilherme Virgilio Soares;Guilherme Virgilio Soares;True;platviagens;Upgrade;Não informado;Servidores;Servidores;—;Up;Não informado;Outros motivos descritos;- Upgrade: Servidor 2/4 | R$ 89,00 |;1;89.0;0.0;Upgrade;;;Não calculado;Servidores;Servidores;Servidor;Não considerado;Sem link no Card Financeiro
14/05/2026;2026;5;Mai.;maio;2026-05;Mai./26;Leticia Silva;Leticia Silva;True;ikasa;Upgrade;Não informado;Integração;Integração;—;Up;Não informado;Outros motivos descritos;Up Integração Superlogica Condominios (R$69,99).;1;69.99;0.0;Upgrade;;;Não calculado;Integração;Integração;Integração;Não considerado;Sem link no Card Financeiro
14/05/2026;2026;5;Mai.;maio;2026-05;Mai./26;Leticia Silva;Leticia Silva;True;plamevconsultoriapet;Solicitação de Bonificação e Desconto;Não informado;Conexão adicional de WhatsApp;Conexão adicional de WhatsApp;—;Migração/Outro;Não informado;Outros motivos descritos;Bonificação de 1 conexão adicional de WhatsApp.;1;0.0;0.0;__EXCLUIR__;;;Não calculado;Conexão adicional de WhatsApp;Conexão adicional de WhatsApp;Conexão;Não considerado;Sem link no Card Financeiro
14/05/2026;2026;5;Mai.;maio;2026-05;Mai./26;Sem proprietário;Usuário inexistente;False;liziaborrello;Upgrade;Não informado;Conexão Instagram Direct;Conexão Instagram Direct;—;Up;Não informado;Outros motivos descritos;Up: Contratação de conexão adicional de Instagram (Direct) | 89,00 EM DÓLAR;1;89.0;0.0;Upgrade;;;Não calculado;Conexão Instagram Direct;Conexão Instagram Direct;Conexão;Não considerado;Sem link no Card Financeiro
15/05/2026;2026;5;Mai.;maio;2026-05;Mai./26;Usuário não identificado;Usuário inexistente;False;avivickassessoria;Upgrade;Não informado;Resumo Inteligente;Resumo Inteligente;—;Up;Não informado;Outros motivos descritos;Upgrade IA Resumo Inteligente - Plano 500 créditos - R$ 29,90 e IA CSAT - Plano 500 créditos - R$ 14,90. Total -R$ 44,80 | 202605151756768;1;44.8;0.0;Upgrade;;;Não calculado;Resumo Inteligente;"Resumo Inteligente; IA CSAT";IA;Não considerado;Sem link no Card Financeiro
15/05/2026;2026;5;Mai.;maio;2026-05;Mai./26;Usuário não identificado;Usuário inexistente;False;avivickassessoria;Upgrade;Não informado;IA CSAT;IA CSAT;—;Up;Não informado;Outros motivos descritos;Upgrade IA Resumo Inteligente - Plano 500 créditos - R$ 29,90 e IA CSAT - Plano 500 créditos - R$ 14,90. Total -R$ 44,80 | 202605151756768;1;0.0;0.0;Upgrade;;;Não calculado;IA CSAT;"Resumo Inteligente; IA CSAT";IA;Não considerado;Sem link no Card Financeiro
15/05/2026;2026;5;Mai.;maio;2026-05;Mai./26;Usuário não identificado;Usuário inexistente;False;leloimoveis;Upgrade;Não informado;Resumo Inteligente;Resumo Inteligente;—;Migração/Outro;Não informado;Outros motivos descritos;Upgrade: IA Texto Mágico – 2.000 créditos | R$29,90 IA Resumo Inteligente – Plano 2.000 créditos (com desconto) | R$75,90  Total = R$ 105,80;1;0.0;0.0;Upgrade;;;Não calculado;Resumo Inteligente;"Resumo Inteligente; Texto Mágico";IA;Não considerado;Sem link no Card Financeiro
15/05/2026;2026;5;Mai.;maio;2026-05;Mai./26;Usuário não identificado;Usuário inexistente;False;leloimoveis;Upgrade;Não informado;Texto Mágico;Texto Mágico;—;Migração/Outro;Não informado;Outros motivos descritos;Upgrade: IA Texto Mágico – 2.000 créditos | R$29,90 IA Resumo Inteligente – Plano 2.000 créditos (com desconto) | R$75,90  Total = R$ 105,80;1;0.0;0.0;Upgrade;;;Não calculado;Texto Mágico;"Resumo Inteligente; Texto Mágico";IA;Não considerado;Sem link no Card Financeiro
15/05/2026;2026;5;Mai.;maio;2026-05;Mai./26;Sem proprietário;Usuário inexistente;False;dinamcorp;Upgrade;Não informado;Conexão adicional de WhatsApp;Conexão adicional de WhatsApp;—;Up;Não informado;Problema técnico / limitação;Upgrade - Conexão adicional de Whatsapp (FEITO MANUALMENTE DEVIDO A FALHA NA FUNCIONALIDADE MEU PLANO) R$ 89,00;1;89.0;0.0;Upgrade;;;Não calculado;Conexão adicional de WhatsApp;Conexão adicional de WhatsApp;Conexão;Não considerado;Sem link no Card Financeiro
18/05/2026;2026;5;Mai.;maio;2026-05;Mai./26;Usuário não identificado;Usuário inexistente;False;bdrops;Downgrade;Não informado;Integração de prateleira;Integração de prateleira;—;Down;Desistência da contratação;Cancelamento / encerramento;Downgrade Integração Pipefy - R$ 59,99 | Motivo: recurso não aderente à necessidade operacional da empresa. Cliente optou pelo cancelamento após validar o funcionamento da integração com a Pipefy e identificar que o recurso, neste momento, atende ao envio de mensagens automatizadas a partir das movimentações dos cards no Pipefy. A expectativa operacional era utilizar a integração para criação e gerenciamento de cards diretamente pela Digisac, funcionalidade que não faz parte do escopo atual da integração | 202605181757347;1;0.0;59.99;Downgrade;;;Não calculado;Integração de prateleira;Integração de prateleira;Integração;Não considerado;Sem link no Card Financeiro
18/05/2026;2026;5;Mai.;maio;2026-05;Mai./26;Usuário não identificado;Usuário inexistente;False;dpatrickseguross;Downgrade;Não informado;Conexão adicional de WhatsApp;Conexão adicional de WhatsApp;—;Migração/Outro;Não informado;Outros motivos descritos;Não informado;1;0.0;0.0;Downgrade;;;Não calculado;Conexão adicional de WhatsApp;Conexão adicional de WhatsApp;Conexão;Não considerado;Sem link no Card Financeiro
19/05/2026;2026;5;Mai.;maio;2026-05;Mai./26;Tadiane Biason;Tadiane Biason;True;tactuscontabilidade;Solicitação de Teste;Não informado;Integração de prateleira;Integração de prateleira;—;Up;Não informado;Outros motivos descritos;Não informado;1;59.99;0.0;Teste;;;Não calculado;Integração de prateleira;Integração de prateleira;Integração;Não considerado;Sem link no Card Financeiro
20/05/2026;2026;5;Mai.;maio;2026-05;Mai./26;Usuário não identificado;Usuário inexistente;False;ramsignori;Downgrade;Não informado;Funil de vendas;Funil de vendas;—;Down;Não viu valor agregado;Redução de custo;Não informado;1;0.0;89.0;Downgrade;;;Não calculado;Funil de vendas;Funil de vendas;Módulos;Não considerado;Sem link no Card Financeiro
20/05/2026;2026;5;Mai.;maio;2026-05;Mai./26;Guilherme Virgilio Soares;Guilherme Virgilio Soares;True;contabilizadigital2;Downgrade;Não informado;IA CSAT;IA CSAT;—;Down;Custo Benefício;Redução de custo;- Downgrade: IA CSAT - 5.000 créditos | R$ 95,90 |  1x Conexão adicional WhatsApp Standard | R$ 89,00 |  Motivo: Cliente informa que -> de fato, no momento, nós não estamos utilizando essas duas funções. Pelo que percebemos no nosso dia a dia, elas acabaram não fazendo muito sentido para a nossa operação atual e, por isso, a demanda de uso acabou sendo muito baixa. Não foi necessariamente uma questão de falha funcional, mas sim de aderência ao nosso processo e necessidade no momento. Acabamos priorizando outras funcionalidades que têm feito mais sentido para o time e para a rotina operacional. Caso haja alguma evolução ou um novo cenário em que essas funções façam mais sentido para nós, podemos revisitar a utilização.;1;0.0;184.9;Downgrade;;;Não calculado;IA CSAT;IA CSAT;IA;Não considerado;Sem link no Card Financeiro
20/05/2026;2026;5;Mai.;maio;2026-05;Mai./26;Noemy Biazão;Noemy Biazão;True;mafraseguros;Upgrade;Não informado;Funil de vendas;Funil de vendas;—;Up;Não informado;Redução de custo;Upgrade de Funil de vendas - Valor R$49,00;1;98.0;0.0;Upgrade;;;Não calculado;Funil de vendas;Funil de vendas;Módulos;Não considerado;Sem link no Card Financeiro
20/05/2026;2026;5;Mai.;maio;2026-05;Mai./26;Sem proprietário;Usuário inexistente;False;aformula;Migração para número oficial;Não informado;Migração para número oficial;Migração para número oficial;—;Migração/Outro;Não informado;Outros motivos descritos;Não informado;1;0.0;0.0;Migração;;;Não calculado;Migração para número oficial;Migração para número oficial;Conexão;Não considerado;Sem link no Card Financeiro
20/05/2026;2026;5;Mai.;maio;2026-05;Mai./26;Sem proprietário;Usuário inexistente;False;barucseguros2026;Upgrade;Não informado;Chat interno;Chat interno;—;Migração/Outro;Não informado;Outros motivos descritos;Não informado;1;0.0;0.0;Upgrade;;;Não calculado;Chat interno;Chat interno;Módulos;Não considerado;Sem link no Card Financeiro
21/05/2026;2026;5;Mai.;maio;2026-05;Mai./26;Usuário não identificado;Usuário inexistente;False;mistero;Downgrade;Não informado;Servidores;Servidores;—;Down;Redução de demanda;Redução de custo;Downgrade Chat Interno - R$ 89,00 // Servidor 2/4 R$ 89,00. Total R$ 178,00. Motivo: Cliente solicitou redução da estrutura operacional após diminuição da equipe de captação ativa devido a strikes recorrentes. Com a redução de usuários, o chat interno e o servidor atual deixaram de fazer sentido para o cenário operacional atual da empresa;1;0.0;178.0;Downgrade;;;Não calculado;Servidores;"Servidores; Chat interno";Servidor;Não considerado;Sem link no Card Financeiro
21/05/2026;2026;5;Mai.;maio;2026-05;Mai./26;Usuário não identificado;Usuário inexistente;False;mistero;Downgrade;Não informado;Chat interno;Chat interno;—;Down;Redução de demanda;Redução de custo;Downgrade Chat Interno - R$ 89,00 // Servidor 2/4 R$ 89,00. Total R$ 178,00. Motivo: Cliente solicitou redução da estrutura operacional após diminuição da equipe de captação ativa devido a strikes recorrentes. Com a redução de usuários, o chat interno e o servidor atual deixaram de fazer sentido para o cenário operacional atual da empresa;1;0.0;0.0;Downgrade;;;Não calculado;Chat interno;"Servidores; Chat interno";Módulos;Não considerado;Sem link no Card Financeiro
21/05/2026;2026;5;Mai.;maio;2026-05;Mai./26;Marcela Medeiros;Marcela Medeiros;True;nofiresistemas;Upgrade;Não informado;Chat interno;Chat interno;—;Up;Não informado;Outros motivos descritos;Up chat interno, protocolo 202605211762548;1;89.0;0.0;Upgrade;;;Não calculado;Chat interno;Chat interno;Módulos;Não considerado;Sem link no Card Financeiro
21/05/2026;2026;5;Mai.;maio;2026-05;Mai./26;Melissa Duarte;Melissa Duarte;True;portaldocredito;Downgrade;Não informado;IA Copiloto;IA Copiloto;—;Down;Desistência da contratação;Baixa utilização / sem valor percebido;Cliente disse que fez a contratação, porém não utilizaram e não viram funcionalidade para usar, desistiram da contratação.;1;0.0;72.9;Downgrade;;;Não calculado;IA Copiloto;IA Copiloto;IA;Não considerado;Sem link no Card Financeiro
22/05/2026;2026;5;Mai.;maio;2026-05;Mai./26;Usuário não identificado;Usuário inexistente;False;dronelandbrasil;Downgrade;Não informado;Funil de vendas;Funil de vendas;—;Down;Não viu valor agregado;Redução de custo;Downgrade Funil de Vendas - R$ 49,00. Motivo:Cliente solicitou cancelamento por baixa aderência e falta de uso da ferramenta no momento. Após a contratação, identificou que a solução não é necessária para a operação atual, mas não descarta uma recontratação no futuro. Houve expectativa inicial de uso, porém na prática não se mostrou aderente ao cenário atual;1;0.0;49.0;Downgrade;;;Não calculado;Funil de vendas;Funil de vendas;Módulos;Não considerado;Sem link no Card Financeiro
22/05/2026;2026;5;Mai.;maio;2026-05;Mai./26;Marcela Medeiros;Marcela Medeiros;True;linus;Downgrade;Não informado;Integração de prateleira;Integração de prateleira;—;Down;Integração (responsabilidade terceiro);Outros motivos descritos;Não está mais utilizando o sistema Ahreas, migrou para o  Almah;1;0.0;69.99;Downgrade;;;Não calculado;Integração de prateleira;Integração de prateleira;Integração;Não considerado;Sem link no Card Financeiro
22/05/2026;2026;5;Mai.;maio;2026-05;Mai./26;Marcela Medeiros;Marcela Medeiros;True;linus;Downgrade;Não informado;Integração de prateleira;Integração de prateleira;—;Down;Integração (responsabilidade terceiro);Outros motivos descritos;Down da integração Ahreas Condominios | Não está mais utilizando o sistema Ahreas;1;0.0;69.99;Downgrade;;;Não calculado;Integração de prateleira;Integração de prateleira;Integração;Não considerado;Sem link no Card Financeiro
25/05/2026;2026;5;Mai.;maio;2026-05;Mai./26;Usuário não identificado;Usuário inexistente;False;sqgtec;Upgrade;Não informado;Funil de vendas;Funil de vendas;—;Up;Não informado;Outros motivos descritos;Upgrade Funil de Vendas - R$ 49,00;1;49.0;0.0;Upgrade;;;Não calculado;Funil de vendas;Funil de vendas;Módulos;Não considerado;Sem link no Card Financeiro
25/05/2026;2026;5;Mai.;maio;2026-05;Mai./26;Usuário não identificado;Usuário inexistente;False;zubaleops;Downgrade;Não informado;Servidores;Servidores;—;Down;Migrando de Plataforma;Redução de custo;Downgrade Servidor 2/4 - R$ 89,00 e Conexão whatsapp R$ 89,00. Total: R$ 178,00. Motivo: Ajuste realizado via Agnus após cliente demonstrar intenção inicial de cancelamento da plataforma. Conforme solicitado, foi realizada a redução máxima possível de recursos no momento, mantendo apenas a estrutura mínima necessária para permanência da plataforma ativa;1;0.0;178.0;Downgrade;;;Não calculado;Servidores;"Servidores; Conexão adicional de WhatsApp";Servidor;Não considerado;Sem link no Card Financeiro
25/05/2026;2026;5;Mai.;maio;2026-05;Mai./26;Usuário não identificado;Usuário inexistente;False;zubaleops;Downgrade;Não informado;Conexão adicional de WhatsApp;Conexão adicional de WhatsApp;—;Down;Migrando de Plataforma;Redução de custo;Downgrade Servidor 2/4 - R$ 89,00 e Conexão whatsapp R$ 89,00. Total: R$ 178,00. Motivo: Ajuste realizado via Agnus após cliente demonstrar intenção inicial de cancelamento da plataforma. Conforme solicitado, foi realizada a redução máxima possível de recursos no momento, mantendo apenas a estrutura mínima necessária para permanência da plataforma ativa;1;0.0;0.0;Downgrade;;;Não calculado;Conexão adicional de WhatsApp;"Servidores; Conexão adicional de WhatsApp";Conexão;Não considerado;Sem link no Card Financeiro
25/05/2026;2026;5;Mai.;maio;2026-05;Mai./26;Guilherme Virgilio Soares;Guilherme Virgilio Soares;True;certipiaui;Solicitação de Teste;Não informado;Conexão adicional de WhatsApp;Conexão adicional de WhatsApp;—;Up;Não informado;Outros motivos descritos;Não informado;1;89.0;0.0;Teste;;;Não calculado;Conexão adicional de WhatsApp;Conexão adicional de WhatsApp;Conexão;Não considerado;Sem link no Card Financeiro
25/05/2026;2026;5;Mai.;maio;2026-05;Mai./26;Tadiane Biason;Tadiane Biason;True;grupoi9digital;Solicitação de Teste;Não informado;Integração de prateleira;Integração de prateleira;—;Up;Não informado;Outros motivos descritos;Não informado;1;59.99;0.0;Teste;;;Não calculado;Integração de prateleira;Integração de prateleira;Integração;Não considerado;Sem link no Card Financeiro
26/05/2026;2026;5;Mai.;maio;2026-05;Mai./26;Usuário não identificado;Usuário inexistente;False;lebebe;Solicitação de Bonificação e Desconto;Não informado;Servidores;Servidores;—;Migração/Outro;Não informado;Outros motivos descritos;Cliente contratou 3 conexões de whatsapp (via meu plano). Desconto da margem aplicado no servidor (de R$ 89,00 por R$ 65,00/mês);1;0.0;0.0;__EXCLUIR__;;;Não calculado;Servidores;Servidores;Servidor;Não considerado;Sem link no Card Financeiro
26/05/2026;2026;5;Mai.;maio;2026-05;Mai./26;Guilherme Virgilio Soares;Guilherme Virgilio Soares;True;vercan;Solicitação de Teste;Não informado;Conexão adicional de WhatsApp;Conexão adicional de WhatsApp;—;Up;Não informado;Outros motivos descritos;Não informado;1;89.0;0.0;Teste;;;Não calculado;Conexão adicional de WhatsApp;Conexão adicional de WhatsApp;Conexão;Não considerado;Sem link no Card Financeiro
27/05/2026;2026;5;Mai.;maio;2026-05;Mai./26;Usuário não identificado;Usuário inexistente;False;mjc;Upgrade;Não informado;IA Copiloto;IA Copiloto;—;Up;Não informado;Outros motivos descritos;Upgrade IA Copiloto - 500 créditos - R$ 49,90;1;49.9;0.0;Upgrade;;;Não calculado;IA Copiloto;IA Copiloto;IA;Não considerado;Sem link no Card Financeiro
27/05/2026;2026;5;Mai.;maio;2026-05;Mai./26;Usuário não identificado;Usuário inexistente;False;regionalfiltros;Upgrade;Não informado;Usuário adicional;Usuário adicional;—;Up;Não informado;Outros motivos descritos;Upgrade 1 usuário adicional para a url: digitalcertificadora;1;29.0;0.0;Upgrade;;;Não calculado;Usuário adicional;Usuário adicional;Usuários;Não considerado;Sem link no Card Financeiro
27/05/2026;2026;5;Mai.;maio;2026-05;Mai./26;Leticia Silva;Leticia Silva;True;aroppus;Migração para número oficial;Não informado;Migração para número oficial;Migração para número oficial;—;Migração/Outro;Não informado;Outros motivos descritos;Não informado;1;0.0;0.0;Migração;;;Não calculado;Migração para número oficial;Migração para número oficial;Conexão;Não considerado;Sem link no Card Financeiro
27/05/2026;2026;5;Mai.;maio;2026-05;Mai./26;Marcela Medeiros;Marcela Medeiros;True;grapel;Migração para número oficial;Não informado;Migração para número oficial;Migração para número oficial;—;Migração/Outro;Não informado;Outros motivos descritos;Não informado;1;0.0;0.0;Migração;;;Não calculado;Migração para número oficial;Migração para número oficial;Conexão;Não considerado;Sem link no Card Financeiro
28/05/2026;2026;5;Mai.;maio;2026-05;Mai./26;Usuário não identificado;Usuário inexistente;False;grupodg;Downgrade;Não informado;Servidores;Servidores;—;Down;Dificuldade financeira;Redução de custo;Downgrade do servidor 4/8 para o servidor 2/4 - R$ 89,00. Solicitado pela cliente e ciente das informações e impactos relacionados à redução da estrutura atual do servidor;1;0.0;89.0;Downgrade;;;Não calculado;Servidores;Servidores;Servidor;Não considerado;Sem link no Card Financeiro
28/05/2026;2026;5;Mai.;maio;2026-05;Mai./26;Leticia Silva;Leticia Silva;True;valemetais;Solicitação de Teste;Não informado;Chat interno;Chat interno;—;Up;Não informado;Outros motivos descritos;Não informado;1;89.0;0.0;Teste;;;Não calculado;Chat interno;Chat interno;Módulos;Não considerado;Sem link no Card Financeiro
28/05/2026;2026;5;Mai.;maio;2026-05;Mai./26;Noemy Biazão;Noemy Biazão;True;m3ta;Downgrade;Não informado;IA Copiloto;IA Copiloto;—;Down;Falta de Funcionalidade;Problema técnico / limitação;"Cliente disse: ""Não achei mto assertivo nas respostas, mesmo alimentando a base de conhecimento, e isso poderia ser um problema para o time que tenho hoje kkk""";1;0.0;135.9;Downgrade;;;Não calculado;IA Copiloto;IA Copiloto;IA;Não considerado;Sem link no Card Financeiro
29/05/2026;2026;5;Mai.;maio;2026-05;Mai./26;Usuário não identificado;Usuário inexistente;False;distribuidoragamma;Upgrade;Não informado;Usuário adicional;Usuário adicional;—;Up;Não informado;Outros motivos descritos;Upgrade 10 usuários R$ 290,00 (29,00 cada) Liberado um bonificado ao cliente;1;290.0;0.0;Upgrade;;;Não calculado;Usuário adicional;Usuário adicional;Usuários;Não considerado;Sem link no Card Financeiro
29/05/2026;2026;5;Mai.;maio;2026-05;Mai./26;Noemy Biazão;Noemy Biazão;True;destakconsultoria;Solicitação de Teste;Não informado;Funil de vendas;Funil de vendas;—;Up;Não informado;Outros motivos descritos;Não informado;1;49.0;0.0;Teste;;;Não calculado;Funil de vendas;Funil de vendas;Módulos;Não considerado;Sem link no Card Financeiro
01/06/2026;2026;6;Jun.;junho;2026-06;Jun./26;Melissa Duarte;Melissa Duarte;True;expressaocontabilfiscal;Migração para número oficial;Não informado;Migração para número oficial;Migração para número oficial;—;Migração/Outro;Não informado;Outros motivos descritos;Não informado;1;0.0;0.0;Migração;;;Não calculado;Migração para número oficial;Migração para número oficial;Conexão;Não considerado;Sem link no Card Financeiro
02/06/2026;2026;6;Jun.;junho;2026-06;Jun./26;Gustavo Medeiros;Gustavo Medeiros;True;seklasystems;Upgrade;Não informado;IA Copiloto;IA Copiloto;—;Up;Não informado;Outros motivos descritos;contratação de pacote de IA;1;114.0;0.0;Upgrade;;;Não calculado;IA Copiloto;IA Copiloto;IA;Não considerado;Sem link no Card Financeiro
02/06/2026;2026;6;Jun.;junho;2026-06;Jun./26;Marcela Medeiros;Marcela Medeiros;True;castanimoveistemporario;Criação de URL;Não informado;URL;URL;—;Migração/Outro;Não informado;Outros motivos descritos;Bonificação aprovada pelo Paulo (Diretor), ambiente para testes que será utilizado por poucos dias.;1;0.0;0.0;Criação de URL;;;Não calculado;URL;URL;URL;Não considerado;Sem link no Card Financeiro
02/06/2026;2026;6;Jun.;junho;2026-06;Jun./26;Mariana Nunes;Mariana Nunes;True;carmosociedadeadv1;Downgrade;Não informado;Usuário adicional;Usuário adicional;—;Down;Sem informação;Outros motivos descritos;Não informou;1;0.0;87.0;Downgrade;;;Não calculado;Usuário adicional;Usuário adicional;Usuários;Não considerado;Sem link no Card Financeiro
02/06/2026;2026;6;Jun.;junho;2026-06;Jun./26;Mariana Nunes;Mariana Nunes;True;srodrigues;Downgrade;Não informado;Funil de vendas;Funil de vendas;—;Down;Não se adaptou ao produto;Redução de custo;Não houve aderência da equipe à utilização da ferramenta, fazendo com que o serviço se tornasse um custo sem uso efetivo na operação.;1;0.0;89.0;Downgrade;;;Não calculado;Funil de vendas;Funil de vendas;Módulos;Não considerado;Sem link no Card Financeiro
02/06/2026;2026;6;Jun.;junho;2026-06;Jun./26;Noemy Biazão;Noemy Biazão;True;rrcontab;Downgrade;Não informado;Usuário adicional;Usuário adicional;—;Down;Redução de funcionários;Redução de custo;usuario especifico apenas pro imposto de renda, não necessita mais dele;1;0.0;29.0;Downgrade;;;Não calculado;Usuário adicional;Usuário adicional;Usuários;Não considerado;Sem link no Card Financeiro
02/06/2026;2026;6;Jun.;junho;2026-06;Jun./26;Priscila Pavani;Priscila Pavani;True;localcred5;Upgrade;Não informado;Conexão adicional de WhatsApp - WABA;Conexão adicional de WhatsApp - WABA;—;Up;Não informado;Redução de custo;Tipo: Upgrade Produto: 1 conexão WABA / Gupshup / Direct Payment Valor: R$ 89,00 URL: localcred5 Protocolo: 202605271768028;1;89.0;0.0;Upgrade;;;Não calculado;Conexão adicional de WhatsApp - WABA;Conexão adicional de WhatsApp - WABA;Conexão;Não considerado;Sem link no Card Financeiro
02/06/2026;2026;6;Jun.;junho;2026-06;Jun./26;Sem proprietário;Usuário inexistente;False;placasexpress;Upgrade;Não informado;Conexão adicional de WhatsApp - WABA;Conexão adicional de WhatsApp - WABA;—;Up;Não informado;Outros motivos descritos;Up Conexão Adicional Oficial;1;89.0;0.0;Upgrade;;;Não calculado;Conexão adicional de WhatsApp - WABA;Conexão adicional de WhatsApp - WABA;Conexão;Não considerado;Sem link no Card Financeiro
03/06/2026;2026;6;Jun.;junho;2026-06;Jun./26;Marcela Medeiros;Marcela Medeiros;True;castanimoveiss;Solicitação de Teste;Não informado;Servidores;Servidores;—;Migração/Outro;Não informado;Outros motivos descritos;Não informado;1;0.0;0.0;Teste;;;Não calculado;Servidores;Servidores;Servidor;Não considerado;Sem link no Card Financeiro
08/06/2026;2026;6;Jun.;junho;2026-06;Jun./26;Gustavo Medeiros;Gustavo Medeiros;True;deroofit;Downgrade;Não informado;Conexão Instagram Direct;Conexão Instagram Direct;—;Down;Custo Benefício;Redução de custo;Cancelamento de conexão de Instagram.;1;0.0;89.0;Downgrade;;;Não calculado;Conexão Instagram Direct;Conexão Instagram Direct;Conexão;Não considerado;Sem link no Card Financeiro
08/06/2026;2026;6;Jun.;junho;2026-06;Jun./26;Gustavo Medeiros;Gustavo Medeiros;True;euajudoaciencia;Upgrade;Não informado;Usuário adicional;Usuário adicional;—;Up;Não informado;Outros motivos descritos;Contratação de 20 usuários adicionais, sendo 2 destes bonificados, 1 conexão de WhatsApp e 1 conexão de Instagram.;1;611.0;0.0;Upgrade;;;Não calculado;Usuário adicional;"Usuário adicional; Conexão adicional de WhatsApp; Conexão Instagram Direct";Usuários;Não considerado;Sem link no Card Financeiro
08/06/2026;2026;6;Jun.;junho;2026-06;Jun./26;Gustavo Medeiros;Gustavo Medeiros;True;euajudoaciencia;Upgrade;Não informado;Conexão adicional de WhatsApp;Conexão adicional de WhatsApp;—;Up;Não informado;Outros motivos descritos;Contratação de 20 usuários adicionais, sendo 2 destes bonificados, 1 conexão de WhatsApp e 1 conexão de Instagram.;1;0.0;0.0;Upgrade;;;Não calculado;Conexão adicional de WhatsApp;"Usuário adicional; Conexão adicional de WhatsApp; Conexão Instagram Direct";Conexão;Não considerado;Sem link no Card Financeiro
08/06/2026;2026;6;Jun.;junho;2026-06;Jun./26;Gustavo Medeiros;Gustavo Medeiros;True;euajudoaciencia;Upgrade;Não informado;Conexão Instagram Direct;Conexão Instagram Direct;—;Up;Não informado;Outros motivos descritos;Contratação de 20 usuários adicionais, sendo 2 destes bonificados, 1 conexão de WhatsApp e 1 conexão de Instagram.;1;0.0;0.0;Upgrade;;;Não calculado;Conexão Instagram Direct;"Usuário adicional; Conexão adicional de WhatsApp; Conexão Instagram Direct";Conexão;Não considerado;Sem link no Card Financeiro
08/06/2026;2026;6;Jun.;junho;2026-06;Jun./26;Gustavo Medeiros;Gustavo Medeiros;True;grupomt;Downgrade;Não informado;Funil de vendas;Funil de vendas;—;Down;Redução de demanda;Redução de custo;Downgrade de funcionalidade: funil de vendas.;1;0.0;49.0;Downgrade;;;Não calculado;Funil de vendas;Funil de vendas;Módulos;Não considerado;Sem link no Card Financeiro
08/06/2026;2026;6;Jun.;junho;2026-06;Jun./26;Sem proprietário;Usuário inexistente;False;fabrijet;Solicitação de Bonificação e Desconto;Não informado;Distribuição automática;Distribuição automática;—;Migração/Outro;Não informado;Outros motivos descritos;Cliente informou que contratou a plataforma em 11 de maio, com todas as funcionalidades liberadas. De fato, ela possui diversas funções ativas já dentro da plataforma, mas a distribuição de chamados não é uma delas. Hoje, a cliente questionou por que isso não estava incluso no plano, sendo que ela pediu o plano mais completo possível.   Visando não atritar, liberei para a cliente um período de teste até sexta-feira, dia 12/06, para que ela valide se a solução de distribuição a atende.;1;0.0;0.0;__EXCLUIR__;;;Não calculado;Distribuição automática;Distribuição automática;Módulos;Não considerado;Sem link no Card Financeiro
08/06/2026;2026;6;Jun.;junho;2026-06;Jun./26;Sem proprietário;Usuário inexistente;False;fabrijet;Solicitação de Teste;Não informado;Distribuição automática;Distribuição automática;—;Migração/Outro;Não informado;Outros motivos descritos;Não informado;1;0.0;0.0;Teste;;;Não calculado;Distribuição automática;Distribuição automática;Módulos;Não considerado;Sem link no Card Financeiro
09/06/2026;2026;6;Jun.;junho;2026-06;Jun./26;Gustavo Medeiros;Gustavo Medeiros;True;deroofit;Migração para número oficial;Não informado;Migração para número oficial;Migração para número oficial;—;Migração/Outro;Não informado;Outros motivos descritos;Não informado;1;0.0;0.0;Migração;;;Não calculado;Migração para número oficial;Migração para número oficial;Conexão;Não considerado;Sem link no Card Financeiro
09/06/2026;2026;6;Jun.;junho;2026-06;Jun./26;Gustavo Medeiros;Gustavo Medeiros;True;mercatus;Upgrade;Não informado;Distribuição automática;Distribuição automática;—;Up;Não informado;Processo/uso operacional;Contratação de distribuição automática;1;89.0;0.0;Upgrade;;;Não calculado;Distribuição automática;Distribuição automática;Módulos;Não considerado;Sem link no Card Financeiro
09/06/2026;2026;6;Jun.;junho;2026-06;Jun./26;Gustavo Medeiros;Gustavo Medeiros;True;milhassellltda;Downgrade;Não informado;Usuário adicional;Usuário adicional;—;Down;Encerrando as Atividades;Cancelamento / encerramento;Desligamento de funcionário.;1;0.0;29.0;Downgrade;;;Não calculado;Usuário adicional;Usuário adicional;Usuários;Não considerado;Sem link no Card Financeiro
09/06/2026;2026;6;Jun.;junho;2026-06;Jun./26;Gustavo Medeiros;Gustavo Medeiros;True;portalbiocursos;Migração para número oficial;Não informado;Migração para número oficial;Migração para número oficial;—;Migração/Outro;Não informado;Outros motivos descritos;Não informado;1;0.0;0.0;Migração;;;Não calculado;Migração para número oficial;Migração para número oficial;Conexão;Não considerado;Sem link no Card Financeiro
09/06/2026;2026;6;Jun.;junho;2026-06;Jun./26;Gustavo Medeiros;Gustavo Medeiros;True;safie;Migração para número oficial;Não informado;Migração para número oficial;Migração para número oficial;—;Migração/Outro;Não informado;Outros motivos descritos;Não informado;1;0.0;0.0;Migração;;;Não calculado;Migração para número oficial;Migração para número oficial;Conexão;Não considerado;Sem link no Card Financeiro
09/06/2026;2026;6;Jun.;junho;2026-06;Jun./26;Leticia Silva;Leticia Silva;True;pharmadelle;Migração para número oficial;Não informado;Migração para número oficial;Migração para número oficial;—;Migração/Outro;Não informado;Outros motivos descritos;Não informado;1;0.0;0.0;Migração;;;Não calculado;Migração para número oficial;Migração para número oficial;Conexão;Não considerado;Sem link no Card Financeiro
09/06/2026;2026;6;Jun.;junho;2026-06;Jun./26;Sem proprietário;Usuário inexistente;False;equipeead;Downgrade;Não informado;Funil de vendas;Funil de vendas;—;Down;Solução própria;Troca de solução / concorrente;Não informado;1;0.0;49.0;Downgrade;;;Não calculado;Funil de vendas;Funil de vendas;Módulos;Não considerado;Sem link no Card Financeiro
10/06/2026;2026;6;Jun.;junho;2026-06;Jun./26;Marcela Medeiros;Marcela Medeiros;True;donizetegestaocontabil;Upgrade;Não informado;Servidores;Servidores;—;Up;Não informado;Outros motivos descritos;UP servidor 2/4;1;89.0;0.0;Upgrade;;;Não calculado;Servidores;Servidores;Servidor;Não considerado;Sem link no Card Financeiro
10/06/2026;2026;6;Jun.;junho;2026-06;Jun./26;Marcela Medeiros;Marcela Medeiros;True;youjoyidiomas;Solicitação de Bonificação e Desconto;Não informado;Usuário adicional;Usuário adicional;—;Migração/Outro;Não informado;Outros motivos descritos;1 Usuário já existente bonificado - autorizado pelo coordenador Luiz Medice - Prot. 202606091779874;1;0.0;0.0;__EXCLUIR__;;;Não calculado;Usuário adicional;Usuário adicional;Usuários;Não considerado;Sem link no Card Financeiro
10/06/2026;2026;6;Jun.;junho;2026-06;Jun./26;Mariana Nunes;Mariana Nunes;True;acsimao;Downgrade;Não informado;Texto Mágico;Texto Mágico;—;Down;Desistência da contratação;Cancelamento / encerramento;Cliente informou que nem o robô ainda por falta de tempo, então, optou por cancelar os recursos neste momento e pretende recontratá-los futuramente, após compreender melhor o processo de configuração e utilização dos recursos.;1;0.0;132.8;Downgrade;;;Não calculado;Texto Mágico;"Texto Mágico; IA Agent";IA;Não considerado;Sem link no Card Financeiro
10/06/2026;2026;6;Jun.;junho;2026-06;Jun./26;Mariana Nunes;Mariana Nunes;True;acsimao;Downgrade;Não informado;IA Agent;IA Agent;—;Down;Desistência da contratação;Cancelamento / encerramento;Cliente informou que nem o robô ainda por falta de tempo, então, optou por cancelar os recursos neste momento e pretende recontratá-los futuramente, após compreender melhor o processo de configuração e utilização dos recursos.;1;0.0;0.0;Downgrade;;;Não calculado;IA Agent;"Texto Mágico; IA Agent";IA;Não considerado;Sem link no Card Financeiro
11/06/2026;2026;6;Jun.;junho;2026-06;Jun./26;Usuário não identificado;Usuário inexistente;False;teste1;Criação de URL;Não informado;URL;URL;—;Migração/Outro;Não informado;Outros motivos descritos;Não informado;1;0.0;0.0;Criação de URL;;;Não calculado;URL;URL;URL;Não considerado;Sem link no Card Financeiro
11/06/2026;2026;6;Jun.;junho;2026-06;Jun./26;Guilherme Virgilio Soares;Guilherme Virgilio Soares;True;locamaquinas;Solicitação de Teste;Não informado;Funil de vendas;Funil de vendas;—;Up;Não informado;Outros motivos descritos;Não informado;1;49.0;0.0;Teste;;;Não calculado;Funil de vendas;Funil de vendas;Módulos;Não considerado;Sem link no Card Financeiro
15/06/2026;2026;6;Jun.;junho;2026-06;Jun./26;Gustavo Medeiros;Gustavo Medeiros;True;ellontecnologia;Upgrade;Não informado;Usuário adicional;Usuário adicional;—;Up;Não informado;Outros motivos descritos;4 USUÁRIOS;1;116.0;0.0;Upgrade;;;Não calculado;Usuário adicional;Usuário adicional;Usuários;Não considerado;Sem link no Card Financeiro
15/06/2026;2026;6;Jun.;junho;2026-06;Jun./26;Marcela Medeiros;Marcela Medeiros;True;castanimoveis;Solicitação de Bonificação e Desconto;Não informado;Servidores;Servidores;—;Migração/Outro;Não informado;Redução de custo;Servidor alterado de 2/4 para 4/8 sem alteração de custo, permanece pagando R$ 89,00 MENSAIS | Desconto de R$ 80,00 de acordo com margem do plano e devido a tratativa RA em andamento há 54 dias. (SUS-3220);1;0.0;0.0;__EXCLUIR__;;;Não calculado;Servidores;Servidores;Servidor;Não considerado;Sem link no Card Financeiro
15/06/2026;2026;6;Jun.;junho;2026-06;Jun./26;Mariana Nunes;Mariana Nunes;True;ikasa;Downgrade;Não informado;Integração;Integração;—;Down;Problema sistêmico (cliente);Problema técnico / limitação;Downgrade Integração Superlogica Condominios | Protocolo 202606151786434 | Motivo: Dificuldades com o suporte da Superlógica para a implementação da integração, levando a empresa a adotar uma solução alternativa.;1;0.0;69.99;Downgrade;;;Não calculado;Integração;Integração;Integração;Não considerado;Sem link no Card Financeiro
15/06/2026;2026;6;Jun.;junho;2026-06;Jun./26;Yemuri Teodoro;Yemuri Teodoro;True;servicon;Solicitação de Bonificação e Desconto;Não informado;Usuário adicional;Usuário adicional;—;Migração/Outro;Não informado;Outros motivos descritos;CLIENTE RETIDO. Contratou 3 usuários  adicionais e estamos bonificando com 1 usuário adicional.;1;0.0;0.0;__EXCLUIR__;;;Não calculado;Usuário adicional;Usuário adicional;Usuários;Não considerado;Sem link no Card Financeiro
15/06/2026;2026;6;Jun.;junho;2026-06;Jun./26;Yemuri Teodoro;Yemuri Teodoro;True;servicon;Solicitação de Bonificação e Desconto;Não informado;Usuário adicional;Usuário adicional;—;Migração/Outro;Não informado;Redução de custo;Cliente RETIDO. Cliente com 09 usuários adicionais. cliente desconhecia nossa integração com Acessórias. Apresentei e o mesmo decidiu ficar. O mesmo solicitou uma reunião para discutir alguns aspectos financeiros pois ele tinha interesse em adquirir alguns usuários adicionais.;1;0.0;0.0;__EXCLUIR__;;;Não calculado;Usuário adicional;Usuário adicional;Usuários;Não considerado;Sem link no Card Financeiro
16/06/2026;2026;6;Jun.;junho;2026-06;Jun./26;Gustavo Medeiros;Gustavo Medeiros;True;palomaksperandio;Solicitação de Bonificação e Desconto;Não informado;Conexão adicional de WhatsApp;Conexão adicional de WhatsApp;—;Migração/Outro;Não informado;Outros motivos descritos;Cliente quer contratar 17 conexões não oficiais;1;0.0;0.0;__EXCLUIR__;;;Não calculado;Conexão adicional de WhatsApp;Conexão adicional de WhatsApp;Conexão;Não considerado;Sem link no Card Financeiro
16/06/2026;2026;6;Jun.;junho;2026-06;Jun./26;Mariana Nunes;Mariana Nunes;True;portaldasbombasabc;Solicitação de Teste;Não informado;Integração;Integração;—;Migração/Outro;Não informado;Outros motivos descritos;Não informado;1;0.0;0.0;Teste;;;Não calculado;Integração;Integração;Integração;Não considerado;Sem link no Card Financeiro
16/06/2026;2026;6;Jun.;junho;2026-06;Jun./26;Noemy Biazão;Noemy Biazão;True;maceionorte;Downgrade;Não informado;Servidores;Servidores;—;Migração/Outro;Migrando de Plataforma;Redução de custo;Downgrade de: 1 usuario adicional: R$21,90 / 1 servidor 4/8: R$169,00 / 1 Conexão Adicional de WhatsApp: R$49,00 - Redução por questões contratuais da franquia, foram obrigados a migrar de plataforma pra uma padronizada: Vortex;1;0.0;0.0;Downgrade;;;Não calculado;Servidores;"Servidores; Usuário adicional; Conexão adicional de WhatsApp";Servidor;Não considerado;Sem link no Card Financeiro
16/06/2026;2026;6;Jun.;junho;2026-06;Jun./26;Noemy Biazão;Noemy Biazão;True;maceionorte;Downgrade;Não informado;Usuário adicional;Usuário adicional;—;Migração/Outro;Migrando de Plataforma;Redução de custo;Downgrade de: 1 usuario adicional: R$21,90 / 1 servidor 4/8: R$169,00 / 1 Conexão Adicional de WhatsApp: R$49,00 - Redução por questões contratuais da franquia, foram obrigados a migrar de plataforma pra uma padronizada: Vortex;1;0.0;0.0;Downgrade;;;Não calculado;Usuário adicional;"Servidores; Usuário adicional; Conexão adicional de WhatsApp";Usuários;Não considerado;Sem link no Card Financeiro
16/06/2026;2026;6;Jun.;junho;2026-06;Jun./26;Noemy Biazão;Noemy Biazão;True;maceionorte;Downgrade;Não informado;Conexão adicional de WhatsApp;Conexão adicional de WhatsApp;—;Migração/Outro;Migrando de Plataforma;Redução de custo;Downgrade de: 1 usuario adicional: R$21,90 / 1 servidor 4/8: R$169,00 / 1 Conexão Adicional de WhatsApp: R$49,00 - Redução por questões contratuais da franquia, foram obrigados a migrar de plataforma pra uma padronizada: Vortex;1;0.0;0.0;Downgrade;;;Não calculado;Conexão adicional de WhatsApp;"Servidores; Usuário adicional; Conexão adicional de WhatsApp";Conexão;Não considerado;Sem link no Card Financeiro
17/06/2026;2026;6;Jun.;junho;2026-06;Jun./26;Gustavo Medeiros;Gustavo Medeiros;True;kerbermidias;Solicitação de Teste;Não informado;Funil de vendas;Funil de vendas;—;Up;Não informado;Outros motivos descritos;Não informado;1;49.0;0.0;Teste;;;Não calculado;Funil de vendas;Funil de vendas;Módulos;Não considerado;Sem link no Card Financeiro
17/06/2026;2026;6;Jun.;junho;2026-06;Jun./26;Leticia Silva;Leticia Silva;True;amorsaudeavaresp;Migração para número oficial;Não informado;Migração para número oficial;Migração para número oficial;—;Migração/Outro;Não informado;Outros motivos descritos;Não informado;1;0.0;0.0;Migração;;;Não calculado;Migração para número oficial;Migração para número oficial;Conexão;Não considerado;Sem link no Card Financeiro
17/06/2026;2026;6;Jun.;junho;2026-06;Jun./26;Leticia Silva;Leticia Silva;True;euajudoaciencia;Migração para número oficial;Não informado;Migração para número oficial;Migração para número oficial;—;Migração/Outro;Não informado;Outros motivos descritos;Não informado;1;0.0;0.0;Migração;;;Não calculado;Migração para número oficial;Migração para número oficial;Conexão;Não considerado;Sem link no Card Financeiro
17/06/2026;2026;6;Jun.;junho;2026-06;Jun./26;Leticia Silva;Leticia Silva;True;mhrecife;Migração para número oficial;Não informado;Migração para número oficial;Migração para número oficial;—;Migração/Outro;Não informado;Outros motivos descritos;Não informado;1;0.0;0.0;Migração;;;Não calculado;Migração para número oficial;Migração para número oficial;Conexão;Não considerado;Sem link no Card Financeiro
17/06/2026;2026;6;Jun.;junho;2026-06;Jun./26;Melissa Duarte;Melissa Duarte;True;liderinteriores;Upgrade;Não informado;Usuário adicional;Usuário adicional;—;Up;Não informado;Outros motivos descritos;Up 2 usuários adicionais;1;58.0;0.0;Upgrade;;;Não calculado;Usuário adicional;Usuário adicional;Usuários;Não considerado;Sem link no Card Financeiro
18/06/2026;2026;6;Jun.;junho;2026-06;Jun./26;Mariana Nunes;Mariana Nunes;True;daianadenardiestudio;Downgrade;Não informado;Plano Base para Plano Acelera;Plano Base para Plano Acelera;—;Migração/Outro;Não informado;Cancelamento / encerramento;Downgrade do plano base e upgrade para o Plano Acelera, visando adequar a assinatura à necessidade do cliente e evitar churn | Protocolo 202606171789247;1;0.0;0.0;Downgrade;;;Não calculado;Plano Base para Plano Acelera;Plano Base para Plano Acelera;Plano;Não considerado;Sem link no Card Financeiro
18/06/2026;2026;6;Jun.;junho;2026-06;Jun./26;Sabrina Soares;Sabrina Soares;True;lettsports;Solicitação de Bonificação e Desconto;Não informado;Conexão Facebook Messenger;Conexão Facebook Messenger;—;Migração/Outro;Não informado;Outros motivos descritos;Cliente vai realizar o down de uma conexão waba e o upgrade de duas conexões, a de instagram e facebook. Questionou se é possível aplicarmos uma bonificação em uma dessas conexões.;1;0.0;0.0;__EXCLUIR__;;;Não calculado;Conexão Facebook Messenger;Conexão Facebook Messenger;Conexão;Não considerado;Sem link no Card Financeiro
18/06/2026;2026;6;Jun.;junho;2026-06;Jun./26;Sabrina Soares;Sabrina Soares;True;mjc;Downgrade;Não informado;Texto Mágico;Texto Mágico;—;Down;Não viu valor agregado;Redução de custo;Cliente informou que achou que usariam mais, como não estão usando, pediu cancelamento. Não informou nenhum problema com o produto e não deu mais detalhes.;1;0.0;29.9;Downgrade;;;Não calculado;Texto Mágico;Texto Mágico;IA;Não considerado;Sem link no Card Financeiro
19/06/2026;2026;6;Jun.;junho;2026-06;Jun./26;Gustavo Medeiros;Gustavo Medeiros;True;floracea;Downgrade;Não informado;Integração;Integração;—;Down;Falta de Funcionalidade;Cancelamento / encerramento;"Cliente solicitou cancelamento da integração com a Bling, em virtude de a integração não disparar templates e, por esse motivo, ao migrar o número dele para a API oficial, ele fica limitado ao primeiro template enviado. Depois, ele precisa fazer a interação e só aí a integração funciona; antes disso, não.";1;0.0;59.0;Downgrade;;;Não calculado;Integração;Integração;Integração;Não considerado;Sem link no Card Financeiro
19/06/2026;2026;6;Jun.;junho;2026-06;Jun./26;Leticia Silva;Leticia Silva;True;postnetmaringa;Upgrade;Não informado;Primeira ativação de número oficial;Primeira ativação de número oficial;—;Up;Não informado;Outros motivos descritos;Primeira ativação de número oficial;1;89.0;0.0;Upgrade;;;Não calculado;Primeira ativação de número oficial;Primeira ativação de número oficial;Conexão;Não considerado;Sem link no Card Financeiro
19/06/2026;2026;6;Jun.;junho;2026-06;Jun./26;Melissa Duarte;Melissa Duarte;True;triviapw;Upgrade;Não informado;Conexão adicional de WhatsApp - WABA;Conexão adicional de WhatsApp - WABA;—;Migração/Outro;Não informado;Outros motivos descritos;Não informado;1;0.0;0.0;Upgrade;;;Não calculado;Conexão adicional de WhatsApp - WABA;Conexão adicional de WhatsApp - WABA;Conexão;Não considerado;Sem link no Card Financeiro
19/06/2026;2026;6;Jun.;junho;2026-06;Jun./26;Sabrina Soares;Sabrina Soares;True;criarimoveis;Downgrade;Não informado;Conexão adicional de WhatsApp;Conexão adicional de WhatsApp;—;Down;Redução de demanda;Redução de custo;Cliente informou que está reduzindo por falta de uso, pois não possui usuários operando neste número.;1;0.0;89.0;Downgrade;;;Não calculado;Conexão adicional de WhatsApp;Conexão adicional de WhatsApp;Conexão;Não considerado;Sem link no Card Financeiro
19/06/2026;2026;6;Jun.;junho;2026-06;Jun./26;Sabrina Soares;Sabrina Soares;True;monteiroadvogados;Upgrade;Não informado;Resumo Inteligente;Resumo Inteligente;—;Up;Não informado;Outros motivos descritos;CLiente solicitou upgrade de resumo inteligente 500 créditos por 29,90.;1;29.9;0.0;Upgrade;;;Não calculado;Resumo Inteligente;Resumo Inteligente;IA;Não considerado;Sem link no Card Financeiro
19/06/2026;2026;6;Jun.;junho;2026-06;Jun./26;Sabrina Soares;Sabrina Soares;True;oliveiraeguerra;Upgrade;Não informado;Usuário adicional;Usuário adicional;—;Up;Não informado;Outros motivos descritos;Upgrade de usuário adicional por R$29;1;29.0;0.0;Upgrade;;;Não calculado;Usuário adicional;Usuário adicional;Usuários;Não considerado;Sem link no Card Financeiro
19/06/2026;2026;6;Jun.;junho;2026-06;Jun./26;Sem proprietário;Usuário inexistente;False;tvcardapp;Upgrade;Não informado;IA Agent;IA Agent;—;Migração/Outro;Não informado;Outros motivos descritos;Não informado;1;0.0;0.0;Upgrade;;;Não calculado;IA Agent;IA Agent;IA;Não considerado;Sem link no Card Financeiro
22/06/2026;2026;6;Jun.;junho;2026-06;Jun./26;Sabrina Soares;Sabrina Soares;True;grupoagape;Upgrade;Não informado;Distribuição automática;Distribuição automática;—;Migração/Outro;Não informado;Outros motivos descritos;Não informado;1;0.0;0.0;Upgrade;;;Não calculado;Distribuição automática;Distribuição automática;Módulos;Não considerado;Sem link no Card Financeiro
23/06/2026;2026;6;Jun.;junho;2026-06;Jun./26;Marcela Medeiros;Marcela Medeiros;True;mfcertificados;Solicitação de Bonificação e Desconto;Não informado;Servidores;Servidores;—;Migração/Outro;Não informado;Outros motivos descritos;Protocolo 202606231794322 | Desconto de R$ 80,00 concedido no servidor 4/8 em exceção e em conformidade a margem permitida pela composição atual do plano.;1;0.0;0.0;__EXCLUIR__;;;Não calculado;Servidores;Servidores;Servidor;Não considerado;Sem link no Card Financeiro
23/06/2026;2026;6;Jun.;junho;2026-06;Jun./26;Melissa Duarte;Melissa Duarte;True;coppmw;Downgrade;Não informado;Conexão Instagram Direct;Conexão Instagram Direct;—;Down;Não informado;Redução de custo;Downgrade Conexão de Instagram R$89,00 Redução pois não utilizou, autorizado pela Viviane (CS) o extorno desse valor (abatimento do valor na proxima fatura);1;0.0;89.0;Downgrade;;;Não calculado;Conexão Instagram Direct;Conexão Instagram Direct;Conexão;Não considerado;Sem link no Card Financeiro
24/06/2026;2026;6;Jun.;junho;2026-06;Jun./26;Priscila Pavani;Priscila Pavani;True;localcred5;Upgrade;Não informado;Servidores;Servidores;—;Up;Não informado;Redução de custo;Tipo: Upgrade Produto: 1 servidor 32/32 Valor: R$ 935,76 URL: localcred5 Protocolo: 202606231794482;1;935.76;0.0;Upgrade;;;Não calculado;Servidores;Servidores;Servidor;Não considerado;Sem link no Card Financeiro
24/06/2026;2026;6;Jun.;junho;2026-06;Jun./26;Priscila Pavani;Priscila Pavani;True;localcred7;Upgrade;Não informado;Servidores;Servidores;—;Up;Não informado;Redução de custo;Tipo: Upgrade Produto: 1 servidor 32/32 Valor: R$ 935,76 URL: localcred4 Protocolo: 202606231794482;1;935.76;0.0;Upgrade;;;Não calculado;Servidores;Servidores;Servidor;Não considerado;Sem link no Card Financeiro
24/06/2026;2026;6;Jun.;junho;2026-06;Jun./26;Priscila Pavani;Priscila Pavani;True;localcred7;Upgrade;Não informado;Servidores;Servidores;—;Up;Não informado;Redução de custo;Tipo: Upgrade Produto: 1 servidor 32/32 Valor: R$ 935,76 URL: localcred7 Protocolo: 202606231794482;1;1871.52;0.0;Upgrade;;;Não calculado;Servidores;Servidores;Servidor;Não considerado;Sem link no Card Financeiro
24/06/2026;2026;6;Jun.;junho;2026-06;Jun./26;Sabrina Soares;Sabrina Soares;True;centerfort;Upgrade;Não informado;Servidores;Servidores;—;Up;Não informado;Redução de custo;Upgrade de servidor 2/4 no valor de R$89.;1;89.0;0.0;Upgrade;;;Não calculado;Servidores;Servidores;Servidor;Não considerado;Sem link no Card Financeiro
24/06/2026;2026;6;Jun.;junho;2026-06;Jun./26;Sabrina Soares;Sabrina Soares;True;quanton3dd;Upgrade;Não informado;Funil de vendas;Funil de vendas;—;Up;Não informado;Redução de custo;Upgrade de Funil de vendas no valor de R$49.;1;49.0;0.0;Upgrade;;;Não calculado;Funil de vendas;Funil de vendas;Módulos;Não considerado;Sem link no Card Financeiro
25/06/2026;2026;6;Jun.;junho;2026-06;Jun./26;Usuário não identificado;Usuário inexistente;False;zcrosstore;Downgrade;Não informado;Conexão Instagram Direct;Conexão Instagram Direct;—;Down;Não se adaptou ao produto;Outros motivos descritos;Downgrade de conexão Instagram. Informou que como recebe muitas menções, não está valendo a pena finalizar sempre a quantidade de chamados que abre.;1;0.0;89.0;Downgrade;;;Não calculado;Conexão Instagram Direct;Conexão Instagram Direct;Conexão;Não considerado;Sem link no Card Financeiro
25/06/2026;2026;6;Jun.;junho;2026-06;Jun./26;Leticia Silva;Leticia Silva;True;aleph;Migração para número oficial;Não informado;Migração para número oficial;Migração para número oficial;—;Migração/Outro;Não informado;Outros motivos descritos;Não informado;1;0.0;0.0;Migração;;;Não calculado;Migração para número oficial;Migração para número oficial;Conexão;Não considerado;Sem link no Card Financeiro
25/06/2026;2026;6;Jun.;junho;2026-06;Jun./26;Sabrina Soares;Sabrina Soares;True;armazensgerais;Upgrade;Não informado;Servidores;Servidores;—;Up;Não informado;Outros motivos descritos;Não informado;1;178.0;0.0;Upgrade;;;Não calculado;Servidores;"Servidores; Conexão adicional de WhatsApp";Servidor;Não considerado;Sem link no Card Financeiro
25/06/2026;2026;6;Jun.;junho;2026-06;Jun./26;Sabrina Soares;Sabrina Soares;True;armazensgerais;Upgrade;Não informado;Conexão adicional de WhatsApp;Conexão adicional de WhatsApp;—;Up;Não informado;Outros motivos descritos;Não informado;1;0.0;0.0;Upgrade;;;Não calculado;Conexão adicional de WhatsApp;"Servidores; Conexão adicional de WhatsApp";Conexão;Não considerado;Sem link no Card Financeiro
26/06/2026;2026;6;Jun.;junho;2026-06;Jun./26;Marcela Medeiros;Marcela Medeiros;True;dinamoproia;Solicitação de Bonificação e Desconto;Não informado;Funil de vendas;Funil de vendas;—;Migração/Outro;Não informado;Outros motivos descritos;Carlos Soares solicitou a bonificação do funil de vendas na url em questão, por se tratar de BP foi autorizado pela Gerente Comercial Patricia Librandi. Email enviado para a chave do CS. Cliente é BP e precisa dessa funcionalidade para apresentação para os clientes.;1;0.0;0.0;__EXCLUIR__;;;Não calculado;Funil de vendas;Funil de vendas;Módulos;Não considerado;Sem link no Card Financeiro
26/06/2026;2026;6;Jun.;junho;2026-06;Jun./26;Sem proprietário;Usuário inexistente;False;capitalcredseguros;Downgrade;Não informado;Conexão Facebook Messenger;Conexão Facebook Messenger;—;Down;Redução de demanda;Redução de custo;Downgrade de Conexão de Messenger Facebook R$89,00 // Redução de funcionarios e redução de custos;1;0.0;89.0;Downgrade;;;Não calculado;Conexão Facebook Messenger;Conexão Facebook Messenger;Conexão;Não considerado;Sem link no Card Financeiro
30/06/2026;2026;6;Jun.;junho;2026-06;Jun./26;Sabrina Soares;Sabrina Soares;True;maisconsig;Solicitação de Bonificação e Desconto;Não informado;Conexão adicional de WhatsApp;Conexão adicional de WhatsApp;—;Migração/Outro;Não informado;Redução de custo;Cliente informou que utiliza todas as conexões, mas precisava remover uma conexão devido a condições financeiras. Como sua conexão API oficial é a que menos utiliza, pediu para remover ela mas que voltaria em breve. Conseguimos bonificar uma das suas 6 conexões Standard para não alterarmos o plano dele?;1;0.0;0.0;__EXCLUIR__;;;Não calculado;Conexão adicional de WhatsApp;Conexão adicional de WhatsApp;Conexão;Não considerado;Sem link no Card Financeiro
30/06/2026;2026;6;Jun.;junho;2026-06;Jun./26;Sem proprietário;Usuário inexistente;False;ollog;Migração para número oficial;Não informado;Migração para número oficial;Migração para número oficial;—;Migração/Outro;Não informado;Outros motivos descritos;Não informado;1;0.0;0.0;Migração;;;Não calculado;Migração para número oficial;Migração para número oficial;Conexão;Não considerado;Sem link no Card Financeiro
06/07/2026;2026;7;Jul.;julho;2026-07;Jul./26;Noemy Biazão;Noemy Biazão;True;noraholding;Solicitação de Bonificação e Desconto;Não informado;Conexão adicional de WhatsApp;Conexão adicional de WhatsApp;—;Migração/Outro;Não informado;Outros motivos descritos;Cliente solicitou um desconto no plano Após análise temos margem fazer um desconto de 10% no plano base pra ele pagar $45 dolares pois cliente tem 5 conexões de WhatsApp, cliente desde final de 2025 enão possuinenhum desconto ou bonificação no plano;1;0.0;0.0;__EXCLUIR__;;;Não calculado;Conexão adicional de WhatsApp;Conexão adicional de WhatsApp;Conexão;Não considerado;Sem link no Card Financeiro
07/07/2026;2026;7;Jul.;julho;2026-07;Jul./26;Leticia Silva;Leticia Silva;True;drogariasaoleopoldo;Migração para número oficial;Não informado;Migração para número oficial;Migração para número oficial;—;Migração/Outro;Não informado;Outros motivos descritos;Não informado;1;0.0;0.0;Migração;;;Não calculado;Migração para número oficial;Migração para número oficial;Conexão;Não considerado;Sem link no Card Financeiro
07/07/2026;2026;7;Jul.;julho;2026-07;Jul./26;Sabrina Soares;Sabrina Soares;True;idealmarcasepatentes;Solicitação de Bonificação e Desconto;Não informado;Transcrição de Áudio;Transcrição de Áudio;—;Migração/Outro;Não informado;Outros motivos descritos;O cliente informou que a diretoria da empresa está questionando a cobrança adicional pela funcionalidade de transcrição, já que recebeu propostas de outras empresas que já incluem esse recurso. Ele está solicitando essa bonificação porque deseja manter a parceria conosco, porém precisa apresentar um posicionamento à diretoria.;1;0.0;0.0;__EXCLUIR__;;;Não calculado;Transcrição de Áudio;Transcrição de Áudio;IA;Não considerado;Sem link no Card Financeiro
08/07/2026;2026;7;Jul.;julho;2026-07;Jul./26;Tadiane Biason;Tadiane Biason;True;myshopbh;Downgrade;Não informado;Conexão Facebook Messenger;Conexão Facebook Messenger;—;Down;Sazonal;Redução de custo;Tipo: Downgrade Produto:1 conexão de Facebook (65,00 cada) + 1 Conexõeão de Instagram (65,00 cada) Valor: 130,00 URL:myshopbh Protocolo:202607081810357;1;0.0;130.0;Downgrade;;;Não calculado;Conexão Facebook Messenger;"Conexão Facebook Messenger; Conexão Instagram Direct";Conexão;Não considerado;Sem link no Card Financeiro
08/07/2026;2026;7;Jul.;julho;2026-07;Jul./26;Tadiane Biason;Tadiane Biason;True;myshopbh;Downgrade;Não informado;Conexão Instagram Direct;Conexão Instagram Direct;—;Down;Sazonal;Redução de custo;Tipo: Downgrade Produto:1 conexão de Facebook (65,00 cada) + 1 Conexõeão de Instagram (65,00 cada) Valor: 130,00 URL:myshopbh Protocolo:202607081810357;1;0.0;0.0;Downgrade;;;Não calculado;Conexão Instagram Direct;"Conexão Facebook Messenger; Conexão Instagram Direct";Conexão;Não considerado;Sem link no Card Financeiro
13/07/2026;2026;7;Jul.;julho;2026-07;Jul./26;Leticia Silva;Leticia Silva;True;santuu;Upgrade;Não informado;Primeira ativação de número oficial;Primeira ativação de número oficial;—;Migração/Outro;Não informado;Outros motivos descritos;Não informado;1;0.0;0.0;Upgrade;;;Não calculado;Primeira ativação de número oficial;Primeira ativação de número oficial;Conexão;Não considerado;Sem link no Card Financeiro
14/07/2026;2026;7;Jul.;julho;2026-07;Jul./26;Maurele Soares;Maurele Soares;True;sgexconsulting;Solicitação de Bonificação e Desconto;Não informado;URL;URL;—;Migração/Outro;Não informado;Outros motivos descritos;Vivi, a cliente deseja contratar mais duas urls (uma com 9 usuários adicionais e outra com 2 adicionais). Ele gostaria de saber se podemos conceder algum desconto por ele já possuir uma url conosco (verifiquei que não possuem desconto nessa).;1;0.0;0.0;__EXCLUIR__;;;Não calculado;URL;URL;URL;Não considerado;Sem link no Card Financeiro
14/07/2026;2026;7;Jul.;julho;2026-07;Jul./26;Sabrina Soares;Sabrina Soares;True;cativeiro;Downgrade;Não informado;Funil de vendas;Funil de vendas;—;Down;Não viu valor agregado;Redução de custo;Cliente informou que depois de diversas dificuldades decidiu não continuar. Me deixei disponível para ajustarmos e alinharmos os pontos, mas quis seguir com o down.;1;0.0;138.0;Downgrade;;;Não calculado;Funil de vendas;"Funil de vendas; Conexão Instagram Direct";Módulos;Não considerado;Sem link no Card Financeiro
14/07/2026;2026;7;Jul.;julho;2026-07;Jul./26;Sabrina Soares;Sabrina Soares;True;cativeiro;Downgrade;Não informado;Conexão Instagram Direct;Conexão Instagram Direct;—;Down;Não viu valor agregado;Redução de custo;Cliente informou que depois de diversas dificuldades decidiu não continuar. Me deixei disponível para ajustarmos e alinharmos os pontos, mas quis seguir com o down.;1;0.0;0.0;Downgrade;;;Não calculado;Conexão Instagram Direct;"Funil de vendas; Conexão Instagram Direct";Conexão;Não considerado;Sem link no Card Financeiro
16/07/2026;2026;7;Jul.;julho;2026-07;Jul./26;Priscila Pavani;Priscila Pavani;True;nefadv;Upgrade;Não informado;Conexão adicional de WhatsApp - WABA;Conexão adicional de WhatsApp - WABA;—;Up;Não informado;Redução de custo;Tipo: Upgrade URL: nefadv Produto: 1 Conexão WABA / Gupshup / Direct Payment Valor: R$ 89,00 Protocolo: 202607161818472;1;89.0;0.0;Upgrade;;;Não calculado;Conexão adicional de WhatsApp - WABA;Conexão adicional de WhatsApp - WABA;Conexão;Não considerado;Sem link no Card Financeiro
17/07/2026;2026;7;Jul.;julho;2026-07;Jul./26;Luis Siqueira;Luis Siqueira;True;cursoasb;Upgrade;Não informado;Conexão adicional de WhatsApp - WABA;Conexão adicional de WhatsApp - WABA;—;Up;Não informado;Outros motivos descritos;O cliente irá reativar uma conexão arquivada e tem espaços disponíveis para conectar. Número oficial: não seguir com pagamento proporcional.;1;89.0;0.0;Upgrade;;;Não calculado;Conexão adicional de WhatsApp - WABA;Conexão adicional de WhatsApp - WABA;Conexão;Não considerado;Sem link no Card Financeiro
17/07/2026;2026;7;Jul.;julho;2026-07;Jul./26;Luis Siqueira;Luis Siqueira;True;maryhelpamericana;Upgrade;Não informado;Primeira ativação de número oficial;Primeira ativação de número oficial;—;Migração/Outro;Não informado;Outros motivos descritos;Não informado;1;0.0;0.0;Upgrade;;;Não calculado;Primeira ativação de número oficial;Primeira ativação de número oficial;Conexão;Não considerado;Sem link no Card Financeiro
17/07/2026;2026;7;Jul.;julho;2026-07;Jul./26;Mariana Nunes;Mariana Nunes;True;preciosacriativa;Upgrade;Não informado;Conexão Instagram Direct;Conexão Instagram Direct;—;Up;Não informado;Outros motivos descritos;Upgrade conexão adicional de Instagram R$ 89,00 | Protocolo 202607171819036;1;89.0;0.0;Upgrade;;;Não calculado;Conexão Instagram Direct;Conexão Instagram Direct;Conexão;Não considerado;Sem link no Card Financeiro
17/07/2026;2026;7;Jul.;julho;2026-07;Jul./26;Viviane Vieira;Viviane Vieira;True;ufcycvyvteste;Upgrade;Não informado;Conexão adicional de WhatsApp - WABA;Conexão adicional de WhatsApp - WABA;—;Migração/Outro;Não informado;Outros motivos descritos;Não informado;1;0.0;0.0;Upgrade;;;Não calculado;Conexão adicional de WhatsApp - WABA;Conexão adicional de WhatsApp - WABA;Conexão;Não considerado;Sem link no Card Financeiro
17/07/2026;2026;7;Jul.;julho;2026-07;Jul./26;Yemuri Teodoro;Yemuri Teodoro;True;proecoacustica;Downgrade;Não informado;Funil de vendas;Funil de vendas;—;Down;Dificuldade financeira;Redução de custo;AÇÃO RETENÇÃO - *** CLIENTE RETIDO ***  Desconto de 10% no P. Base = (R$197,00 - R$19,70): R$177,30  Protocolos: 202607071807751 , 202607131813950;1;0.0;19.7;Downgrade;;;Não calculado;Funil de vendas;Funil de vendas;Módulos;Não considerado;Sem link no Card Financeiro
20/07/2026;2026;7;Jul.;julho;2026-07;Jul./26;Sem proprietário;Usuário inexistente;False;agaxturjdeuropa;Solicitação de Teste;Não informado;Conexão adicional de WhatsApp;Conexão adicional de WhatsApp;—;Up;Não informado;Outros motivos descritos;Não informado;1;89.0;0.0;Teste;;;Não calculado;Conexão adicional de WhatsApp;Conexão adicional de WhatsApp;Conexão;Não considerado;Sem link no Card Financeiro
22/07/2026;2026;7;Jul.;julho;2026-07;Jul./26;Priscila Pavani;Priscila Pavani;True;provetapoio;Migração para número oficial;Não informado;Migração para número oficial;Migração para número oficial;—;Migração/Outro;Não informado;Outros motivos descritos;Não informado;1;0.0;0.0;Migração;;;Não calculado;Migração para número oficial;Migração para número oficial;Conexão;Não considerado;Sem link no Card Financeiro
24/07/2026;2026;7;Jul.;julho;2026-07;Jul./26;Gustavo Medeiros;Gustavo Medeiros;True;carlaandradeadv;Solicitação de Teste;Não informado;Servidores;Servidores;—;Up;Não informado;Outros motivos descritos;Não informado;1;89.0;0.0;Teste;;;Não calculado;Servidores;Servidores;Servidor;Não considerado;Sem link no Card Financeiro
24/07/2026;2026;7;Jul.;julho;2026-07;Jul./26;Melissa Duarte;Melissa Duarte;True;openmais;Migração para número oficial;Não informado;Migração para número oficial;Migração para número oficial;—;Migração/Outro;Não informado;Outros motivos descritos;Não informado;1;0.0;0.0;Migração;;;Não calculado;Migração para número oficial;Migração para número oficial;Conexão;Não considerado;Sem link no Card Financeiro
28/07/2026;2026;7;Jul.;julho;2026-07;Jul./26;Gustavo Medeiros;Gustavo Medeiros;True;habitten;Migração para número oficial;Não informado;Migração para número oficial;Migração para número oficial;—;Migração/Outro;Não informado;Outros motivos descritos;Não informado;1;0.0;0.0;Migração;;;Não calculado;Migração para número oficial;Migração para número oficial;Conexão;Não considerado;Sem link no Card Financeiro
28/07/2026;2026;7;Jul.;julho;2026-07;Jul./26;Melissa Duarte;Melissa Duarte;True;grupofrz;Upgrade;Não informado;Chat interno;Chat interno;—;Up;Não informado;Outros motivos descritos;UP Chat Interno com desconto - visita presencial na sede franzolin em 28/07/2026;1;49.0;0.0;Upgrade;;;Não calculado;Chat interno;Chat interno;Módulos;Não considerado;Sem link no Card Financeiro
29/07/2026;2026;7;Jul.;julho;2026-07;Jul./26;Gustavo Medeiros;Gustavo Medeiros;True;newpersonalizados;Solicitação de Teste;Não informado;Chat interno;Chat interno;—;Up;Não informado;Outros motivos descritos;Não informado;1;89.0;0.0;Teste;;;Não calculado;Chat interno;Chat interno;Módulos;Não considerado;Sem link no Card Financeiro
29/07/2026;2026;7;Jul.;julho;2026-07;Jul./26;Melissa Duarte;Melissa Duarte;True;medicalizando;Upgrade;Não informado;Conexão adicional de WhatsApp;Conexão adicional de WhatsApp;—;Up;Não informado;Redução de custo;Tipo: Upgrade  Produto: 1 conexão Adicional Whatsapp Valor: 89,00 | 1 Conexao COEX Valor: 89,00 = Total: 178,00 URL: medicalizando  Protocolo: 202607071809098;1;178.0;0.0;Upgrade;;;Não calculado;Conexão adicional de WhatsApp;"Conexão adicional de WhatsApp; Conexão adicional de WhatsApp - WABA";Conexão;Não considerado;Sem link no Card Financeiro
29/07/2026;2026;7;Jul.;julho;2026-07;Jul./26;Melissa Duarte;Melissa Duarte;True;medicalizando;Upgrade;Não informado;Conexão adicional de WhatsApp - WABA;Conexão adicional de WhatsApp - WABA;—;Up;Não informado;Redução de custo;Tipo: Upgrade  Produto: 1 conexão Adicional Whatsapp Valor: 89,00 | 1 Conexao COEX Valor: 89,00 = Total: 178,00 URL: medicalizando  Protocolo: 202607071809098;1;0.0;0.0;Upgrade;;;Não calculado;Conexão adicional de WhatsApp - WABA;"Conexão adicional de WhatsApp; Conexão adicional de WhatsApp - WABA";Conexão;Não considerado;Sem link no Card Financeiro
29/07/2026;2026;7;Jul.;julho;2026-07;Jul./26;Sabrina Soares;Sabrina Soares;True;gctalentos;Solicitação de Bonificação e Desconto;Não informado;Servidores;Servidores;—;Migração/Outro;Não informado;Outros motivos descritos;Liberado servidor 2/4 R$89 de forma bonificada. Aplicado 20% de desconto conforme autorização do Paulo Carvalho;1;0.0;0.0;__EXCLUIR__;;;Não calculado;Servidores;Servidores;Servidor;Não considerado;Sem link no Card Financeiro
30/07/2026;2026;7;Jul.;julho;2026-07;Jul./26;Tadiane Biason;Tadiane Biason;True;zaionseguros;Downgrade;Não informado;Integração;Integração;—;Down;Não se adaptou ao produto;Redução de custo;Tipo: Donwgrade Produto: Integração RD CRM Valor: 59,99 URL: zaionseguros Protocolo: e-mail;1;0.0;59.99;Downgrade;;;Não calculado;Integração;Integração;Integração;Não considerado;Sem link no Card Financeiro
31/07/2026;2026;7;Jul.;julho;2026-07;Jul./26;Gustavo Medeiros;Gustavo Medeiros;True;grupoestia;Downgrade;Não informado;Conexão Instagram Direct;Conexão Instagram Direct;—;Migração/Outro;Redução de demanda;Redução de custo;Downgrade de conexão de Instagram, conexão adicional de WhatsApp, e 3 usuários.;1;0.0;0.0;Downgrade;;;Não calculado;Conexão Instagram Direct;"Conexão Instagram Direct; Conexão adicional de WhatsApp; Usuário adicional";Conexão;Não considerado;Sem link no Card Financeiro
31/07/2026;2026;7;Jul.;julho;2026-07;Jul./26;Gustavo Medeiros;Gustavo Medeiros;True;grupoestia;Downgrade;Não informado;Conexão adicional de WhatsApp;Conexão adicional de WhatsApp;—;Migração/Outro;Redução de demanda;Redução de custo;Downgrade de conexão de Instagram, conexão adicional de WhatsApp, e 3 usuários.;1;0.0;0.0;Downgrade;;;Não calculado;Conexão adicional de WhatsApp;"Conexão Instagram Direct; Conexão adicional de WhatsApp; Usuário adicional";Conexão;Não considerado;Sem link no Card Financeiro
31/07/2026;2026;7;Jul.;julho;2026-07;Jul./26;Gustavo Medeiros;Gustavo Medeiros;True;grupoestia;Downgrade;Não informado;Usuário adicional;Usuário adicional;—;Migração/Outro;Redução de demanda;Redução de custo;Downgrade de conexão de Instagram, conexão adicional de WhatsApp, e 3 usuários.;1;0.0;0.0;Downgrade;;;Não calculado;Usuário adicional;"Conexão Instagram Direct; Conexão adicional de WhatsApp; Usuário adicional";Usuários;Não considerado;Sem link no Card Financeiro
04/03/2026;2026;3;Mar.;março;2026-03;Mar./26;Usuário não identificado;Usuário inexistente;False;dfrancaaquecedores;Solicitação de Bonificação e Desconto;Não informado;Usuário adicional;Usuário adicional;https://app.pipefy.com/open-cards/1309251764;Migração/Outro;Não informado;Redução de custo;Cliente atualmente possui Plano Base (valor cheio) e deseja expandir para 3 usuários e 3 conexões de WhatsApp. É possível conceder algum desconto comercial ou bonificação nesse upgrade?;1;0.0;0.0;__EXCLUIR__;;;Não calculado;Usuário adicional;"Usuário adicional; Conexão adicional de WhatsApp";Usuários;Não considerado;Tema fora dos movimentos válidos
04/03/2026;2026;3;Mar.;março;2026-03;Mar./26;Usuário não identificado;Usuário inexistente;False;dfrancaaquecedores;Solicitação de Bonificação e Desconto;Não informado;Conexão adicional de WhatsApp;Conexão adicional de WhatsApp;https://app.pipefy.com/open-cards/1309251764;Migração/Outro;Não informado;Redução de custo;Cliente atualmente possui Plano Base (valor cheio) e deseja expandir para 3 usuários e 3 conexões de WhatsApp. É possível conceder algum desconto comercial ou bonificação nesse upgrade?;1;0.0;0.0;__EXCLUIR__;;;Não calculado;Conexão adicional de WhatsApp;"Usuário adicional; Conexão adicional de WhatsApp";Conexão;Não considerado;Tema fora dos movimentos válidos
