Data;Ano;MesNum;Mês;MesLongo;AnoMes;Periodo;proprietario;proprietario_filtro;Proprietario_Nome_Valido;subdominio;tema;tipo;produtos_digisac;Produto_Curto;card_financeiro;tipo_servico;motivo_downgrade;Situacao_Down;descricao;qtd_servicos;total_up_RS;total_down_RS;Movimento;criacao_url;Tempo_vida_cli;Faixa_Vida
02/01/2026;2026;1;Jan.;janeiro;2026-01;Jan./26;80401157;Usuário inexistente;False;thermas;Upgrade;Não informado;Servidores;Servidores;https://app.pipefy.com/open-cards/1275707129;Migração/Outro;Não informado;Outros motivos descritos;Up servidor 16/16 = R$ 410,00/mensal;1;0.0;0.0;Upgrade;;;Não calculado
02/01/2026;2026;1;Jan.;janeiro;2026-01;Jan./26;Guilherme Virgilio Soares;Guilherme Virgilio Soares;True;pandaconectsa;Upgrade;Não informado;Conexão adicional de WhatsApp - WABA;Conexão adicional de WhatsApp - WABA;https://app.pipefy.com/open-cards/1275614842;Migração/Outro;Não informado;Outros motivos descritos;- Upgrade: Conexão adicional WABA - R$89,00;1;0.0;0.0;Upgrade;;;Não calculado
05/01/2026;2026;1;Jan.;janeiro;2026-01;Jan./26;80401157;Usuário inexistente;False;vedaminasbh;Upgrade;Não informado;Chat interno;Chat interno;https://app.pipefy.com/open-cards/1276437703;Migração/Outro;Não informado;Outros motivos descritos;Upgrade Chat interno = R$ 89,00/mensal;1;0.0;0.0;Upgrade;;;Não calculado
05/01/2026;2026;1;Jan.;janeiro;2026-01;Jan./26;80401195;Usuário inexistente;False;navarroconsultoria;Upgrade;Não informado;Funil de vendas;Funil de vendas;https://app.pipefy.com/open-cards/1276237872;Migração/Outro;Não informado;Outros motivos descritos;Upgrade da ferramenta de Funil de Vendas - Protocolo: 202512091595841;1;0.0;0.0;Upgrade;;;Não calculado
05/01/2026;2026;1;Jan.;janeiro;2026-01;Jan./26;83205771;Usuário inexistente;False;tivoliassistencia;Upgrade;Não informado;Conexão adicional de WhatsApp;Conexão adicional de WhatsApp;https://app.pipefy.com/open-cards/1276291040;Migração/Outro;Não informado;Outros motivos descritos;Upgrade - Conexão de Whatsapp - 89,00 - Protocolo: 202601051617983;1;0.0;0.0;Upgrade;;;Não calculado
05/01/2026;2026;1;Jan.;janeiro;2026-01;Jan./26;Guilherme Virgilio Soares;Guilherme Virgilio Soares;True;33doctorportoalegre;Upgrade;Não informado;Primeira ativação de número oficial;Primeira ativação de número oficial;https://app.pipefy.com/open-cards/1276574965;Migração/Outro;Não informado;Outros motivos descritos;- Upgrade: Conexão de WhatsApp Oficial - R$89,00;1;0.0;0.0;Upgrade;;;Não calculado
05/01/2026;2026;1;Jan.;janeiro;2026-01;Jan./26;Leticia Silva;Leticia Silva;True;advocaciamartins;Upgrade;Não informado;Conexão adicional de WhatsApp;Conexão adicional de WhatsApp;https://app.pipefy.com/open-cards/1276481807;Migração/Outro;Não informado;Outros motivos descritos;Up Conexão Adicional de WhatsApp (R$89,00).;1;0.0;0.0;Upgrade;;;Não calculado
05/01/2026;2026;1;Jan.;janeiro;2026-01;Jan./26;Leticia Silva;Leticia Silva;True;borelliadv;Upgrade;Não informado;Integração;Integração;https://app.pipefy.com/open-cards/1276405574;Migração/Outro;Não informado;Outros motivos descritos;Up Integração RD CRM (R$59,99).;1;0.0;0.0;Upgrade;;;Não calculado
05/01/2026;2026;1;Jan.;janeiro;2026-01;Jan./26;Leticia Silva;Leticia Silva;True;noraholding;Upgrade;Não informado;Conexão adicional de WhatsApp - WABA;Conexão adicional de WhatsApp - WABA;https://app.pipefy.com/open-cards/1276484056;Migração/Outro;Não informado;Outros motivos descritos;Up conexão oficial adicional;1;0.0;0.0;Upgrade;;;Não calculado
05/01/2026;2026;1;Jan.;janeiro;2026-01;Jan./26;Leticia Silva;Leticia Silva;True;parcelamentobetodehon;Upgrade;Não informado;Usuário adicional;Usuário adicional;https://app.pipefy.com/open-cards/1276600423;Migração/Outro;Não informado;Outros motivos descritos;UP 1 usuário adicional (R$29,00) na URL parcelamentobetodehon.;1;0.0;0.0;Upgrade;;;Não calculado
05/01/2026;2026;1;Jan.;janeiro;2026-01;Jan./26;Melissa Duarte;Melissa Duarte;True;medicalizando;Upgrade;Não informado;Conexão adicional de WhatsApp;Conexão adicional de WhatsApp;https://app.pipefy.com/open-cards/1276287375;Migração/Outro;Não informado;Redução de custo;Tipo: Upgrade Produto: 1 conexão Adicional Whatsapp Valor: 89,00 URL: medicalizando Protocolo: 202601051617660;1;0.0;0.0;Upgrade;;;Não calculado
05/01/2026;2026;1;Jan.;janeiro;2026-01;Jan./26;Tadiane Biason;Tadiane Biason;True;refrijet;Upgrade;Não informado;Usuário adicional;Usuário adicional;https://app.pipefy.com/open-cards/1276325313;Migração/Outro;Não informado;Redução de custo;Tipo: Upgrade Produto: 1 usuário adicional Valor: 29,00 URL: refrijet Protocolo: 202601051618144;1;0.0;0.0;Upgrade;;;Não calculado
06/01/2026;2026;1;Jan.;janeiro;2026-01;Jan./26;80401167;Usuário inexistente;False;diroma;Upgrade;Não informado;Usuário adicional;Usuário adicional;https://app.pipefy.com/open-cards/1277591928;Migração/Outro;Não informado;Outros motivos descritos;30/12/2025 Upgrade de 1 usuário - protocolo 202512291614570;1;0.0;0.0;Upgrade;;;Não calculado
06/01/2026;2026;1;Jan.;janeiro;2026-01;Jan./26;82573565;Usuário inexistente;False;alvesequirinoadv;Upgrade;Não informado;Transcrição de Áudio;Transcrição de Áudio;https://app.pipefy.com/open-cards/1277596889;Migração/Outro;Não informado;Outros motivos descritos;Upgrade - IA Transcrição de áudio - Plano 500 minutos R$ 24,90 | Protocolo: 202601061619693;1;0.0;0.0;Upgrade;;;Não calculado
06/01/2026;2026;1;Jan.;janeiro;2026-01;Jan./26;83205771;Usuário inexistente;False;deliverup;Upgrade;Não informado;Servidores;Servidores;https://app.pipefy.com/open-cards/1277476690;Migração/Outro;Não informado;Outros motivos descritos;Upgrade - Servidor 8/12 - 270,00 - Protocolo: 202601051619211;1;0.0;0.0;Upgrade;;;Não calculado
06/01/2026;2026;1;Jan.;janeiro;2026-01;Jan./26;83205771;Usuário inexistente;False;quanton3d;Upgrade;Não informado;Distribuição automática;Distribuição automática;https://app.pipefy.com/open-cards/1277516390;Migração/Outro;Não informado;Outros motivos descritos;Upgrade - PLano Acelera para Plano Base (197,00) - Protocolo: 202601061619857;1;0.0;0.0;Upgrade;;;Não calculado
06/01/2026;2026;1;Jan.;janeiro;2026-01;Jan./26;Guilherme Virgilio Soares;Guilherme Virgilio Soares;True;drexameitaquera;Upgrade;Não informado;Funil de vendas;Funil de vendas;https://app.pipefy.com/open-cards/1277304125;Migração/Outro;Não informado;Outros motivos descritos;- Upgrade: Funil de Vendas - R$89,90;1;0.0;0.0;Upgrade;;;Não calculado
06/01/2026;2026;1;Jan.;janeiro;2026-01;Jan./26;Leticia Silva;Leticia Silva;True;condicionalmoveis;Upgrade;Não informado;Integração;Integração;https://app.pipefy.com/open-cards/1277185946;Migração/Outro;Não informado;Outros motivos descritos;Up Integração Bling (R$ 59,99).;1;0.0;0.0;Upgrade;;;Não calculado
06/01/2026;2026;1;Jan.;janeiro;2026-01;Jan./26;Leticia Silva;Leticia Silva;True;construcasa;Upgrade;Não informado;"Conexão Instagram Direct; Conexão Facebook Messenger";Conexão Instagram Direct + outros;https://app.pipefy.com/open-cards/1277532100;Migração/Outro;Não informado;Outros motivos descritos;Up Conexões Instagram + Facebook (R$60,00 cada).;2;0.0;0.0;Upgrade;;;Não calculado
06/01/2026;2026;1;Jan.;janeiro;2026-01;Jan./26;Leticia Silva;Leticia Silva;True;contazz;Upgrade;Não informado;Servidores;Servidores;https://app.pipefy.com/open-cards/1277213738;Migração/Outro;Não informado;Outros motivos descritos;Up Servidor 2/4 (R$89,00).;1;0.0;0.0;Upgrade;;;Não calculado
06/01/2026;2026;1;Jan.;janeiro;2026-01;Jan./26;Leticia Silva;Leticia Silva;True;maryhelpbarrafunda;Upgrade;Não informado;Chat interno;Chat interno;https://app.pipefy.com/open-cards/1277609224;Migração/Outro;Não informado;Outros motivos descritos;Up Chat Interno (R$ 89,00).;1;0.0;0.0;Upgrade;;;Não calculado
06/01/2026;2026;1;Jan.;janeiro;2026-01;Jan./26;Leticia Silva;Leticia Silva;True;moreiraamorim;Upgrade;Não informado;Primeira ativação de número oficial;Primeira ativação de número oficial;https://app.pipefy.com/open-cards/1277171809;Migração/Outro;Não informado;Outros motivos descritos;Primeira Ativação de Número Oficial;1;0.0;0.0;Upgrade;;;Não calculado
06/01/2026;2026;1;Jan.;janeiro;2026-01;Jan./26;Leticia Silva;Leticia Silva;True;personalclub;Upgrade;Não informado;Servidores;Servidores;https://app.pipefy.com/open-cards/1277324288;Migração/Outro;Não informado;Outros motivos descritos;Up Servidor 2/4 R$89,00.;1;0.0;0.0;Upgrade;;;Não calculado
07/01/2026;2026;1;Jan.;janeiro;2026-01;Jan./26;83205771;Usuário inexistente;False;medialtelemed;Upgrade;Não informado;Pacotes SMS Disparo em Massa;Pacotes SMS Disparo em Massa;https://app.pipefy.com/open-cards/1278287234;Migração/Outro;Não informado;Outros motivos descritos;Upgrade - 500 SMS – **R$ 75,00* - Protocolo: 202601071622480 (0>500);1;0.0;0.0;Upgrade;;;Não calculado
07/01/2026;2026;1;Jan.;janeiro;2026-01;Jan./26;83205771;Usuário inexistente;False;sacassemed;Upgrade;Não informado;Usuário adicional;Usuário adicional;https://app.pipefy.com/open-cards/1278295141;Migração/Outro;Não informado;Outros motivos descritos;Upgrade - 3 Usuários 87,00 - Protocolo:  laura.brumatti@assemed.med.br;1;0.0;0.0;Upgrade;;;Não calculado
07/01/2026;2026;1;Jan.;janeiro;2026-01;Jan./26;83205771;Usuário inexistente;False;vazcarvalhoadv;Upgrade;Não informado;Primeira ativação de número oficial;Primeira ativação de número oficial;https://app.pipefy.com/open-cards/1278251041;Migração/Outro;Não informado;Outros motivos descritos;Primeira ativação Waba - Upgrade - 89,00;1;0.0;0.0;Upgrade;;;Não calculado
07/01/2026;2026;1;Jan.;janeiro;2026-01;Jan./26;Guilherme Virgilio Soares;Guilherme Virgilio Soares;True;attflorida;Upgrade;Não informado;Primeira ativação de número oficial;Primeira ativação de número oficial;https://app.pipefy.com/open-cards/1278233041;Migração/Outro;Não informado;Outros motivos descritos;- Upgrade: Conexão Oficial - R$89,00;1;0.0;0.0;Upgrade;;;Não calculado
07/01/2026;2026;1;Jan.;janeiro;2026-01;Jan./26;Guilherme Virgilio Soares;Guilherme Virgilio Soares;True;egbv;Upgrade;Não informado;Funil de vendas;Funil de vendas;https://app.pipefy.com/open-cards/1278132267;Migração/Outro;Não informado;Outros motivos descritos;- Upgrade: Funil de vendas - R$89,90;1;0.0;0.0;Upgrade;;;Não calculado
07/01/2026;2026;1;Jan.;janeiro;2026-01;Jan./26;Guilherme Virgilio Soares;Guilherme Virgilio Soares;True;equipeead;Upgrade;Não informado;Funil de vendas;Funil de vendas;https://app.pipefy.com/open-cards/1278079704;Migração/Outro;Não informado;Outros motivos descritos;- Upgrade: Funil de vendas - R$89,90;1;0.0;0.0;Upgrade;;;Não calculado
07/01/2026;2026;1;Jan.;janeiro;2026-01;Jan./26;Guilherme Virgilio Soares;Guilherme Virgilio Soares;True;vitorsousa;Upgrade;Não informado;Primeira ativação de número oficial;Primeira ativação de número oficial;https://app.pipefy.com/open-cards/1278165784;Migração/Outro;Não informado;Outros motivos descritos;- Upgrade: Conexão Oficial R$89,00;1;0.0;0.0;Upgrade;;;Não calculado
07/01/2026;2026;1;Jan.;janeiro;2026-01;Jan./26;Leticia Silva;Leticia Silva;True;adornoadvocacia;Upgrade;Não informado;Servidores;Servidores;https://app.pipefy.com/open-cards/1278207877;Migração/Outro;Não informado;Outros motivos descritos;Up Servidor 2/4 (R$89,00).;1;0.0;0.0;Upgrade;;;Não calculado
07/01/2026;2026;1;Jan.;janeiro;2026-01;Jan./26;Leticia Silva;Leticia Silva;True;cruzeironatal;Upgrade;Não informado;Primeira ativação de número oficial;Primeira ativação de número oficial;https://app.pipefy.com/open-cards/1278311243;Migração/Outro;Não informado;Outros motivos descritos;Primeira Ativação de Número Oficial;1;0.0;0.0;Upgrade;;;Não calculado
07/01/2026;2026;1;Jan.;janeiro;2026-01;Jan./26;Leticia Silva;Leticia Silva;True;farmaciavilanova;Upgrade;Não informado;Servidores;Servidores;https://app.pipefy.com/open-cards/1278280318;Migração/Outro;Não informado;Outros motivos descritos;Up Servidor 8/12 (R$270,00).;1;0.0;0.0;Upgrade;;;Não calculado
07/01/2026;2026;1;Jan.;janeiro;2026-01;Jan./26;Leticia Silva;Leticia Silva;True;josianeadv;Upgrade;Não informado;Transcrição de Áudio;Transcrição de Áudio;https://app.pipefy.com/open-cards/1278300212;Migração/Outro;Não informado;Outros motivos descritos;Up Transcrição de Áudio 1.000 min → R$ 49,90.;1;0.0;0.0;Upgrade;;;Não calculado
07/01/2026;2026;1;Jan.;janeiro;2026-01;Jan./26;Luis Siqueira;Luis Siqueira;True;sti3;Upgrade;Não informado;Distribuição automática;Distribuição automática;https://app.pipefy.com/open-cards/1278210696;Migração/Outro;Não informado;Redução de custo;Cliente fez a contratação da distruição automatica no valor de R$ 149,00 mês;1;0.0;0.0;Upgrade;;;Não calculado
07/01/2026;2026;1;Jan.;janeiro;2026-01;Jan./26;Marcela Medeiros;Marcela Medeiros;True;jb;Upgrade;Não informado;Primeira ativação de número oficial;Primeira ativação de número oficial;https://app.pipefy.com/open-cards/1278392453;Migração/Outro;Não informado;Outros motivos descritos;Conexão adicional de WhatsApp;1;0.0;0.0;Upgrade;;;Não calculado
08/01/2026;2026;1;Jan.;janeiro;2026-01;Jan./26;83205771;Usuário inexistente;False;amadvocaciaparamedicos2;Upgrade;Não informado;Funil de vendas;Funil de vendas;https://app.pipefy.com/open-cards/1278892815;Migração/Outro;Não informado;Outros motivos descritos;Up - Funil de vendas - 89,00 - Protocolo: 202601081624104;1;0.0;0.0;Upgrade;;;Não calculado
08/01/2026;2026;1;Jan.;janeiro;2026-01;Jan./26;83205771;Usuário inexistente;False;vendasnobrecon;Upgrade;Não informado;Conexão Instagram Direct;Conexão Instagram Direct;https://app.pipefy.com/open-cards/1278884007;Migração/Outro;Não informado;Outros motivos descritos;Up - Instagram - 89,00 - Protocolo: 202601071623296;1;0.0;0.0;Upgrade;;;Não calculado
08/01/2026;2026;1;Jan.;janeiro;2026-01;Jan./26;Guilherme Virgilio Soares;Guilherme Virgilio Soares;True;lepapp;Upgrade;Não informado;Integração;Integração;https://app.pipefy.com/open-cards/1279442453;Migração/Outro;Não informado;Outros motivos descritos;- Upgrade: Integração RD Station - R$59,99;1;0.0;0.0;Upgrade;;;Não calculado
08/01/2026;2026;1;Jan.;janeiro;2026-01;Jan./26;Guilherme Virgilio Soares;Guilherme Virgilio Soares;True;rslondrina;Upgrade;Não informado;Funil de vendas;Funil de vendas;https://app.pipefy.com/open-cards/1278983085;Migração/Outro;Não informado;Outros motivos descritos;- Upgrade: Funil de vendas - R$89,90;1;0.0;0.0;Upgrade;;;Não calculado
08/01/2026;2026;1;Jan.;janeiro;2026-01;Jan./26;Leticia Silva;Leticia Silva;True;advpaulohenrique;Upgrade;Não informado;Servidores;Servidores;https://app.pipefy.com/open-cards/1278628933;Migração/Outro;Não informado;Outros motivos descritos;Up Servidor 2/4 (R$89,00).;1;0.0;0.0;Upgrade;;;Não calculado
08/01/2026;2026;1;Jan.;janeiro;2026-01;Jan./26;Leticia Silva;Leticia Silva;True;centerlabvet;Upgrade;Não informado;URL;URL;https://app.pipefy.com/open-cards/1278931655;Migração/Outro;Não informado;Outros motivos descritos;Não informado;1;0.0;0.0;Upgrade;;;Não calculado
08/01/2026;2026;1;Jan.;janeiro;2026-01;Jan./26;Leticia Silva;Leticia Silva;True;mercobran;Upgrade;Não informado;Primeira ativação de número oficial;Primeira ativação de número oficial;https://app.pipefy.com/open-cards/1278641913;Migração/Outro;Não informado;Outros motivos descritos;Primeira Ativação de Número Oficial;1;0.0;0.0;Upgrade;;;Não calculado
08/01/2026;2026;1;Jan.;janeiro;2026-01;Jan./26;Leticia Silva;Leticia Silva;True;unesultransportessac;Upgrade;Não informado;Servidores;Servidores;https://app.pipefy.com/open-cards/1278702098;Migração/Outro;Não informado;Outros motivos descritos;"Down Servidor 4/8 / Up Servidor 8/12 (R$ 270,00).;";1;0.0;0.0;Upgrade;;;Não calculado
08/01/2026;2026;1;Jan.;janeiro;2026-01;Jan./26;Leticia Silva;Leticia Silva;True;zeroquarenta;Upgrade;Não informado;Integração;Integração;https://app.pipefy.com/open-cards/1279032782;Migração/Outro;Não informado;Outros motivos descritos;Up Integração RD CRM (R$59,99).;1;0.0;0.0;Upgrade;;;Não calculado
08/01/2026;2026;1;Jan.;janeiro;2026-01;Jan./26;Tadiane Biason;Tadiane Biason;True;liderinteriores;Upgrade;Não informado;Usuário adicional;Usuário adicional;https://app.pipefy.com/open-cards/1278955033;Migração/Outro;Não informado;Redução de custo;Tipo: UPgrade  Produto:2 usuários adicionais  Valor: 29,00 cada = 58,00  URL: liderinteriores;1;0.0;0.0;Upgrade;;;Não calculado
08/01/2026;2026;1;Jan.;janeiro;2026-01;Jan./26;Vitoria Sabadin;Vitoria Sabadin;True;contecpiracicaba;Upgrade;Não informado;Chat interno;Chat interno;https://app.pipefy.com/open-cards/1278895933;Migração/Outro;Não informado;Redução de custo;Chat Interno | R$49,00  Valor ofertado pela ação da retenção;1;0.0;0.0;Upgrade;;;Não calculado
09/01/2026;2026;1;Jan.;janeiro;2026-01;Jan./26;80401167;Usuário inexistente;False;clinicacpo;Upgrade;Não informado;Usuário adicional;Usuário adicional;https://app.pipefy.com/open-cards/1279386896;Migração/Outro;Não informado;Outros motivos descritos;Tipo: Upgrade Produto: 3 usuários URL: clinicacpo Protocolo: 202601081624043;1;0.0;0.0;Upgrade;;;Não calculado
09/01/2026;2026;1;Jan.;janeiro;2026-01;Jan./26;80401167;Usuário inexistente;False;recreioprojetos;Upgrade;Não informado;Primeira ativação de número oficial;Primeira ativação de número oficial;https://app.pipefy.com/open-cards/1279329085;Migração/Outro;Não informado;Outros motivos descritos;Primeiro Número Oficial Conexão WABA / Gupshup / Direct Payment | R$89,00;1;0.0;0.0;Upgrade;;;Não calculado
09/01/2026;2026;1;Jan.;janeiro;2026-01;Jan./26;82573565;Usuário inexistente;False;fmgbrasil;Upgrade;Não informado;IA CSAT;IA CSAT;https://app.pipefy.com/open-cards/1279473682;Migração/Outro;Não informado;Outros motivos descritos;Upgrade - IA CSAT - Plano 1.000 créditos R$ 25,90 | Protocolo: 202601091625445;1;0.0;0.0;Upgrade;;;Não calculado
09/01/2026;2026;1;Jan.;janeiro;2026-01;Jan./26;83205771;Usuário inexistente;False;arqueclinica;Upgrade;Não informado;Conexão Instagram Direct;Conexão Instagram Direct;https://app.pipefy.com/open-cards/1279565859;Migração/Outro;Não informado;Outros motivos descritos;Upgrade - Conexão de Instagram 89,00 - Procolo: 202601081624968;1;0.0;0.0;Upgrade;;;Não calculado
09/01/2026;2026;1;Jan.;janeiro;2026-01;Jan./26;83205771;Usuário inexistente;False;datasystem;Upgrade;Não informado;Usuário adicional;Usuário adicional;https://app.pipefy.com/open-cards/1279472217;Migração/Outro;Não informado;Outros motivos descritos;Up - 1 Usuário 29,00 - Protocolo: 202601081624838;1;0.0;0.0;Upgrade;;;Não calculado
09/01/2026;2026;1;Jan.;janeiro;2026-01;Jan./26;83205771;Usuário inexistente;False;mjmcontabilidade;Upgrade;Não informado;Usuário adicional;Usuário adicional;https://app.pipefy.com/open-cards/1279448082;Migração/Outro;Não informado;Outros motivos descritos;Up - 1 Usuário - 29,00 - protocolo: 202601081624918;1;0.0;0.0;Upgrade;;;Não calculado
09/01/2026;2026;1;Jan.;janeiro;2026-01;Jan./26;83205771;Usuário inexistente;False;premiumdespachante;Upgrade;Não informado;Servidores;Servidores;https://app.pipefy.com/open-cards/1279494254;Migração/Outro;Não informado;Outros motivos descritos;Up - Servidor 2/4 - 89,00 - Protocolo: 202601081624678;1;0.0;0.0;Upgrade;;;Não calculado
09/01/2026;2026;1;Jan.;janeiro;2026-01;Jan./26;Guilherme Virgilio Soares;Guilherme Virgilio Soares;True;benamorodontologia;Upgrade;Não informado;Funil de vendas;Funil de vendas;https://app.pipefy.com/open-cards/1279377070;Migração/Outro;Não informado;Outros motivos descritos;- Upgrade: Funil de vendas - R$89,90;1;0.0;0.0;Upgrade;;;Não calculado
09/01/2026;2026;1;Jan.;janeiro;2026-01;Jan./26;Leticia Silva;Leticia Silva;True;jskcorretora;Upgrade;Não informado;IA Agent;IA Agent;https://app.pipefy.com/open-cards/1279554630;Migração/Outro;Não informado;Outros motivos descritos;Up IA Agente - 1.000 créditos (R$112,90).;1;0.0;0.0;Upgrade;;;Não calculado
09/01/2026;2026;1;Jan.;janeiro;2026-01;Jan./26;Leticia Silva;Leticia Silva;True;lxtelecom;Upgrade;Não informado;Pacotes SMS Disparo em Massa;Pacotes SMS Disparo em Massa;https://app.pipefy.com/open-cards/1279395195;Migração/Outro;Não informado;Outros motivos descritos;Contratação SMS: 2500 SMS – **R$ 250,00** (possui 0).;1;0.0;0.0;Upgrade;;;Não calculado
09/01/2026;2026;1;Jan.;janeiro;2026-01;Jan./26;Leticia Silva;Leticia Silva;True;maramodeladores;Upgrade;Não informado;Conexão Instagram Direct;Conexão Instagram Direct;https://app.pipefy.com/open-cards/1279402861;Migração/Outro;Não informado;Outros motivos descritos;Up Conexão Instagram (R$89,00).;1;0.0;0.0;Upgrade;;;Não calculado
09/01/2026;2026;1;Jan.;janeiro;2026-01;Jan./26;Leticia Silva;Leticia Silva;True;portasmilenar;Upgrade;Não informado;IA Agent;IA Agent;https://app.pipefy.com/open-cards/1279590789;Migração/Outro;Não informado;Outros motivos descritos;Up IA Agente - 1.000 créditos (R$112,90).;1;0.0;0.0;Upgrade;;;Não calculado
09/01/2026;2026;1;Jan.;janeiro;2026-01;Jan./26;Leticia Silva;Leticia Silva;True;projeto60anos;Upgrade;Não informado;IA Agent;IA Agent;https://app.pipefy.com/open-cards/1279635898;Migração/Outro;Não informado;Outros motivos descritos;Up IA Agente - 1.000 créditos (R$112,90).;1;0.0;0.0;Upgrade;;;Não calculado
09/01/2026;2026;1;Jan.;janeiro;2026-01;Jan./26;Leticia Silva;Leticia Silva;True;rubyconect;Upgrade;Não informado;Pacotes SMS Disparo em Massa;Pacotes SMS Disparo em Massa;https://app.pipefy.com/open-cards/1279425221;Migração/Outro;Não informado;Outros motivos descritos;SMS 1000 - R$ 130,00 (possui 26).;1;0.0;0.0;Upgrade;;;Não calculado
09/01/2026;2026;1;Jan.;janeiro;2026-01;Jan./26;Leticia Silva;Leticia Silva;True;saofranciscopet;Upgrade;Não informado;Servidores;Servidores;https://app.pipefy.com/open-cards/1279445298;Migração/Outro;Não informado;Outros motivos descritos;Up Servidor 2/4 (R$89,00).;1;0.0;0.0;Upgrade;;;Não calculado
09/01/2026;2026;1;Jan.;janeiro;2026-01;Jan./26;Leticia Silva;Leticia Silva;True;simplesimobiliaria;Upgrade;Não informado;Integração;Integração;https://app.pipefy.com/open-cards/1279618839;Migração/Outro;Não informado;Outros motivos descritos;Up Integração RD CRM (R$59,99).;1;0.0;0.0;Upgrade;;;Não calculado
09/01/2026;2026;1;Jan.;janeiro;2026-01;Jan./26;Priscila Pavani;Priscila Pavani;True;montecarlo;Upgrade;Não informado;Servidores;Servidores;https://app.pipefy.com/open-cards/1279580635;Migração/Outro;Não informado;Redução de custo;Tipo: Upgrade URL: montecarlo Produto: 1 servidor 4/8 Valor: R$ 169,00 Protocolo: 202601091625787;1;0.0;0.0;Upgrade;;;Não calculado
09/01/2026;2026;1;Jan.;janeiro;2026-01;Jan./26;Vinicius Simões;Vinicius Simões;True;artedosabores;Upgrade;Não informado;Funil de vendas;Funil de vendas;https://app.pipefy.com/open-cards/1279558111;Migração/Outro;Não informado;Outros motivos descritos;Upgrade: - Funil de Vendas - R$ 89,90;1;0.0;0.0;Upgrade;;;Não calculado
09/01/2026;2026;1;Jan.;janeiro;2026-01;Jan./26;Vinicius Simões;Vinicius Simões;True;formulaexatacm;Upgrade;Não informado;Funil de vendas;Funil de vendas;https://app.pipefy.com/open-cards/1279520323;Migração/Outro;Não informado;Outros motivos descritos;Upgrade: - Funil de Vendas - R$ 89,90;1;0.0;0.0;Upgrade;;;Não calculado
09/01/2026;2026;1;Jan.;janeiro;2026-01;Jan./26;Vinicius Simões;Vinicius Simões;True;larissaoliveiraadv;Upgrade;Não informado;Primeira ativação de número oficial;Primeira ativação de número oficial;https://app.pipefy.com/open-cards/1279442846;Migração/Outro;Não informado;Outros motivos descritos;Upgrade: - 1x Conexão adicional de API Oficial do WhatsApp - R$ 89,00;1;0.0;0.0;Upgrade;;;Não calculado
09/01/2026;2026;1;Jan.;janeiro;2026-01;Jan./26;Vinicius Simões;Vinicius Simões;True;quanton3dd;Upgrade;Não informado;Integração;Integração;https://app.pipefy.com/open-cards/1279352416;Migração/Outro;Não informado;Outros motivos descritos;Upgrade: - Integração: Digisac x RD Station CRM - R$ 59,99;1;0.0;0.0;Upgrade;;;Não calculado
09/01/2026;2026;1;Jan.;janeiro;2026-01;Jan./26;Vinicius Simões;Vinicius Simões;True;totalcleanmanaus;Upgrade;Não informado;Primeira ativação de número oficial;Primeira ativação de número oficial;https://app.pipefy.com/open-cards/1279419073;Migração/Outro;Não informado;Outros motivos descritos;Upgrade: - 1x Conexão adicional de WhatsApp API Oficial - R$ 89,00;1;0.0;0.0;Upgrade;;;Não calculado
12/01/2026;2026;1;Jan.;janeiro;2026-01;Jan./26;83205771;Usuário inexistente;False;drmclinic;Upgrade;Não informado;Funil de vendas;Funil de vendas;https://app.pipefy.com/open-cards/1280401469;Migração/Outro;Não informado;Outros motivos descritos;Up - Funil de Vendas - 89,00 - Protocolo: 202601091626411;1;0.0;0.0;Upgrade;;;Não calculado
12/01/2026;2026;1;Jan.;janeiro;2026-01;Jan./26;83205771;Usuário inexistente;False;noraholding;Upgrade;Não informado;Usuário adicional;Usuário adicional;https://app.pipefy.com/open-cards/1280341794;Migração/Outro;Não informado;Outros motivos descritos;Up - 1 Usuário - 6 dólares - Protocolo: 202601051618353;1;0.0;0.0;Upgrade;;;Não calculado
12/01/2026;2026;1;Jan.;janeiro;2026-01;Jan./26;Guilherme Virgilio Soares;Guilherme Virgilio Soares;True;bragancaadv;Upgrade;Não informado;Servidores;Servidores;https://app.pipefy.com/open-cards/1280311641;Migração/Outro;Não informado;Outros motivos descritos;- Upgrade: Servidor 4/8 - R$169,00;1;0.0;0.0;Upgrade;;;Não calculado
12/01/2026;2026;1;Jan.;janeiro;2026-01;Jan./26;Guilherme Virgilio Soares;Guilherme Virgilio Soares;True;mettapromotora;Upgrade;Não informado;Chat interno;Chat interno;https://app.pipefy.com/open-cards/1280650459;Migração/Outro;Não informado;Outros motivos descritos;- Upgrade: Chat Interno - R$89,00;1;0.0;0.0;Upgrade;;;Não calculado
12/01/2026;2026;1;Jan.;janeiro;2026-01;Jan./26;Leticia Silva;Leticia Silva;True;arteformulas;Upgrade;Não informado;Servidores;Servidores;https://app.pipefy.com/open-cards/1280351113;Migração/Outro;Não informado;Outros motivos descritos;Up Servidor 2/4 (R$89,00).;1;0.0;0.0;Upgrade;;;Não calculado
12/01/2026;2026;1;Jan.;janeiro;2026-01;Jan./26;Leticia Silva;Leticia Silva;True;c3corretora;Upgrade;Não informado;Primeira ativação de número oficial;Primeira ativação de número oficial;https://app.pipefy.com/open-cards/1280651286;Migração/Outro;Não informado;Outros motivos descritos;Primeira Ativação de Número Oficial;1;0.0;0.0;Upgrade;;;Não calculado
12/01/2026;2026;1;Jan.;janeiro;2026-01;Jan./26;Leticia Silva;Leticia Silva;True;clinicasamyllarodgez;Upgrade;Não informado;Funil de vendas;Funil de vendas;https://app.pipefy.com/open-cards/1280405411;Migração/Outro;Não informado;Outros motivos descritos;Up Funil de Vendas (R$89,00).;1;0.0;0.0;Upgrade;;;Não calculado
12/01/2026;2026;1;Jan.;janeiro;2026-01;Jan./26;Leticia Silva;Leticia Silva;True;clinicperrella;Upgrade;Não informado;Integração;Integração;https://app.pipefy.com/open-cards/1280330720;Migração/Outro;Não informado;Outros motivos descritos;Up 2 usuários adicionais BemMelhor (R$21,80).;1;0.0;0.0;Upgrade;;;Não calculado
12/01/2026;2026;1;Jan.;janeiro;2026-01;Jan./26;Leticia Silva;Leticia Silva;True;comercialsmart;Upgrade;Não informado;Conexão adicional de WhatsApp;Conexão adicional de WhatsApp;https://app.pipefy.com/open-cards/1280633874;Migração/Outro;Não informado;Outros motivos descritos;Up Conexão Adicional de Whatsapp (R$89,00).;1;0.0;0.0;Upgrade;;;Não calculado
12/01/2026;2026;1;Jan.;janeiro;2026-01;Jan./26;Leticia Silva;Leticia Silva;True;dprz;Upgrade;Não informado;Funil de vendas;Funil de vendas;https://app.pipefy.com/open-cards/1280486749;Migração/Outro;Não informado;Outros motivos descritos;Up Funil de Vendas (R$89,00).;1;0.0;0.0;Upgrade;;;Não calculado
12/01/2026;2026;1;Jan.;janeiro;2026-01;Jan./26;Leticia Silva;Leticia Silva;True;fvconsultores;Upgrade;Não informado;Servidores;Servidores;https://app.pipefy.com/open-cards/1280328003;Migração/Outro;Não informado;Outros motivos descritos;Up Servidor 2/4 (R$89,00).;1;0.0;0.0;Upgrade;;;Não calculado
12/01/2026;2026;1;Jan.;janeiro;2026-01;Jan./26;Leticia Silva;Leticia Silva;True;grupocaom;Upgrade;Não informado;Servidores;Servidores;https://app.pipefy.com/open-cards/1280362302;Migração/Outro;Não informado;Outros motivos descritos;Up Servidor 2/4 (R$89,00).;1;0.0;0.0;Upgrade;;;Não calculado
12/01/2026;2026;1;Jan.;janeiro;2026-01;Jan./26;Leticia Silva;Leticia Silva;True;medialtelemed;Upgrade;Não informado;Pacotes SMS Disparo em Massa;Pacotes SMS Disparo em Massa;https://app.pipefy.com/open-cards/1280300547;Migração/Outro;Não informado;Outros motivos descritos;Contratação: 2500 SMS – R$ 250,00 (possui 0).;1;0.0;0.0;Upgrade;;;Não calculado
12/01/2026;2026;1;Jan.;janeiro;2026-01;Jan./26;Leticia Silva;Leticia Silva;True;nitrointernet;Upgrade;Não informado;Usuário adicional;Usuário adicional;https://app.pipefy.com/open-cards/1280339801;Migração/Outro;Não informado;Outros motivos descritos;Up de 1 usuário adicional (R$6,00).;1;0.0;0.0;Upgrade;;;Não calculado
12/01/2026;2026;1;Jan.;janeiro;2026-01;Jan./26;Leticia Silva;Leticia Silva;True;parquemorumby;Upgrade;Não informado;Primeira ativação de número oficial;Primeira ativação de número oficial;https://app.pipefy.com/open-cards/1280691680;Migração/Outro;Não informado;Outros motivos descritos;Primeira Ativação de Número Oficial;1;0.0;0.0;Upgrade;;;Não calculado
12/01/2026;2026;1;Jan.;janeiro;2026-01;Jan./26;Tadiane Biason;Tadiane Biason;True;liderinteriores;Upgrade;Não informado;Usuário adicional;Usuário adicional;https://app.pipefy.com/open-cards/1280315462;Migração/Outro;Não informado;Redução de custo;Tipo: UPgrade Produto:2 usuários adicionais Valor: 29,00 cada = 58,00 URL: liderinteriores Protocolo: 202601121627023;1;0.0;0.0;Upgrade;;;Não calculado
13/01/2026;2026;1;Jan.;janeiro;2026-01;Jan./26;82573565;Usuário inexistente;False;mnadbeleza;Upgrade;Não informado;Conexão adicional de WhatsApp;Conexão adicional de WhatsApp;https://app.pipefy.com/open-cards/1281235980;Migração/Outro;Não informado;Outros motivos descritos;Upgrade 2 conexões whatsapp | Protocolo: 202601091625885;1;0.0;0.0;Upgrade;;;Não calculado
13/01/2026;2026;1;Jan.;janeiro;2026-01;Jan./26;83205771;Usuário inexistente;False;comercialsmart;Upgrade;Não informado;Usuário adicional;Usuário adicional;https://app.pipefy.com/open-cards/1281123711;Migração/Outro;Não informado;Outros motivos descritos;Up - comercialsmart - 1 Uusário (5 usuários no total) - Protocolo: 202601121628340;1;0.0;0.0;Upgrade;;;Não calculado
13/01/2026;2026;1;Jan.;janeiro;2026-01;Jan./26;83205771;Usuário inexistente;False;ctmultas;Upgrade;Não informado;IA Copiloto;IA Copiloto;https://app.pipefy.com/open-cards/1281180626;Migração/Outro;Não informado;Outros motivos descritos;Up - Copiloto 500 créditos R$ 49,90- Protocolo: 202601131628388;1;0.0;0.0;Upgrade;;;Não calculado
13/01/2026;2026;1;Jan.;janeiro;2026-01;Jan./26;83205771;Usuário inexistente;False;phitofarmaaracatuba;Upgrade;Não informado;Distribuição automática;Distribuição automática;https://app.pipefy.com/open-cards/1281066026;Migração/Outro;Não informado;Processo/uso operacional;Up - Distribuição automática - 149,00 - Protocolo: 202601121627790;1;0.0;0.0;Upgrade;;;Não calculado
13/01/2026;2026;1;Jan.;janeiro;2026-01;Jan./26;Guilherme Virgilio Soares;Guilherme Virgilio Soares;True;hubdosrestaurantes;Upgrade;Não informado;Conexão Instagram Direct;Conexão Instagram Direct;https://app.pipefy.com/open-cards/1281299362;Migração/Outro;Não informado;Outros motivos descritos;- Upgrade: Conexão de Instagram Direct | R$89,00;1;0.0;0.0;Upgrade;;;Não calculado
13/01/2026;2026;1;Jan.;janeiro;2026-01;Jan./26;Guilherme Virgilio Soares;Guilherme Virgilio Soares;True;lucianapapini;Upgrade;Não informado;Primeira ativação de número oficial;Primeira ativação de número oficial;https://app.pipefy.com/open-cards/1281069355;Migração/Outro;Não informado;Outros motivos descritos;- Upgrade: Conexão adicional WhatsApp | R$89,00;1;0.0;0.0;Upgrade;;;Não calculado
13/01/2026;2026;1;Jan.;janeiro;2026-01;Jan./26;Guilherme Virgilio Soares;Guilherme Virgilio Soares;True;matheusassisadvocacia;Upgrade;Não informado;Distribuição automática;Distribuição automática;https://app.pipefy.com/open-cards/1280927285;Migração/Outro;Não informado;Processo/uso operacional;- Upgrade: Distribuição automática | R$149,00;1;0.0;0.0;Upgrade;;;Não calculado
13/01/2026;2026;1;Jan.;janeiro;2026-01;Jan./26;Guilherme Virgilio Soares;Guilherme Virgilio Soares;True;mhtucuruvi;Upgrade;Não informado;Pacotes SMS Disparo em Massa;Pacotes SMS Disparo em Massa;https://app.pipefy.com/open-cards/1281062331;Migração/Outro;Não informado;Outros motivos descritos;Contratação de SMS - 2500 créditos | R$250,00;1;0.0;0.0;Upgrade;;;Não calculado
13/01/2026;2026;1;Jan.;janeiro;2026-01;Jan./26;Guilherme Virgilio Soares;Guilherme Virgilio Soares;True;sigmativa;Upgrade;Não informado;Transcrição de Áudio;Transcrição de Áudio;https://app.pipefy.com/open-cards/1281287507;Migração/Outro;Não informado;Outros motivos descritos;- Upgrade: IA Transcrição de áudios - Plano 1.000 minutos | R$49,90;1;0.0;0.0;Upgrade;;;Não calculado
13/01/2026;2026;1;Jan.;janeiro;2026-01;Jan./26;Guilherme Virgilio Soares;Guilherme Virgilio Soares;True;sportivedata;Upgrade;Não informado;IA Agent;IA Agent;https://app.pipefy.com/open-cards/1281583577;Migração/Outro;Não informado;Outros motivos descritos;- Upgrade: IA Agente - 1.000 créditos | R$112,90;1;0.0;0.0;Upgrade;;;Não calculado
13/01/2026;2026;1;Jan.;janeiro;2026-01;Jan./26;Leticia Silva;Leticia Silva;True;assessoriasturmer;Upgrade;Não informado;Servidores;Servidores;https://app.pipefy.com/open-cards/1281228682;Migração/Outro;Não informado;Outros motivos descritos;Down Servidor 4/8 (R$169,00) > Up Servidor 8/16 (R$349,00).;1;0.0;0.0;Upgrade;;;Não calculado
13/01/2026;2026;1;Jan.;janeiro;2026-01;Jan./26;Leticia Silva;Leticia Silva;True;vistame;Upgrade;Não informado;Primeira ativação de número oficial;Primeira ativação de número oficial;https://app.pipefy.com/open-cards/1281257258;Migração/Outro;Não informado;Outros motivos descritos;Primeira Ativação de Número Oficial;1;0.0;0.0;Upgrade;;;Não calculado
14/01/2026;2026;1;Jan.;janeiro;2026-01;Jan./26;80401167;Usuário inexistente;False;diroma;Upgrade;Não informado;Usuário adicional;Usuário adicional;https://app.pipefy.com/open-cards/1281874370;Migração/Outro;Não informado;Outros motivos descritos;Upgrade de 2 usuário - protocolo 202601021616337;1;0.0;0.0;Upgrade;;;Não calculado
14/01/2026;2026;1;Jan.;janeiro;2026-01;Jan./26;83205771;Usuário inexistente;False;alpop;Upgrade;Não informado;Conexão adicional de WhatsApp;Conexão adicional de WhatsApp;https://app.pipefy.com/open-cards/1281798156;Migração/Outro;Não informado;Outros motivos descritos;Up - Conexão de whatsapp 79,00 - protocolo: 202601131629435 (OBS: negociação de 3 conexões por 79,00 cada, isso serve para as demais conexões vindas depois dessa);1;0.0;0.0;Upgrade;;;Não calculado
14/01/2026;2026;1;Jan.;janeiro;2026-01;Jan./26;83205771;Usuário inexistente;False;andrelux;Upgrade;Não informado;Migração para número oficial;Migração para número oficial;https://app.pipefy.com/open-cards/1281786578;Migração/Outro;Não informado;Outros motivos descritos;Não informado;1;0.0;0.0;Upgrade;;;Não calculado
14/01/2026;2026;1;Jan.;janeiro;2026-01;Jan./26;83205771;Usuário inexistente;False;savinibemestar;Upgrade;Não informado;Funil de vendas;Funil de vendas;https://app.pipefy.com/open-cards/1281819587;Migração/Outro;Não informado;Outros motivos descritos;UP - Funil de Vendas - 89,00 - Protocolo:202601141630862;1;0.0;0.0;Upgrade;;;Não calculado
14/01/2026;2026;1;Jan.;janeiro;2026-01;Jan./26;83205771;Usuário inexistente;False;solutudo;Upgrade;Não informado;"Conexão Instagram Direct; Conexão Facebook Messenger";Conexão Instagram Direct + outros;https://app.pipefy.com/open-cards/1281868945;Migração/Outro;Não informado;Redução de custo;Up - Conexão de Instagram + Facebook (Cliente ciente que caso queira descontratar, o valor voltar a ser 89,00) - Protocolo: 202601141630812 - solutudo;2;0.0;0.0;Upgrade;;;Não calculado
14/01/2026;2026;1;Jan.;janeiro;2026-01;Jan./26;Guilherme Virgilio Soares;Guilherme Virgilio Soares;True;pinkparty;Upgrade;Não informado;Primeira ativação de número oficial;Primeira ativação de número oficial;https://app.pipefy.com/open-cards/1281901057;Migração/Outro;Não informado;Outros motivos descritos;- Upgrade: Conexão Oficial | R$89,00;1;0.0;0.0;Upgrade;;;Não calculado
14/01/2026;2026;1;Jan.;janeiro;2026-01;Jan./26;Guilherme Virgilio Soares;Guilherme Virgilio Soares;True;pinzlocacoes;Upgrade;Não informado;Primeira ativação de número oficial;Primeira ativação de número oficial;https://app.pipefy.com/open-cards/1281927625;Migração/Outro;Não informado;Outros motivos descritos;- Upgrade: Conexão Oficial WhatsApp| R$89,00;1;0.0;0.0;Upgrade;;;Não calculado
14/01/2026;2026;1;Jan.;janeiro;2026-01;Jan./26;Leticia Silva;Leticia Silva;True;espacoterapeuticovb2;Upgrade;Não informado;"Conexão Facebook Messenger; Conexão Instagram Direct";Conexão Facebook Messenger + outros;https://app.pipefy.com/open-cards/1281908401;Migração/Outro;Não informado;Outros motivos descritos;- Up conexão de instagram + facebook (combo de R$120,00).;2;0.0;0.0;Upgrade;;;Não calculado
14/01/2026;2026;1;Jan.;janeiro;2026-01;Jan./26;Leticia Silva;Leticia Silva;True;narcisocontabilidade;Upgrade;Não informado;Funil de vendas;Funil de vendas;https://app.pipefy.com/open-cards/1281835799;Migração/Outro;Não informado;Outros motivos descritos;Up Funil de Vendas (R$89,90).;1;0.0;0.0;Upgrade;;;Não calculado
14/01/2026;2026;1;Jan.;janeiro;2026-01;Jan./26;Leticia Silva;Leticia Silva;True;portasmilenar;Upgrade;Não informado;IA Agent;IA Agent;https://app.pipefy.com/open-cards/1281696249;Migração/Outro;Não informado;Outros motivos descritos;Down IA Agente - 1.000 créditos (R$112,90) > Up  IA Agente - 4.000 créditos (R$394,90).;1;0.0;0.0;Upgrade;;;Não calculado
14/01/2026;2026;1;Jan.;janeiro;2026-01;Jan./26;Leticia Silva;Leticia Silva;True;portasmilenar;Upgrade;Não informado;IA Copiloto;IA Copiloto;https://app.pipefy.com/open-cards/1281613366;Migração/Outro;Não informado;Outros motivos descritos;Up IA Copiloto - 500 créditos (R$49,90).;1;0.0;0.0;Upgrade;;;Não calculado
14/01/2026;2026;1;Jan.;janeiro;2026-01;Jan./26;Leticia Silva;Leticia Silva;True;ramsignori;Upgrade;Não informado;Pacotes SMS Disparo em Massa;Pacotes SMS Disparo em Massa;https://app.pipefy.com/open-cards/1281932425;Migração/Outro;Não informado;Outros motivos descritos;Up SMS 500 - R$ 75,00 (possui 20).;1;0.0;0.0;Upgrade;;;Não calculado
14/01/2026;2026;1;Jan.;janeiro;2026-01;Jan./26;Leticia Silva;Leticia Silva;True;vistame;Upgrade;Não informado;Primeira ativação de número oficial;Primeira ativação de número oficial;https://app.pipefy.com/open-cards/1281636132;Migração/Outro;Não informado;Outros motivos descritos;Primeira Ativação de Número Oficial;1;0.0;0.0;Upgrade;;;Não calculado
14/01/2026;2026;1;Jan.;janeiro;2026-01;Jan./26;Vinicius Simões;Vinicius Simões;True;barrosealmeidaadv;Upgrade;Não informado;Transcrição de Áudio;Transcrição de Áudio;https://app.pipefy.com/open-cards/1281606088;Migração/Outro;Não informado;Outros motivos descritos;Upgrade: - IA Transcrição de Áudio com 1.000 minutos - R$ 49,90;1;0.0;0.0;Upgrade;;;Não calculado
15/01/2026;2026;1;Jan.;janeiro;2026-01;Jan./26;80401231;Usuário inexistente;False;evolucao;Upgrade;Não informado;"Servidores; Transcrição de Áudio";"Servidores; Transcrição de Áudio";https://app.pipefy.com/open-cards/1282514759;Migração/Outro;Não informado;Outros motivos descritos;Up Servidor 2/4 - R$89,00 e Transcrição de áudio 500 minutos - R$24,90;2;0.0;0.0;Upgrade;;;Não calculado
15/01/2026;2026;1;Jan.;janeiro;2026-01;Jan./26;82573565;Usuário inexistente;False;alvesequirinoadv;Upgrade;Não informado;Chat interno;Chat interno;https://app.pipefy.com/open-cards/1282184739;Migração/Outro;Não informado;Outros motivos descritos;Upgrade - Chat interno R$ 89,00 | Protocolo: 202601131629932;1;0.0;0.0;Upgrade;;;Não calculado
15/01/2026;2026;1;Jan.;janeiro;2026-01;Jan./26;83205771;Usuário inexistente;False;rafaelamaciel;Upgrade;Não informado;Conexão Instagram Direct;Conexão Instagram Direct;https://app.pipefy.com/open-cards/1282220997;Migração/Outro;Não informado;Outros motivos descritos;Upgrade - Conexão de INstagram 89,00 - Protocolo: 202601141630240;1;0.0;0.0;Upgrade;;;Não calculado
15/01/2026;2026;1;Jan.;janeiro;2026-01;Jan./26;Guilherme Virgilio Soares;Guilherme Virgilio Soares;True;associacaopenhense;Upgrade;Não informado;Primeira ativação de número oficial;Primeira ativação de número oficial;https://app.pipefy.com/open-cards/1282483971;Migração/Outro;Não informado;Outros motivos descritos;- Upgrade: Conexão Oficial | R$89,00;1;0.0;0.0;Upgrade;;;Não calculado
15/01/2026;2026;1;Jan.;janeiro;2026-01;Jan./26;Guilherme Virgilio Soares;Guilherme Virgilio Soares;True;danidemenekadv;Upgrade;Não informado;Distribuição automática;Distribuição automática;https://app.pipefy.com/open-cards/1282267252;Migração/Outro;Não informado;Processo/uso operacional;- Upgrade: Distribuição Automática | R$149,00;1;0.0;0.0;Upgrade;;;Não calculado
15/01/2026;2026;1;Jan.;janeiro;2026-01;Jan./26;Leticia Silva;Leticia Silva;True;bragancaadv;Upgrade;Não informado;Primeira ativação de número oficial;Primeira ativação de número oficial;https://app.pipefy.com/open-cards/1282441389;Migração/Outro;Não informado;Outros motivos descritos;Primeira Ativação de Número Oficial.;1;0.0;0.0;Upgrade;;;Não calculado
15/01/2026;2026;1;Jan.;janeiro;2026-01;Jan./26;Leticia Silva;Leticia Silva;True;donnapresentes;Upgrade;Não informado;Distribuição automática;Distribuição automática;https://app.pipefy.com/open-cards/1282344460;Migração/Outro;Não informado;Processo/uso operacional;Up Distribuição Automática (R$149,00).;1;0.0;0.0;Upgrade;;;Não calculado
15/01/2026;2026;1;Jan.;janeiro;2026-01;Jan./26;Leticia Silva;Leticia Silva;True;hidrattafarma;Upgrade;Não informado;Primeira ativação de número oficial;Primeira ativação de número oficial;https://app.pipefy.com/open-cards/1282333750;Migração/Outro;Não informado;Outros motivos descritos;Primeira Ativação de Número Oficial.;1;0.0;0.0;Upgrade;;;Não calculado
15/01/2026;2026;1;Jan.;janeiro;2026-01;Jan./26;Leticia Silva;Leticia Silva;True;mendeserodrigues;Upgrade;Não informado;Primeira ativação de número oficial;Primeira ativação de número oficial;https://app.pipefy.com/open-cards/1282192138;Migração/Outro;Não informado;Outros motivos descritos;Primeira Ativação de Número Oficial;1;0.0;0.0;Upgrade;;;Não calculado
15/01/2026;2026;1;Jan.;janeiro;2026-01;Jan./26;Leticia Silva;Leticia Silva;True;mtctransplantecapilar;Upgrade;Não informado;Integração;Integração;https://app.pipefy.com/open-cards/1282216862;Migração/Outro;Não informado;Outros motivos descritos;Up Integração RD CRM (R$59,99).;1;0.0;0.0;Upgrade;;;Não calculado
15/01/2026;2026;1;Jan.;janeiro;2026-01;Jan./26;Leticia Silva;Leticia Silva;True;proffitcontabil;Upgrade;Não informado;Servidores;Servidores;https://app.pipefy.com/open-cards/1282411935;Migração/Outro;Não informado;Outros motivos descritos;Up servidor 2/4 (R$89,00).;1;0.0;0.0;Upgrade;;;Não calculado
15/01/2026;2026;1;Jan.;janeiro;2026-01;Jan./26;Vinicius Simões;Vinicius Simões;True;colegiobetel;Upgrade;Não informado;Primeira ativação de número oficial;Primeira ativação de número oficial;https://app.pipefy.com/open-cards/1282341319;Migração/Outro;Não informado;Outros motivos descritos;Upgrade: - 1x Conexão adicional de WhatsApp API Oficial - R$ 79,00;1;0.0;0.0;Upgrade;;;Não calculado
15/01/2026;2026;1;Jan.;janeiro;2026-01;Jan./26;Vinicius Simões;Vinicius Simões;True;contassesc3;Upgrade;Não informado;Servidores;Servidores;https://app.pipefy.com/open-cards/1282448687;Migração/Outro;Não informado;Outros motivos descritos;Upgrade: - Servidor 2/4 - R$ 89,00;1;0.0;0.0;Upgrade;;;Não calculado
15/01/2026;2026;1;Jan.;janeiro;2026-01;Jan./26;Vinicius Simões;Vinicius Simões;True;gramasonline;Upgrade;Não informado;Primeira ativação de número oficial;Primeira ativação de número oficial;https://app.pipefy.com/open-cards/1282174069;Migração/Outro;Não informado;Outros motivos descritos;Upgrade: - 1x Conexão adicional de WhatsApp API Ofifical - R$ 89,00;1;0.0;0.0;Upgrade;;;Não calculado
15/01/2026;2026;1;Jan.;janeiro;2026-01;Jan./26;Vinicius Simões;Vinicius Simões;True;li;Upgrade;Não informado;Servidores;Servidores;https://app.pipefy.com/open-cards/1282458730;Migração/Outro;Não informado;Outros motivos descritos;Upgrade: - Servidor 8/16 - R$ 349,00;1;0.0;0.0;Upgrade;;;Não calculado
15/01/2026;2026;1;Jan.;janeiro;2026-01;Jan./26;Vinicius Simões;Vinicius Simões;True;naricosguimaraesadv4;Upgrade;Não informado;Conexão Instagram Direct;Conexão Instagram Direct;https://app.pipefy.com/open-cards/1282370702;Migração/Outro;Não informado;Outros motivos descritos;Upgrade: - Conexão de Instagram - R$ 89,00;1;0.0;0.0;Upgrade;;;Não calculado
15/01/2026;2026;1;Jan.;janeiro;2026-01;Jan./26;Vinicius Simões;Vinicius Simões;True;teknorte;Upgrade;Não informado;IA CSAT;IA CSAT;https://app.pipefy.com/open-cards/1282359721;Migração/Outro;Não informado;Outros motivos descritos;Upgrade: - IA CSAT com 1.000 créditos - R$ 25,90;1;0.0;0.0;Upgrade;;;Não calculado
16/01/2026;2026;1;Jan.;janeiro;2026-01;Jan./26;82573565;Usuário inexistente;False;bioma;Upgrade;Não informado;Chat interno;Chat interno;https://app.pipefy.com/open-cards/1283018198;Migração/Outro;Não informado;Outros motivos descritos;Upgrade Chat interno R$ 89,00 | Protocolo: 202601161634508;1;0.0;0.0;Upgrade;;;Não calculado
16/01/2026;2026;1;Jan.;janeiro;2026-01;Jan./26;82573565;Usuário inexistente;False;medis;Upgrade;Não informado;Conexão Facebook Messenger;Conexão Facebook Messenger;https://app.pipefy.com/open-cards/1282865134;Migração/Outro;Não informado;Redução de custo;Upgrade - Conexão Facebook no valor de R$ 89,00/mês | Protocolo: 202601091625331;1;0.0;0.0;Upgrade;;;Não calculado
16/01/2026;2026;1;Jan.;janeiro;2026-01;Jan./26;83205771;Usuário inexistente;False;formulanimalsorocaba;Upgrade;Não informado;Distribuição automática;Distribuição automática;https://app.pipefy.com/open-cards/1282949525;Migração/Outro;Não informado;Processo/uso operacional;Up - Distribuição automática 149,00 - Protocolo: 202601151633121;1;0.0;0.0;Upgrade;;;Não calculado
16/01/2026;2026;1;Jan.;janeiro;2026-01;Jan./26;83205771;Usuário inexistente;False;syngular3;Upgrade;Não informado;Usuário adicional;Usuário adicional;https://app.pipefy.com/open-cards/1282914426;Migração/Outro;Não informado;Outros motivos descritos;UP - 4 Usuários na URL: syngular3 - 47 > 51 usuários - Protocolo: 202601161634459;1;0.0;0.0;Upgrade;;;Não calculado
16/01/2026;2026;1;Jan.;janeiro;2026-01;Jan./26;83205771;Usuário inexistente;False;thermas;Upgrade;Não informado;Conexão adicional de WhatsApp - WABA;Conexão adicional de WhatsApp - WABA;https://app.pipefy.com/open-cards/1282986074;Migração/Outro;Não informado;Outros motivos descritos;Up - Conexão oficial WABA - 89,00 -  (19) 3112-3390;1;0.0;0.0;Upgrade;;;Não calculado
16/01/2026;2026;1;Jan.;janeiro;2026-01;Jan./26;Guilherme Virgilio Soares;Guilherme Virgilio Soares;True;acrilicostore;Upgrade;Não informado;Integração;Integração;https://app.pipefy.com/open-cards/1282745212;Migração/Outro;Não informado;Outros motivos descritos;- Upgrade: Integração RD Station | R$59,99;1;0.0;0.0;Upgrade;;;Não calculado
16/01/2026;2026;1;Jan.;janeiro;2026-01;Jan./26;Guilherme Virgilio Soares;Guilherme Virgilio Soares;True;biowash;Upgrade;Não informado;Pacotes SMS Disparo em Massa;Pacotes SMS Disparo em Massa;https://app.pipefy.com/open-cards/1282863435;Migração/Outro;Não informado;Outros motivos descritos;- Upgrade: Pacote de SMS 7.500 créditos | R$750,00;1;0.0;0.0;Upgrade;;;Não calculado
16/01/2026;2026;1;Jan.;janeiro;2026-01;Jan./26;Guilherme Virgilio Soares;Guilherme Virgilio Soares;True;carolinagouveiaadv;Upgrade;Não informado;Servidores;Servidores;https://app.pipefy.com/open-cards/1282749924;Migração/Outro;Não informado;Outros motivos descritos;- Upgrade: Servidor 2/4 | R$89,00;1;0.0;0.0;Upgrade;;;Não calculado
16/01/2026;2026;1;Jan.;janeiro;2026-01;Jan./26;Guilherme Virgilio Soares;Guilherme Virgilio Soares;True;essoequipamentos;Upgrade;Não informado;Chat interno;Chat interno;https://app.pipefy.com/open-cards/1282838735;Migração/Outro;Não informado;Outros motivos descritos;- Upgrade: Chat Interno | R$89,00;1;0.0;0.0;Upgrade;;;Não calculado
16/01/2026;2026;1;Jan.;janeiro;2026-01;Jan./26;Leticia Silva;Leticia Silva;True;cartaodetodosiguatu;Upgrade;Não informado;Primeira ativação de número oficial;Primeira ativação de número oficial;https://app.pipefy.com/open-cards/1282852460;Migração/Outro;Não informado;Outros motivos descritos;Primeira Ativação de Número Oficial;1;0.0;0.0;Upgrade;;;Não calculado
16/01/2026;2026;1;Jan.;janeiro;2026-01;Jan./26;Leticia Silva;Leticia Silva;True;gerencierastreamento;Upgrade;Não informado;Transcrição de Áudio;Transcrição de Áudio;https://app.pipefy.com/open-cards/1282832413;Migração/Outro;Não informado;Outros motivos descritos;Up Transcrição de Áudio 500 min → R$ 24,90.;1;0.0;0.0;Upgrade;;;Não calculado
16/01/2026;2026;1;Jan.;janeiro;2026-01;Jan./26;Leticia Silva;Leticia Silva;True;gmrmidiasassessoria;Upgrade;Não informado;Servidores;Servidores;https://app.pipefy.com/open-cards/1282715438;Migração/Outro;Não informado;Outros motivos descritos;upgrade para o servidor 4/8;1;0.0;0.0;Upgrade;;;Não calculado
16/01/2026;2026;1;Jan.;janeiro;2026-01;Jan./26;Leticia Silva;Leticia Silva;True;metalurgicajlar;Upgrade;Não informado;"Transcrição de Áudio; IA Copiloto; Resumo Inteligente";Transcrição de Áudio + outros;https://app.pipefy.com/open-cards/1282817879;Migração/Outro;Não informado;Outros motivos descritos;UP IA Transcrição de áudio (Plano 500 minutos) – R$ 24,90  IA Texto Mágico (1.000 créditos) – R$ 19,90  IA Copiloto (500 créditos) – R$ 49,90;3;0.0;0.0;Upgrade;;;Não calculado
16/01/2026;2026;1;Jan.;janeiro;2026-01;Jan./26;Leticia Silva;Leticia Silva;True;monteirobarrosoadv;Upgrade;Não informado;Funil de vendas;Funil de vendas;https://app.pipefy.com/open-cards/1282838985;Migração/Outro;Não informado;Outros motivos descritos;Up Funil de Vendas (R$89,90).;1;0.0;0.0;Upgrade;;;Não calculado
16/01/2026;2026;1;Jan.;janeiro;2026-01;Jan./26;Leticia Silva;Leticia Silva;True;rolamais;Upgrade;Não informado;Distribuição automática;Distribuição automática;https://app.pipefy.com/open-cards/1282948398;Migração/Outro;Não informado;Redução de custo;Contratação referente à distribuição automática pelo valor promocional de 89 reais mensais, pois o cliente só cancelou no passado pois a ferramenta estava apresentando erros.;1;0.0;0.0;Upgrade;;;Não calculado
16/01/2026;2026;1;Jan.;janeiro;2026-01;Jan./26;Marcela Medeiros;Marcela Medeiros;True;danidemenekadv;Upgrade;Não informado;Servidores;Servidores;https://app.pipefy.com/open-cards/1282898169;Migração/Outro;Não informado;Redução de custo;UPgrade para servidor 2/4 no valor de R$ 89,00;1;0.0;0.0;Upgrade;;;Não calculado
16/01/2026;2026;1;Jan.;janeiro;2026-01;Jan./26;Vinicius Simões;Vinicius Simões;True;deltaglobalbank;Upgrade;Não informado;Distribuição automática;Distribuição automática;https://app.pipefy.com/open-cards/1282739246;Migração/Outro;Não informado;Processo/uso operacional;Upgrade: - Distribuição automática - R$ 149,00;1;0.0;0.0;Upgrade;;;Não calculado
19/01/2026;2026;1;Jan.;janeiro;2026-01;Jan./26;80401167;Usuário inexistente;False;gestaoopme2;Upgrade;Não informado;Primeira ativação de número oficial;Primeira ativação de número oficial;https://app.pipefy.com/open-cards/1283857869;Migração/Outro;Não informado;Outros motivos descritos;Plano Base – 2 usuários / 1 conexão | R$137,00 Usuários adicionais | 134x R$29,00 | R$3.886,00 Conexão adicional de WhatsApp | 5x R$89,00 | R$445,00 Upgrade de servidor | R$148,00 Conexão WABA / 360Dialog / Direct Payment | R$89,00  Total mensal: R$4.705,00;1;0.0;0.0;Upgrade;;;Não calculado
19/01/2026;2026;1;Jan.;janeiro;2026-01;Jan./26;82573565;Usuário inexistente;False;evidencieb2c;Upgrade;Não informado;Funil de vendas;Funil de vendas;https://app.pipefy.com/open-cards/1283862734;Migração/Outro;Não informado;Outros motivos descritos;Upgrade Funil de vendas R$ 49,90 | Protocolo: 202601161634494;1;0.0;0.0;Upgrade;;;Não calculado
19/01/2026;2026;1;Jan.;janeiro;2026-01;Jan./26;82573565;Usuário inexistente;False;nbstelecom;Upgrade;Não informado;Primeira ativação de número oficial;Primeira ativação de número oficial;https://app.pipefy.com/open-cards/1284143959;Migração/Outro;Não informado;Outros motivos descritos;Upgrade de Conexão adicional WABA R$ 89,00 (cliente vai utilizar a conexão adicional para migrar um número oficial de outra plataforma para a Digisac).;1;0.0;0.0;Upgrade;;;Não calculado
19/01/2026;2026;1;Jan.;janeiro;2026-01;Jan./26;83205771;Usuário inexistente;False;clickfly;Upgrade;Não informado;Funil de vendas;Funil de vendas;https://app.pipefy.com/open-cards/1283901743;Migração/Outro;Não informado;Outros motivos descritos;Up - Funil de vendas - 89,00 - Protocolo:202601191635225;1;0.0;0.0;Upgrade;;;Não calculado
19/01/2026;2026;1;Jan.;janeiro;2026-01;Jan./26;83205771;Usuário inexistente;False;herkim;Upgrade;Não informado;Usuário adicional;Usuário adicional;https://app.pipefy.com/open-cards/1283958437;Migração/Outro;Não informado;Outros motivos descritos;Up - 2 Usuário 12USD - Protocolo: 202601191635316;1;0.0;0.0;Upgrade;;;Não calculado
19/01/2026;2026;1;Jan.;janeiro;2026-01;Jan./26;83205771;Usuário inexistente;False;transcunha;Upgrade;Não informado;Servidores;Servidores;https://app.pipefy.com/open-cards/1283962853;Migração/Outro;Não informado;Outros motivos descritos;Up - Servidor 2/4 - 89,00 - Protocolo: 202601191635221;1;0.0;0.0;Upgrade;;;Não calculado
19/01/2026;2026;1;Jan.;janeiro;2026-01;Jan./26;83205771;Usuário inexistente;False;vsadv;Upgrade;Não informado;Primeira ativação de número oficial;Primeira ativação de número oficial;https://app.pipefy.com/open-cards/1284060397;Migração/Outro;Não informado;Outros motivos descritos;1 Ativação Waba - 202601191635825;1;0.0;0.0;Upgrade;;;Não calculado
19/01/2026;2026;1;Jan.;janeiro;2026-01;Jan./26;Guilherme Virgilio Soares;Guilherme Virgilio Soares;True;notavelcont;Upgrade;Não informado;Transcrição de Áudio;Transcrição de Áudio;https://app.pipefy.com/open-cards/1284102365;Migração/Outro;Não informado;Outros motivos descritos;- Upgrade: IA - Transcrição de Áudio - Plano 500 | R$24,90;1;0.0;0.0;Upgrade;;;Não calculado
19/01/2026;2026;1;Jan.;janeiro;2026-01;Jan./26;Guilherme Virgilio Soares;Guilherme Virgilio Soares;True;redemundialtelhas;Upgrade;Não informado;Conexão Instagram Direct;Conexão Instagram Direct;https://app.pipefy.com/open-cards/1283969376;Migração/Outro;Não informado;Outros motivos descritos;- Upgrade: Conexão adicional de Instagram Direct | R$89,00;1;0.0;0.0;Upgrade;;;Não calculado
19/01/2026;2026;1;Jan.;janeiro;2026-01;Jan./26;Guilherme Virgilio Soares;Guilherme Virgilio Soares;True;rnvcontabil;Upgrade;Não informado;Funil de vendas;Funil de vendas;https://app.pipefy.com/open-cards/1284092708;Migração/Outro;Não informado;Outros motivos descritos;- Upgrade: Funil de vendas | R$89,90;1;0.0;0.0;Upgrade;;;Não calculado
19/01/2026;2026;1;Jan.;janeiro;2026-01;Jan./26;Guilherme Virgilio Soares;Guilherme Virgilio Soares;True;voandocomgv;Upgrade;Não informado;Transcrição de Áudio;Transcrição de Áudio;https://app.pipefy.com/open-cards/1283978332;Migração/Outro;Não informado;Outros motivos descritos;- Upgrade: IA - Transcrição de Áudio - 500 créditos | R$24,90;1;0.0;0.0;Upgrade;;;Não calculado
19/01/2026;2026;1;Jan.;janeiro;2026-01;Jan./26;Leticia Silva;Leticia Silva;True;farmaformula;Upgrade;Não informado;Primeira ativação de número oficial;Primeira ativação de número oficial;https://app.pipefy.com/open-cards/1284055904;Migração/Outro;Não informado;Outros motivos descritos;Primeira Ativação de Número Oficial.;1;0.0;0.0;Upgrade;;;Não calculado
19/01/2026;2026;1;Jan.;janeiro;2026-01;Jan./26;Leticia Silva;Leticia Silva;True;grupoinvestcar;Upgrade;Não informado;Distribuição automática;Distribuição automática;https://app.pipefy.com/open-cards/1283988179;Migração/Outro;Não informado;Outros motivos descritos;Up Distribuição de Chamados (R$149,00).;1;0.0;0.0;Upgrade;;;Não calculado
19/01/2026;2026;1;Jan.;janeiro;2026-01;Jan./26;Leticia Silva;Leticia Silva;True;lopesecampanelli;Upgrade;Não informado;Funil de vendas;Funil de vendas;https://app.pipefy.com/open-cards/1284063441;Migração/Outro;Não informado;Outros motivos descritos;Up Funil de Vendas (R$89,90).;1;0.0;0.0;Upgrade;;;Não calculado
19/01/2026;2026;1;Jan.;janeiro;2026-01;Jan./26;Leticia Silva;Leticia Silva;True;moreiranet;Upgrade;Não informado;URL;URL;https://app.pipefy.com/open-cards/1284115291;Migração/Outro;Não informado;Outros motivos descritos;Não informado;1;0.0;0.0;Upgrade;;;Não calculado
19/01/2026;2026;1;Jan.;janeiro;2026-01;Jan./26;Leticia Silva;Leticia Silva;True;navarroconsultoria;Upgrade;Não informado;Servidores;Servidores;https://app.pipefy.com/open-cards/1283801999;Migração/Outro;Não informado;Outros motivos descritos;Up Servidor 2/4 (R$89,00).;1;0.0;0.0;Upgrade;;;Não calculado
19/01/2026;2026;1;Jan.;janeiro;2026-01;Jan./26;Leticia Silva;Leticia Silva;True;spcontabil;Upgrade;Não informado;"Transcrição de Áudio; Resumo Inteligente";"Transcrição de Áudio; Resumo Inteligente";https://app.pipefy.com/open-cards/1284099293;Migração/Outro;Não informado;Outros motivos descritos;Up IA Texto Mágico 1.000 créditos → R$ 19,90 + IA Transcrição de Áudio 500 min → R$ 24,90.;2;0.0;0.0;Upgrade;;;Não calculado
19/01/2026;2026;1;Jan.;janeiro;2026-01;Jan./26;Vinicius Simões;Vinicius Simões;True;grupokaza;Upgrade;Não informado;Primeira ativação de número oficial;Primeira ativação de número oficial;https://app.pipefy.com/open-cards/1283890611;Migração/Outro;Não informado;Outros motivos descritos;Upgrade: - 1x Conexão de WhatsApp API Oficial - R$ 89,00;1;0.0;0.0;Upgrade;;;Não calculado
19/01/2026;2026;1;Jan.;janeiro;2026-01;Jan./26;Vinicius Simões;Vinicius Simões;True;idellijm;Upgrade;Não informado;Servidores;Servidores;https://app.pipefy.com/open-cards/1283847391;Migração/Outro;Não informado;Outros motivos descritos;Upgrade: - Servidor 2/4 - R$ 89,00;1;0.0;0.0;Upgrade;;;Não calculado
19/01/2026;2026;1;Jan.;janeiro;2026-01;Jan./26;Vinicius Simões;Vinicius Simões;True;solucert;Upgrade;Não informado;Funil de vendas;Funil de vendas;https://app.pipefy.com/open-cards/1283841226;Migração/Outro;Não informado;Outros motivos descritos;Upgrade: - Funil de Vendas - R$ 89,90;1;0.0;0.0;Upgrade;;;Não calculado
19/01/2026;2026;1;Jan.;janeiro;2026-01;Jan./26;Vinicius Simões;Vinicius Simões;True;thermashwatendimento;Upgrade;Não informado;Servidores;Servidores;https://app.pipefy.com/open-cards/1283995985;Migração/Outro;Não informado;Outros motivos descritos;Upgrade: - Servidor 4/8 - R$ 169,00;1;0.0;0.0;Upgrade;;;Não calculado
20/01/2026;2026;1;Jan.;janeiro;2026-01;Jan./26;82573565;Usuário inexistente;False;graficaschneider;Upgrade;Não informado;Conexão Instagram Direct;Conexão Instagram Direct;https://app.pipefy.com/open-cards/1284348429;Migração/Outro;Não informado;Outros motivos descritos;Upgrade - Conexão de Instagram R$ 89,00 | Protocolo: 202601191636255;1;0.0;0.0;Upgrade;;;Não calculado
20/01/2026;2026;1;Jan.;janeiro;2026-01;Jan./26;83205771;Usuário inexistente;False;gouveaadv;Upgrade;Não informado;Primeira ativação de número oficial;Primeira ativação de número oficial;https://app.pipefy.com/open-cards/1284403697;Migração/Outro;Não informado;Outros motivos descritos;1 ativação waba - Up - 89,00 - 202601191636542;1;0.0;0.0;Upgrade;;;Não calculado
20/01/2026;2026;1;Jan.;janeiro;2026-01;Jan./26;83205771;Usuário inexistente;False;maissaudecentromedico;Upgrade;Não informado;Servidores;Servidores;https://app.pipefy.com/open-cards/1284494783;Migração/Outro;Não informado;Outros motivos descritos;Up - servidor 4/8 - 169,00 - protocolo: 202601201636965;1;0.0;0.0;Upgrade;;;Não calculado
20/01/2026;2026;1;Jan.;janeiro;2026-01;Jan./26;83205771;Usuário inexistente;False;mvtlivraria;Upgrade;Não informado;Usuário adicional;Usuário adicional;https://app.pipefy.com/open-cards/1284444650;Migração/Outro;Não informado;Outros motivos descritos;Up - 1 Usuário adicional - 29,00 - Protocolo: 202601191636285;1;0.0;0.0;Upgrade;;;Não calculado
20/01/2026;2026;1;Jan.;janeiro;2026-01;Jan./26;83205771;Usuário inexistente;False;offertech;Upgrade;Não informado;Primeira ativação de número oficial;Primeira ativação de número oficial;https://app.pipefy.com/open-cards/1284418530;Migração/Outro;Não informado;Outros motivos descritos;Up - 1 ativação de número oficial - 89,00 - 202601191635731;1;0.0;0.0;Upgrade;;;Não calculado
20/01/2026;2026;1;Jan.;janeiro;2026-01;Jan./26;Guilherme Virgilio Soares;Guilherme Virgilio Soares;True;belladoctorscrubs;Upgrade;Não informado;Primeira ativação de número oficial;Primeira ativação de número oficial;https://app.pipefy.com/open-cards/1284677602;Migração/Outro;Não informado;Outros motivos descritos;- Upgrade: Conexão Oficial | R$89,00;1;0.0;0.0;Upgrade;;;Não calculado
20/01/2026;2026;1;Jan.;janeiro;2026-01;Jan./26;Guilherme Virgilio Soares;Guilherme Virgilio Soares;True;casabueno;Upgrade;Não informado;E-mail adicional;E-mail adicional;https://app.pipefy.com/open-cards/1284315526;Migração/Outro;Não informado;Outros motivos descritos;- Upgrade: 2 Conexões adicionais de e-mail (com desconto) | 2x R$49,90;1;0.0;0.0;Upgrade;;;Não calculado
20/01/2026;2026;1;Jan.;janeiro;2026-01;Jan./26;Guilherme Virgilio Soares;Guilherme Virgilio Soares;True;plavitec;Upgrade;Não informado;Primeira ativação de número oficial;Primeira ativação de número oficial;https://app.pipefy.com/open-cards/1284441965;Migração/Outro;Não informado;Outros motivos descritos;- Upgrade: Conexão Oficial | R$89,00;1;0.0;0.0;Upgrade;;;Não calculado
20/01/2026;2026;1;Jan.;janeiro;2026-01;Jan./26;Leticia Silva;Leticia Silva;True;agrproducao;Upgrade;Não informado;Usuário adicional;Usuário adicional;https://app.pipefy.com/open-cards/1284373674;Migração/Outro;Não informado;Outros motivos descritos;Up usuário adicional na URL agrproducao (R$29,00).;1;0.0;0.0;Upgrade;;;Não calculado
20/01/2026;2026;1;Jan.;janeiro;2026-01;Jan./26;Leticia Silva;Leticia Silva;True;bwcommerce;Upgrade;Não informado;Primeira ativação de número oficial;Primeira ativação de número oficial;https://app.pipefy.com/open-cards/1284569449;Migração/Outro;Não informado;Outros motivos descritos;Primeira Ativação de Número Oficial;1;0.0;0.0;Upgrade;;;Não calculado
20/01/2026;2026;1;Jan.;janeiro;2026-01;Jan./26;Leticia Silva;Leticia Silva;True;lineaplas2;Upgrade;Não informado;Distribuição automática;Distribuição automática;https://app.pipefy.com/open-cards/1284527151;Migração/Outro;Não informado;Processo/uso operacional;Up Distribuição Automática (R$149,00).;1;0.0;0.0;Upgrade;;;Não calculado
20/01/2026;2026;1;Jan.;janeiro;2026-01;Jan./26;Leticia Silva;Leticia Silva;True;rscafes;Upgrade;Não informado;"Transcrição de Áudio; Texto Mágico; Resumo Inteligente; IA CSAT";Transcrição de Áudio + outros;https://app.pipefy.com/open-cards/1284634744;Migração/Outro;Não informado;Outros motivos descritos;Up IA Transcrição de áudio - Plano 500 minutos + IA Texto Mágico - 1.000 créditos + IA Resumo Inteligente - Plano 500 créditos + IA CSAT - Plano 500 créditos (R$139,50).;4;0.0;0.0;Upgrade;;;Não calculado
20/01/2026;2026;1;Jan.;janeiro;2026-01;Jan./26;Leticia Silva;Leticia Silva;True;soaresecampelloadv;Upgrade;Não informado;Funil de vendas;Funil de vendas;https://app.pipefy.com/open-cards/1284338670;Migração/Outro;Não informado;Outros motivos descritos;Up Funil de Vendas (R$89,90).;1;0.0;0.0;Upgrade;;;Não calculado
21/01/2026;2026;1;Jan.;janeiro;2026-01;Jan./26;83205771;Usuário inexistente;False;agrproducao;Upgrade;Não informado;Usuário adicional;Usuário adicional;https://app.pipefy.com/open-cards/1285080055;Migração/Outro;Não informado;Outros motivos descritos;Up - 1 Us na URL: agrproducao - 8>9 - Protocolo: 202601201637822;1;0.0;0.0;Upgrade;;;Não calculado
21/01/2026;2026;1;Jan.;janeiro;2026-01;Jan./26;83205771;Usuário inexistente;False;motoformosa;Upgrade;Não informado;Servidores;Servidores;https://app.pipefy.com/open-cards/1285056217;Migração/Outro;Não informado;Outros motivos descritos;Up - servidor 4/8 - 169,00 - Protocolo: 202601201637175;1;0.0;0.0;Upgrade;;;Não calculado
21/01/2026;2026;1;Jan.;janeiro;2026-01;Jan./26;83205771;Usuário inexistente;False;redemaisz;Upgrade;Não informado;Chat interno;Chat interno;https://app.pipefy.com/open-cards/1285203867;Migração/Outro;Não informado;Outros motivos descritos;Up - Chat Interno 89,00 - Protocolo: 202601201638160;1;0.0;0.0;Upgrade;;;Não calculado
21/01/2026;2026;1;Jan.;janeiro;2026-01;Jan./26;83205771;Usuário inexistente;False;upbetbrasil;Upgrade;Não informado;Servidores;Servidores;https://app.pipefy.com/open-cards/1285121782;Migração/Outro;Não informado;Outros motivos descritos;UP - Servidor 8/16 - 349,00 - Protocolo: 202601211639366;1;0.0;0.0;Upgrade;;;Não calculado
21/01/2026;2026;1;Jan.;janeiro;2026-01;Jan./26;Guilherme Virgilio Soares;Guilherme Virgilio Soares;True;gabrielaoliveira;Upgrade;Não informado;Primeira ativação de número oficial;Primeira ativação de número oficial;https://app.pipefy.com/open-cards/1285262086;Migração/Outro;Não informado;Outros motivos descritos;- Upgrade: Conexão WhatsApp Oficial | R$89,00;1;0.0;0.0;Upgrade;;;Não calculado
21/01/2026;2026;1;Jan.;janeiro;2026-01;Jan./26;Guilherme Virgilio Soares;Guilherme Virgilio Soares;True;lpadv1;Upgrade;Não informado;Primeira ativação de número oficial;Primeira ativação de número oficial;https://app.pipefy.com/open-cards/1285035263;Migração/Outro;Não informado;Outros motivos descritos;- Upgrade: Conexão Oficial | R$89,00;1;0.0;0.0;Upgrade;;;Não calculado
21/01/2026;2026;1;Jan.;janeiro;2026-01;Jan./26;Guilherme Virgilio Soares;Guilherme Virgilio Soares;True;nkconsultoria;Upgrade;Não informado;URL;URL;https://app.pipefy.com/open-cards/1284980444;Migração/Outro;Não informado;Outros motivos descritos;Não informado;1;0.0;0.0;Upgrade;;;Não calculado
21/01/2026;2026;1;Jan.;janeiro;2026-01;Jan./26;Leticia Silva;Leticia Silva;True;chamatte;Upgrade;Não informado;Conexão Instagram Direct;Conexão Instagram Direct;https://app.pipefy.com/open-cards/1285139056;Migração/Outro;Não informado;Outros motivos descritos;Up Conexão Instagram (R$89,00),;1;0.0;0.0;Upgrade;;;Não calculado
21/01/2026;2026;1;Jan.;janeiro;2026-01;Jan./26;Leticia Silva;Leticia Silva;True;quires;Upgrade;Não informado;"Conexão Instagram Direct; Conexão Facebook Messenger";Conexão Instagram Direct + outros;https://app.pipefy.com/open-cards/1285176587;Migração/Outro;Não informado;Outros motivos descritos;Up Conexões de Instagram + Facebook (R$120,00).;2;0.0;0.0;Upgrade;;;Não calculado
22/01/2026;2026;1;Jan.;janeiro;2026-01;Jan./26;80401167;Usuário inexistente;False;vemsorrirmrg1;Upgrade;Não informado;Servidores;Servidores;https://app.pipefy.com/open-cards/1285603454;Migração/Outro;Não informado;Outros motivos descritos;UP de servidor  2/4;1;0.0;0.0;Upgrade;;;Não calculado
22/01/2026;2026;1;Jan.;janeiro;2026-01;Jan./26;82573565;Usuário inexistente;False;jardiniassessoria;Upgrade;Não informado;Usuário adicional;Usuário adicional;https://app.pipefy.com/open-cards/1285768181;Migração/Outro;Não informado;Outros motivos descritos;Upgrade Usuário adicional, R$ 29,00, para a URL: jardiniassessoria | Protocolo: 202601151632516;1;0.0;0.0;Upgrade;;;Não calculado
22/01/2026;2026;1;Jan.;janeiro;2026-01;Jan./26;83205771;Usuário inexistente;False;fantec;Upgrade;Não informado;"IA CSAT; IA Agent";"IA CSAT; IA Agent";https://app.pipefy.com/open-cards/1285832453;Migração/Outro;Não informado;Outros motivos descritos;UP - Agente Inteligente: 112,90 mensal IA CSAT: 14,90 mensal - PROTOCOLO: 202601211639134;2;0.0;0.0;Upgrade;;;Não calculado
22/01/2026;2026;1;Jan.;janeiro;2026-01;Jan./26;Guilherme Virgilio Soares;Guilherme Virgilio Soares;True;advocaciamolina;Upgrade;Não informado;Funil de vendas;Funil de vendas;https://app.pipefy.com/open-cards/1285659240;Migração/Outro;Não informado;Outros motivos descritos;- Upgrade: Funil de vendas | R$89,90;1;0.0;0.0;Upgrade;;;Não calculado
22/01/2026;2026;1;Jan.;janeiro;2026-01;Jan./26;Guilherme Virgilio Soares;Guilherme Virgilio Soares;True;humalimentar;Upgrade;Não informado;Usuário adicional;Usuário adicional;https://app.pipefy.com/open-cards/1285628851;Migração/Outro;Não informado;Outros motivos descritos;- Upgrade: Usuários adicionais | 3x R$29,00 | R$87,00;1;0.0;0.0;Upgrade;;;Não calculado
22/01/2026;2026;1;Jan.;janeiro;2026-01;Jan./26;Leticia Silva;Leticia Silva;True;alpop;Upgrade;Não informado;Conexão adicional de WhatsApp;Conexão adicional de WhatsApp;https://app.pipefy.com/open-cards/1285628754;Migração/Outro;Não informado;Outros motivos descritos;Up de 3 conexões com desconto (R$237,00).;1;0.0;0.0;Upgrade;;;Não calculado
23/01/2026;2026;1;Jan.;janeiro;2026-01;Jan./26;80401167;Usuário inexistente;False;clinicacpo;Upgrade;Não informado;Conexão adicional de WhatsApp;Conexão adicional de WhatsApp;https://app.pipefy.com/open-cards/1286396613;Migração/Outro;Não informado;Outros motivos descritos;Upgrade de uma conexão adicional de WhatsApp Standard na URL: clinicacpo - R$89,00 - Protocolo: 202601131628759;1;0.0;0.0;Upgrade;;;Não calculado
23/01/2026;2026;1;Jan.;janeiro;2026-01;Jan./26;80401167;Usuário inexistente;False;grupoforum;Upgrade;Não informado;Conexão adicional de WhatsApp;Conexão adicional de WhatsApp;https://app.pipefy.com/open-cards/1286751962;Migração/Outro;Não informado;Outros motivos descritos;Upgrade Conexão adicional de WhatsApp | 5x R$69,00 | R$345,00;1;0.0;0.0;Upgrade;;;Não calculado
23/01/2026;2026;1;Jan.;janeiro;2026-01;Jan./26;80401231;Usuário inexistente;False;fazconcontabilidade;Upgrade;Não informado;Primeira ativação de número oficial;Primeira ativação de número oficial;https://app.pipefy.com/open-cards/1286685521;Migração/Outro;Não informado;Outros motivos descritos;Up 1 conexão WABA/ 360;1;0.0;0.0;Upgrade;;;Não calculado
23/01/2026;2026;1;Jan.;janeiro;2026-01;Jan./26;80401231;Usuário inexistente;False;fazconcontabilidade;Upgrade;Não informado;Primeira ativação de número oficial;Primeira ativação de número oficial;https://app.pipefy.com/open-cards/1286665102;Migração/Outro;Não informado;Outros motivos descritos;Up 1 conexão WABA/ 360 - Direct Pay;1;0.0;0.0;Upgrade;;;Não calculado
23/01/2026;2026;1;Jan.;janeiro;2026-01;Jan./26;82573565;Usuário inexistente;False;payttecnologia;Upgrade;Não informado;Servidores;Servidores;https://app.pipefy.com/open-cards/1286492504;Migração/Outro;Não informado;Outros motivos descritos;Upgrade Servidor 2/4, indicado pelo suporte | Protocolo: 202601211639563;1;0.0;0.0;Upgrade;;;Não calculado
23/01/2026;2026;1;Jan.;janeiro;2026-01;Jan./26;83205771;Usuário inexistente;False;advogmed;Upgrade;Não informado;Usuário adicional;Usuário adicional;https://app.pipefy.com/open-cards/1286661791;Migração/Outro;Não informado;Outros motivos descritos;Up - 4 Usuários adicionais 26,10 cada - na url: advogmed - Protocolo: 202601231642371;1;0.0;0.0;Upgrade;;;Não calculado
23/01/2026;2026;1;Jan.;janeiro;2026-01;Jan./26;83205771;Usuário inexistente;False;caminhodaluz;Upgrade;Não informado;Usuário adicional;Usuário adicional;https://app.pipefy.com/open-cards/1286640170;Migração/Outro;Não informado;Outros motivos descritos;Up - 2 usuários - 58,00 na url: caminhodaluz (20>22) - Protocolo: 202601231642314;1;0.0;0.0;Upgrade;;;Não calculado
23/01/2026;2026;1;Jan.;janeiro;2026-01;Jan./26;83205771;Usuário inexistente;False;cantinasgrupochico;Upgrade;Não informado;Usuário adicional;Usuário adicional;https://app.pipefy.com/open-cards/1286484019;Migração/Outro;Não informado;Outros motivos descritos;Up - 2 usuários 58,00 Url: cantinasgrupochico (2>4) - Protocolo: 202601221640366;1;0.0;0.0;Upgrade;;;Não calculado
23/01/2026;2026;1;Jan.;janeiro;2026-01;Jan./26;83205771;Usuário inexistente;False;cypresteadvs;Upgrade;Não informado;IA Agent;IA Agent;https://app.pipefy.com/open-cards/1286572082;Migração/Outro;Não informado;Outros motivos descritos;Up - Agente Inteligente - 1.000- 112,90 - Protocolo: 202601211639421;1;0.0;0.0;Upgrade;;;Não calculado
23/01/2026;2026;1;Jan.;janeiro;2026-01;Jan./26;Guilherme Virgilio Soares;Guilherme Virgilio Soares;True;akitutes;Upgrade;Não informado;"Funil de vendas; Conexão Instagram Direct";"Funil de vendas; Conexão Instagram Direct";https://app.pipefy.com/open-cards/1286495818;Migração/Outro;Não informado;Outros motivos descritos;- Upgrade: Funil de vendas (com desconto) | R$49,90 |  conexão de Instagram Direct | R$89,00 |;2;0.0;0.0;Upgrade;;;Não calculado
23/01/2026;2026;1;Jan.;janeiro;2026-01;Jan./26;Guilherme Virgilio Soares;Guilherme Virgilio Soares;True;akitutes;Upgrade;Não informado;Primeira ativação de número oficial;Primeira ativação de número oficial;https://app.pipefy.com/open-cards/1286477031;Migração/Outro;Não informado;Outros motivos descritos;- Upgrade: Conexão WhatsApp Oficial | R$89,00;1;0.0;0.0;Upgrade;;;Não calculado
23/01/2026;2026;1;Jan.;janeiro;2026-01;Jan./26;Guilherme Virgilio Soares;Guilherme Virgilio Soares;True;angelajesussouzaadv;Upgrade;Não informado;Funil de vendas;Funil de vendas;https://app.pipefy.com/open-cards/1286413537;Migração/Outro;Não informado;Outros motivos descritos;- Upgrade: Funil de vendas (com desconto) | R$49,90;1;0.0;0.0;Upgrade;;;Não calculado
23/01/2026;2026;1;Jan.;janeiro;2026-01;Jan./26;Guilherme Virgilio Soares;Guilherme Virgilio Soares;True;bonitoxp;Upgrade;Não informado;Servidores;Servidores;https://app.pipefy.com/open-cards/1286400169;Migração/Outro;Não informado;Outros motivos descritos;- Upgrade: Servidor 2/4 | R$89,00;1;0.0;0.0;Upgrade;;;Não calculado
23/01/2026;2026;1;Jan.;janeiro;2026-01;Jan./26;Guilherme Virgilio Soares;Guilherme Virgilio Soares;True;cartaobeneficiarribeiraopreto;Upgrade;Não informado;Primeira ativação de número oficial;Primeira ativação de número oficial;https://app.pipefy.com/open-cards/1286760260;Migração/Outro;Não informado;Outros motivos descritos;- Upgrade: Conexão WhatsApp Oficial | R$89,00;1;0.0;0.0;Upgrade;;;Não calculado
23/01/2026;2026;1;Jan.;janeiro;2026-01;Jan./26;Guilherme Virgilio Soares;Guilherme Virgilio Soares;True;gabrielaoliveira;Upgrade;Não informado;Primeira ativação de número oficial;Primeira ativação de número oficial;https://app.pipefy.com/open-cards/1286578244;Migração/Outro;Não informado;Outros motivos descritos;- Upgrade: Conexão WhatsApp Oficial | R$89,00;1;0.0;0.0;Upgrade;;;Não calculado
23/01/2026;2026;1;Jan.;janeiro;2026-01;Jan./26;Guilherme Virgilio Soares;Guilherme Virgilio Soares;True;giovanaaguiar;Upgrade;Não informado;Primeira ativação de número oficial;Primeira ativação de número oficial;https://app.pipefy.com/open-cards/1286771092;Migração/Outro;Não informado;Outros motivos descritos;- Upgrade: Conexão WhatsApp Oficial | R$89,00;1;0.0;0.0;Upgrade;;;Não calculado
23/01/2026;2026;1;Jan.;janeiro;2026-01;Jan./26;Guilherme Virgilio Soares;Guilherme Virgilio Soares;True;pettnattura;Upgrade;Não informado;Primeira ativação de número oficial;Primeira ativação de número oficial;https://app.pipefy.com/open-cards/1286729711;Migração/Outro;Não informado;Outros motivos descritos;- Upgrade: Conexão WhatsApp Oficial | R$89,00;1;0.0;0.0;Upgrade;;;Não calculado
23/01/2026;2026;1;Jan.;janeiro;2026-01;Jan./26;Leticia Silva;Leticia Silva;True;ajupm;Upgrade;Não informado;Usuário adicional;Usuário adicional;https://app.pipefy.com/open-cards/1286730624;Migração/Outro;Não informado;Outros motivos descritos;Up 1 usuário adicional;1;0.0;0.0;Upgrade;;;Não calculado
23/01/2026;2026;1;Jan.;janeiro;2026-01;Jan./26;Leticia Silva;Leticia Silva;True;clinicavizon;Upgrade;Não informado;Primeira ativação de número oficial;Primeira ativação de número oficial;https://app.pipefy.com/open-cards/1286421802;Migração/Outro;Não informado;Outros motivos descritos;Primeira ativação de número oficial;1;0.0;0.0;Upgrade;;;Não calculado
23/01/2026;2026;1;Jan.;janeiro;2026-01;Jan./26;Leticia Silva;Leticia Silva;True;conbrascontabilidade;Upgrade;Não informado;Chat interno;Chat interno;https://app.pipefy.com/open-cards/1286690980;Migração/Outro;Não informado;Outros motivos descritos;Up Chat Interno (R$89,00).;1;0.0;0.0;Upgrade;;;Não calculado
23/01/2026;2026;1;Jan.;janeiro;2026-01;Jan./26;Leticia Silva;Leticia Silva;True;ico;Upgrade;Não informado;Primeira ativação de número oficial;Primeira ativação de número oficial;https://app.pipefy.com/open-cards/1286706966;Migração/Outro;Não informado;Outros motivos descritos;Primeira ativação de número oficial;1;0.0;0.0;Upgrade;;;Não calculado
23/01/2026;2026;1;Jan.;janeiro;2026-01;Jan./26;Leticia Silva;Leticia Silva;True;pme;Upgrade;Não informado;Integração;Integração;https://app.pipefy.com/open-cards/1286658394;Migração/Outro;Não informado;Outros motivos descritos;Up Integração RD Marketing / Receive Form (R$59,99).;1;0.0;0.0;Upgrade;;;Não calculado
23/01/2026;2026;1;Jan.;janeiro;2026-01;Jan./26;Vinicius Simões;Vinicius Simões;True;humalimentar;Upgrade;Não informado;Usuário adicional;Usuário adicional;https://app.pipefy.com/open-cards/1286712523;Migração/Outro;Não informado;Outros motivos descritos;Upgrade: - 2x Usuários adicionais - R$ 58,00 URL: humalimentar;1;0.0;0.0;Upgrade;;;Não calculado
23/01/2026;2026;1;Jan.;janeiro;2026-01;Jan./26;Vinicius Simões;Vinicius Simões;True;lxtelecom;Upgrade;Não informado;Pacotes SMS Disparo em Massa;Pacotes SMS Disparo em Massa;https://app.pipefy.com/open-cards/1286646067;Migração/Outro;Não informado;Outros motivos descritos;Upgrade: - 2.500 créditos de SMS - R$ 250,00;1;0.0;0.0;Upgrade;;;Não calculado
23/01/2026;2026;1;Jan.;janeiro;2026-01;Jan./26;Vinicius Simões;Vinicius Simões;True;otolife;Upgrade;Não informado;Servidores;Servidores;https://app.pipefy.com/open-cards/1286614378;Migração/Outro;Não informado;Outros motivos descritos;Upgrade: - Servidor 2/4 - R$ 89,00;1;0.0;0.0;Upgrade;;;Não calculado
23/01/2026;2026;1;Jan.;janeiro;2026-01;Jan./26;Vinicius Simões;Vinicius Simões;True;reporbrasil;Upgrade;Não informado;Distribuição automática;Distribuição automática;https://app.pipefy.com/open-cards/1286671300;Migração/Outro;Não informado;Processo/uso operacional;Upgrade: - Distribuição automática - R$ 149,00;1;0.0;0.0;Upgrade;;;Não calculado
26/01/2026;2026;1;Jan.;janeiro;2026-01;Jan./26;80401157;Usuário inexistente;False;lotus;Upgrade;Não informado;Chat interno;Chat interno;https://app.pipefy.com/open-cards/1288120931;Migração/Outro;Não informado;Outros motivos descritos;Upgarde Chat interno R$ 49,00/mensal;1;0.0;0.0;Upgrade;;;Não calculado
26/01/2026;2026;1;Jan.;janeiro;2026-01;Jan./26;83205771;Usuário inexistente;False;acrilicostore;Upgrade;Não informado;Distribuição automática;Distribuição automática;https://app.pipefy.com/open-cards/1288274461;Migração/Outro;Não informado;Processo/uso operacional;"Up - distribuição automática 99,00 - Protocolo; 202601261643568";1;0.0;0.0;Upgrade;;;Não calculado
26/01/2026;2026;1;Jan.;janeiro;2026-01;Jan./26;83205771;Usuário inexistente;False;bulaverdde;Upgrade;Não informado;Usuário adicional;Usuário adicional;https://app.pipefy.com/open-cards/1288122634;Migração/Outro;Não informado;Outros motivos descritos;Up - 1 usuário adicional na bulaverdde - 29,00 - Protocolo: 202601261643720;1;0.0;0.0;Upgrade;;;Não calculado
26/01/2026;2026;1;Jan.;janeiro;2026-01;Jan./26;83205771;Usuário inexistente;False;ciaverdecaminhoes;Upgrade;Não informado;Funil de vendas;Funil de vendas;https://app.pipefy.com/open-cards/1288282222;Migração/Outro;Não informado;Outros motivos descritos;Up - Funil de Vendas - 89,00 - Protocolo: 202601261643693;1;0.0;0.0;Upgrade;;;Não calculado
26/01/2026;2026;1;Jan.;janeiro;2026-01;Jan./26;83205771;Usuário inexistente;False;deltaglobalbank;Upgrade;Não informado;"Usuário adicional; Conexão adicional de WhatsApp";Usuário adicional + outros;https://app.pipefy.com/open-cards/1288207564;Migração/Outro;Não informado;Outros motivos descritos;Up - 18 Usuários + 1 Conexão de WHatsapp (6>7) - Protocolo: 202601221641422;2;0.0;0.0;Upgrade;;;Não calculado
26/01/2026;2026;1;Jan.;janeiro;2026-01;Jan./26;Guilherme Virgilio Soares;Guilherme Virgilio Soares;True;continuumcontabil;Upgrade;Não informado;Primeira ativação de número oficial;Primeira ativação de número oficial;https://app.pipefy.com/open-cards/1288160754;Migração/Outro;Não informado;Outros motivos descritos;- Upgrade:  Conexão WhatsApp Oficial | R$89,00;1;0.0;0.0;Upgrade;;;Não calculado
26/01/2026;2026;1;Jan.;janeiro;2026-01;Jan./26;Guilherme Virgilio Soares;Guilherme Virgilio Soares;True;koisalinda;Upgrade;Não informado;Funil de vendas;Funil de vendas;https://app.pipefy.com/open-cards/1288110144;Migração/Outro;Não informado;Outros motivos descritos;- Upgrade: Funil de vendas | R$89,90;1;0.0;0.0;Upgrade;;;Não calculado
26/01/2026;2026;1;Jan.;janeiro;2026-01;Jan./26;Guilherme Virgilio Soares;Guilherme Virgilio Soares;True;lmradvocacia;Upgrade;Não informado;Funil de vendas;Funil de vendas;https://app.pipefy.com/open-cards/1288024431;Migração/Outro;Não informado;Outros motivos descritos;- Upgrade: Funil de vendas | R$89,90;1;0.0;0.0;Upgrade;;;Não calculado
26/01/2026;2026;1;Jan.;janeiro;2026-01;Jan./26;Guilherme Virgilio Soares;Guilherme Virgilio Soares;True;migraseguros;Upgrade;Não informado;Usuário adicional;Usuário adicional;https://app.pipefy.com/open-cards/1288086001;Migração/Outro;Não informado;Outros motivos descritos;- Upgrade: Usuários adicionais | 1x R$29,00 | R$29,00;1;0.0;0.0;Upgrade;;;Não calculado
26/01/2026;2026;1;Jan.;janeiro;2026-01;Jan./26;Guilherme Virgilio Soares;Guilherme Virgilio Soares;True;teatroescolamacunaima;Upgrade;Não informado;Texto Mágico;Texto Mágico;https://app.pipefy.com/open-cards/1288060087;Migração/Outro;Não informado;Outros motivos descritos;- Upgrade: IA Texto mágico - Plano 2.000 | R$29,90;1;0.0;0.0;Upgrade;;;Não calculado
26/01/2026;2026;1;Jan.;janeiro;2026-01;Jan./26;Leticia Silva;Leticia Silva;True;comercialiota;Upgrade;Não informado;URL;URL;https://app.pipefy.com/open-cards/1288253690;Migração/Outro;Não informado;Outros motivos descritos;Não informado;1;0.0;0.0;Upgrade;;;Não calculado
26/01/2026;2026;1;Jan.;janeiro;2026-01;Jan./26;Leticia Silva;Leticia Silva;True;maramodeladores;Upgrade;Não informado;Primeira ativação de número oficial;Primeira ativação de número oficial;https://app.pipefy.com/open-cards/1288203505;Migração/Outro;Não informado;Outros motivos descritos;Primeira Ativação de Número Oficial.;1;0.0;0.0;Upgrade;;;Não calculado
26/01/2026;2026;1;Jan.;janeiro;2026-01;Jan./26;Tadiane Biason;Tadiane Biason;True;liderinteriores;Upgrade;Não informado;Usuário adicional;Usuário adicional;https://app.pipefy.com/open-cards/1288348864;Migração/Outro;Não informado;Redução de custo;Tipo: UPgrade Produto:1 usuário adicionais Valor: 29,00 URL: liderinteriores Protocolo: 202601221640730;1;0.0;0.0;Upgrade;;;Não calculado
26/01/2026;2026;1;Jan.;janeiro;2026-01;Jan./26;Tadiane Biason;Tadiane Biason;True;liderinteriores;Upgrade;Não informado;Usuário adicional;Usuário adicional;https://app.pipefy.com/open-cards/1288351023;Migração/Outro;Não informado;Redução de custo;Tipo: UPgrade Produto:1 usuário adicionais Valor: 29,00 URL: liderinteriores Protocolo: 202601231641794;1;0.0;0.0;Upgrade;;;Não calculado
26/01/2026;2026;1;Jan.;janeiro;2026-01;Jan./26;Tadiane Biason;Tadiane Biason;True;pouparseguros;Upgrade;Não informado;Servidores;Servidores;https://app.pipefy.com/open-cards/1288367787;Migração/Outro;Não informado;Redução de custo;Tipo: Upgrade Produto:Servidor 8/16 Valor: 349,00 URL: pouparseguros Protocolo:202601231642068;1;0.0;0.0;Upgrade;;;Não calculado
26/01/2026;2026;1;Jan.;janeiro;2026-01;Jan./26;Vinicius Simões;Vinicius Simões;True;anapcsadvocacia;Upgrade;Não informado;"IA Agent; Transcrição de Áudio";"IA Agent; Transcrição de Áudio";https://app.pipefy.com/open-cards/1288113889;Migração/Outro;Não informado;Outros motivos descritos;Upgrade: - IA Agente Inteligente com 1.000 créditos - R$ 144,40 - IA Transcrição de Áudio com 2.000 minutos - R$ 144,40 Total do combo: R$ 288,80;2;0.0;0.0;Upgrade;;;Não calculado
26/01/2026;2026;1;Jan.;janeiro;2026-01;Jan./26;Vinicius Simões;Vinicius Simões;True;ceventos;Upgrade;Não informado;Conexão adicional de WhatsApp - WABA;Conexão adicional de WhatsApp - WABA;https://app.pipefy.com/open-cards/1288018434;Migração/Outro;Não informado;Outros motivos descritos;Upgrade: - 2x Conexões adicionais de API Oficial do WhatsApp - R$ 178,00;1;0.0;0.0;Upgrade;;;Não calculado
27/01/2026;2026;1;Jan.;janeiro;2026-01;Jan./26;80401157;Usuário inexistente;False;oliveiraevilasanta;Upgrade;Não informado;Transcrição de Áudio;Transcrição de Áudio;https://app.pipefy.com/open-cards/1288598071;Migração/Outro;Não informado;Outros motivos descritos;Upgrade IA Transcrição de Áudio 1.000 minutos R$ 49,90/mensal;1;0.0;0.0;Upgrade;;;Não calculado
27/01/2026;2026;1;Jan.;janeiro;2026-01;Jan./26;83205771;Usuário inexistente;False;ceventos;Upgrade;Não informado;Conexão adicional de WhatsApp - WABA;Conexão adicional de WhatsApp - WABA;https://app.pipefy.com/open-cards/1288806500;Migração/Outro;Não informado;Outros motivos descritos;Up - 9 conexões adicionais de Whatsapp Waba - Gupshup - Direct payment - 89,00 cada - Protocolo: 202601261643435;1;0.0;0.0;Upgrade;;;Não calculado
27/01/2026;2026;1;Jan.;janeiro;2026-01;Jan./26;83205771;Usuário inexistente;False;portalvaleseguros;Upgrade;Não informado;Funil de vendas;Funil de vendas;https://app.pipefy.com/open-cards/1288761873;Migração/Outro;Não informado;Outros motivos descritos;Up - Funil de Vendas - 89,00 - Protocolo: 202601211639089;1;0.0;0.0;Upgrade;;;Não calculado
27/01/2026;2026;1;Jan.;janeiro;2026-01;Jan./26;83205771;Usuário inexistente;False;proclinicaribeirao;Upgrade;Não informado;Primeira ativação de número oficial;Primeira ativação de número oficial;https://app.pipefy.com/open-cards/1288800025;Migração/Outro;Não informado;Outros motivos descritos;Primeira ativação waba - 202601221640278;1;0.0;0.0;Upgrade;;;Não calculado
27/01/2026;2026;1;Jan.;janeiro;2026-01;Jan./26;Guilherme Virgilio Soares;Guilherme Virgilio Soares;True;credfacildiadema;Upgrade;Não informado;Conexão adicional de WhatsApp - WABA;Conexão adicional de WhatsApp - WABA;https://app.pipefy.com/open-cards/1288695345;Migração/Outro;Não informado;Outros motivos descritos;- Upgrade: Conexão Oficial adicional | R$89,00;1;0.0;0.0;Upgrade;;;Não calculado
27/01/2026;2026;1;Jan.;janeiro;2026-01;Jan./26;Leticia Silva;Leticia Silva;True;acessocic;Upgrade;Não informado;Primeira ativação de número oficial;Primeira ativação de número oficial;https://app.pipefy.com/open-cards/1288737539;Migração/Outro;Não informado;Outros motivos descritos;Primeira Ativação de Número Oficial;1;0.0;0.0;Upgrade;;;Não calculado
27/01/2026;2026;1;Jan.;janeiro;2026-01;Jan./26;Leticia Silva;Leticia Silva;True;econtdigital;Upgrade;Não informado;Servidores;Servidores;https://app.pipefy.com/open-cards/1288814212;Migração/Outro;Não informado;Outros motivos descritos;- Up Servidor 2/4 (R$89,00).;1;0.0;0.0;Upgrade;;;Não calculado
27/01/2026;2026;1;Jan.;janeiro;2026-01;Jan./26;Leticia Silva;Leticia Silva;True;felterealmeida;Upgrade;Não informado;Servidores;Servidores;https://app.pipefy.com/open-cards/1288904659;Migração/Outro;Não informado;Outros motivos descritos;Up Servidor 2/4 (R$89,00).;1;0.0;0.0;Upgrade;;;Não calculado
27/01/2026;2026;1;Jan.;janeiro;2026-01;Jan./26;Leticia Silva;Leticia Silva;True;medicalizando;Upgrade;Não informado;Funil de vendas;Funil de vendas;https://app.pipefy.com/open-cards/1288634504;Migração/Outro;Não informado;Outros motivos descritos;Up Funil de Vendas (R$89,90).;1;0.0;0.0;Upgrade;;;Não calculado
27/01/2026;2026;1;Jan.;janeiro;2026-01;Jan./26;Leticia Silva;Leticia Silva;True;organizamais;Upgrade;Não informado;IA Agent;IA Agent;https://app.pipefy.com/open-cards/1288867776;Migração/Outro;Não informado;Outros motivos descritos;Up IA Agente - 1.000 créditos (R$112,90).;1;0.0;0.0;Upgrade;;;Não calculado
27/01/2026;2026;1;Jan.;janeiro;2026-01;Jan./26;Leticia Silva;Leticia Silva;True;santellicontabilidade;Upgrade;Não informado;Chat interno;Chat interno;https://app.pipefy.com/open-cards/1288915189;Migração/Outro;Não informado;Outros motivos descritos;Up Chat Interno (R$89,00).;1;0.0;0.0;Upgrade;;;Não calculado
27/01/2026;2026;1;Jan.;janeiro;2026-01;Jan./26;Leticia Silva;Leticia Silva;True;sciampagliacomercial;Upgrade;Não informado;Primeira ativação de número oficial;Primeira ativação de número oficial;https://app.pipefy.com/open-cards/1288622547;Migração/Outro;Não informado;Outros motivos descritos;Primeira Ativação de Número Oficial.;1;0.0;0.0;Upgrade;;;Não calculado
27/01/2026;2026;1;Jan.;janeiro;2026-01;Jan./26;Leticia Silva;Leticia Silva;True;ventture;Upgrade;Não informado;Chat interno;Chat interno;https://app.pipefy.com/open-cards/1288626347;Migração/Outro;Não informado;Outros motivos descritos;Up Chat Interno (R$89,00).;1;0.0;0.0;Upgrade;;;Não calculado
27/01/2026;2026;1;Jan.;janeiro;2026-01;Jan./26;Vinicius Simões;Vinicius Simões;True;joaodomingosadv;Upgrade;Não informado;Primeira ativação de número oficial;Primeira ativação de número oficial;https://app.pipefy.com/open-cards/1288685255;Migração/Outro;Não informado;Outros motivos descritos;Upgrade: - Conexão de API Oficial do WhatsApp - R$ 89,00;1;0.0;0.0;Upgrade;;;Não calculado
28/01/2026;2026;1;Jan.;janeiro;2026-01;Jan./26;82573565;Usuário inexistente;False;mabianneadvocacia;Upgrade;Não informado;"Funil de vendas; Conexão Instagram Direct";"Funil de vendas; Conexão Instagram Direct";https://app.pipefy.com/open-cards/1289445735;Migração/Outro;Não informado;Outros motivos descritos;Upgrade Conexão de Instagram R$ 89,00 e Funil de Vendas R$ 89,90 | Protocolo: 202601271646247;2;0.0;0.0;Upgrade;;;Não calculado
28/01/2026;2026;1;Jan.;janeiro;2026-01;Jan./26;83205771;Usuário inexistente;False;hvsantavida;Upgrade;Não informado;Primeira ativação de número oficial;Primeira ativação de número oficial;https://app.pipefy.com/open-cards/1289563393;Migração/Outro;Não informado;Outros motivos descritos;Ativação Coex;1;0.0;0.0;Upgrade;;;Não calculado
28/01/2026;2026;1;Jan.;janeiro;2026-01;Jan./26;83205771;Usuário inexistente;False;hvsantavida;Upgrade;Não informado;Primeira ativação de número oficial;Primeira ativação de número oficial;https://app.pipefy.com/open-cards/1289478770;Migração/Outro;Não informado;Outros motivos descritos;Ativação Coex - Protocolo: 202601281646894;1;0.0;0.0;Upgrade;;;Não calculado
28/01/2026;2026;1;Jan.;janeiro;2026-01;Jan./26;83205771;Usuário inexistente;False;vivarainfinity;Upgrade;Não informado;URL;URL;https://app.pipefy.com/open-cards/1289532014;Migração/Outro;Não informado;Outros motivos descritos;Não informado;1;0.0;0.0;Upgrade;;;Não calculado
28/01/2026;2026;1;Jan.;janeiro;2026-01;Jan./26;Guilherme Virgilio Soares;Guilherme Virgilio Soares;True;advogmed;Upgrade;Não informado;Usuário adicional;Usuário adicional;https://app.pipefy.com/open-cards/1289426762;Migração/Outro;Não informado;Outros motivos descritos;- Upgrade: Usuários adicionais | 5x R$26,10 | R$130,50;1;0.0;0.0;Upgrade;;;Não calculado
28/01/2026;2026;1;Jan.;janeiro;2026-01;Jan./26;Guilherme Virgilio Soares;Guilherme Virgilio Soares;True;despachantegodinho;Upgrade;Não informado;Servidores;Servidores;https://app.pipefy.com/open-cards/1289354740;Migração/Outro;Não informado;Outros motivos descritos;- Upgrade: Servidor 2/4 | R$89,00;1;0.0;0.0;Upgrade;;;Não calculado
28/01/2026;2026;1;Jan.;janeiro;2026-01;Jan./26;Guilherme Virgilio Soares;Guilherme Virgilio Soares;True;hidraulicapocosdecaldas;Upgrade;Não informado;Funil de vendas;Funil de vendas;https://app.pipefy.com/open-cards/1289789439;Migração/Outro;Não informado;Outros motivos descritos;- Upgrade: Funil de vendas | R$89,90 |;1;0.0;0.0;Upgrade;;;Não calculado
28/01/2026;2026;1;Jan.;janeiro;2026-01;Jan./26;Guilherme Virgilio Soares;Guilherme Virgilio Soares;True;miamiexpress;Upgrade;Não informado;Conexão Instagram Direct;Conexão Instagram Direct;https://app.pipefy.com/open-cards/1289289669;Migração/Outro;Não informado;Outros motivos descritos;- Upgrade: Conexão adicional Instagram (Direct) | R$89,00;1;0.0;0.0;Upgrade;;;Não calculado
28/01/2026;2026;1;Jan.;janeiro;2026-01;Jan./26;Guilherme Virgilio Soares;Guilherme Virgilio Soares;True;peresfernandes;Upgrade;Não informado;Combo Start;Combo Start;https://app.pipefy.com/open-cards/1289801433;Migração/Outro;Não informado;Outros motivos descritos;- Upgrade: Combo Start IA | R$173,90 |  - Copiloto 1.000 créditos |  - Transcrição 1.000 minutos |  - Resumos 1.000 créditos |  - IA CSAT 500 créditos |;1;0.0;0.0;Upgrade;;;Não calculado
28/01/2026;2026;1;Jan.;janeiro;2026-01;Jan./26;Leticia Silva;Leticia Silva;True;agaraujo;Upgrade;Não informado;Pacotes SMS Disparo em Massa;Pacotes SMS Disparo em Massa;https://app.pipefy.com/open-cards/1289763193;Migração/Outro;Não informado;Outros motivos descritos;Up SMS 1000 - R$ 130,00;1;0.0;0.0;Upgrade;;;Não calculado
28/01/2026;2026;1;Jan.;janeiro;2026-01;Jan./26;Leticia Silva;Leticia Silva;True;blume;Upgrade;Não informado;Primeira ativação de número oficial;Primeira ativação de número oficial;https://app.pipefy.com/open-cards/1289581473;Migração/Outro;Não informado;Outros motivos descritos;Primeira Ativação de Número Oficial;1;0.0;0.0;Upgrade;;;Não calculado
28/01/2026;2026;1;Jan.;janeiro;2026-01;Jan./26;Leticia Silva;Leticia Silva;True;cartaobeneficiarbauru;Upgrade;Não informado;Primeira ativação de número oficial;Primeira ativação de número oficial;https://app.pipefy.com/open-cards/1289373565;Migração/Outro;Não informado;Outros motivos descritos;Primeira Ativação de Número Oficial;1;0.0;0.0;Upgrade;;;Não calculado
28/01/2026;2026;1;Jan.;janeiro;2026-01;Jan./26;Leticia Silva;Leticia Silva;True;eaadvogados;Upgrade;Não informado;Funil de vendas;Funil de vendas;https://app.pipefy.com/open-cards/1289599855;Migração/Outro;Não informado;Outros motivos descritos;Up Funil de Vendas (R$89,90).;1;0.0;0.0;Upgrade;;;Não calculado
28/01/2026;2026;1;Jan.;janeiro;2026-01;Jan./26;Leticia Silva;Leticia Silva;True;lucasadv;Upgrade;Não informado;IA Agent;IA Agent;https://app.pipefy.com/open-cards/1289621084;Migração/Outro;Não informado;Outros motivos descritos;Up IA Agente - 1.000 créditos (R$112,90).;1;0.0;0.0;Upgrade;;;Não calculado
28/01/2026;2026;1;Jan.;janeiro;2026-01;Jan./26;Leticia Silva;Leticia Silva;True;mjmcontabilidadeiprf;Upgrade;Não informado;Usuário adicional;Usuário adicional;https://app.pipefy.com/open-cards/1289780242;Migração/Outro;Não informado;Outros motivos descritos;Up de 1 usuário na mjmcontabilidadeirpf;1;0.0;0.0;Upgrade;;;Não calculado
28/01/2026;2026;1;Jan.;janeiro;2026-01;Jan./26;Leticia Silva;Leticia Silva;True;rslondrina;Upgrade;Não informado;"Conexão Instagram Direct; Conexão Facebook Messenger";Conexão Instagram Direct + outros;https://app.pipefy.com/open-cards/1289263550;Migração/Outro;Não informado;Outros motivos descritos;Up Conexões de Instagram e Facebook (R$120,00).;2;0.0;0.0;Upgrade;;;Não calculado
28/01/2026;2026;1;Jan.;janeiro;2026-01;Jan./26;Leticia Silva;Leticia Silva;True;speducacional;Upgrade;Não informado;Primeira ativação de número oficial;Primeira ativação de número oficial;https://app.pipefy.com/open-cards/1289307098;Migração/Outro;Não informado;Outros motivos descritos;Primeira Ativação de Número Oficial.;1;0.0;0.0;Upgrade;;;Não calculado
28/01/2026;2026;1;Jan.;janeiro;2026-01;Jan./26;Priscila Pavani;Priscila Pavani;True;localcred1;Upgrade;Não informado;Chat interno;Chat interno;https://app.pipefy.com/open-cards/1289703347;Migração/Outro;Não informado;Redução de custo;Tipo: Upgrade Produto: 1 Chat Interno Valor: R$ 89,00 URL: localcred1 Protocolo: 202601281647519;1;0.0;0.0;Upgrade;;;Não calculado
28/01/2026;2026;1;Jan.;janeiro;2026-01;Jan./26;Tadiane Biason;Tadiane Biason;True;credhouse;Upgrade;Não informado;Conexão adicional de WhatsApp - WABA;Conexão adicional de WhatsApp - WABA;https://app.pipefy.com/open-cards/1289310031;Migração/Outro;Não informado;Redução de custo;Tipo: Upgrade Produto: 2 conexoes Waba Valor: 79,90 cada = 159,80 URL: credhouse Protocolo: 202601281646876;1;0.0;0.0;Upgrade;;;Não calculado
29/01/2026;2026;1;Jan.;janeiro;2026-01;Jan./26;80401157;Usuário inexistente;False;lrassessoria;Upgrade;Não informado;Usuário adicional;Usuário adicional;https://app.pipefy.com/open-cards/1290542692;Migração/Outro;Não informado;Outros motivos descritos;Upgrade 02 usuários adicionais R$ 29,00/mensal -- Total: R$ 58,00/mensal;1;0.0;0.0;Upgrade;;;Não calculado
29/01/2026;2026;1;Jan.;janeiro;2026-01;Jan./26;80401167;Usuário inexistente;False;grupooleoplan;Upgrade;Não informado;Conexão adicional de WhatsApp - WABA;Conexão adicional de WhatsApp - WABA;https://app.pipefy.com/open-cards/1290495218;Migração/Outro;Não informado;Outros motivos descritos;Upgrade Conexão WABA / Gupshup / Direct Payment 1;1;0.0;0.0;Upgrade;;;Não calculado
29/01/2026;2026;1;Jan.;janeiro;2026-01;Jan./26;82573565;Usuário inexistente;False;pionen;Upgrade;Não informado;Combo Start;Combo Start;https://app.pipefy.com/open-cards/1290645087;Migração/Outro;Não informado;Outros motivos descritos;Upgrade Plano Start IA R$ 173,90 | Protocolo: 202601291648012;1;0.0;0.0;Upgrade;;;Não calculado
29/01/2026;2026;1;Jan.;janeiro;2026-01;Jan./26;Guilherme Virgilio Soares;Guilherme Virgilio Soares;True;clinica03saudeebemestar;Upgrade;Não informado;Funil de vendas;Funil de vendas;https://app.pipefy.com/open-cards/1290556395;Migração/Outro;Não informado;Outros motivos descritos;- Upgrade: Funil de vendas | R$89,90 |;1;0.0;0.0;Upgrade;;;Não calculado
29/01/2026;2026;1;Jan.;janeiro;2026-01;Jan./26;Guilherme Virgilio Soares;Guilherme Virgilio Soares;True;nafarra;Upgrade;Não informado;Primeira ativação de número oficial;Primeira ativação de número oficial;https://app.pipefy.com/open-cards/1290627278;Migração/Outro;Não informado;Outros motivos descritos;- Upgrade: Conexão Oficial WhatsApp | R$89,00;1;0.0;0.0;Upgrade;;;Não calculado
29/01/2026;2026;1;Jan.;janeiro;2026-01;Jan./26;Leticia Silva;Leticia Silva;True;mwresearch;Upgrade;Não informado;Primeira ativação de número oficial;Primeira ativação de número oficial;https://app.pipefy.com/open-cards/1290581549;Migração/Outro;Não informado;Outros motivos descritos;Primeira ativação de número oficial;1;0.0;0.0;Upgrade;;;Não calculado
29/01/2026;2026;1;Jan.;janeiro;2026-01;Jan./26;Melissa Duarte;Melissa Duarte;True;arvo365;Upgrade;Não informado;Funil de vendas;Funil de vendas;https://app.pipefy.com/open-cards/1290363003;Migração/Outro;Não informado;Outros motivos descritos;UP Funil de vendas R$89,00;1;0.0;0.0;Upgrade;;;Não calculado
29/01/2026;2026;1;Jan.;janeiro;2026-01;Jan./26;Priscila Pavani;Priscila Pavani;True;la3dumarcomercio;Upgrade;Não informado;"Usuário adicional; Conexão Facebook Messenger; Conexão Instagram Direct";Usuário adicional + outros;https://app.pipefy.com/open-cards/1290613977;Migração/Outro;Não informado;Redução de custo;Tipo: Upgrade  Produto: 3 usuários (2 upgrades e 1 para alinhamento de plano) Valor: R$ 87,00 URL: la3dumarcomercio  Protocolo: 202601291648900  Tipo: Upgrade  Produto: 1 Instagram + 1 Facebook  Valor: R$44,50 + R$ 44,50 = R$ 89,00  URL: la3dumarcomercio  Protocolo: 202601291648900;3;0.0;0.0;Upgrade;;;Não calculado
29/01/2026;2026;1;Jan.;janeiro;2026-01;Jan./26;Vinicius Simões;Vinicius Simões;True;caminhodaluz;Upgrade;Não informado;Conexão adicional de WhatsApp;Conexão adicional de WhatsApp;https://app.pipefy.com/open-cards/1290581001;Migração/Outro;Não informado;Outros motivos descritos;Upgrade: 1x Conexão adicional de WhatsApp Standard - R$ 89,00;1;0.0;0.0;Upgrade;;;Não calculado
29/01/2026;2026;1;Jan.;janeiro;2026-01;Jan./26;Vinicius Simões;Vinicius Simões;True;lacam;Upgrade;Não informado;Conexão adicional de WhatsApp - WABA;Conexão adicional de WhatsApp - WABA;https://app.pipefy.com/open-cards/1290634966;Migração/Outro;Não informado;Outros motivos descritos;Upgrade: - 1x Conexão adicional de API Oficial do WhatsApp - R$ 89,00;1;0.0;0.0;Upgrade;;;Não calculado
29/01/2026;2026;1;Jan.;janeiro;2026-01;Jan./26;Vinicius Simões;Vinicius Simões;True;repro;Upgrade;Não informado;Usuário adicional;Usuário adicional;https://app.pipefy.com/open-cards/1290557429;Migração/Outro;Não informado;Outros motivos descritos;Upgrade: - 1x Usuário adicional - R$ 29,00;1;0.0;0.0;Upgrade;;;Não calculado
30/01/2026;2026;1;Jan.;janeiro;2026-01;Jan./26;80401157;Usuário inexistente;False;audentesodontologia;Upgrade;Não informado;Integração;Integração;https://app.pipefy.com/open-cards/1290873016;Migração/Outro;Não informado;Outros motivos descritos;Upgrade Integração RD Station = R$ 59,99/mensal;1;0.0;0.0;Upgrade;;;Não calculado
30/01/2026;2026;1;Jan.;janeiro;2026-01;Jan./26;80401157;Usuário inexistente;False;destakiguatu;Upgrade;Não informado;Funil de vendas;Funil de vendas;https://app.pipefy.com/open-cards/1291046861;Migração/Outro;Não informado;Outros motivos descritos;Upgrade Funil de vendas = R$ 89,90/mensal;1;0.0;0.0;Upgrade;;;Não calculado
30/01/2026;2026;1;Jan.;janeiro;2026-01;Jan./26;80401157;Usuário inexistente;False;dillancontabilidade;Upgrade;Não informado;Usuário adicional;Usuário adicional;https://app.pipefy.com/open-cards/1290927156;Migração/Outro;Não informado;Outros motivos descritos;Contratação 01 usuário adicional R$ 29,00/mensal;1;0.0;0.0;Upgrade;;;Não calculado
30/01/2026;2026;1;Jan.;janeiro;2026-01;Jan./26;80401157;Usuário inexistente;False;euclidesgoncalvesadv;Upgrade;Não informado;Funil de vendas;Funil de vendas;https://app.pipefy.com/open-cards/1290874737;Migração/Outro;Não informado;Outros motivos descritos;Upgrade Funil de vendas R$ 49,90/mensal;1;0.0;0.0;Upgrade;;;Não calculado
30/01/2026;2026;1;Jan.;janeiro;2026-01;Jan./26;80401157;Usuário inexistente;False;infobarra;Upgrade;Não informado;Integração;Integração;https://app.pipefy.com/open-cards/1291060723;Migração/Outro;Não informado;Outros motivos descritos;Upgrade Integração MK Solutions R$ 69,99/mensal;1;0.0;0.0;Upgrade;;;Não calculado
30/01/2026;2026;1;Jan.;janeiro;2026-01;Jan./26;80401157;Usuário inexistente;False;revseguros;Upgrade;Não informado;Transcrição de Áudio;Transcrição de Áudio;https://app.pipefy.com/open-cards/1290909173;Migração/Outro;Não informado;Outros motivos descritos;Contratação IA Transcrição de áudio - Plano 1.000 minutos = R$ 49,90/mensal;1;0.0;0.0;Upgrade;;;Não calculado
30/01/2026;2026;1;Jan.;janeiro;2026-01;Jan./26;80401167;Usuário inexistente;False;grupokr;Upgrade;Não informado;Conexão adicional de WhatsApp - WABA;Conexão adicional de WhatsApp - WABA;https://app.pipefy.com/open-cards/1291005775;Migração/Outro;Não informado;Outros motivos descritos;Upgrade 3 Conexões WABA / Gupshup / Direct Payment - Protocolo 202601301649892;1;0.0;0.0;Upgrade;;;Não calculado
30/01/2026;2026;1;Jan.;janeiro;2026-01;Jan./26;82573565;Usuário inexistente;False;lucasadv;Upgrade;Não informado;Transcrição de Áudio;Transcrição de Áudio;https://app.pipefy.com/open-cards/1290984075;Migração/Outro;Não informado;Outros motivos descritos;Upgrade IA Transcrição de áudio - Plano 1.000 minutos - R$ 49,90 | 202601291649199;1;0.0;0.0;Upgrade;;;Não calculado
30/01/2026;2026;1;Jan.;janeiro;2026-01;Jan./26;82573565;Usuário inexistente;False;mangoni;Upgrade;Não informado;Servidores;Servidores;https://app.pipefy.com/open-cards/1291165103;Migração/Outro;Não informado;Outros motivos descritos;Upgrade Servidor 4/8, sugerido pelo suprote | 202601291648734;1;0.0;0.0;Upgrade;;;Não calculado
30/01/2026;2026;1;Jan.;janeiro;2026-01;Jan./26;82573565;Usuário inexistente;False;saboiatosta;Upgrade;Não informado;Servidores;Servidores;https://app.pipefy.com/open-cards/1290966951;Migração/Outro;Não informado;Outros motivos descritos;Upgrade - Servidor 2/4 | Protocolo: 202601291649107;1;0.0;0.0;Upgrade;;;Não calculado
30/01/2026;2026;1;Jan.;janeiro;2026-01;Jan./26;82573565;Usuário inexistente;False;vipcardbank;Upgrade;Não informado;Distribuição automática;Distribuição automática;https://app.pipefy.com/open-cards/1290861330;Migração/Outro;Não informado;Processo/uso operacional;Upgrade - Distribuição Automática R$ 149,00 | Protocolo: 202601291648607;1;0.0;0.0;Upgrade;;;Não calculado
30/01/2026;2026;1;Jan.;janeiro;2026-01;Jan./26;83205771;Usuário inexistente;False;rar;Upgrade;Não informado;Conexão adicional de WhatsApp;Conexão adicional de WhatsApp;https://app.pipefy.com/open-cards/1290999452;Migração/Outro;Não informado;Outros motivos descritos;UP - 1 Conexão de WhatsApp Standard - 89,00 - Formalização Via e-mail;1;0.0;0.0;Upgrade;;;Não calculado
30/01/2026;2026;1;Jan.;janeiro;2026-01;Jan./26;Guilherme Virgilio Soares;Guilherme Virgilio Soares;True;cadalist;Upgrade;Não informado;Primeira ativação de número oficial;Primeira ativação de número oficial;https://app.pipefy.com/open-cards/1290965941;Migração/Outro;Não informado;Outros motivos descritos;- Upgradre: Conexão WhatsApp Oficial | 2x R$89,00 | R$178,00;1;0.0;0.0;Upgrade;;;Não calculado
30/01/2026;2026;1;Jan.;janeiro;2026-01;Jan./26;Guilherme Virgilio Soares;Guilherme Virgilio Soares;True;sigasul;Upgrade;Não informado;Pacotes SMS Disparo em Massa;Pacotes SMS Disparo em Massa;https://app.pipefy.com/open-cards/1291165435;Migração/Outro;Não informado;Outros motivos descritos;- Upgrade: SMS 1.000 créditos | R$130,00;1;0.0;0.0;Upgrade;;;Não calculado
30/01/2026;2026;1;Jan.;janeiro;2026-01;Jan./26;Leticia Silva;Leticia Silva;True;arcospm;Upgrade;Não informado;Pacotes SMS Disparo em Massa;Pacotes SMS Disparo em Massa;https://app.pipefy.com/open-cards/1291108413;Migração/Outro;Não informado;Outros motivos descritos;Up SMS 500 - R$ 75,00 (possui 20).;1;0.0;0.0;Upgrade;;;Não calculado
30/01/2026;2026;1;Jan.;janeiro;2026-01;Jan./26;Leticia Silva;Leticia Silva;True;atoscertificadora;Upgrade;Não informado;"IA Agent; Combo Start";"IA Agent; Combo Start";https://app.pipefy.com/open-cards/1291103333;Migração/Outro;Não informado;Outros motivos descritos;Up IA Agente - 1.000 créditos (R$112,90) + Combo Start IA (R$173,90).;2;0.0;0.0;Upgrade;;;Não calculado
30/01/2026;2026;1;Jan.;janeiro;2026-01;Jan./26;Leticia Silva;Leticia Silva;True;aventurando;Upgrade;Não informado;IA Agent;IA Agent;https://app.pipefy.com/open-cards/1291088886;Migração/Outro;Não informado;Outros motivos descritos;Up IA Agente (R$112,90).;1;0.0;0.0;Upgrade;;;Não calculado
30/01/2026;2026;1;Jan.;janeiro;2026-01;Jan./26;Leticia Silva;Leticia Silva;True;eletromaismoveis;Upgrade;Não informado;Funil de vendas;Funil de vendas;https://app.pipefy.com/open-cards/1291145154;Migração/Outro;Não informado;Outros motivos descritos;Up Funil (R$89,90).;1;0.0;0.0;Upgrade;;;Não calculado
30/01/2026;2026;1;Jan.;janeiro;2026-01;Jan./26;Melissa Duarte;Melissa Duarte;True;humalimentar2;Upgrade;Não informado;"Funil de vendas; Integração";"Funil de vendas; Integração";https://app.pipefy.com/open-cards/1291080462;Migração/Outro;Não informado;Redução de custo;Up Funil de Vendas R$89,00 Up Integração RD CRM R$59,99 VALOR TOTAL: 148,99;2;0.0;0.0;Upgrade;;;Não calculado
30/01/2026;2026;1;Jan.;janeiro;2026-01;Jan./26;Tadiane Biason;Tadiane Biason;True;expressaocontabilfiscal;Upgrade;Não informado;Primeira ativação de número oficial;Primeira ativação de número oficial;https://app.pipefy.com/open-cards/1290909305;Migração/Outro;Não informado;Outros motivos descritos;Plano Base – 2 usuários / 1 conexão | 8x R$127,00 | R$1.016,00 Upgrade de servidor | R$138,00 Usuários adicionais | 90x R$26,10 | R$2.349,00 Usuários bonificados | 18x R$0,00 | R$0,00 Servidor 2/4 | R$89,00 Conexão WABA / 360Dialog / Direct Payment | R$89,00  Total mensal: R$3.681,00;1;0.0;0.0;Upgrade;;;Não calculado
30/01/2026;2026;1;Jan.;janeiro;2026-01;Jan./26;Tadiane Biason;Tadiane Biason;True;integrale;Upgrade;Não informado;Primeira ativação de número oficial;Primeira ativação de número oficial;https://app.pipefy.com/open-cards/1290986508;Migração/Outro;Não informado;Outros motivos descritos;Primeira ativação Waba   Plano Base - 2 Usuarios - 1 Conexao | R$165,74 Conexão Adicional de WhatsApp | 3x R$89,00 | R$267,00 Usuários Adicionais | 76x R$29,00 | R$2.204,00 Servidor 4/8  | 1x R$169,00  Módulo - Chat Interno | 1x R$49,00 Conexão WABA / Gupshup / Direct Payment  | 1x R$89,00  Total mensal: R$2.943,74;1;0.0;0.0;Upgrade;;;Não calculado
30/01/2026;2026;1;Jan.;janeiro;2026-01;Jan./26;Vinicius Simões;Vinicius Simões;True;praxis;Upgrade;Não informado;Conexão adicional de WhatsApp - WABA;Conexão adicional de WhatsApp - WABA;https://app.pipefy.com/open-cards/1291081903;Migração/Outro;Não informado;Outros motivos descritos;Upgrade: - 1x Conexão de WhatsApp API Oficial - R$ 89,00;1;0.0;0.0;Upgrade;;;Não calculado
02/02/2026;2026;2;Fev.;fevereiro;2026-02;Fev./26;Guilherme Virgilio Soares;Guilherme Virgilio Soares;True;blume;Upgrade;Não informado;Funil de vendas;Funil de vendas;https://app.pipefy.com/open-cards/1291760632;Migração/Outro;Não informado;Outros motivos descritos;- Upgrade: Funil de vendas | R$89,90;1;0.0;0.0;Upgrade;;;Não calculado
02/02/2026;2026;2;Fev.;fevereiro;2026-02;Fev./26;Guilherme Virgilio Soares;Guilherme Virgilio Soares;True;classicpenbrindes;Upgrade;Não informado;Funil de vendas;Funil de vendas;https://app.pipefy.com/open-cards/1292093077;Migração/Outro;Não informado;Outros motivos descritos;- Upgrade: Funil de vendas | R$89,90 |;1;0.0;0.0;Upgrade;;;Não calculado
02/02/2026;2026;2;Fev.;fevereiro;2026-02;Fev./26;Guilherme Virgilio Soares;Guilherme Virgilio Soares;True;saudecred;Upgrade;Não informado;Chat interno;Chat interno;https://app.pipefy.com/open-cards/1291866382;Migração/Outro;Não informado;Outros motivos descritos;- Upgrade: Chat interno | R$89,00;1;0.0;0.0;Upgrade;;;Não calculado
02/02/2026;2026;2;Fev.;fevereiro;2026-02;Fev./26;Guilherme Virgilio Soares;Guilherme Virgilio Soares;True;sercontabilidade;Upgrade;Não informado;"Transcrição de Áudio; Texto Mágico; IA CSAT";"Transcrição de Áudio; Texto Mágico; IA CSAT";https://app.pipefy.com/open-cards/1291893341;Migração/Outro;Não informado;Outros motivos descritos;- Upgrade: IA - Transcrição de áudio - plano 1.000 | R$49,90 |  IA - Texto mágico - plano 2.000 | R$29,90 |  IA CSAT - plano 1.500 | R$35,90 |;3;0.0;0.0;Upgrade;;;Não calculado
02/02/2026;2026;2;Fev.;fevereiro;2026-02;Fev./26;Guilherme Virgilio Soares;Guilherme Virgilio Soares;True;villimpress;Upgrade;Não informado;Distribuição automática;Distribuição automática;https://app.pipefy.com/open-cards/1291861906;Migração/Outro;Não informado;Processo/uso operacional;- Upgrade: Distribuição automática (com desconto) | R$89,00;1;0.0;0.0;Upgrade;;;Não calculado
02/02/2026;2026;2;Fev.;fevereiro;2026-02;Fev./26;Leticia Silva;Leticia Silva;True;alfarastreamento;Upgrade;Não informado;Primeira ativação de número oficial;Primeira ativação de número oficial;https://app.pipefy.com/open-cards/1292145424;Migração/Outro;Não informado;Outros motivos descritos;Primeira Ativação de Número Oficial;1;0.0;0.0;Upgrade;;;Não calculado
02/02/2026;2026;2;Fev.;fevereiro;2026-02;Fev./26;Leticia Silva;Leticia Silva;True;bolsadeestudos;Upgrade;Não informado;Funil de vendas;Funil de vendas;https://app.pipefy.com/open-cards/1292110708;Migração/Outro;Não informado;Outros motivos descritos;Up Funil de Vendas na URL bolsadeestudos (R$89,90).;1;0.0;0.0;Upgrade;;;Não calculado
02/02/2026;2026;2;Fev.;fevereiro;2026-02;Fev./26;Leticia Silva;Leticia Silva;True;fernandessantosadv;Upgrade;Não informado;Primeira ativação de número oficial;Primeira ativação de número oficial;https://app.pipefy.com/open-cards/1292027607;Migração/Outro;Não informado;Outros motivos descritos;Primeira Ativação de Número Oficial;1;0.0;0.0;Upgrade;;;Não calculado
02/02/2026;2026;2;Fev.;fevereiro;2026-02;Fev./26;Leticia Silva;Leticia Silva;True;proprinter;Upgrade;Não informado;IA Agent;IA Agent;https://app.pipefy.com/open-cards/1291828113;Migração/Outro;Não informado;Outros motivos descritos;Up Agente IA (1000 créditos, R$112,90).;1;0.0;0.0;Upgrade;;;Não calculado
02/02/2026;2026;2;Fev.;fevereiro;2026-02;Fev./26;Leticia Silva;Leticia Silva;True;rezzusolucoes;Upgrade;Não informado;Transcrição de Áudio;Transcrição de Áudio;https://app.pipefy.com/open-cards/1291759524;Migração/Outro;Não informado;Outros motivos descritos;Up Transcrição de Áudio (plano 500 min). R$24,90.;1;0.0;0.0;Upgrade;;;Não calculado
02/02/2026;2026;2;Fev.;fevereiro;2026-02;Fev./26;Leticia Silva;Leticia Silva;True;simpleap;Upgrade;Não informado;IA Agent;IA Agent;https://app.pipefy.com/open-cards/1291719310;Migração/Outro;Não informado;Outros motivos descritos;Up Agente IA mil créditos (R$112,90).;1;0.0;0.0;Upgrade;;;Não calculado
02/02/2026;2026;2;Fev.;fevereiro;2026-02;Fev./26;Priscila Pavani;Priscila Pavani;True;hospitalsaocamilosp;Upgrade;Não informado;Usuário adicional;Usuário adicional;https://app.pipefy.com/open-cards/1291914833;Migração/Outro;Não informado;Redução de custo;Tipo: Upgrade Produto: 5 usuários - (22,00 cada) Valor: R$ 110,00 URL: hopspitalsaocamilosp Protocolo: 202602021651242;1;0.0;0.0;Upgrade;;;Não calculado
02/02/2026;2026;2;Fev.;fevereiro;2026-02;Fev./26;Vinicius Simões;Vinicius Simões;True;193viagens;Upgrade;Não informado;Primeira ativação de número oficial;Primeira ativação de número oficial;https://app.pipefy.com/open-cards/1292138798;Migração/Outro;Não informado;Outros motivos descritos;Upgrade: - 1x Conexão adicional de WhatsApp API Oficial - R$ 89,00;1;0.0;0.0;Upgrade;;;Não calculado
02/02/2026;2026;2;Fev.;fevereiro;2026-02;Fev./26;Vinicius Simões;Vinicius Simões;True;abilgrupounidas;Upgrade;Não informado;Conexão adicional de WhatsApp - WABA;Conexão adicional de WhatsApp - WABA;https://app.pipefy.com/open-cards/1292132110;Migração/Outro;Não informado;Outros motivos descritos;Upgrade: - 1x Conexão adicional de API Oficial - R$ 89,00;1;0.0;0.0;Upgrade;;;Não calculado
02/02/2026;2026;2;Fev.;fevereiro;2026-02;Fev./26;Vinicius Simões;Vinicius Simões;True;clinicaelan1;Upgrade;Não informado;Transcrição de Áudio;Transcrição de Áudio;https://app.pipefy.com/open-cards/1291744509;Migração/Outro;Não informado;Outros motivos descritos;Upgrade: - IA Transcrição de Áudio com 500 minutos - R$ 24,90;1;0.0;0.0;Upgrade;;;Não calculado
02/02/2026;2026;2;Fev.;fevereiro;2026-02;Fev./26;Vinicius Simões;Vinicius Simões;True;gctalentos;Upgrade;Não informado;Primeira ativação de número oficial;Primeira ativação de número oficial;https://app.pipefy.com/open-cards/1291729191;Migração/Outro;Não informado;Outros motivos descritos;Upgrade: - 1x Conexão de WhatsApp API Oficial - R$ 89,00;1;0.0;0.0;Upgrade;;;Não calculado
02/02/2026;2026;2;Fev.;fevereiro;2026-02;Fev./26;Vinicius Simões;Vinicius Simões;True;passosadvocacia;Upgrade;Não informado;Integração;Integração;https://app.pipefy.com/open-cards/1292152311;Migração/Outro;Não informado;Outros motivos descritos;Upgrade: - Integração: Digisac x RD Station CRM - R$ 59,99;1;0.0;0.0;Upgrade;;;Não calculado
02/02/2026;2026;2;Fev.;fevereiro;2026-02;Fev./26;Vinicius Simões;Vinicius Simões;True;rafaelaraujoadv;Upgrade;Não informado;Chat interno;Chat interno;https://app.pipefy.com/open-cards/1291793096;Migração/Outro;Não informado;Outros motivos descritos;Upgrade: - Chat Interno - R$ 89,00;1;0.0;0.0;Upgrade;;;Não calculado
02/02/2026;2026;2;Fev.;fevereiro;2026-02;Fev./26;Vinicius Simões;Vinicius Simões;True;somultasbh;Upgrade;Não informado;Conexão adicional de WhatsApp - WABA;Conexão adicional de WhatsApp - WABA;https://app.pipefy.com/open-cards/1292158178;Migração/Outro;Não informado;Outros motivos descritos;Upgrade: - 1x Conexão adicional de WhatsApp API Oficial - R$ 89,00;1;0.0;0.0;Upgrade;;;Não calculado
02/02/2026;2026;2;Fev.;fevereiro;2026-02;Fev./26;Vinicius Simões;Vinicius Simões;True;veloseguro;Upgrade;Não informado;Conexão adicional de WhatsApp - WABA;Conexão adicional de WhatsApp - WABA;https://app.pipefy.com/open-cards/1292082217;Migração/Outro;Não informado;Outros motivos descritos;Upgrade: - 1x Conexão adicional de API Oficial do WhatsApp - R$ 89,00;1;0.0;0.0;Upgrade;;;Não calculado
03/02/2026;2026;2;Fev.;fevereiro;2026-02;Fev./26;80401157;Usuário inexistente;False;certificadodigital;Upgrade;Não informado;Conexão adicional de WhatsApp - WABA;Conexão adicional de WhatsApp - WABA;https://app.pipefy.com/open-cards/1292366299;Migração/Outro;Não informado;Outros motivos descritos;Upgrade conexão adicional WABA Direct Pay - GUPSHUP | R$ 89,00/mensal;1;0.0;0.0;Upgrade;;;Não calculado
03/02/2026;2026;2;Fev.;fevereiro;2026-02;Fev./26;80401157;Usuário inexistente;False;cks;Upgrade;Não informado;Conexão adicional de WhatsApp;Conexão adicional de WhatsApp;https://app.pipefy.com/open-cards/1292623298;Migração/Outro;Não informado;Problema técnico / limitação;Upgrade Conexão de WhatsApp adicional R$ 89,00/mensal (PROBLEMA NO MEU PLANO) | PROTOCOLO: 202602031652562;1;0.0;0.0;Upgrade;;;Não calculado
03/02/2026;2026;2;Fev.;fevereiro;2026-02;Fev./26;80401157;Usuário inexistente;False;corporeincorporadora;Upgrade;Não informado;Usuário adicional;Usuário adicional;https://app.pipefy.com/open-cards/1292600246;Migração/Outro;Não informado;Problema técnico / limitação;Upgrade 01x Usuário adicional R$ 29,00/mensal (ERRO NO MEU PLANO);1;0.0;0.0;Upgrade;;;Não calculado
03/02/2026;2026;2;Fev.;fevereiro;2026-02;Fev./26;80401157;Usuário inexistente;False;dasasatrastreamento;Upgrade;Não informado;"Funil de vendas; Conexão adicional de WhatsApp";"Funil de vendas; Conexão adicional de WhatsApp";https://app.pipefy.com/open-cards/1292738432;Migração/Outro;Não informado;Problema técnico / limitação;Contratação Funil de vendas = R$ 89,00/mensal | Contratação conexão adicional WhatsApp Standard R$ 89,00/mensal (ERRO MEU PLANO);2;0.0;0.0;Upgrade;;;Não calculado
03/02/2026;2026;2;Fev.;fevereiro;2026-02;Fev./26;80401157;Usuário inexistente;False;davipinheiroadv;Upgrade;Não informado;Usuário adicional;Usuário adicional;https://app.pipefy.com/open-cards/1292631937;Migração/Outro;Não informado;Problema técnico / limitação;Contratação de 01 usuário adicional R$ 29,00/mensal (PROBLEMA MEU PLANO);1;0.0;0.0;Upgrade;;;Não calculado
03/02/2026;2026;2;Fev.;fevereiro;2026-02;Fev./26;80401157;Usuário inexistente;False;fredericoadvocacia;Upgrade;Não informado;Usuário adicional;Usuário adicional;https://app.pipefy.com/open-cards/1292592772;Migração/Outro;Não informado;Problema técnico / limitação;Upgrade 01 usuário adicional R$ 29,00/mensal (ERRO MEU PLANO) | PROTOCOLO: 202602031652843;1;0.0;0.0;Upgrade;;;Não calculado
03/02/2026;2026;2;Fev.;fevereiro;2026-02;Fev./26;80401157;Usuário inexistente;False;grupolynm;Upgrade;Não informado;Usuário adicional;Usuário adicional;https://app.pipefy.com/open-cards/1292675469;Migração/Outro;Não informado;Problema técnico / limitação;Contratação usuário adcional 01x R$ 29,00 (ERRO MEU PLANO);1;0.0;0.0;Upgrade;;;Não calculado
03/02/2026;2026;2;Fev.;fevereiro;2026-02;Fev./26;80401157;Usuário inexistente;False;lacam;Upgrade;Não informado;Conexão adicional de WhatsApp - WABA;Conexão adicional de WhatsApp - WABA;https://app.pipefy.com/open-cards/1292658956;Migração/Outro;Não informado;Outros motivos descritos;Contratação conexão adicional WABA = R$ 89,00/mensal;1;0.0;0.0;Upgrade;;;Não calculado
03/02/2026;2026;2;Fev.;fevereiro;2026-02;Fev./26;80401157;Usuário inexistente;False;manosmc;Upgrade;Não informado;Usuário adicional;Usuário adicional;https://app.pipefy.com/open-cards/1292682876;Migração/Outro;Não informado;Problema técnico / limitação;Contratação 01 usuário adicional R$ 29,00/mensal (ERRO MEU PLANO);1;0.0;0.0;Upgrade;;;Não calculado
03/02/2026;2026;2;Fev.;fevereiro;2026-02;Fev./26;80401157;Usuário inexistente;False;mbranorte2;Upgrade;Não informado;Funil de vendas;Funil de vendas;https://app.pipefy.com/open-cards/1292358104;Migração/Outro;Não informado;Outros motivos descritos;Upgrade Funil de vendas = R$ 89,90/mensal;1;0.0;0.0;Upgrade;;;Não calculado
03/02/2026;2026;2;Fev.;fevereiro;2026-02;Fev./26;80401157;Usuário inexistente;False;scncontabilidade;Upgrade;Não informado;Usuário adicional;Usuário adicional;https://app.pipefy.com/open-cards/1292671422;Migração/Outro;Não informado;Outros motivos descritos;Contratação usuário adicional 01x R$ 29,00/mensal;1;0.0;0.0;Upgrade;;;Não calculado
03/02/2026;2026;2;Fev.;fevereiro;2026-02;Fev./26;80401167;Usuário inexistente;False;factaregiao1;Upgrade;Não informado;Usuário adicional;Usuário adicional;https://app.pipefy.com/open-cards/1292644167;Migração/Outro;Não informado;Problema técnico / limitação;Tipo: Upgrade Produto: 2 usuários URL: factaregiao1 Protocolo: 202601261643663 * Erro no meu plano *;1;0.0;0.0;Upgrade;;;Não calculado
03/02/2026;2026;2;Fev.;fevereiro;2026-02;Fev./26;82573565;Usuário inexistente;False;passosadvocacia;Upgrade;Não informado;Funil de vendas;Funil de vendas;https://app.pipefy.com/open-cards/1292668182;Migração/Outro;Não informado;Redução de custo;Upgrade funil de vendas R$ 49,00  (valor ofertado pelo vendedor responsável e mantido no upgrade)** )| Protocolo: 202601301650300;1;0.0;0.0;Upgrade;;;Não calculado
03/02/2026;2026;2;Fev.;fevereiro;2026-02;Fev./26;Guilherme Virgilio Soares;Guilherme Virgilio Soares;True;fabwebbrr;Upgrade;Não informado;IA Copiloto;IA Copiloto;https://app.pipefy.com/open-cards/1292668085;Migração/Outro;Não informado;Outros motivos descritos;- Upgrade: IA Copiloto - 250 créditos avulsos | R$31,90 |  Não foi possível selecionar em produtos os créditos avulsos, por isso selecionei a opção de 500 créditos, mas seriam realmente um pacote avulso de 250 créditos.;1;0.0;0.0;Upgrade;;;Não calculado
03/02/2026;2026;2;Fev.;fevereiro;2026-02;Fev./26;Guilherme Virgilio Soares;Guilherme Virgilio Soares;True;fococontadores;Upgrade;Não informado;Conexão adicional de WhatsApp;Conexão adicional de WhatsApp;https://app.pipefy.com/open-cards/1292507551;Migração/Outro;Não informado;Outros motivos descritos;- Upgrade: Conexão adicional WhatsApp | R$89,00;1;0.0;0.0;Upgrade;;;Não calculado
03/02/2026;2026;2;Fev.;fevereiro;2026-02;Fev./26;Guilherme Virgilio Soares;Guilherme Virgilio Soares;True;fsprime;Upgrade;Não informado;Conexão adicional de WhatsApp;Conexão adicional de WhatsApp;https://app.pipefy.com/open-cards/1292390369;Migração/Outro;Não informado;Outros motivos descritos;- Upgrade: Conexão adicional WhatsApp | R$89,00;1;0.0;0.0;Upgrade;;;Não calculado
03/02/2026;2026;2;Fev.;fevereiro;2026-02;Fev./26;Guilherme Virgilio Soares;Guilherme Virgilio Soares;True;pagolcobranca;Upgrade;Não informado;Usuário adicional;Usuário adicional;https://app.pipefy.com/open-cards/1292545316;Migração/Outro;Não informado;Outros motivos descritos;- Upgrade: Usuários adicionais | 5x R$29,00 | R$145,00;1;0.0;0.0;Upgrade;;;Não calculado
03/02/2026;2026;2;Fev.;fevereiro;2026-02;Fev./26;Leticia Silva;Leticia Silva;True;alcalima;Upgrade;Não informado;Distribuição automática;Distribuição automática;https://app.pipefy.com/open-cards/1292366269;Migração/Outro;Não informado;Processo/uso operacional;Up Distribuição Automática (R$149,00).;1;0.0;0.0;Upgrade;;;Não calculado
03/02/2026;2026;2;Fev.;fevereiro;2026-02;Fev./26;Leticia Silva;Leticia Silva;True;apoloatacado;Upgrade;Não informado;Conexão adicional de WhatsApp;Conexão adicional de WhatsApp;https://app.pipefy.com/open-cards/1292683604;Migração/Outro;Não informado;Problema técnico / limitação;Up de 2 conexões adicionais de WhatsApp (R$178,00) Cliente sem acesso a aba Meu Plano devido ao erro geral.;1;0.0;0.0;Upgrade;;;Não calculado
03/02/2026;2026;2;Fev.;fevereiro;2026-02;Fev./26;Leticia Silva;Leticia Silva;True;atendimentopigatti;Upgrade;Não informado;Usuário adicional;Usuário adicional;https://app.pipefy.com/open-cards/1292627158;Migração/Outro;Não informado;Problema técnico / limitação;Up 2 usuários (R$58,00). Cliente com erro na aba meu plano.;1;0.0;0.0;Upgrade;;;Não calculado
03/02/2026;2026;2;Fev.;fevereiro;2026-02;Fev./26;Leticia Silva;Leticia Silva;True;consultive;Upgrade;Não informado;Usuário adicional;Usuário adicional;https://app.pipefy.com/open-cards/1292593075;Migração/Outro;Não informado;Problema técnico / limitação;Up 1 usuário (R$29,00). Cliente com erro na aba meu plano.;1;0.0;0.0;Upgrade;;;Não calculado
03/02/2026;2026;2;Fev.;fevereiro;2026-02;Fev./26;Leticia Silva;Leticia Silva;True;crmgranacred;Upgrade;Não informado;Usuário adicional;Usuário adicional;https://app.pipefy.com/open-cards/1292680352;Migração/Outro;Não informado;Problema técnico / limitação;Up 2 usuários (R$58,00). Cliente com erro na aba meu plano.;1;0.0;0.0;Upgrade;;;Não calculado
03/02/2026;2026;2;Fev.;fevereiro;2026-02;Fev./26;Leticia Silva;Leticia Silva;True;fernandofelix;Upgrade;Não informado;Usuário adicional;Usuário adicional;https://app.pipefy.com/open-cards/1292579532;Migração/Outro;Não informado;Problema técnico / limitação;Up 1 usuário adicional (R$29,00). Cliente com erro no meu plano.;1;0.0;0.0;Upgrade;;;Não calculado
03/02/2026;2026;2;Fev.;fevereiro;2026-02;Fev./26;Leticia Silva;Leticia Silva;True;ixradiologiaodonto;Upgrade;Não informado;Primeira ativação de número oficial;Primeira ativação de número oficial;https://app.pipefy.com/open-cards/1292739260;Migração/Outro;Não informado;Outros motivos descritos;Primeira Ativação de Número Oficial.;1;0.0;0.0;Upgrade;;;Não calculado
03/02/2026;2026;2;Fev.;fevereiro;2026-02;Fev./26;Leticia Silva;Leticia Silva;True;ixradiologiaodonto;Upgrade;Não informado;Não informado;Não informado;https://app.pipefy.com/open-cards/1292612672;Migração/Outro;Não informado;Outros motivos descritos;Primeira Ativação de Número Oficial;1;0.0;0.0;Upgrade;;;Não calculado
03/02/2026;2026;2;Fev.;fevereiro;2026-02;Fev./26;Leticia Silva;Leticia Silva;True;kingpromotora1;Upgrade;Não informado;"Conexão adicional de WhatsApp; Usuário adicional";Conexão adicional de WhatsApp + outros;https://app.pipefy.com/open-cards/1292473878;Migração/Outro;Não informado;Problema técnico / limitação;Up de 1 conexão adicional de WhatsApp + 1 usuário adicional (R$118,00). Cliente sem acesso a aba Meu Plano devido ao erro geral.;2;0.0;0.0;Upgrade;;;Não calculado
03/02/2026;2026;2;Fev.;fevereiro;2026-02;Fev./26;Leticia Silva;Leticia Silva;True;lhcassessoria1;Upgrade;Não informado;Usuário adicional;Usuário adicional;https://app.pipefy.com/open-cards/1292641824;Migração/Outro;Não informado;Problema técnico / limitação;Up usuário adicional na lhcassessoria1 (R$29,00). Cliente com erro ao acessar a aba meu plano.;1;0.0;0.0;Upgrade;;;Não calculado
03/02/2026;2026;2;Fev.;fevereiro;2026-02;Fev./26;Leticia Silva;Leticia Silva;True;maiaemachadoadvogados;Upgrade;Não informado;"Funil de vendas; Usuário adicional";"Funil de vendas; Usuário adicional";https://app.pipefy.com/open-cards/1292568449;Migração/Outro;Não informado;Problema técnico / limitação;Up Funil de vendas + 1 usuário adicional (R$118,90). Cliente com erro no meu plano.;2;0.0;0.0;Upgrade;;;Não calculado
03/02/2026;2026;2;Fev.;fevereiro;2026-02;Fev./26;Leticia Silva;Leticia Silva;True;navarroconsultoria;Upgrade;Não informado;Usuário adicional;Usuário adicional;https://app.pipefy.com/open-cards/1292587569;Migração/Outro;Não informado;Problema técnico / limitação;Up 1 usuário (R$29,00). Cliente com erro na aba meu plano.;1;0.0;0.0;Upgrade;;;Não calculado
03/02/2026;2026;2;Fev.;fevereiro;2026-02;Fev./26;Melissa Duarte;Melissa Duarte;True;popserv;Upgrade;Não informado;Funil de vendas;Funil de vendas;https://app.pipefy.com/open-cards/1292524177;Migração/Outro;Não informado;Outros motivos descritos;UP Funil de vendas R$89,00;1;0.0;0.0;Upgrade;;;Não calculado
03/02/2026;2026;2;Fev.;fevereiro;2026-02;Fev./26;Tadiane Biason;Tadiane Biason;True;comlojas54;Upgrade;Não informado;Usuário adicional;Usuário adicional;https://app.pipefy.com/open-cards/1292632588;Migração/Outro;Não informado;Redução de custo;Tipo: Upgrade Produto: 4 usuários Valor: R$ 116,00 Protocolo: 202602031653765 Motivo do UP: A plataforma apresentou instabilidade no recurso meu plano sendo necessário realizar manual. Demanda formalizada no JIRA: https://ikatec.atlassian.net/browse/SUS-3013;1;0.0;0.0;Upgrade;;;Não calculado
03/02/2026;2026;2;Fev.;fevereiro;2026-02;Fev./26;Vinicius Simões;Vinicius Simões;True;borginhocontabilidade;Upgrade;Não informado;Usuário adicional;Usuário adicional;https://app.pipefy.com/open-cards/1292674437;Migração/Outro;Não informado;Problema técnico / limitação;Upgrade: - 1x Usuário adicional - R$ 29,00  Erro Meu Plano;1;0.0;0.0;Upgrade;;;Não calculado
03/02/2026;2026;2;Fev.;fevereiro;2026-02;Fev./26;Vinicius Simões;Vinicius Simões;True;clinicarealize;Upgrade;Não informado;Usuário adicional;Usuário adicional;https://app.pipefy.com/open-cards/1292724393;Migração/Outro;Não informado;Problema técnico / limitação;Upgrade: - 1x Usuário adicional - R$ 26,10  Erro Meu Plano;1;0.0;0.0;Upgrade;;;Não calculado
03/02/2026;2026;2;Fev.;fevereiro;2026-02;Fev./26;Vinicius Simões;Vinicius Simões;True;consulti;Upgrade;Não informado;Usuário adicional;Usuário adicional;https://app.pipefy.com/open-cards/1292687804;Migração/Outro;Não informado;Outros motivos descritos;contratação de um usuario;1;0.0;0.0;Upgrade;;;Não calculado
03/02/2026;2026;2;Fev.;fevereiro;2026-02;Fev./26;Vinicius Simões;Vinicius Simões;True;contabilidaded2s;Upgrade;Não informado;Usuário adicional;Usuário adicional;https://app.pipefy.com/open-cards/1292669866;Migração/Outro;Não informado;Problema técnico / limitação;Upgrade: - 1x Usuário adicional - R$ 29,00  Problema com o Meu Plano.;1;0.0;0.0;Upgrade;;;Não calculado
03/02/2026;2026;2;Fev.;fevereiro;2026-02;Fev./26;Vinicius Simões;Vinicius Simões;True;doc7contabilidade;Upgrade;Não informado;Usuário adicional;Usuário adicional;https://app.pipefy.com/open-cards/1292701431;Migração/Outro;Não informado;Problema técnico / limitação;Upgrade: - 1x Usuário adicional - R$ 29,00  Erro Meu Plano.;1;0.0;0.0;Upgrade;;;Não calculado
03/02/2026;2026;2;Fev.;fevereiro;2026-02;Fev./26;Vinicius Simões;Vinicius Simões;True;enviacurriculoltda;Upgrade;Não informado;Usuário adicional;Usuário adicional;https://app.pipefy.com/open-cards/1292605559;Migração/Outro;Não informado;Outros motivos descritos;Upgrade: - 3x Usuários adicionais - R$ 87,00;1;0.0;0.0;Upgrade;;;Não calculado
03/02/2026;2026;2;Fev.;fevereiro;2026-02;Fev./26;Vinicius Simões;Vinicius Simões;True;glasspartscomponentes;Upgrade;Não informado;Usuário adicional;Usuário adicional;https://app.pipefy.com/open-cards/1292661495;Migração/Outro;Não informado;Problema técnico / limitação;Upgrade:  - 2x Usuários adicionais - R$ 52,20  Problemas com Meu Plano.;1;0.0;0.0;Upgrade;;;Não calculado
03/02/2026;2026;2;Fev.;fevereiro;2026-02;Fev./26;Vinicius Simões;Vinicius Simões;True;maxgroup;Upgrade;Não informado;Usuário adicional;Usuário adicional;https://app.pipefy.com/open-cards/1292688076;Migração/Outro;Não informado;Problema técnico / limitação;Upgrade: - 2x Usuários adicionais - R$ 52,20  Erro Meu Plano.;1;0.0;0.0;Upgrade;;;Não calculado
03/02/2026;2026;2;Fev.;fevereiro;2026-02;Fev./26;Vinicius Simões;Vinicius Simões;True;proclinicabauru;Upgrade;Não informado;Primeira ativação de número oficial;Primeira ativação de número oficial;https://app.pipefy.com/open-cards/1292524331;Migração/Outro;Não informado;Outros motivos descritos;Upgrade: - 1x Conexão adicional de API Oficial do WHatsApp - R$ 89,00;1;0.0;0.0;Upgrade;;;Não calculado
03/02/2026;2026;2;Fev.;fevereiro;2026-02;Fev./26;Vinicius Simões;Vinicius Simões;True;tecmaissolucoes;Upgrade;Não informado;Conexão adicional de WhatsApp;Conexão adicional de WhatsApp;https://app.pipefy.com/open-cards/1292729714;Migração/Outro;Não informado;Problema técnico / limitação;Upgrade: - 1x Conexão adicional de WhatsApp Standard - R$ 89,00  Erro Meu Plano.;1;0.0;0.0;Upgrade;;;Não calculado
03/02/2026;2026;2;Fev.;fevereiro;2026-02;Fev./26;Vinicius Simões;Vinicius Simões;True;utimix;Upgrade;Não informado;Conexão Instagram Direct;Conexão Instagram Direct;https://app.pipefy.com/open-cards/1292600230;Migração/Outro;Não informado;Outros motivos descritos;Upgrade: - 1x Conexão de Instagram - R$ 89,00;1;0.0;0.0;Upgrade;;;Não calculado
04/02/2026;2026;2;Fev.;fevereiro;2026-02;Fev./26;80401167;Usuário inexistente;False;barcelossop1c;Upgrade;Não informado;Usuário adicional;Usuário adicional;https://app.pipefy.com/open-cards/1293315478;Migração/Outro;Não informado;Outros motivos descritos;Tipo: Upgrade Produto: 1 usuário URL: barcelossop1c Protocolo: 202602021652251;1;0.0;0.0;Upgrade;;;Não calculado
04/02/2026;2026;2;Fev.;fevereiro;2026-02;Fev./26;80401167;Usuário inexistente;False;redeespecialistas;Upgrade;Não informado;Usuário adicional;Usuário adicional;https://app.pipefy.com/open-cards/1293148873;Migração/Outro;Não informado;Outros motivos descritos;UP 1 usuário URL: redeespecialistas Protocolo: 202601201637393;1;0.0;0.0;Upgrade;;;Não calculado
04/02/2026;2026;2;Fev.;fevereiro;2026-02;Fev./26;82573565;Usuário inexistente;False;msauniformes;Upgrade;Não informado;Servidores;Servidores;https://app.pipefy.com/open-cards/1293087235;Migração/Outro;Não informado;Outros motivos descritos;Upgrade Servidor 2/4, indicado pelo suporte (Regina Guermandi), R$ 89,00 | Protocolo: 202602041654294;1;0.0;0.0;Upgrade;;;Não calculado
04/02/2026;2026;2;Fev.;fevereiro;2026-02;Fev./26;Guilherme Virgilio Soares;Guilherme Virgilio Soares;True;analisys;Upgrade;Não informado;Usuário adicional;Usuário adicional;https://app.pipefy.com/open-cards/1293420159;Migração/Outro;Não informado;Outros motivos descritos;- Upgrade: 1x usuário adicional | R$29,00;1;0.0;0.0;Upgrade;;;Não calculado
04/02/2026;2026;2;Fev.;fevereiro;2026-02;Fev./26;Guilherme Virgilio Soares;Guilherme Virgilio Soares;True;avantysolucoes;Upgrade;Não informado;Chat interno;Chat interno;https://app.pipefy.com/open-cards/1293100108;Migração/Outro;Não informado;Outros motivos descritos;- Upgrade: Chat interno (com desconto) | R$69,00;1;0.0;0.0;Upgrade;;;Não calculado
04/02/2026;2026;2;Fev.;fevereiro;2026-02;Fev./26;Guilherme Virgilio Soares;Guilherme Virgilio Soares;True;consulti;Upgrade;Não informado;IA Agent;IA Agent;https://app.pipefy.com/open-cards/1293348664;Migração/Outro;Não informado;Outros motivos descritos;- Upgrade: IA Agente - 1.000 créditos | R$112,90;1;0.0;0.0;Upgrade;;;Não calculado
04/02/2026;2026;2;Fev.;fevereiro;2026-02;Fev./26;Guilherme Virgilio Soares;Guilherme Virgilio Soares;True;fabwebbrr;Upgrade;Não informado;IA Copiloto;IA Copiloto;https://app.pipefy.com/open-cards/1293143682;Migração/Outro;Não informado;Outros motivos descritos;- Upgrade: IA Copiloto - 500 créditos | R$49,90;1;0.0;0.0;Upgrade;;;Não calculado
04/02/2026;2026;2;Fev.;fevereiro;2026-02;Fev./26;Leticia Silva;Leticia Silva;True;idealconsultoria;Upgrade;Não informado;Servidores;Servidores;https://app.pipefy.com/open-cards/1293217180;Migração/Outro;Não informado;Outros motivos descritos;Up Servidor 2/4 (R$89,00).;1;0.0;0.0;Upgrade;;;Não calculado
04/02/2026;2026;2;Fev.;fevereiro;2026-02;Fev./26;Leticia Silva;Leticia Silva;True;lcacont;Upgrade;Não informado;Integração;Integração;https://app.pipefy.com/open-cards/1293032336;Migração/Outro;Não informado;Outros motivos descritos;Up Integração RD CRM (R$59,99).;1;0.0;0.0;Upgrade;;;Não calculado
04/02/2026;2026;2;Fev.;fevereiro;2026-02;Fev./26;Leticia Silva;Leticia Silva;True;simaorebeloadv;Upgrade;Não informado;Servidores;Servidores;https://app.pipefy.com/open-cards/1293379788;Migração/Outro;Não informado;Outros motivos descritos;Up Servidor 2/4 (R$89,00).;1;0.0;0.0;Upgrade;;;Não calculado
04/02/2026;2026;2;Fev.;fevereiro;2026-02;Fev./26;Leticia Silva;Leticia Silva;True;zoeconsulting;Upgrade;Não informado;Funil de vendas;Funil de vendas;https://app.pipefy.com/open-cards/1293055714;Migração/Outro;Não informado;Outros motivos descritos;UP Funil de Vendas (R$89,90).;1;0.0;0.0;Upgrade;;;Não calculado
04/02/2026;2026;2;Fev.;fevereiro;2026-02;Fev./26;Luis Siqueira;Luis Siqueira;True;centralacademica23;Upgrade;Não informado;URL;URL;https://app.pipefy.com/open-cards/1293008205;Migração/Outro;Não informado;Outros motivos descritos;Não informado;1;0.0;0.0;Upgrade;;;Não calculado
04/02/2026;2026;2;Fev.;fevereiro;2026-02;Fev./26;Marcela Medeiros;Marcela Medeiros;True;unimedas;Upgrade;Não informado;Usuário adicional;Usuário adicional;https://app.pipefy.com/open-cards/1292937948;Migração/Outro;Não informado;Outros motivos descritos;Usuário adicional contratado por R$29,00/MES. Protocolo 202602031653449;1;0.0;0.0;Upgrade;;;Não calculado
04/02/2026;2026;2;Fev.;fevereiro;2026-02;Fev./26;Melissa Duarte;Melissa Duarte;True;li;Upgrade;Não informado;Servidores;Servidores;https://app.pipefy.com/open-cards/1293377758;Migração/Outro;Não informado;Outros motivos descritos;Up servidor 32/32 R$935,76 Down servidor 8/16;1;0.0;0.0;Upgrade;;;Não calculado
04/02/2026;2026;2;Fev.;fevereiro;2026-02;Fev./26;Vinicius Simões;Vinicius Simões;True;deltacontabilidade;Upgrade;Não informado;Transcrição de Áudio;Transcrição de Áudio;https://app.pipefy.com/open-cards/1293048028;Migração/Outro;Não informado;Outros motivos descritos;Upgrade: - IA Transcrição de Áudio com 500 minutos - R$ 24,90;1;0.0;0.0;Upgrade;;;Não calculado
04/02/2026;2026;2;Fev.;fevereiro;2026-02;Fev./26;Vinicius Simões;Vinicius Simões;True;lxtelecom;Upgrade;Não informado;Pacotes SMS Disparo em Massa;Pacotes SMS Disparo em Massa;https://app.pipefy.com/open-cards/1293323380;Migração/Outro;Não informado;Outros motivos descritos;Upgrade: - Pacote SMS com 5.000 créditos - R$ 500,00;1;0.0;0.0;Upgrade;;;Não calculado
04/02/2026;2026;2;Fev.;fevereiro;2026-02;Fev./26;Vinicius Simões;Vinicius Simões;True;plastrib;Upgrade;Não informado;Distribuição automática;Distribuição automática;https://app.pipefy.com/open-cards/1292957575;Migração/Outro;Não informado;Processo/uso operacional;Upgrade: - Distribuição automática - R$ 149,00;1;0.0;0.0;Upgrade;;;Não calculado
05/02/2026;2026;2;Fev.;fevereiro;2026-02;Fev./26;80401157;Usuário inexistente;False;consultoriovondentz;Upgrade;Não informado;Chat interno;Chat interno;https://app.pipefy.com/open-cards/1293779291;Migração/Outro;Não informado;Outros motivos descritos;Upgrade Chat interno R$ 89,00/mensal;1;0.0;0.0;Upgrade;;;Não calculado
05/02/2026;2026;2;Fev.;fevereiro;2026-02;Fev./26;80401157;Usuário inexistente;False;enviacurriculoltda;Upgrade;Não informado;Servidores;Servidores;https://app.pipefy.com/open-cards/1293937090;Migração/Outro;Não informado;Outros motivos descritos;Upgrade servidor 2/4 = R$ 89,00/mensal;1;0.0;0.0;Upgrade;;;Não calculado
05/02/2026;2026;2;Fev.;fevereiro;2026-02;Fev./26;80401157;Usuário inexistente;False;uniaocredpr;Upgrade;Não informado;Funil de vendas;Funil de vendas;https://app.pipefy.com/open-cards/1293974281;Migração/Outro;Não informado;Outros motivos descritos;Upgrade Funil de vendas = R$ 89,90/mensal;1;0.0;0.0;Upgrade;;;Não calculado
05/02/2026;2026;2;Fev.;fevereiro;2026-02;Fev./26;80401167;Usuário inexistente;False;admdiroma;Upgrade;Não informado;"Conexão adicional de WhatsApp; Usuário adicional";Conexão adicional de WhatsApp + outros;https://app.pipefy.com/open-cards/1293830712;Migração/Outro;Não informado;Redução de custo;Upgrade URL: admdiroma.digisac.io Usuários adicionais: 7 x R$ 29,00 — Total: R$ 203,00 Usuário bonificado: 1 Conexão adicional de WhatsApp: 1 x R$ 89,00 Valor total do upgrade: R$ 292,00 - protocolo 202602041654539 | email;2;0.0;0.0;Upgrade;;;Não calculado
05/02/2026;2026;2;Fev.;fevereiro;2026-02;Fev./26;80401167;Usuário inexistente;False;clinicacpo;Upgrade;Não informado;Conexão adicional de WhatsApp - WABA;Conexão adicional de WhatsApp - WABA;https://app.pipefy.com/open-cards/1293939184;Migração/Outro;Não informado;Outros motivos descritos;CPO - CENTRO DE POS GRADUACAO EM ODONTOLOGIA S/S LTDA;1;0.0;0.0;Upgrade;;;Não calculado
05/02/2026;2026;2;Fev.;fevereiro;2026-02;Fev./26;80401167;Usuário inexistente;False;forumcobranca;Upgrade;Não informado;Primeira ativação de número oficial;Primeira ativação de número oficial;https://app.pipefy.com/open-cards/1293991050;Migração/Outro;Não informado;Outros motivos descritos;Plano Base – 2 usuários / 1 conexão | R$197,00 Usuários adicionais | 7x R$29,00 | R$203,00 Usuários bonificados | 1x R$0,00 | R$0,00 Conexão adicional de WhatsApp | 2x R$59,00 | R$118,00 Servidor 2/4 | R$89,00 Conexão WABA / Gupshup / Direct Payment | 2x R$89,00 | R$178,00  Total mensal: R$785,00;1;0.0;0.0;Upgrade;;;Não calculado
05/02/2026;2026;2;Fev.;fevereiro;2026-02;Fev./26;80401167;Usuário inexistente;False;gotemburgo;Upgrade;Não informado;Usuário adicional;Usuário adicional;https://app.pipefy.com/open-cards/1293862324;Migração/Outro;Não informado;Redução de custo;Tipo: Upgrade Produto: 5 usuários Valor: 145,00 URL: gotemburgo Protocolo: e-mail Sebastião | 202601291649165;1;0.0;0.0;Upgrade;;;Não calculado
05/02/2026;2026;2;Fev.;fevereiro;2026-02;Fev./26;82573565;Usuário inexistente;False;categoriatur;Upgrade;Não informado;Funil de vendas;Funil de vendas;https://app.pipefy.com/open-cards/1293640191;Migração/Outro;Não informado;Outros motivos descritos;Upgrade de Funil de Vendas - Protocolo: 202602041655184;1;0.0;0.0;Upgrade;;;Não calculado
05/02/2026;2026;2;Fev.;fevereiro;2026-02;Fev./26;82573565;Usuário inexistente;False;goldenfinanceira;Upgrade;Não informado;Conexão adicional de WhatsApp;Conexão adicional de WhatsApp;https://app.pipefy.com/open-cards/1293911558;Migração/Outro;Não informado;Outros motivos descritos;Cliente teve o número oficial banido e deseja utilizar a conexão já contratada para ativação de um novo número.;1;0.0;0.0;Upgrade;;;Não calculado
05/02/2026;2026;2;Fev.;fevereiro;2026-02;Fev./26;Guilherme Virgilio Soares;Guilherme Virgilio Soares;True;solutionscontabilidade;Upgrade;Não informado;IA Agent;IA Agent;https://app.pipefy.com/open-cards/1293938345;Migração/Outro;Não informado;Outros motivos descritos;- Upgrade: IA Agente - 1.000 créditos | R$112,90;1;0.0;0.0;Upgrade;;;Não calculado
05/02/2026;2026;2;Fev.;fevereiro;2026-02;Fev./26;Leticia Silva;Leticia Silva;True;advogmed;Upgrade;Não informado;Usuário adicional;Usuário adicional;https://app.pipefy.com/open-cards/1293794628;Migração/Outro;Não informado;Outros motivos descritos;Up 3 usuários (R$87,00).;1;0.0;0.0;Upgrade;;;Não calculado
05/02/2026;2026;2;Fev.;fevereiro;2026-02;Fev./26;Leticia Silva;Leticia Silva;True;barrigaverde;Upgrade;Não informado;"Conexão Instagram Direct; Conexão Facebook Messenger";Conexão Instagram Direct + outros;https://app.pipefy.com/open-cards/1293580051;Migração/Outro;Não informado;Outros motivos descritos;Up Conexões de Instagram e Facebook (R$120,00).;2;0.0;0.0;Upgrade;;;Não calculado
05/02/2026;2026;2;Fev.;fevereiro;2026-02;Fev./26;Leticia Silva;Leticia Silva;True;barrigaverderbo;Upgrade;Não informado;"Conexão Instagram Direct; Conexão Facebook Messenger";Conexão Instagram Direct + outros;https://app.pipefy.com/open-cards/1293578586;Migração/Outro;Não informado;Outros motivos descritos;Up Conexões de Instagram e Facebook (R$120,00).;2;0.0;0.0;Upgrade;;;Não calculado
05/02/2026;2026;2;Fev.;fevereiro;2026-02;Fev./26;Priscila Pavani;Priscila Pavani;True;pegatroco;Upgrade;Não informado;Conexão adicional de WhatsApp - WABA;Conexão adicional de WhatsApp - WABA;https://app.pipefy.com/open-cards/1293855722;Migração/Outro;Não informado;Redução de custo;Tipo: Upgrade  Produto: 1 Conexão Waba 360 pagamento Ikatec Número: +55-11-9993-15216 Valor: R$ 109,00 URL: pegatroco  Protocolo: 202602041655138;1;0.0;0.0;Upgrade;;;Não calculado
05/02/2026;2026;2;Fev.;fevereiro;2026-02;Fev./26;Tadiane Biason;Tadiane Biason;True;afalaw;Upgrade;Não informado;Conexão adicional de WhatsApp;Conexão adicional de WhatsApp;https://app.pipefy.com/open-cards/1293646493;Migração/Outro;Não informado;Redução de custo;Cliente fez a contratação de 31 conexões por R$ 79,00 no valor de R$ 2.449,00;1;0.0;0.0;Upgrade;;;Não calculado
05/02/2026;2026;2;Fev.;fevereiro;2026-02;Fev./26;Vinicius Simões;Vinicius Simões;True;agentesolucoes;Upgrade;Não informado;Conexão adicional de WhatsApp - WABA;Conexão adicional de WhatsApp - WABA;https://app.pipefy.com/open-cards/1293873323;Migração/Outro;Não informado;Outros motivos descritos;Upgrade: - 1x Conexão adicional de WhatsApp API Oficial - R$ 89,00;1;0.0;0.0;Upgrade;;;Não calculado
05/02/2026;2026;2;Fev.;fevereiro;2026-02;Fev./26;Vinicius Simões;Vinicius Simões;True;ahservicosmedicos;Upgrade;Não informado;Funil de vendas;Funil de vendas;https://app.pipefy.com/open-cards/1293652210;Migração/Outro;Não informado;Outros motivos descritos;Upgrade: - Funil de Vendas - R$ 89,90;1;0.0;0.0;Upgrade;;;Não calculado
05/02/2026;2026;2;Fev.;fevereiro;2026-02;Fev./26;Vinicius Simões;Vinicius Simões;True;tecsof;Upgrade;Não informado;Distribuição automática;Distribuição automática;https://app.pipefy.com/open-cards/1293641611;Migração/Outro;Não informado;Processo/uso operacional;Upgrade: - Distribuição Automática - R$ 149,00;1;0.0;0.0;Upgrade;;;Não calculado
06/02/2026;2026;2;Fev.;fevereiro;2026-02;Fev./26;Guilherme Virgilio Soares;Guilherme Virgilio Soares;True;kontabilita;Upgrade;Não informado;Integração;Integração;https://app.pipefy.com/open-cards/1294216864;Migração/Outro;Não informado;Outros motivos descritos;- Upgrade: Integração Net2Phone Voip | R$ 89,00;1;0.0;0.0;Upgrade;;;Não calculado
06/02/2026;2026;2;Fev.;fevereiro;2026-02;Fev./26;Guilherme Virgilio Soares;Guilherme Virgilio Soares;True;mendeseguimaraes;Upgrade;Não informado;Integração;Integração;https://app.pipefy.com/open-cards/1294226588;Migração/Outro;Não informado;Outros motivos descritos;- Upgrade: Integração PipeDrive | R$ 59,99;1;0.0;0.0;Upgrade;;;Não calculado
06/02/2026;2026;2;Fev.;fevereiro;2026-02;Fev./26;Guilherme Virgilio Soares;Guilherme Virgilio Soares;True;pedrosacontabil;Upgrade;Não informado;Usuário adicional;Usuário adicional;https://app.pipefy.com/open-cards/1294246475;Migração/Outro;Não informado;Outros motivos descritos;- Upgrade: 1x Usuário adicional | R$ 29,00;1;0.0;0.0;Upgrade;;;Não calculado
06/02/2026;2026;2;Fev.;fevereiro;2026-02;Fev./26;Leticia Silva;Leticia Silva;True;alinecarneiroadv;Upgrade;Não informado;Usuário adicional;Usuário adicional;https://app.pipefy.com/open-cards/1294262013;Migração/Outro;Não informado;Outros motivos descritos;Troca do Plano Acelera (R$99,00) para o Plano Base (R$197,00).;1;0.0;0.0;Upgrade;;;Não calculado
06/02/2026;2026;2;Fev.;fevereiro;2026-02;Fev./26;Leticia Silva;Leticia Silva;True;bolosartesanaisfabi;Upgrade;Não informado;IA Agent;IA Agent;https://app.pipefy.com/open-cards/1294507642;Migração/Outro;Não informado;Outros motivos descritos;Up IA Agente - 1.000 créditos (R$112,90).;1;0.0;0.0;Upgrade;;;Não calculado
06/02/2026;2026;2;Fev.;fevereiro;2026-02;Fev./26;Leticia Silva;Leticia Silva;True;maissaudeplano;Upgrade;Não informado;Usuário adicional;Usuário adicional;https://app.pipefy.com/open-cards/1294298691;Migração/Outro;Não informado;Outros motivos descritos;Up 1 usuário (R$29,00).;1;0.0;0.0;Upgrade;;;Não calculado
06/02/2026;2026;2;Fev.;fevereiro;2026-02;Fev./26;Leticia Silva;Leticia Silva;True;medisim;Upgrade;Não informado;Funil de vendas;Funil de vendas;https://app.pipefy.com/open-cards/1294233265;Migração/Outro;Não informado;Outros motivos descritos;Up Funil de Vendas (R$89,90).;1;0.0;0.0;Upgrade;;;Não calculado
06/02/2026;2026;2;Fev.;fevereiro;2026-02;Fev./26;Leticia Silva;Leticia Silva;True;mngs;Upgrade;Não informado;Usuário adicional;Usuário adicional;https://app.pipefy.com/open-cards/1294381565;Migração/Outro;Não informado;Outros motivos descritos;Up de 2 usuários (R$58,00).;1;0.0;0.0;Upgrade;;;Não calculado
06/02/2026;2026;2;Fev.;fevereiro;2026-02;Fev./26;Leticia Silva;Leticia Silva;True;moovedespachantes;Upgrade;Não informado;Servidores;Servidores;https://app.pipefy.com/open-cards/1294283462;Migração/Outro;Não informado;Outros motivos descritos;Up Servidor 2/4 (R$89,00).;1;0.0;0.0;Upgrade;;;Não calculado
06/02/2026;2026;2;Fev.;fevereiro;2026-02;Fev./26;Leticia Silva;Leticia Silva;True;netserv;Upgrade;Não informado;IA Agent;IA Agent;https://app.pipefy.com/open-cards/1294530094;Migração/Outro;Não informado;Outros motivos descritos;Up IA Agente - 1.000 créditos (R$112,90).;1;0.0;0.0;Upgrade;;;Não calculado
06/02/2026;2026;2;Fev.;fevereiro;2026-02;Fev./26;Leticia Silva;Leticia Silva;True;pnadvogados;Upgrade;Não informado;"Resumo Inteligente; Transcrição de Áudio";"Resumo Inteligente; Transcrição de Áudio";https://app.pipefy.com/open-cards/1294267148;Migração/Outro;Não informado;Outros motivos descritos;Up 500 créditos da IA Resumo Inteligente + 500 minutos da IA Transcrição de Áudio (R$54,80).;2;0.0;0.0;Upgrade;;;Não calculado
06/02/2026;2026;2;Fev.;fevereiro;2026-02;Fev./26;Leticia Silva;Leticia Silva;True;prominas;Upgrade;Não informado;Integração;Integração;https://app.pipefy.com/open-cards/1294239634;Migração/Outro;Não informado;Outros motivos descritos;Up Integração RD CRM (R$59,99).;1;0.0;0.0;Upgrade;;;Não calculado
06/02/2026;2026;2;Fev.;fevereiro;2026-02;Fev./26;Melissa Duarte;Melissa Duarte;True;gemeos;Upgrade;Não informado;Integração;Integração;https://app.pipefy.com/open-cards/1294452821;Migração/Outro;Não informado;Outros motivos descritos;Up Integração RD CRM R$59,99;1;0.0;0.0;Upgrade;;;Não calculado
06/02/2026;2026;2;Fev.;fevereiro;2026-02;Fev./26;Vinicius Simões;Vinicius Simões;True;apiabogados;Upgrade;Não informado;Conexão Facebook Messenger;Conexão Facebook Messenger;https://app.pipefy.com/open-cards/1294397372;Migração/Outro;Não informado;Outros motivos descritos;Upgrade: - Conexão de Facebook - US$ 12,00;1;0.0;0.0;Upgrade;;;Não calculado
06/02/2026;2026;2;Fev.;fevereiro;2026-02;Fev./26;Vinicius Simões;Vinicius Simões;True;cerdigitalmg;Upgrade;Não informado;Chat interno;Chat interno;https://app.pipefy.com/open-cards/1294210386;Migração/Outro;Não informado;Outros motivos descritos;Upgrade: - Chat Interno - R$ 89,00;1;0.0;0.0;Upgrade;;;Não calculado
06/02/2026;2026;2;Fev.;fevereiro;2026-02;Fev./26;Vinicius Simões;Vinicius Simões;True;cyntmaradm;Upgrade;Não informado;Servidores;Servidores;https://app.pipefy.com/open-cards/1294265195;Migração/Outro;Não informado;Outros motivos descritos;Upgrade: - Servidor 2/4 - R$ 89,00;1;0.0;0.0;Upgrade;;;Não calculado
06/02/2026;2026;2;Fev.;fevereiro;2026-02;Fev./26;Vinicius Simões;Vinicius Simões;True;protectmeseguros;Upgrade;Não informado;IA Agent;IA Agent;https://app.pipefy.com/open-cards/1294477544;Migração/Outro;Não informado;Outros motivos descritos;Upgrade: - IA Agente Inteligente com 1.000 créditos - R$ 112,90;1;0.0;0.0;Upgrade;;;Não calculado
09/02/2026;2026;2;Fev.;fevereiro;2026-02;Fev./26;82573565;Usuário inexistente;False;seabratech;Upgrade;Não informado;Funil de vendas;Funil de vendas;https://app.pipefy.com/open-cards/1295188441;Migração/Outro;Não informado;Outros motivos descritos;Upgrade - Funil de Vendas R$ 89,90 | 202602061657686;1;0.0;0.0;Upgrade;;;Não calculado
09/02/2026;2026;2;Fev.;fevereiro;2026-02;Fev./26;Guilherme Virgilio Soares;Guilherme Virgilio Soares;True;arioncarsales;Upgrade;Não informado;Conexão adicional de WhatsApp;Conexão adicional de WhatsApp;https://app.pipefy.com/open-cards/1295401538;Migração/Outro;Não informado;Outros motivos descritos;- Upgrade: Conexão adicional WhatsApp | R$89,00;1;0.0;0.0;Upgrade;;;Não calculado
09/02/2026;2026;2;Fev.;fevereiro;2026-02;Fev./26;Guilherme Virgilio Soares;Guilherme Virgilio Soares;True;jukcattanicomercial;Upgrade;Não informado;Servidores;Servidores;https://app.pipefy.com/open-cards/1295111867;Migração/Outro;Não informado;Outros motivos descritos;- Upgrade: Servidor 2/4 | R$89,00;1;0.0;0.0;Upgrade;;;Não calculado
09/02/2026;2026;2;Fev.;fevereiro;2026-02;Fev./26;Guilherme Virgilio Soares;Guilherme Virgilio Soares;True;saudemed;Upgrade;Não informado;Conexão adicional de WhatsApp;Conexão adicional de WhatsApp;https://app.pipefy.com/open-cards/1295217899;Migração/Outro;Não informado;Outros motivos descritos;- Upgrade: Conexão adicional WhatsApp | R$89,00;1;0.0;0.0;Upgrade;;;Não calculado
09/02/2026;2026;2;Fev.;fevereiro;2026-02;Fev./26;Leticia Silva;Leticia Silva;True;daviesrochaadv;Upgrade;Não informado;Servidores;Servidores;https://app.pipefy.com/open-cards/1295428629;Migração/Outro;Não informado;Outros motivos descritos;Down Servidor 2/4 (R$89,00), Up Servidor 4/8 (R$149,00).;1;0.0;0.0;Upgrade;;;Não calculado
09/02/2026;2026;2;Fev.;fevereiro;2026-02;Fev./26;Leticia Silva;Leticia Silva;True;fabiopradoadvogados;Upgrade;Não informado;Pacotes SMS Disparo em Massa;Pacotes SMS Disparo em Massa;https://app.pipefy.com/open-cards/1295068274;Migração/Outro;Não informado;Outros motivos descritos;Up de contratação referente a 10 mil sms por R$900,00 (possui 20).;1;0.0;0.0;Upgrade;;;Não calculado
09/02/2026;2026;2;Fev.;fevereiro;2026-02;Fev./26;Leticia Silva;Leticia Silva;True;resilcon1;Upgrade;Não informado;Servidores;Servidores;https://app.pipefy.com/open-cards/1295183908;Migração/Outro;Não informado;Outros motivos descritos;Up Servidor 4/8 (R$169,00).;1;0.0;0.0;Upgrade;;;Não calculado
09/02/2026;2026;2;Fev.;fevereiro;2026-02;Fev./26;Leticia Silva;Leticia Silva;True;unimedas;Upgrade;Não informado;Usuário adicional;Usuário adicional;https://app.pipefy.com/open-cards/1295213462;Migração/Outro;Não informado;Outros motivos descritos;Up 1 usuário (R$29,00).;1;0.0;0.0;Upgrade;;;Não calculado
09/02/2026;2026;2;Fev.;fevereiro;2026-02;Fev./26;Priscila Pavani;Priscila Pavani;True;barcelossop1c;Upgrade;Não informado;"Usuário adicional; Conexão adicional de WhatsApp";Usuário adicional + outros;https://app.pipefy.com/open-cards/1295233286;Migração/Outro;Não informado;Outros motivos descritos;Tipo: Upgrade Produto: 1 usuário R$ 25,00 + 1 conexão R$ 59,00 = R$ 84,00 URL: barcelossop1c Protocolo: 202602091659085;2;0.0;0.0;Upgrade;;;Não calculado
09/02/2026;2026;2;Fev.;fevereiro;2026-02;Fev./26;Tadiane Biason;Tadiane Biason;True;md;Upgrade;Não informado;Usuário adicional;Usuário adicional;https://app.pipefy.com/open-cards/1295203307;Migração/Outro;Não informado;Outros motivos descritos;Cliente fez a aplicação de mais 4 usuarios em sua plataforma UP de R$ 87,60;1;0.0;0.0;Upgrade;;;Não calculado
09/02/2026;2026;2;Fev.;fevereiro;2026-02;Fev./26;Tadiane Biason;Tadiane Biason;True;md2;Upgrade;Não informado;Usuário adicional;Usuário adicional;https://app.pipefy.com/open-cards/1295186871;Migração/Outro;Não informado;Outros motivos descritos;Cliente fez a contratação de 13 usuarios na plataforma e URL> md2, dando um up previsto de R$ 284.7;1;0.0;0.0;Upgrade;;;Não calculado
09/02/2026;2026;2;Fev.;fevereiro;2026-02;Fev./26;Vinicius Simões;Vinicius Simões;True;vettorprint;Upgrade;Não informado;Conexão adicional de WhatsApp - WABA;Conexão adicional de WhatsApp - WABA;https://app.pipefy.com/open-cards/1295458381;Migração/Outro;Não informado;Outros motivos descritos;Upgrade: - 1x Conexão adicional de WhatsApp API Oficial - R$ 89,00;1;0.0;0.0;Upgrade;;;Não calculado
10/02/2026;2026;2;Fev.;fevereiro;2026-02;Fev./26;80401157;Usuário inexistente;False;inovvaadm;Upgrade;Não informado;Conexão adicional de WhatsApp - WABA;Conexão adicional de WhatsApp - WABA;https://app.pipefy.com/open-cards/1295900951;Migração/Outro;Não informado;Outros motivos descritos;Contratação conexão Adicional WABA |  1x R$ 89,00/mensal;1;0.0;0.0;Upgrade;;;Não calculado
10/02/2026;2026;2;Fev.;fevereiro;2026-02;Fev./26;80401157;Usuário inexistente;False;nucleoslim;Upgrade;Não informado;Servidores;Servidores;https://app.pipefy.com/open-cards/1296030393;Migração/Outro;Não informado;Outros motivos descritos;Upgrade Servidor 2/4 R$ 89,00/mensal;1;0.0;0.0;Upgrade;;;Não calculado
10/02/2026;2026;2;Fev.;fevereiro;2026-02;Fev./26;80401167;Usuário inexistente;False;comunicacaorm;Upgrade;Não informado;Conexão adicional de WhatsApp - WABA;Conexão adicional de WhatsApp - WABA;https://app.pipefy.com/open-cards/1295969798;Migração/Outro;Não informado;Outros motivos descritos;Upgrade de 1 conexão oficial, para url comunicacaorm- Protocolo 202602101661465;1;0.0;0.0;Upgrade;;;Não calculado
10/02/2026;2026;2;Fev.;fevereiro;2026-02;Fev./26;80401167;Usuário inexistente;False;redeespecialistas;Upgrade;Não informado;Usuário adicional;Usuário adicional;https://app.pipefy.com/open-cards/1296020842;Migração/Outro;Não informado;Outros motivos descritos;UP 1 usuário URL: redeespecialistas Protocolo: 202602101661618;1;0.0;0.0;Upgrade;;;Não calculado
10/02/2026;2026;2;Fev.;fevereiro;2026-02;Fev./26;82573565;Usuário inexistente;False;upparks;Upgrade;Não informado;Conexão adicional de WhatsApp;Conexão adicional de WhatsApp;https://app.pipefy.com/open-cards/1296024278;Migração/Outro;Não informado;Outros motivos descritos;Upgrade 2 conexões standard R$ 69,00 cada, autorizado pela Aline Parmezão | 202602091659474;1;0.0;0.0;Upgrade;;;Não calculado
10/02/2026;2026;2;Fev.;fevereiro;2026-02;Fev./26;Guilherme Virgilio Soares;Guilherme Virgilio Soares;True;facoacontacontabilidade;Upgrade;Não informado;"IA Copiloto; Transcrição de Áudio; Resumo Inteligente; IA Agent; Texto Mágico";IA Copiloto + outros;https://app.pipefy.com/open-cards/1295983361;Migração/Outro;Não informado;Outros motivos descritos;- Upgrade:  IA Copiloto - 1.000 créditos | R$72,90 |  IA Transcrição de áudios - 1.000 créditos | R$49,90 |  IA Resumo inteligente - 1.000 créditos | R$55,90 |  IA Agente inteligente - 1.000 créditos | R$112,90 |  IA Texto mágico - 1.000 créditos | R$19,90 |;5;0.0;0.0;Upgrade;;;Não calculado
10/02/2026;2026;2;Fev.;fevereiro;2026-02;Fev./26;Leticia Silva;Leticia Silva;True;cabinedefotosdaclick;Upgrade;Não informado;Distribuição automática;Distribuição automática;https://app.pipefy.com/open-cards/1295651676;Migração/Outro;Não informado;Processo/uso operacional;Up Distribuição Automática (R$149,00).;1;0.0;0.0;Upgrade;;;Não calculado
10/02/2026;2026;2;Fev.;fevereiro;2026-02;Fev./26;Leticia Silva;Leticia Silva;True;casadosdoces;Upgrade;Não informado;Primeira ativação de número oficial;Primeira ativação de número oficial;https://app.pipefy.com/open-cards/1296065789;Migração/Outro;Não informado;Outros motivos descritos;PRIMEIRA ATIVAÇÃO DE NÚMERO OFICIAL VIA COEXISTÊNCIA.;1;0.0;0.0;Upgrade;;;Não calculado
10/02/2026;2026;2;Fev.;fevereiro;2026-02;Fev./26;Leticia Silva;Leticia Silva;True;institutomutare;Upgrade;Não informado;Primeira ativação de número oficial;Primeira ativação de número oficial;https://app.pipefy.com/open-cards/1295960834;Migração/Outro;Não informado;Outros motivos descritos;PRIMEIRA ATIVAÇÃO DE NÚMERO OFICIAL VIA COEXISTÊNCIA.;1;0.0;0.0;Upgrade;;;Não calculado
10/02/2026;2026;2;Fev.;fevereiro;2026-02;Fev./26;Leticia Silva;Leticia Silva;True;koaviagens;Upgrade;Não informado;Conexão Instagram Direct;Conexão Instagram Direct;https://app.pipefy.com/open-cards/1295954711;Migração/Outro;Não informado;Outros motivos descritos;Up contratação conexão instagram (R$89,00).;1;0.0;0.0;Upgrade;;;Não calculado
10/02/2026;2026;2;Fev.;fevereiro;2026-02;Fev./26;Marcela Medeiros;Marcela Medeiros;True;damarocontabilidade;Upgrade;Não informado;Usuário adicional;Usuário adicional;https://app.pipefy.com/open-cards/1295863861;Migração/Outro;Não informado;Outros motivos descritos;up: 1 usuario | 202602101660427;1;0.0;0.0;Upgrade;;;Não calculado
10/02/2026;2026;2;Fev.;fevereiro;2026-02;Fev./26;Vinicius Simões;Vinicius Simões;True;somultasbh;Upgrade;Não informado;Conexão adicional de WhatsApp - WABA;Conexão adicional de WhatsApp - WABA;https://app.pipefy.com/open-cards/1295635593;Migração/Outro;Não informado;Outros motivos descritos;Upgrade: - 1x Conexão adicional de WhatsApp API Oficial - R$ 89,00;1;0.0;0.0;Upgrade;;;Não calculado
10/02/2026;2026;2;Fev.;fevereiro;2026-02;Fev./26;Vinicius Simões;Vinicius Simões;True;sucessodoclientedev;Upgrade;Não informado;Transcrição de Áudio;Transcrição de Áudio;https://app.pipefy.com/open-cards/1295648817;Migração/Outro;Não informado;Outros motivos descritos;Upgrade: - IA Transcrição de áudio com 500 minutos - R$ 24,90;1;0.0;0.0;Upgrade;;;Não calculado
10/02/2026;2026;2;Fev.;fevereiro;2026-02;Fev./26;Vinicius Simões;Vinicius Simões;True;tocadomilico;Upgrade;Não informado;Distribuição automática;Distribuição automática;https://app.pipefy.com/open-cards/1295931008;Migração/Outro;Não informado;Processo/uso operacional;Upgrade: - Distribuição Automática - R$ 149,00;1;0.0;0.0;Upgrade;;;Não calculado
10/02/2026;2026;2;Fev.;fevereiro;2026-02;Fev./26;Vitoria Sabadin;Vitoria Sabadin;True;jnmoura;Upgrade;Não informado;Primeira ativação de número oficial;Primeira ativação de número oficial;https://app.pipefy.com/open-cards/1295843779;Migração/Outro;Não informado;Outros motivos descritos;Plano Base – 2 Usuários – 1 Conexão (1×) | R$165,74  Usuários adicionais (2 × R$29,00) | R$58,00  Conexão adicional WABA - 360dialog / Direct Payment (1x) | R$89,00  Total: R$312,74;1;0.0;0.0;Upgrade;;;Não calculado
11/02/2026;2026;2;Fev.;fevereiro;2026-02;Fev./26;80401157;Usuário inexistente;False;senhadigital;Upgrade;Não informado;IA Agent;IA Agent;https://app.pipefy.com/open-cards/1296559348;Migração/Outro;Não informado;Outros motivos descritos;Upgrade Agente IA - 1.000 créditos = R$ 112,90/mensal;1;0.0;0.0;Upgrade;;;Não calculado
11/02/2026;2026;2;Fev.;fevereiro;2026-02;Fev./26;Guilherme Virgilio Soares;Guilherme Virgilio Soares;True;carancont;Upgrade;Não informado;"Transcrição de Áudio; Servidores";"Transcrição de Áudio; Servidores";https://app.pipefy.com/open-cards/1296425077;Migração/Outro;Não informado;Outros motivos descritos;- Upgrade: IA Transcrição de áudios | R$24,90 Servidor 2/4 | R$89,00 |;2;0.0;0.0;Upgrade;;;Não calculado
11/02/2026;2026;2;Fev.;fevereiro;2026-02;Fev./26;Leticia Silva;Leticia Silva;True;contassesc3;Upgrade;Não informado;URL;URL;https://app.pipefy.com/open-cards/1296261393;Migração/Outro;Não informado;Outros motivos descritos;Não informado;1;0.0;0.0;Upgrade;;;Não calculado
11/02/2026;2026;2;Fev.;fevereiro;2026-02;Fev./26;Marcela Medeiros;Marcela Medeiros;True;brauerdesigner;Upgrade;Não informado;Funil de vendas;Funil de vendas;https://app.pipefy.com/open-cards/1296381017;Migração/Outro;Não informado;Outros motivos descritos;Up - funil de vendas R$ 89,00 | Protocolo 202602111661808;1;0.0;0.0;Upgrade;;;Não calculado
11/02/2026;2026;2;Fev.;fevereiro;2026-02;Fev./26;Marcela Medeiros;Marcela Medeiros;True;engrena;Upgrade;Não informado;Chat interno;Chat interno;https://app.pipefy.com/open-cards/1296425817;Migração/Outro;Não informado;Outros motivos descritos;UP | chat interno por R$ 89,00 Protocolo 202602111662238;1;0.0;0.0;Upgrade;;;Não calculado
11/02/2026;2026;2;Fev.;fevereiro;2026-02;Fev./26;Melissa Duarte;Melissa Duarte;True;medicalizando;Upgrade;Não informado;Conexão adicional de WhatsApp;Conexão adicional de WhatsApp;https://app.pipefy.com/open-cards/1296493028;Migração/Outro;Não informado;Redução de custo;Tipo: Upgrade Produto: 1 conexão Adicional Whatsapp Valor: 89,00 URL: medicalizando Protocolo: 202602101660880;1;0.0;0.0;Upgrade;;;Não calculado
11/02/2026;2026;2;Fev.;fevereiro;2026-02;Fev./26;Melissa Duarte;Melissa Duarte;True;veloseguro;Upgrade;Não informado;Integração;Integração;https://app.pipefy.com/open-cards/1296298567;Migração/Outro;Não informado;Outros motivos descritos;UP Integração com Hubspot R$89,99;1;0.0;0.0;Upgrade;;;Não calculado
11/02/2026;2026;2;Fev.;fevereiro;2026-02;Fev./26;Tadiane Biason;Tadiane Biason;True;mixfinanceira4;Upgrade;Não informado;Conexão adicional de WhatsApp;Conexão adicional de WhatsApp;https://app.pipefy.com/open-cards/1296517324;Migração/Outro;Não informado;Redução de custo;Tipo: Upgrade Produto: 15 conxeões Standard (89,00 cada = 1335,00) URL: mixfinanceira4 Protocolo: 202602111662264;1;0.0;0.0;Upgrade;;;Não calculado
11/02/2026;2026;2;Fev.;fevereiro;2026-02;Fev./26;Vinicius Simões;Vinicius Simões;True;buddhachacara;Upgrade;Não informado;Primeira ativação de número oficial;Primeira ativação de número oficial;https://app.pipefy.com/open-cards/1296271812;Migração/Outro;Não informado;Outros motivos descritos;Upgrade: - 1x Conexão de WhatsApp API Oficial - R$ 89,00;1;0.0;0.0;Upgrade;;;Não calculado
11/02/2026;2026;2;Fev.;fevereiro;2026-02;Fev./26;Vinicius Simões;Vinicius Simões;True;certirio1;Upgrade;Não informado;Primeira ativação de número oficial;Primeira ativação de número oficial;https://app.pipefy.com/open-cards/1296377732;Migração/Outro;Não informado;Outros motivos descritos;Upgrade: - 1x Conexão de WhatsApp API Oficial - R$ 80,10;1;0.0;0.0;Upgrade;;;Não calculado
11/02/2026;2026;2;Fev.;fevereiro;2026-02;Fev./26;Vinicius Simões;Vinicius Simões;True;picvacinascriciuma;Upgrade;Não informado;Primeira ativação de número oficial;Primeira ativação de número oficial;https://app.pipefy.com/open-cards/1296434189;Migração/Outro;Não informado;Outros motivos descritos;Upgrade: - 1x Conexão de WhatsApp API Oficial - R$ 89,00;1;0.0;0.0;Upgrade;;;Não calculado
11/02/2026;2026;2;Fev.;fevereiro;2026-02;Fev./26;Vinicius Simões;Vinicius Simões;True;urbanartsportoalegre;Upgrade;Não informado;Primeira ativação de número oficial;Primeira ativação de número oficial;https://app.pipefy.com/open-cards/1296328595;Migração/Outro;Não informado;Outros motivos descritos;Upgrade: - Conexão de WhatsApp API Oficial - R$ 89,00;1;0.0;0.0;Upgrade;;;Não calculado
11/02/2026;2026;2;Fev.;fevereiro;2026-02;Fev./26;Vinicius Simões;Vinicius Simões;True;vilamascoteadm;Upgrade;Não informado;Primeira ativação de número oficial;Primeira ativação de número oficial;https://app.pipefy.com/open-cards/1296268376;Migração/Outro;Não informado;Outros motivos descritos;Upgrade: - 1x Conexão de WhatsApp API Oficial - R$ 89,00;1;0.0;0.0;Upgrade;;;Não calculado
11/02/2026;2026;2;Fev.;fevereiro;2026-02;Fev./26;Vinicius Simões;Vinicius Simões;True;wnfvendas;Upgrade;Não informado;Conexão adicional de WhatsApp - WABA;Conexão adicional de WhatsApp - WABA;https://app.pipefy.com/open-cards/1296403799;Migração/Outro;Não informado;Outros motivos descritos;Upgrade: - 1x Conexão adicional de WhatsApp API Oficial - R$ 89,00;1;0.0;0.0;Upgrade;;;Não calculado
12/02/2026;2026;2;Fev.;fevereiro;2026-02;Fev./26;80401157;Usuário inexistente;False;advstl;Upgrade;Não informado;Primeira ativação de número oficial;Primeira ativação de número oficial;https://app.pipefy.com/open-cards/1296993911;Migração/Outro;Não informado;Outros motivos descritos;Conexão adicional WABA (Gupshup) DirectPay | 1x R$ 89,00;1;0.0;0.0;Upgrade;;;Não calculado
12/02/2026;2026;2;Fev.;fevereiro;2026-02;Fev./26;80401157;Usuário inexistente;False;brittoprivatebanker;Upgrade;Não informado;Servidores;Servidores;https://app.pipefy.com/open-cards/1297098511;Migração/Outro;Não informado;Outros motivos descritos;Upgrade servidor 2/4 = R$ 89,00/mensal;1;0.0;0.0;Upgrade;;;Não calculado
12/02/2026;2026;2;Fev.;fevereiro;2026-02;Fev./26;80401157;Usuário inexistente;False;classeacontabil;Upgrade;Não informado;Integração;Integração;https://app.pipefy.com/open-cards/1296775146;Migração/Outro;Não informado;Outros motivos descritos;Upgrade RD Station CRM R$ 59,99/mensal;1;0.0;0.0;Upgrade;;;Não calculado
12/02/2026;2026;2;Fev.;fevereiro;2026-02;Fev./26;80401157;Usuário inexistente;False;ftxagroatendimento;Upgrade;Não informado;Servidores;Servidores;https://app.pipefy.com/open-cards/1297102428;Migração/Outro;Não informado;Outros motivos descritos;Upgrade servidor 2/4 = R$ 89,00/mensal;1;0.0;0.0;Upgrade;;;Não calculado
12/02/2026;2026;2;Fev.;fevereiro;2026-02;Fev./26;80401157;Usuário inexistente;False;ftxagroatendimento;Upgrade;Não informado;Servidores;Servidores;https://app.pipefy.com/open-cards/1297104592;Migração/Outro;Não informado;Outros motivos descritos;Upgrade servidor 2/4 = R$ 89,00/mensal;1;0.0;0.0;Upgrade;;;Não calculado
12/02/2026;2026;2;Fev.;fevereiro;2026-02;Fev./26;80401157;Usuário inexistente;False;spm1;Upgrade;Não informado;Servidores;Servidores;https://app.pipefy.com/open-cards/1296792538;Migração/Outro;Não informado;Outros motivos descritos;Upgrade servidor 4/8 = R$ 169,00/mensal;1;0.0;0.0;Upgrade;;;Não calculado
12/02/2026;2026;2;Fev.;fevereiro;2026-02;Fev./26;80401157;Usuário inexistente;False;srfilet;Upgrade;Não informado;Primeira ativação de número oficial;Primeira ativação de número oficial;https://app.pipefy.com/open-cards/1297061610;Migração/Outro;Não informado;Outros motivos descritos;Conexão adicional WABA (Gupshup) Direct Pay | 1x = R$ 89,00;1;0.0;0.0;Upgrade;;;Não calculado
12/02/2026;2026;2;Fev.;fevereiro;2026-02;Fev./26;80401157;Usuário inexistente;False;ultratecnologia;Upgrade;Não informado;Pacotes SMS Disparo em Massa;Pacotes SMS Disparo em Massa;https://app.pipefy.com/open-cards/1296799426;Migração/Outro;Não informado;Outros motivos descritos;Contratação de créditos SMS 2.500 (R$ 250,00) | Plataforma do cliente possui 2.480 créditos;1;0.0;0.0;Upgrade;;;Não calculado
12/02/2026;2026;2;Fev.;fevereiro;2026-02;Fev./26;80401167;Usuário inexistente;False;comunicacaorm;Upgrade;Não informado;Usuário adicional;Usuário adicional;https://app.pipefy.com/open-cards/1296899095;Migração/Outro;Não informado;Redução de custo;Cliente fez a contratação de 2x usuarios no valor de R$29 cada, totalizando o valor de R$ 58,00 de upgrade;1;0.0;0.0;Upgrade;;;Não calculado
12/02/2026;2026;2;Fev.;fevereiro;2026-02;Fev./26;82573565;Usuário inexistente;False;clasano;Upgrade;Não informado;Conexão adicional de WhatsApp - WABA;Conexão adicional de WhatsApp - WABA;https://app.pipefy.com/open-cards/1297053819;Migração/Outro;Não informado;Outros motivos descritos;Upgrade Conexão WABA | R$ 89,00 | Ja é cliente WABA;1;0.0;0.0;Upgrade;;;Não calculado
12/02/2026;2026;2;Fev.;fevereiro;2026-02;Fev./26;Guilherme Virgilio Soares;Guilherme Virgilio Soares;True;connectcontabil;Upgrade;Não informado;Chat interno;Chat interno;https://app.pipefy.com/open-cards/1297046444;Migração/Outro;Não informado;Outros motivos descritos;- Upgrade: Chat interno | R$ 89,00;1;0.0;0.0;Upgrade;;;Não calculado
12/02/2026;2026;2;Fev.;fevereiro;2026-02;Fev./26;Leticia Silva;Leticia Silva;True;garrastazuadvogados;Upgrade;Não informado;Conexão adicional de WhatsApp - WABA;Conexão adicional de WhatsApp - WABA;https://app.pipefy.com/open-cards/1296836909;Migração/Outro;Não informado;Outros motivos descritos;202602101661436 - Up Conexão Adicional Waba (R$89,00).;1;0.0;0.0;Upgrade;;;Não calculado
12/02/2026;2026;2;Fev.;fevereiro;2026-02;Fev./26;Leticia Silva;Leticia Silva;True;ofccertificadodigital;Upgrade;Não informado;Chat interno;Chat interno;https://app.pipefy.com/open-cards/1297104846;Migração/Outro;Não informado;Outros motivos descritos;Up Chat Interno (R$89,00).;1;0.0;0.0;Upgrade;;;Não calculado
12/02/2026;2026;2;Fev.;fevereiro;2026-02;Fev./26;Leticia Silva;Leticia Silva;True;vianaequipamentos;Upgrade;Não informado;Integração;Integração;https://app.pipefy.com/open-cards/1297015054;Migração/Outro;Não informado;Outros motivos descritos;Up Integração RD CRM (R$59,99).;1;0.0;0.0;Upgrade;;;Não calculado
12/02/2026;2026;2;Fev.;fevereiro;2026-02;Fev./26;Marcela Medeiros;Marcela Medeiros;True;ciaverdecaminhoes;Upgrade;Não informado;Funil de vendas;Funil de vendas;https://app.pipefy.com/open-cards/1297143745;Migração/Outro;Não informado;Outros motivos descritos;Up funil de vendas - R$ 89,00;1;0.0;0.0;Upgrade;;;Não calculado
12/02/2026;2026;2;Fev.;fevereiro;2026-02;Fev./26;Vinicius Simões;Vinicius Simões;True;gceadv;Upgrade;Não informado;Transcrição de Áudio;Transcrição de Áudio;https://app.pipefy.com/open-cards/1296815754;Migração/Outro;Não informado;Outros motivos descritos;Upgrade: - IA Transcrição de Áudio com 1.000 minutos - R$ 49,90  OBS: este up é devido ao fato do cliente ter rompido um combo que também tinha Resumo Inteligente e Texto Mágico.;1;0.0;0.0;Upgrade;;;Não calculado
13/02/2026;2026;2;Fev.;fevereiro;2026-02;Fev./26;80401157;Usuário inexistente;False;buscavoos;Upgrade;Não informado;Funil de vendas;Funil de vendas;https://app.pipefy.com/open-cards/1297467276;Migração/Outro;Não informado;Outros motivos descritos;Upgrade Funil de vendas = R$ 49,00/mensal;1;0.0;0.0;Upgrade;;;Não calculado
13/02/2026;2026;2;Fev.;fevereiro;2026-02;Fev./26;80401157;Usuário inexistente;False;doutorviagem;Upgrade;Não informado;Servidores;Servidores;https://app.pipefy.com/open-cards/1297395605;Migração/Outro;Não informado;Outros motivos descritos;Upgrade Servidor 2/4 = R$ 89,00/mensal;1;0.0;0.0;Upgrade;;;Não calculado
13/02/2026;2026;2;Fev.;fevereiro;2026-02;Fev./26;80401157;Usuário inexistente;False;itiatacadista;Upgrade;Não informado;Funil de vendas;Funil de vendas;https://app.pipefy.com/open-cards/1297695404;Migração/Outro;Não informado;Outros motivos descritos;Upgrade Funil de vendas = R$ 49,00/mensal;1;0.0;0.0;Upgrade;;;Não calculado
13/02/2026;2026;2;Fev.;fevereiro;2026-02;Fev./26;80401157;Usuário inexistente;False;mbranorte2;Upgrade;Não informado;Servidores;Servidores;https://app.pipefy.com/open-cards/1297400618;Migração/Outro;Não informado;Outros motivos descritos;Upgrade Servidor 4/8 = R$ 169,00/mensal |  PROTOCOLO: 202602131664612;1;0.0;0.0;Upgrade;;;Não calculado
13/02/2026;2026;2;Fev.;fevereiro;2026-02;Fev./26;80401157;Usuário inexistente;False;nohallassessoria;Upgrade;Não informado;Chat interno;Chat interno;https://app.pipefy.com/open-cards/1297411515;Migração/Outro;Não informado;Outros motivos descritos;Upgrade Chat interno = R$ 89,00/mensal;1;0.0;0.0;Upgrade;;;Não calculado
13/02/2026;2026;2;Fev.;fevereiro;2026-02;Fev./26;82573565;Usuário inexistente;False;gouveaadv;Upgrade;Não informado;Funil de vendas;Funil de vendas;https://app.pipefy.com/open-cards/1297351684;Migração/Outro;Não informado;Outros motivos descritos;Upgrade Funil de Vendas R$ 89,90 | 202602121663510;1;0.0;0.0;Upgrade;;;Não calculado
13/02/2026;2026;2;Fev.;fevereiro;2026-02;Fev./26;82573565;Usuário inexistente;False;smartcompass;Upgrade;Não informado;Primeira ativação de número oficial;Primeira ativação de número oficial;https://app.pipefy.com/open-cards/1297738491;Migração/Outro;Não informado;Outros motivos descritos;Cliente deseja contratar conexão WABA. Numero: 19 9 99001789;1;0.0;0.0;Upgrade;;;Não calculado
13/02/2026;2026;2;Fev.;fevereiro;2026-02;Fev./26;82573565;Usuário inexistente;False;tafelliritz;Upgrade;Não informado;Funil de vendas;Funil de vendas;https://app.pipefy.com/open-cards/1297345602;Migração/Outro;Não informado;Outros motivos descritos;Upgrade Funil de Vendas R$ 89,90 | 202602121663958;1;0.0;0.0;Upgrade;;;Não calculado
13/02/2026;2026;2;Fev.;fevereiro;2026-02;Fev./26;Guilherme Virgilio Soares;Guilherme Virgilio Soares;True;maximarques;Upgrade;Não informado;Primeira ativação de número oficial;Primeira ativação de número oficial;https://app.pipefy.com/open-cards/1297725993;Migração/Outro;Não informado;Outros motivos descritos;- Upgrade: Conexão WhatsApp Oficial | R$89,00;1;0.0;0.0;Upgrade;;;Não calculado
13/02/2026;2026;2;Fev.;fevereiro;2026-02;Fev./26;Guilherme Virgilio Soares;Guilherme Virgilio Soares;True;ourensedobrasil;Upgrade;Não informado;Chat interno;Chat interno;https://app.pipefy.com/open-cards/1297494455;Migração/Outro;Não informado;Outros motivos descritos;- Upgrade: Chat interno | R$89,00;1;0.0;0.0;Upgrade;;;Não calculado
13/02/2026;2026;2;Fev.;fevereiro;2026-02;Fev./26;Guilherme Virgilio Soares;Guilherme Virgilio Soares;True;unimedas;Upgrade;Não informado;Usuário adicional;Usuário adicional;https://app.pipefy.com/open-cards/1297437101;Migração/Outro;Não informado;Outros motivos descritos;- Upgrade: 1x Usuário adicional | R$29,00;1;0.0;0.0;Upgrade;;;Não calculado
13/02/2026;2026;2;Fev.;fevereiro;2026-02;Fev./26;Marcela Medeiros;Marcela Medeiros;True;engrena;Upgrade;Não informado;Funil de vendas;Funil de vendas;https://app.pipefy.com/open-cards/1297515669;Migração/Outro;Não informado;Outros motivos descritos;UP - Funil de vendas R$ 49,00;1;0.0;0.0;Upgrade;;;Não calculado
13/02/2026;2026;2;Fev.;fevereiro;2026-02;Fev./26;Melissa Duarte;Melissa Duarte;True;vivaseguros;Upgrade;Não informado;Funil de vendas;Funil de vendas;https://app.pipefy.com/open-cards/1297416546;Migração/Outro;Não informado;Outros motivos descritos;up funil de vendas R$89,00;1;0.0;0.0;Upgrade;;;Não calculado
13/02/2026;2026;2;Fev.;fevereiro;2026-02;Fev./26;Tadiane Biason;Tadiane Biason;True;mixfinanceira4;Upgrade;Não informado;Conexão adicional de WhatsApp;Conexão adicional de WhatsApp;https://app.pipefy.com/open-cards/1297395429;Migração/Outro;Não informado;Redução de custo;Tipo: Upgrade Produto: 6 conxeões Standard (89,00 cada = 564,00) URL: mixfinanceira4 Protocolo: 202602111662264;1;0.0;0.0;Upgrade;;;Não calculado
13/02/2026;2026;2;Fev.;fevereiro;2026-02;Fev./26;Vinicius Simões;Vinicius Simões;True;madjoia;Upgrade;Não informado;Primeira ativação de número oficial;Primeira ativação de número oficial;https://app.pipefy.com/open-cards/1297748083;Migração/Outro;Não informado;Outros motivos descritos;Upgrade: - 1x Conexão de WhatsApp API Oficial - R$ 89,00;1;0.0;0.0;Upgrade;;;Não calculado
13/02/2026;2026;2;Fev.;fevereiro;2026-02;Fev./26;Vinicius Simões;Vinicius Simões;True;victorialopesadv;Upgrade;Não informado;Primeira ativação de número oficial;Primeira ativação de número oficial;https://app.pipefy.com/open-cards/1297396253;Migração/Outro;Não informado;Outros motivos descritos;Upgrade: - 1x Conexão de WhatsApp API Oficial - R$ 89,00;1;0.0;0.0;Upgrade;;;Não calculado
16/02/2026;2026;2;Fev.;fevereiro;2026-02;Fev./26;Leticia Silva;Leticia Silva;True;marckinformaticasistema;Upgrade;Não informado;Funil de vendas;Funil de vendas;https://app.pipefy.com/open-cards/1298234641;Migração/Outro;Não informado;Outros motivos descritos;Up Funil (R$49,90).;1;0.0;0.0;Upgrade;;;Não calculado
16/02/2026;2026;2;Fev.;fevereiro;2026-02;Fev./26;Melissa Duarte;Melissa Duarte;True;boccattoclinica;Upgrade;Não informado;Funil de vendas;Funil de vendas;https://app.pipefy.com/open-cards/1298237442;Migração/Outro;Não informado;Outros motivos descritos;Up Funil de Vendas R$89,00;1;0.0;0.0;Upgrade;;;Não calculado
16/02/2026;2026;2;Fev.;fevereiro;2026-02;Fev./26;Vinicius Simões;Vinicius Simões;True;noraholding;Upgrade;Não informado;Conexão adicional de WhatsApp - WABA;Conexão adicional de WhatsApp - WABA;https://app.pipefy.com/open-cards/1298236658;Migração/Outro;Não informado;Outros motivos descritos;Upgrade: - 2x Conexões adicionais de WhatsApp API Oficial - USD 38,00;1;0.0;0.0;Upgrade;;;Não calculado
16/02/2026;2026;2;Fev.;fevereiro;2026-02;Fev./26;Vitoria Sabadin;Vitoria Sabadin;True;contecpiracicaba;Upgrade;Não informado;Transcrição de Áudio;Transcrição de Áudio;https://app.pipefy.com/open-cards/1298317496;Migração/Outro;Não informado;Outros motivos descritos;Upgrade IA Transcriação de àudio - 500 minutos | R$24,90;1;0.0;0.0;Upgrade;;;Não calculado
18/02/2026;2026;2;Fev.;fevereiro;2026-02;Fev./26;80401157;Usuário inexistente;False;enviacurriculoltda;Upgrade;Não informado;Pacotes SMS Disparo em Massa;Pacotes SMS Disparo em Massa;https://app.pipefy.com/open-cards/1299076339;Migração/Outro;Não informado;Outros motivos descritos;Contratação SMS 1.000 créditos R$ 130,00 (Cliente possui 20 créditos em sua plataforma);1;0.0;0.0;Upgrade;;;Não calculado
18/02/2026;2026;2;Fev.;fevereiro;2026-02;Fev./26;80401157;Usuário inexistente;False;somultasbh;Upgrade;Não informado;Conexão adicional de WhatsApp - WABA;Conexão adicional de WhatsApp - WABA;https://app.pipefy.com/open-cards/1298746970;Migração/Outro;Não informado;Outros motivos descritos;Contratação Conexão Adcional WABA | 2x R$ 89,00 | R$ 178,00/mensal;1;0.0;0.0;Upgrade;;;Não calculado
18/02/2026;2026;2;Fev.;fevereiro;2026-02;Fev./26;82573565;Usuário inexistente;False;anfitrioesdealuguel;Upgrade;Não informado;Conexão adicional de WhatsApp - WABA;Conexão adicional de WhatsApp - WABA;https://app.pipefy.com/open-cards/1298862141;Migração/Outro;Não informado;Redução de custo;Cliente plano waba - Ativou um número convencional (era uma conexão da DIgisac) como oficial A conexão standard do cliente era o valor de 49,00 - (tinha 2 conexões standard com esse mesmo valor de 49,00 cada uma).  Alterei o plano, fiz o down de 1 conexão standard deste valor acima e adicionei uma conexão 360 neste valor, só precisa do card para envio ao financeiro.  Cliente foi ativo na sexta 13/02/2026  360Dialog - Pagamento direto - Número: 48 3199-9454;1;0.0;0.0;Upgrade;;;Não calculado
18/02/2026;2026;2;Fev.;fevereiro;2026-02;Fev./26;82573565;Usuário inexistente;False;centrodigitalweb;Upgrade;Não informado;Usuário adicional;Usuário adicional;https://app.pipefy.com/open-cards/1298804692;Migração/Outro;Não informado;Outros motivos descritos;Upgrade 1 usuário R$ 29,00 | 202602181667395;1;0.0;0.0;Upgrade;;;Não calculado
18/02/2026;2026;2;Fev.;fevereiro;2026-02;Fev./26;82573565;Usuário inexistente;False;lhcassessoria1;Upgrade;Não informado;Usuário adicional;Usuário adicional;https://app.pipefy.com/open-cards/1298798629;Migração/Outro;Não informado;Outros motivos descritos;Upgrade 2 usuários R$ 26,10 para a URL: lhcassessoria1 | 202602181667067;1;0.0;0.0;Upgrade;;;Não calculado
18/02/2026;2026;2;Fev.;fevereiro;2026-02;Fev./26;Guilherme Virgilio Soares;Guilherme Virgilio Soares;True;euclidesgoncalvesadv;Upgrade;Não informado;IA Copiloto;IA Copiloto;https://app.pipefy.com/open-cards/1299043387;Migração/Outro;Não informado;Outros motivos descritos;- Upgrade: IA Copiloto - 500 créditos | R$49,90;1;0.0;0.0;Upgrade;;;Não calculado
18/02/2026;2026;2;Fev.;fevereiro;2026-02;Fev./26;Guilherme Virgilio Soares;Guilherme Virgilio Soares;True;graficaarmi;Upgrade;Não informado;Integração;Integração;https://app.pipefy.com/open-cards/1298859386;Migração/Outro;Não informado;Outros motivos descritos;- Upgrade: Integração RD Station | R$59,99;1;0.0;0.0;Upgrade;;;Não calculado
18/02/2026;2026;2;Fev.;fevereiro;2026-02;Fev./26;Guilherme Virgilio Soares;Guilherme Virgilio Soares;True;sorrifacilibipora;Upgrade;Não informado;Funil de vendas;Funil de vendas;https://app.pipefy.com/open-cards/1298808878;Migração/Outro;Não informado;Outros motivos descritos;- Upgrade: Funil de vendas | R$49,00;1;0.0;0.0;Upgrade;;;Não calculado
18/02/2026;2026;2;Fev.;fevereiro;2026-02;Fev./26;Leticia Silva;Leticia Silva;True;1tabjacarei;Upgrade;Não informado;Chat interno;Chat interno;https://app.pipefy.com/open-cards/1298941245;Migração/Outro;Não informado;Outros motivos descritos;Up Chat Interno (R$89,00).;1;0.0;0.0;Upgrade;;;Não calculado
18/02/2026;2026;2;Fev.;fevereiro;2026-02;Fev./26;Leticia Silva;Leticia Silva;True;cominequipamentos;Upgrade;Não informado;Funil de vendas;Funil de vendas;https://app.pipefy.com/open-cards/1298984021;Migração/Outro;Não informado;Outros motivos descritos;Up funil de vendas (R$49,90).;1;0.0;0.0;Upgrade;;;Não calculado
18/02/2026;2026;2;Fev.;fevereiro;2026-02;Fev./26;Vinicius Simões;Vinicius Simões;True;aerotime;Upgrade;Não informado;Primeira ativação de número oficial;Primeira ativação de número oficial;https://app.pipefy.com/open-cards/1299065512;Migração/Outro;Não informado;Outros motivos descritos;Upgrade: - 1x Conexão de WhatsApp API Oficial - R$ 89,00;1;0.0;0.0;Upgrade;;;Não calculado
19/02/2026;2026;2;Fev.;fevereiro;2026-02;Fev./26;80401157;Usuário inexistente;False;amern;Upgrade;Não informado;Servidores;Servidores;https://app.pipefy.com/open-cards/1299717140;Migração/Outro;Não informado;Outros motivos descritos;Upgrade servidor 4/8 = R$ 169,00/mensal;1;0.0;0.0;Upgrade;;;Não calculado
19/02/2026;2026;2;Fev.;fevereiro;2026-02;Fev./26;80401157;Usuário inexistente;False;myshopbh;Upgrade;Não informado;Funil de vendas;Funil de vendas;https://app.pipefy.com/open-cards/1299497937;Migração/Outro;Não informado;Outros motivos descritos;Upgrade Funil de vendas = R$ 49,00/mensal;1;0.0;0.0;Upgrade;;;Não calculado
19/02/2026;2026;2;Fev.;fevereiro;2026-02;Fev./26;80401157;Usuário inexistente;False;norrineadv;Upgrade;Não informado;Funil de vendas;Funil de vendas;https://app.pipefy.com/open-cards/1299541811;Migração/Outro;Não informado;Outros motivos descritos;Upgrade Funil de vendas = R$ 49,00/mensal;1;0.0;0.0;Upgrade;;;Não calculado
19/02/2026;2026;2;Fev.;fevereiro;2026-02;Fev./26;80401157;Usuário inexistente;False;softrio;Upgrade;Não informado;Funil de vendas;Funil de vendas;https://app.pipefy.com/open-cards/1299393240;Migração/Outro;Não informado;Outros motivos descritos;Upgrade Funil de vendas = R$ 49,00/mensal;1;0.0;0.0;Upgrade;;;Não calculado
19/02/2026;2026;2;Fev.;fevereiro;2026-02;Fev./26;80401167;Usuário inexistente;False;barcelossop1c;Upgrade;Não informado;Conexão adicional de WhatsApp;Conexão adicional de WhatsApp;https://app.pipefy.com/open-cards/1299597782;Migração/Outro;Não informado;Redução de custo;Tipo: Upgrade Produto: 1 conexões comum URL: barcelossop1c Valor: R$59,00 Protocolo: 202602181667158;1;0.0;0.0;Upgrade;;;Não calculado
19/02/2026;2026;2;Fev.;fevereiro;2026-02;Fev./26;80401167;Usuário inexistente;False;vitalcredito;Upgrade;Não informado;Conexão adicional de WhatsApp - WABA;Conexão adicional de WhatsApp - WABA;https://app.pipefy.com/open-cards/1299389927;Migração/Outro;Não informado;Redução de custo;Tipo: Upgrade  Produto: 2 conexões Waba Valor: R$ 178,00 Protocolo: 202602091659145;1;0.0;0.0;Upgrade;;;Não calculado
19/02/2026;2026;2;Fev.;fevereiro;2026-02;Fev./26;82573565;Usuário inexistente;False;mjmcontabilidadeirpf;Upgrade;Não informado;Usuário adicional;Usuário adicional;https://app.pipefy.com/open-cards/1299855834;Migração/Outro;Não informado;Outros motivos descritos;Upgrade 1 usuário para a url mjmcontabilidadeirpf | 202602191669812;1;0.0;0.0;Upgrade;;;Não calculado
19/02/2026;2026;2;Fev.;fevereiro;2026-02;Fev./26;82573565;Usuário inexistente;False;tecnosilk;Upgrade;Não informado;Servidores;Servidores;https://app.pipefy.com/open-cards/1299785929;Migração/Outro;Não informado;Outros motivos descritos;Upgrade Servidor 2/4, sugerido pelo suporte (Regina Guermandi) R$ 89,00 | 202602191669685;1;0.0;0.0;Upgrade;;;Não calculado
19/02/2026;2026;2;Fev.;fevereiro;2026-02;Fev./26;Guilherme Virgilio Soares;Guilherme Virgilio Soares;True;bellatintas;Upgrade;Não informado;Servidores;Servidores;https://app.pipefy.com/open-cards/1299604757;Migração/Outro;Não informado;Outros motivos descritos;- Upgrade: Servidor 2/4 | R$89,00;1;0.0;0.0;Upgrade;;;Não calculado
19/02/2026;2026;2;Fev.;fevereiro;2026-02;Fev./26;Guilherme Virgilio Soares;Guilherme Virgilio Soares;True;compag;Upgrade;Não informado;Primeira ativação de número oficial;Primeira ativação de número oficial;https://app.pipefy.com/open-cards/1299417658;Migração/Outro;Não informado;Outros motivos descritos;- Upgrade: Conexão WhatsApp Oficial | R$89,00;1;0.0;0.0;Upgrade;;;Não calculado
19/02/2026;2026;2;Fev.;fevereiro;2026-02;Fev./26;Guilherme Virgilio Soares;Guilherme Virgilio Soares;True;drexamebr;Upgrade;Não informado;Primeira ativação de número oficial;Primeira ativação de número oficial;https://app.pipefy.com/open-cards/1299513954;Migração/Outro;Não informado;Outros motivos descritos;- Upgrade: Conexão WhatsApp Oficial | R$89,00;1;0.0;0.0;Upgrade;;;Não calculado
19/02/2026;2026;2;Fev.;fevereiro;2026-02;Fev./26;Guilherme Virgilio Soares;Guilherme Virgilio Soares;True;nitrointernet;Upgrade;Não informado;Usuário adicional;Usuário adicional;https://app.pipefy.com/open-cards/1299766061;Migração/Outro;Não informado;Outros motivos descritos;- Upgrade: Usuário adicional | 1x USD 6,00 | USD 6,00;1;0.0;0.0;Upgrade;;;Não calculado
19/02/2026;2026;2;Fev.;fevereiro;2026-02;Fev./26;Guilherme Virgilio Soares;Guilherme Virgilio Soares;True;souzaeugenioconsul;Upgrade;Não informado;Conexão adicional de WhatsApp;Conexão adicional de WhatsApp;https://app.pipefy.com/open-cards/1299750215;Migração/Outro;Não informado;Outros motivos descritos;- Upgrade: Conexão adicional WhatsApp | 2x R$89,00 | R$178,00;1;0.0;0.0;Upgrade;;;Não calculado
19/02/2026;2026;2;Fev.;fevereiro;2026-02;Fev./26;Priscila Pavani;Priscila Pavani;True;barcelossop1c;Upgrade;Não informado;Usuário adicional;Usuário adicional;https://app.pipefy.com/open-cards/1299792259;Migração/Outro;Não informado;Redução de custo;Tipo: Upgrade Produto: 1 usuário URL: barcelossop1c Valor: R$25,00 Protocolo: 202602181667158;1;0.0;0.0;Upgrade;;;Não calculado
19/02/2026;2026;2;Fev.;fevereiro;2026-02;Fev./26;Vinicius Simões;Vinicius Simões;True;acountech;Upgrade;Não informado;Funil de vendas;Funil de vendas;https://app.pipefy.com/open-cards/1299675381;Migração/Outro;Não informado;Outros motivos descritos;Upgrade: - Funil de Vendas - R$ 49,00;1;0.0;0.0;Upgrade;;;Não calculado
19/02/2026;2026;2;Fev.;fevereiro;2026-02;Fev./26;Vinicius Simões;Vinicius Simões;True;consultoriasanchez;Upgrade;Não informado;Conexão Instagram Direct;Conexão Instagram Direct;https://app.pipefy.com/open-cards/1299688222;Migração/Outro;Não informado;Outros motivos descritos;Upgrade: - Conexão de Instagram - R$ 89,00;1;0.0;0.0;Upgrade;;;Não calculado
19/02/2026;2026;2;Fev.;fevereiro;2026-02;Fev./26;Vinicius Simões;Vinicius Simões;True;grupofazolli;Upgrade;Não informado;Funil de vendas;Funil de vendas;https://app.pipefy.com/open-cards/1299389072;Migração/Outro;Não informado;Outros motivos descritos;Upgrade: - Funil de Vendas - R$ 49,00;1;0.0;0.0;Upgrade;;;Não calculado
19/02/2026;2026;2;Fev.;fevereiro;2026-02;Fev./26;Vinicius Simões;Vinicius Simões;True;spotlog2;Upgrade;Não informado;Servidores;Servidores;https://app.pipefy.com/open-cards/1299619057;Migração/Outro;Não informado;Outros motivos descritos;Upgrade: - Servidor 4/8 - R$ 169,00;1;0.0;0.0;Upgrade;;;Não calculado
20/02/2026;2026;2;Fev.;fevereiro;2026-02;Fev./26;80401157;Usuário inexistente;False;prominas;Upgrade;Não informado;Integração;Integração;https://app.pipefy.com/open-cards/1300195999;Migração/Outro;Não informado;Outros motivos descritos;Contratação Integração RD Station = R$ 59,99/mensal;1;0.0;0.0;Upgrade;;;Não calculado
20/02/2026;2026;2;Fev.;fevereiro;2026-02;Fev./26;80401157;Usuário inexistente;False;puraforteindustria;Upgrade;Não informado;Chat interno;Chat interno;https://app.pipefy.com/open-cards/1300407952;Migração/Outro;Não informado;Outros motivos descritos;Upgrade Chat interno = R$ 89,00/mensal;1;0.0;0.0;Upgrade;;;Não calculado
20/02/2026;2026;2;Fev.;fevereiro;2026-02;Fev./26;82573565;Usuário inexistente;False;alencarmartinazzoadv;Upgrade;Não informado;"Servidores; Chat interno; Transcrição de Áudio";"Servidores; Chat interno; Transcrição de Áudio";https://app.pipefy.com/open-cards/1300088201;Migração/Outro;Não informado;Redução de custo;Plano reajustado conforme solicitação do Financeiro. Upgrade Servidor 16/32 | R$ 549,00  Chat Interno | R$ 89,00  Transcrição 500 | R$ 24,90  Total R$ 662,90;3;0.0;0.0;Upgrade;;;Não calculado
20/02/2026;2026;2;Fev.;fevereiro;2026-02;Fev./26;82573565;Usuário inexistente;False;cartoriojk;Upgrade;Não informado;Conexão adicional de WhatsApp;Conexão adicional de WhatsApp;https://app.pipefy.com/open-cards/1300084035;Migração/Outro;Não informado;Outros motivos descritos;Upgrade Conexão Whatsapp (standard) | 202602191669711;1;0.0;0.0;Upgrade;;;Não calculado
20/02/2026;2026;2;Fev.;fevereiro;2026-02;Fev./26;82573565;Usuário inexistente;False;easyname;Upgrade;Não informado;Conexão adicional de WhatsApp - WABA;Conexão adicional de WhatsApp - WABA;https://app.pipefy.com/open-cards/1300147937;Migração/Outro;Não informado;Outros motivos descritos;Upgrade conexão adicional waba | R$ 89,00 | 202602201670347;1;0.0;0.0;Upgrade;;;Não calculado
20/02/2026;2026;2;Fev.;fevereiro;2026-02;Fev./26;82573565;Usuário inexistente;False;fanatik;Upgrade;Não informado;Conexão Instagram Direct;Conexão Instagram Direct;https://app.pipefy.com/open-cards/1300505829;Migração/Outro;Não informado;Outros motivos descritos;Upgrade 1 Conexão Instagram R$ 89,00 | 202602201671045;1;0.0;0.0;Upgrade;;;Não calculado
20/02/2026;2026;2;Fev.;fevereiro;2026-02;Fev./26;82573565;Usuário inexistente;False;limpexlimpeza;Upgrade;Não informado;Primeira ativação de número oficial;Primeira ativação de número oficial;https://app.pipefy.com/open-cards/1300479470;Migração/Outro;Não informado;Outros motivos descritos;Cliente solicita 2 conexões adicionais WABA. Tem dois números oficiais ativos em outra plataforma e deseja migrar os números para a Digisac.;1;0.0;0.0;Upgrade;;;Não calculado
20/02/2026;2026;2;Fev.;fevereiro;2026-02;Fev./26;82573565;Usuário inexistente;False;verdejoias;Upgrade;Não informado;Integração;Integração;https://app.pipefy.com/open-cards/1300245654;Migração/Outro;Não informado;Outros motivos descritos;Upgrade Integração PipeDrive R$ 59,99 | 202602191669742;1;0.0;0.0;Upgrade;;;Não calculado
20/02/2026;2026;2;Fev.;fevereiro;2026-02;Fev./26;Guilherme Virgilio Soares;Guilherme Virgilio Soares;True;prosense;Upgrade;Não informado;Usuário adicional;Usuário adicional;https://app.pipefy.com/open-cards/1300417395;Migração/Outro;Não informado;Outros motivos descritos;- Upgrade: Usuário adicional | 1x 29,00 | R$29,00;1;0.0;0.0;Upgrade;;;Não calculado
20/02/2026;2026;2;Fev.;fevereiro;2026-02;Fev./26;Leticia Silva;Leticia Silva;True;lockercertificadora;Upgrade;Não informado;Primeira ativação de número oficial;Primeira ativação de número oficial;https://app.pipefy.com/open-cards/1300512287;Migração/Outro;Não informado;Outros motivos descritos;PRIMEIRA ATIVAÇÃO DE NÚMERO OFICIAL + MIGRAÇÃO PARA NÚMERO OFICIAL.;1;0.0;0.0;Upgrade;;;Não calculado
20/02/2026;2026;2;Fev.;fevereiro;2026-02;Fev./26;Tadiane Biason;Tadiane Biason;True;mixfinnanceira6;Upgrade;Não informado;Usuário adicional;Usuário adicional;https://app.pipefy.com/open-cards/1300405668;Migração/Outro;Não informado;Redução de custo;Tipo: Upgrade Produto: 11 usuários (total: 319,00) URL: mixfinanceira6 Protocolo: 202602201670936  Tipo: Upgrade Produto: 8 usuários (total: 232,00) URL: mixfinanceira6 Protocolo: 202602201670936 (ajustar plano, pois está desalinhado)  Tipo: Upgrade Produto: 1 usuáriario (total: 29,00) URL: mixfinanceira6 Protocolo: 202602201670936  Total de UP: 20 usuarios;1;0.0;0.0;Upgrade;;;Não calculado
20/02/2026;2026;2;Fev.;fevereiro;2026-02;Fev./26;Vinicius Simões;Vinicius Simões;True;intervia;Upgrade;Não informado;Primeira ativação de número oficial;Primeira ativação de número oficial;https://app.pipefy.com/open-cards/1300300451;Migração/Outro;Não informado;Outros motivos descritos;Upgrade: - 1x Conexão adicional de WhatsApp API Oficial - R$ 89,00 - 1x Migração de um número para API Oficial;1;0.0;0.0;Upgrade;;;Não calculado
20/02/2026;2026;2;Fev.;fevereiro;2026-02;Fev./26;Vinicius Simões;Vinicius Simões;True;magliano;Upgrade;Não informado;Servidores;Servidores;https://app.pipefy.com/open-cards/1300132657;Migração/Outro;Não informado;Outros motivos descritos;Upgrade: - Servidor 2/4 - R$ 89,00;1;0.0;0.0;Upgrade;;;Não calculado
23/02/2026;2026;2;Fev.;fevereiro;2026-02;Fev./26;83205771;Usuário inexistente;False;hclin;Upgrade;Não informado;Conexão adicional de WhatsApp - WABA;Conexão adicional de WhatsApp - WABA;https://app.pipefy.com/open-cards/1301381917;Migração/Outro;Não informado;Outros motivos descritos;Upgrade - Conexão Whatsapp WABA - 89,00 - Protocolo: 202602161666241;1;0.0;0.0;Upgrade;;;Não calculado
23/02/2026;2026;2;Fev.;fevereiro;2026-02;Fev./26;Guilherme Virgilio Soares;Guilherme Virgilio Soares;True;edenharysonadvocacia;Upgrade;Não informado;Distribuição automática;Distribuição automática;https://app.pipefy.com/open-cards/1301956892;Migração/Outro;Não informado;Processo/uso operacional;- Upgrade: Distribuição Automática | R$89,00;1;0.0;0.0;Upgrade;;;Não calculado
23/02/2026;2026;2;Fev.;fevereiro;2026-02;Fev./26;Guilherme Virgilio Soares;Guilherme Virgilio Soares;True;invistaqui;Upgrade;Não informado;Primeira ativação de número oficial;Primeira ativação de número oficial;https://app.pipefy.com/open-cards/1301525343;Migração/Outro;Não informado;Outros motivos descritos;- Upgrade: Conexão WhatsApp Oficial | R$89,00;1;0.0;0.0;Upgrade;;;Não calculado
23/02/2026;2026;2;Fev.;fevereiro;2026-02;Fev./26;Leticia Silva;Leticia Silva;True;advbeatrizquirol;Upgrade;Não informado;"IA Agent; IA Copiloto";"IA Agent; IA Copiloto";https://app.pipefy.com/open-cards/1301410163;Migração/Outro;Não informado;Outros motivos descritos;UP AGENTE IA (1000 CRÉDITOS - R$112,90) COPILOTO (1000 CRÉDITOS - R$72,90);2;0.0;0.0;Upgrade;;;Não calculado
23/02/2026;2026;2;Fev.;fevereiro;2026-02;Fev./26;Leticia Silva;Leticia Silva;True;carvalhodecamposadv;Upgrade;Não informado;Funil de vendas;Funil de vendas;https://app.pipefy.com/open-cards/1301434766;Migração/Outro;Não informado;Outros motivos descritos;Up Funil de Vendas (R$49,90).;1;0.0;0.0;Upgrade;;;Não calculado
23/02/2026;2026;2;Fev.;fevereiro;2026-02;Fev./26;Leticia Silva;Leticia Silva;True;easydr;Upgrade;Não informado;Conexão adicional de WhatsApp - WABA;Conexão adicional de WhatsApp - WABA;https://app.pipefy.com/open-cards/1301674835;Migração/Outro;Não informado;Outros motivos descritos;Up Conexão WABA / Gupshup / Direct Payment (R$89,00).;1;0.0;0.0;Upgrade;;;Não calculado
23/02/2026;2026;2;Fev.;fevereiro;2026-02;Fev./26;Leticia Silva;Leticia Silva;True;golderassessoria;Upgrade;Não informado;Servidores;Servidores;https://app.pipefy.com/open-cards/1301570930;Migração/Outro;Não informado;Outros motivos descritos;Up Servidor 2/4 (R$89,00).;1;0.0;0.0;Upgrade;;;Não calculado
23/02/2026;2026;2;Fev.;fevereiro;2026-02;Fev./26;Leticia Silva;Leticia Silva;True;primefinanceira;Upgrade;Não informado;Chat interno;Chat interno;https://app.pipefy.com/open-cards/1301413872;Migração/Outro;Não informado;Outros motivos descritos;Up Chat Interno (R$49,90).;1;0.0;0.0;Upgrade;;;Não calculado
23/02/2026;2026;2;Fev.;fevereiro;2026-02;Fev./26;Leticia Silva;Leticia Silva;True;thermas;Upgrade;Não informado;Conexão adicional de WhatsApp - WABA;Conexão adicional de WhatsApp - WABA;https://app.pipefy.com/open-cards/1301654410;Migração/Outro;Não informado;Outros motivos descritos;Up 2 conexões oficiais (R$178,00).;1;0.0;0.0;Upgrade;;;Não calculado
23/02/2026;2026;2;Fev.;fevereiro;2026-02;Fev./26;Melissa Duarte;Melissa Duarte;True;casaprimeplanejados;Upgrade;Não informado;Funil de vendas;Funil de vendas;https://app.pipefy.com/open-cards/1301312718;Migração/Outro;Não informado;Outros motivos descritos;Up Funil de Vendas R$49,00;1;0.0;0.0;Upgrade;;;Não calculado
23/02/2026;2026;2;Fev.;fevereiro;2026-02;Fev./26;Melissa Duarte;Melissa Duarte;True;kanasbeer;Upgrade;Não informado;Funil de vendas;Funil de vendas;https://app.pipefy.com/open-cards/1301725304;Migração/Outro;Não informado;Outros motivos descritos;UP Funil de Vendas R$49,00;1;0.0;0.0;Upgrade;;;Não calculado
23/02/2026;2026;2;Fev.;fevereiro;2026-02;Fev./26;Melissa Duarte;Melissa Duarte;True;milhassellltda;Upgrade;Não informado;Funil de vendas;Funil de vendas;https://app.pipefy.com/open-cards/1301792388;Migração/Outro;Não informado;Outros motivos descritos;Up Funil de Vendas R$49,00;1;0.0;0.0;Upgrade;;;Não calculado
23/02/2026;2026;2;Fev.;fevereiro;2026-02;Fev./26;Melissa Duarte;Melissa Duarte;True;precisafinancas;Upgrade;Não informado;Funil de vendas;Funil de vendas;https://app.pipefy.com/open-cards/1301327280;Migração/Outro;Não informado;Outros motivos descritos;UP Funil de Vendas R$49,00;1;0.0;0.0;Upgrade;;;Não calculado
23/02/2026;2026;2;Fev.;fevereiro;2026-02;Fev./26;Vinicius Simões;Vinicius Simões;True;advbeatrizquirol;Upgrade;Não informado;Transcrição de Áudio;Transcrição de Áudio;https://app.pipefy.com/open-cards/1301681146;Migração/Outro;Não informado;Outros motivos descritos;Upgrade: - IA Transcrição de Áudio com 1.000 minutos - R$ 49,90;1;0.0;0.0;Upgrade;;;Não calculado
23/02/2026;2026;2;Fev.;fevereiro;2026-02;Fev./26;Vinicius Simões;Vinicius Simões;True;andracontabilidade;Upgrade;Não informado;Chat interno;Chat interno;https://app.pipefy.com/open-cards/1301599611;Migração/Outro;Não informado;Outros motivos descritos;Upgrade: - Chat Interno - R$ 89,00;1;0.0;0.0;Upgrade;;;Não calculado
23/02/2026;2026;2;Fev.;fevereiro;2026-02;Fev./26;Vinicius Simões;Vinicius Simões;True;eletronicagood;Upgrade;Não informado;Conexão adicional de WhatsApp - WABA;Conexão adicional de WhatsApp - WABA;https://app.pipefy.com/open-cards/1301620786;Migração/Outro;Não informado;Outros motivos descritos;Upgrade: - 2x Conexões adicionais de API Oficial do WhatsApp - R$ 178,00;1;0.0;0.0;Upgrade;;;Não calculado
23/02/2026;2026;2;Fev.;fevereiro;2026-02;Fev./26;Vinicius Simões;Vinicius Simões;True;logsat;Upgrade;Não informado;Distribuição automática;Distribuição automática;https://app.pipefy.com/open-cards/1301709143;Migração/Outro;Não informado;Processo/uso operacional;Upgrade: - Distribuição Automática - R$ 89,00;1;0.0;0.0;Upgrade;;;Não calculado
23/02/2026;2026;2;Fev.;fevereiro;2026-02;Fev./26;Vinicius Simões;Vinicius Simões;True;madjoia;Upgrade;Não informado;Funil de vendas;Funil de vendas;https://app.pipefy.com/open-cards/1301692440;Migração/Outro;Não informado;Outros motivos descritos;Upgrade: - Funil de Vendas - R$ 49,00;1;0.0;0.0;Upgrade;;;Não calculado
23/02/2026;2026;2;Fev.;fevereiro;2026-02;Fev./26;Vinicius Simões;Vinicius Simões;True;periciafiscoreal;Upgrade;Não informado;Funil de vendas;Funil de vendas;https://app.pipefy.com/open-cards/1301754371;Migração/Outro;Não informado;Outros motivos descritos;Upgrade: - Funil de Vendas - R$ 49,00;1;0.0;0.0;Upgrade;;;Não calculado
23/02/2026;2026;2;Fev.;fevereiro;2026-02;Fev./26;Vinicius Simões;Vinicius Simões;True;vanessacred;Upgrade;Não informado;Conexão adicional de WhatsApp - WABA;Conexão adicional de WhatsApp - WABA;https://app.pipefy.com/open-cards/1301304612;Migração/Outro;Não informado;Outros motivos descritos;Upgrade: - 1x Conexão adicional de WhatsApp API Oficial - R$ 89,00;1;0.0;0.0;Upgrade;;;Não calculado
24/02/2026;2026;2;Fev.;fevereiro;2026-02;Fev./26;82573565;Usuário inexistente;False;comunicacaorm;Upgrade;Não informado;Usuário adicional;Usuário adicional;https://app.pipefy.com/open-cards/1302945363;Migração/Outro;Não informado;Outros motivos descritos;Upgrade de 2 usuários, adicionais para url comunicacaorm | 202602231672921;1;0.0;0.0;Upgrade;;;Não calculado
24/02/2026;2026;2;Fev.;fevereiro;2026-02;Fev./26;82573565;Usuário inexistente;False;unimedas;Upgrade;Não informado;Conexão adicional de WhatsApp;Conexão adicional de WhatsApp;https://app.pipefy.com/open-cards/1302557961;Migração/Outro;Não informado;Outros motivos descritos;Upgrade 1 conexão standard R$ 89,00 | 202602231672745;1;0.0;0.0;Upgrade;;;Não calculado
24/02/2026;2026;2;Fev.;fevereiro;2026-02;Fev./26;Guilherme Virgilio Soares;Guilherme Virgilio Soares;True;casadaslatas;Upgrade;Não informado;Conexão adicional de WhatsApp;Conexão adicional de WhatsApp;https://app.pipefy.com/open-cards/1302510535;Migração/Outro;Não informado;Outros motivos descritos;- Upgrade: Conexões adicionais WhatsApp | 2x R$89,00 | R$178,00 |  Conexão WhatsApp bonificada | 0,00  Total: R$178,00;1;0.0;0.0;Upgrade;;;Não calculado
24/02/2026;2026;2;Fev.;fevereiro;2026-02;Fev./26;Guilherme Virgilio Soares;Guilherme Virgilio Soares;True;nobrecred;Upgrade;Não informado;Funil de vendas;Funil de vendas;https://app.pipefy.com/open-cards/1303322788;Migração/Outro;Não informado;Outros motivos descritos;- Upgrade: Funil de vendas | R$49,00;1;0.0;0.0;Upgrade;;;Não calculado
24/02/2026;2026;2;Fev.;fevereiro;2026-02;Fev./26;Guilherme Virgilio Soares;Guilherme Virgilio Soares;True;proclinicaguarulhos;Upgrade;Não informado;Distribuição automática;Distribuição automática;https://app.pipefy.com/open-cards/1302840051;Migração/Outro;Não informado;Processo/uso operacional;- Upgrade: Distribuição automática | R$89,00;1;0.0;0.0;Upgrade;;;Não calculado
24/02/2026;2026;2;Fev.;fevereiro;2026-02;Fev./26;Guilherme Virgilio Soares;Guilherme Virgilio Soares;True;solucaoparabrisas;Upgrade;Não informado;Usuário adicional;Usuário adicional;https://app.pipefy.com/open-cards/1302483098;Migração/Outro;Não informado;Outros motivos descritos;- Upgrade: 1x Usuário adicional (com desconto) | R$ 20,75 |;1;0.0;0.0;Upgrade;;;Não calculado
24/02/2026;2026;2;Fev.;fevereiro;2026-02;Fev./26;Leticia Silva;Leticia Silva;True;creditojaoficial;Upgrade;Não informado;Distribuição automática;Distribuição automática;https://app.pipefy.com/open-cards/1302762126;Migração/Outro;Não informado;Processo/uso operacional;Up Distribuição Automática (R$89,00).;1;0.0;0.0;Upgrade;;;Não calculado
24/02/2026;2026;2;Fev.;fevereiro;2026-02;Fev./26;Leticia Silva;Leticia Silva;True;digicloud;Upgrade;Não informado;Primeira ativação de número oficial;Primeira ativação de número oficial;https://app.pipefy.com/open-cards/1303329155;Migração/Outro;Não informado;Outros motivos descritos;PRIMEIRA ATIVAÇÃO DE NÚMERO OFICIAL.;1;0.0;0.0;Upgrade;;;Não calculado
24/02/2026;2026;2;Fev.;fevereiro;2026-02;Fev./26;Leticia Silva;Leticia Silva;True;educabrasil;Upgrade;Não informado;Primeira ativação de número oficial;Primeira ativação de número oficial;https://app.pipefy.com/open-cards/1303342721;Migração/Outro;Não informado;Outros motivos descritos;Primeira ativação de número oficial.;1;0.0;0.0;Upgrade;;;Não calculado
24/02/2026;2026;2;Fev.;fevereiro;2026-02;Fev./26;Marcela Medeiros;Marcela Medeiros;True;solusete;Upgrade;Não informado;Servidores;Servidores;https://app.pipefy.com/open-cards/1302945924;Migração/Outro;Não informado;Outros motivos descritos;UP servidor 2/4, R$ 89,00 protocolo 202602241673281;1;0.0;0.0;Upgrade;;;Não calculado
24/02/2026;2026;2;Fev.;fevereiro;2026-02;Fev./26;Melissa Duarte;Melissa Duarte;True;emeacademy;Upgrade;Não informado;Funil de vendas;Funil de vendas;https://app.pipefy.com/open-cards/1302414174;Migração/Outro;Não informado;Outros motivos descritos;UP Funil de Vendas R$49,00;1;0.0;0.0;Upgrade;;;Não calculado
24/02/2026;2026;2;Fev.;fevereiro;2026-02;Fev./26;Tadiane Biason;Tadiane Biason;True;mixfinanceira4;Upgrade;Não informado;Usuário adicional;Usuário adicional;https://app.pipefy.com/open-cards/1303182456;Migração/Outro;Não informado;Redução de custo;Tipo: Upgrade Produto: 3 usuários (total: 87,00) URL: mixfinanceira4 Protocolo: 202602241674345;1;0.0;0.0;Upgrade;;;Não calculado
24/02/2026;2026;2;Fev.;fevereiro;2026-02;Fev./26;Vinicius Simões;Vinicius Simões;True;advocaciavieira;Upgrade;Não informado;"Conexão Facebook Messenger; Conexão Instagram Direct";Conexão Facebook Messenger + outros;https://app.pipefy.com/open-cards/1302612405;Migração/Outro;Não informado;Outros motivos descritos;Upgrade: - 1x Conexão de Facebook (Messenger) - R$ 65,00 - 1x Conexão de Instagram (Direct) - R$ 65,00;2;0.0;0.0;Upgrade;;;Não calculado
24/02/2026;2026;2;Fev.;fevereiro;2026-02;Fev./26;Vinicius Simões;Vinicius Simões;True;arcospm;Upgrade;Não informado;Usuário adicional;Usuário adicional;https://app.pipefy.com/open-cards/1303239886;Migração/Outro;Não informado;Outros motivos descritos;Upgrade: - 7x Usuários adicionais - R$ 203,00;1;0.0;0.0;Upgrade;;;Não calculado
24/02/2026;2026;2;Fev.;fevereiro;2026-02;Fev./26;Vinicius Simões;Vinicius Simões;True;brcpromotora;Upgrade;Não informado;Conexão adicional de WhatsApp - WABA;Conexão adicional de WhatsApp - WABA;https://app.pipefy.com/open-cards/1302666594;Migração/Outro;Não informado;Outros motivos descritos;Upgrade: - 1x Conexão adicional de WhatsApp API Oficial - R$ 89,00;1;0.0;0.0;Upgrade;;;Não calculado
24/02/2026;2026;2;Fev.;fevereiro;2026-02;Fev./26;Vinicius Simões;Vinicius Simões;True;studioonze;Upgrade;Não informado;Funil de vendas;Funil de vendas;https://app.pipefy.com/open-cards/1303031855;Migração/Outro;Não informado;Outros motivos descritos;Upgrade: - Funil de Vendas - R$ 49,00;1;0.0;0.0;Upgrade;;;Não calculado
25/02/2026;2026;2;Fev.;fevereiro;2026-02;Fev./26;80401167;Usuário inexistente;False;barcelossop1c;Upgrade;Não informado;Usuário adicional;Usuário adicional;https://app.pipefy.com/open-cards/1304213240;Migração/Outro;Não informado;Redução de custo;Tipo: Upgrade Produto: 1 usuário URL: barcelossop1c Valor: R$25,00 Protocolo: 202602241673172;1;0.0;0.0;Upgrade;;;Não calculado
25/02/2026;2026;2;Fev.;fevereiro;2026-02;Fev./26;80401167;Usuário inexistente;False;comunicacaorm;Upgrade;Não informado;Usuário adicional;Usuário adicional;https://app.pipefy.com/open-cards/1303947928;Migração/Outro;Não informado;Redução de custo;Cliente fez a contratação de mais um usuario na platafroma, no valor de R$ 29,00;1;0.0;0.0;Upgrade;;;Não calculado
25/02/2026;2026;2;Fev.;fevereiro;2026-02;Fev./26;80401167;Usuário inexistente;False;nepuga;Upgrade;Não informado;Reclame Aqui;Reclame Aqui;https://app.pipefy.com/open-cards/1304050813;Migração/Outro;Não informado;Outros motivos descritos;Upgrade conexão Reclame Aqui R$49,00 - Protocolo 202602231672257;1;0.0;0.0;Upgrade;;;Não calculado
25/02/2026;2026;2;Fev.;fevereiro;2026-02;Fev./26;80401167;Usuário inexistente;False;redeespecialistas;Upgrade;Não informado;Usuário adicional;Usuário adicional;https://app.pipefy.com/open-cards/1303936817;Migração/Outro;Não informado;Produto desnecessário;Cliente fez a contratação de 1 usuario adicional para  a URL:  redeespecialistas - PAGAMENTO ikatec  Não precisa encaminhar o proporcional, apenas foi para fazer a abertura correta do card;1;0.0;0.0;Upgrade;;;Não calculado
25/02/2026;2026;2;Fev.;fevereiro;2026-02;Fev./26;82573565;Usuário inexistente;False;auxiliocontabil;Upgrade;Não informado;Primeira ativação de número oficial;Primeira ativação de número oficial;https://app.pipefy.com/open-cards/1303847132;Migração/Outro;Não informado;Outros motivos descritos;Cliente solicita a contratação de 4 conexões WABA adicionais. Será realizada a migração de números que já estão ativos na Digisac, mas vinculados a outra URL.;1;0.0;0.0;Upgrade;;;Não calculado
25/02/2026;2026;2;Fev.;fevereiro;2026-02;Fev./26;Guilherme Virgilio Soares;Guilherme Virgilio Soares;True;primefertilizantes;Upgrade;Não informado;Chat interno;Chat interno;https://app.pipefy.com/open-cards/1303935499;Migração/Outro;Não informado;Outros motivos descritos;- Upgrade: Chat interno | R$89,00;1;0.0;0.0;Upgrade;;;Não calculado
25/02/2026;2026;2;Fev.;fevereiro;2026-02;Fev./26;Guilherme Virgilio Soares;Guilherme Virgilio Soares;True;sampali;Upgrade;Não informado;Primeira ativação de número oficial;Primeira ativação de número oficial;https://app.pipefy.com/open-cards/1303903181;Migração/Outro;Não informado;Outros motivos descritos;- Upgrade: Conexão oficial | 2x R$89,00 | R$178,00;1;0.0;0.0;Upgrade;;;Não calculado
25/02/2026;2026;2;Fev.;fevereiro;2026-02;Fev./26;Leticia Silva;Leticia Silva;True;certiseg;Upgrade;Não informado;Primeira ativação de número oficial;Primeira ativação de número oficial;https://app.pipefy.com/open-cards/1304143418;Migração/Outro;Não informado;Outros motivos descritos;Primeira ativação de número oficial.;1;0.0;0.0;Upgrade;;;Não calculado
25/02/2026;2026;2;Fev.;fevereiro;2026-02;Fev./26;Leticia Silva;Leticia Silva;True;clinicasamyllarodgez;Upgrade;Não informado;Servidores;Servidores;https://app.pipefy.com/open-cards/1304110091;Migração/Outro;Não informado;Outros motivos descritos;Up Servidor 2/4 (R$89,00).;1;0.0;0.0;Upgrade;;;Não calculado
25/02/2026;2026;2;Fev.;fevereiro;2026-02;Fev./26;Leticia Silva;Leticia Silva;True;oltcloud;Upgrade;Não informado;IA Copiloto;IA Copiloto;https://app.pipefy.com/open-cards/1303830811;Migração/Outro;Não informado;Outros motivos descritos;Up IA Copiloto - 500 créditos (R$49,90);1;0.0;0.0;Upgrade;;;Não calculado
25/02/2026;2026;2;Fev.;fevereiro;2026-02;Fev./26;Marcela Medeiros;Marcela Medeiros;True;contabilidadetatica;Upgrade;Não informado;Integração;Integração;https://app.pipefy.com/open-cards/1304216276;Migração/Outro;Não informado;Outros motivos descritos;Up integração Net2phone, R$ 89,00;1;0.0;0.0;Upgrade;;;Não calculado
25/02/2026;2026;2;Fev.;fevereiro;2026-02;Fev./26;Marcela Medeiros;Marcela Medeiros;True;gruporecta;Upgrade;Não informado;Usuário adicional;Usuário adicional;https://app.pipefy.com/open-cards/1303771795;Migração/Outro;Não informado;Redução de custo;Up 2 usuários adicionais por R$ 26,10 cada, autorizado pelo administrador Willian Oliveira por e-mail (Chave do CS em cópia) e e-mail, direcionado ao financeiro para emissao da fatura;1;0.0;0.0;Upgrade;;;Não calculado
25/02/2026;2026;2;Fev.;fevereiro;2026-02;Fev./26;Tadiane Biason;Tadiane Biason;True;grupoi9digital;Upgrade;Não informado;"Usuário adicional; Funil de vendas";"Usuário adicional; Funil de vendas";https://app.pipefy.com/open-cards/1304163278;Migração/Outro;Não informado;Outros motivos descritos;Tipo: Upgrade Produto: 1 Funil de vendas - 49,90 URL: grupoi9digital Protocolo: 202602251676014  Tipo: Upgrade Produto: 4 usuários - 29,00 cada = 116,00 URL: grupoi9digital Protocolo: 202602251676014;2;0.0;0.0;Upgrade;;;Não calculado
25/02/2026;2026;2;Fev.;fevereiro;2026-02;Fev./26;Tadiane Biason;Tadiane Biason;True;mdoficial;Upgrade;Não informado;Conexão adicional de WhatsApp - WABA;Conexão adicional de WhatsApp - WABA;https://app.pipefy.com/open-cards/1304053808;Migração/Outro;Não informado;Outros motivos descritos;Tipo: Upgrade Produto: 1 Conexão Whatsapp Oficial - 89,00 URL: mdoficial;1;0.0;0.0;Upgrade;;;Não calculado
25/02/2026;2026;2;Fev.;fevereiro;2026-02;Fev./26;Vinicius Simões;Vinicius Simões;True;facilitycertificacao;Upgrade;Não informado;Chat interno;Chat interno;https://app.pipefy.com/open-cards/1304154657;Migração/Outro;Não informado;Outros motivos descritos;Upgrade: - Chat Interno - R$ 89,00;1;0.0;0.0;Upgrade;;;Não calculado
25/02/2026;2026;2;Fev.;fevereiro;2026-02;Fev./26;Vinicius Simões;Vinicius Simões;True;hengel;Upgrade;Não informado;Conexão adicional de WhatsApp - WABA;Conexão adicional de WhatsApp - WABA;https://app.pipefy.com/open-cards/1304104527;Migração/Outro;Não informado;Outros motivos descritos;Upgrade: - 1x Conexão adicional de WhatsApp API Oficial - R$ 89,00;1;0.0;0.0;Upgrade;;;Não calculado
25/02/2026;2026;2;Fev.;fevereiro;2026-02;Fev./26;Vinicius Simões;Vinicius Simões;True;rafaeladvocacia;Upgrade;Não informado;Conexão adicional de WhatsApp - WABA;Conexão adicional de WhatsApp - WABA;https://app.pipefy.com/open-cards/1303767603;Migração/Outro;Não informado;Outros motivos descritos;Upgrade: - 1x Conexão adicional de WhatsApp API Oficial - R$ 89,00;1;0.0;0.0;Upgrade;;;Não calculado
25/02/2026;2026;2;Fev.;fevereiro;2026-02;Fev./26;Vinicius Simões;Vinicius Simões;True;smartcompass;Upgrade;Não informado;Primeira ativação de número oficial;Primeira ativação de número oficial;https://app.pipefy.com/open-cards/1304187595;Migração/Outro;Não informado;Outros motivos descritos;Upgrade: - 1x Conexão de WhatsApp API Oficial - R$ 89,00;1;0.0;0.0;Upgrade;;;Não calculado
26/02/2026;2026;2;Fev.;fevereiro;2026-02;Fev./26;82573565;Usuário inexistente;False;qualificdiv;Upgrade;Não informado;Integração;Integração;https://app.pipefy.com/open-cards/1304620286;Migração/Outro;Não informado;Outros motivos descritos;Upgrade Integração Almah Condominios R$ 59,99 | 202602241674579;1;0.0;0.0;Upgrade;;;Não calculado
26/02/2026;2026;2;Fev.;fevereiro;2026-02;Fev./26;82573565;Usuário inexistente;False;repro;Upgrade;Não informado;Usuário adicional;Usuário adicional;https://app.pipefy.com/open-cards/1304581715;Migração/Outro;Não informado;Outros motivos descritos;Upgrade 1 Usuário adicional, R$ 29,00. Não possui recurso Meu Plano habilitado | Protocolo: 202602261676647;1;0.0;0.0;Upgrade;;;Não calculado
26/02/2026;2026;2;Fev.;fevereiro;2026-02;Fev./26;Guilherme Virgilio Soares;Guilherme Virgilio Soares;True;contax;Upgrade;Não informado;Primeira ativação de número oficial;Primeira ativação de número oficial;https://app.pipefy.com/open-cards/1304741022;Migração/Outro;Não informado;Outros motivos descritos;- Upgrade: Conexão oficial | R$89,00;1;0.0;0.0;Upgrade;;;Não calculado
26/02/2026;2026;2;Fev.;fevereiro;2026-02;Fev./26;Guilherme Virgilio Soares;Guilherme Virgilio Soares;True;dsandrade;Upgrade;Não informado;Servidores;Servidores;https://app.pipefy.com/open-cards/1304637563;Migração/Outro;Não informado;Outros motivos descritos;- Upgrade: Servidor 4/8 | R$169,00;1;0.0;0.0;Upgrade;;;Não calculado
26/02/2026;2026;2;Fev.;fevereiro;2026-02;Fev./26;Guilherme Virgilio Soares;Guilherme Virgilio Soares;True;grupoliberd;Upgrade;Não informado;Servidores;Servidores;https://app.pipefy.com/open-cards/1304551459;Migração/Outro;Não informado;Outros motivos descritos;- Upgrade: Servidor 4/8 | R$169,00;1;0.0;0.0;Upgrade;;;Não calculado
26/02/2026;2026;2;Fev.;fevereiro;2026-02;Fev./26;Leticia Silva;Leticia Silva;True;credfacilcacu;Upgrade;Não informado;Integração;Integração;https://app.pipefy.com/open-cards/1304735887;Migração/Outro;Não informado;Outros motivos descritos;Up Integração SGP-TSMX (R$ 69,99).;1;0.0;0.0;Upgrade;;;Não calculado
26/02/2026;2026;2;Fev.;fevereiro;2026-02;Fev./26;Marcela Medeiros;Marcela Medeiros;True;ccmambiental;Upgrade;Não informado;Servidores;Servidores;https://app.pipefy.com/open-cards/1304787241;Migração/Outro;Não informado;Outros motivos descritos;Up servidor 2/4, protocolo 202602261677193;1;0.0;0.0;Upgrade;;;Não calculado
26/02/2026;2026;2;Fev.;fevereiro;2026-02;Fev./26;Tadiane Biason;Tadiane Biason;True;mixfinanceira1;Upgrade;Não informado;Conexão adicional de WhatsApp - WABA;Conexão adicional de WhatsApp - WABA;https://app.pipefy.com/open-cards/1304581457;Migração/Outro;Não informado;Redução de custo;Tipo: Upgrade Produto: 1 Conexão Waba - Gup (89,00) URL: mixfinanceira1 Protocolo: 202602261676822  Tipo: Upgrade Produto: 1 Conexão Waba - Gup (89,00) URL: mixfinanceira2 Protocolo: 202602261676822   Tipo: Upgrade Produto: 1 Conexão Waba - Gup (89,00) URL: mixfinanceira3 Protocolo: 202602261676822;1;0.0;0.0;Upgrade;;;Não calculado
26/02/2026;2026;2;Fev.;fevereiro;2026-02;Fev./26;Tadiane Biason;Tadiane Biason;True;musassaude;Upgrade;Não informado;Conexão adicional de WhatsApp;Conexão adicional de WhatsApp;https://app.pipefy.com/open-cards/1304800076;Migração/Outro;Não informado;Redução de custo;Tipo: Upgrade Produto:1 conexão Valor: 59,00 URL: musassaude Protocolo: 202602261677457;1;0.0;0.0;Upgrade;;;Não calculado
26/02/2026;2026;2;Fev.;fevereiro;2026-02;Fev./26;Vinicius Simões;Vinicius Simões;True;annavoig;Upgrade;Não informado;IA Agent;IA Agent;https://app.pipefy.com/open-cards/1304722810;Migração/Outro;Não informado;Outros motivos descritos;Upgrade: - IA Agente Inteligente com 1.000 créditos - R$ 112,90;1;0.0;0.0;Upgrade;;;Não calculado
26/02/2026;2026;2;Fev.;fevereiro;2026-02;Fev./26;Vinicius Simões;Vinicius Simões;True;motorhomebr;Upgrade;Não informado;Primeira ativação de número oficial;Primeira ativação de número oficial;https://app.pipefy.com/open-cards/1304576901;Migração/Outro;Não informado;Outros motivos descritos;Upgrade: - 1x Conexão de WhatsApp API Oficial - R$ 79,00;1;0.0;0.0;Upgrade;;;Não calculado
27/02/2026;2026;2;Fev.;fevereiro;2026-02;Fev./26;82573565;Usuário inexistente;False;cabral;Upgrade;Não informado;Servidores;Servidores;https://app.pipefy.com/open-cards/1305588055;Migração/Outro;Não informado;Outros motivos descritos;Upgrade servidor 4/8 R$ 169,00 indicado pelo suporte (Gustavo Fantini) | 202602271678293;1;0.0;0.0;Upgrade;;;Não calculado
27/02/2026;2026;2;Fev.;fevereiro;2026-02;Fev./26;82573565;Usuário inexistente;False;contabilidadepescara;Upgrade;Não informado;Transcrição de Áudio;Transcrição de Áudio;https://app.pipefy.com/open-cards/1305567012;Migração/Outro;Não informado;Outros motivos descritos;Upgrade IA Transcrição de áudio - Plano 500 minutos R$ 24,90 | 202602271678186;1;0.0;0.0;Upgrade;;;Não calculado
27/02/2026;2026;2;Fev.;fevereiro;2026-02;Fev./26;82573565;Usuário inexistente;False;infoluck;Upgrade;Não informado;IA Agent;IA Agent;https://app.pipefy.com/open-cards/1305287786;Migração/Outro;Não informado;Outros motivos descritos;Upgrade IA Agente - 1.000 créditos R$ 112,90 | 202602271677804;1;0.0;0.0;Upgrade;;;Não calculado
27/02/2026;2026;2;Fev.;fevereiro;2026-02;Fev./26;82573565;Usuário inexistente;False;mmaadvocacia;Upgrade;Não informado;Servidores;Servidores;https://app.pipefy.com/open-cards/1305318292;Migração/Outro;Não informado;Outros motivos descritos;Upgrade Servidor 2/4 R$ 89,00 indicado pelo suporte (Leidiane Magalhães) | 202602261677553;1;0.0;0.0;Upgrade;;;Não calculado
27/02/2026;2026;2;Fev.;fevereiro;2026-02;Fev./26;82573565;Usuário inexistente;False;qualificdiv;Upgrade;Não informado;Integração;Integração;https://app.pipefy.com/open-cards/1305175598;Migração/Outro;Não informado;Outros motivos descritos;Upgrade Integração Almah Condominios R$ 59,99 | 202602241674579;1;0.0;0.0;Upgrade;;;Não calculado
27/02/2026;2026;2;Fev.;fevereiro;2026-02;Fev./26;82573565;Usuário inexistente;False;saudemed;Upgrade;Não informado;Funil de vendas;Funil de vendas;https://app.pipefy.com/open-cards/1305201935;Migração/Outro;Não informado;Outros motivos descritos;Upgrade Funil de Vendas R$ 49,00 | 202602261677340;1;0.0;0.0;Upgrade;;;Não calculado
27/02/2026;2026;2;Fev.;fevereiro;2026-02;Fev./26;Guilherme Virgilio Soares;Guilherme Virgilio Soares;True;credfacilcacu;Upgrade;Não informado;Servidores;Servidores;https://app.pipefy.com/open-cards/1305190622;Migração/Outro;Não informado;Outros motivos descritos;- Upgrade: Servidor 8/12 | R$270,00;1;0.0;0.0;Upgrade;;;Não calculado
27/02/2026;2026;2;Fev.;fevereiro;2026-02;Fev./26;Guilherme Virgilio Soares;Guilherme Virgilio Soares;True;laboratoriovenancioaires;Upgrade;Não informado;IA Agent;IA Agent;https://app.pipefy.com/open-cards/1305356629;Migração/Outro;Não informado;Outros motivos descritos;- Upgrade: IA Agente - 1.000 créditos | R$112,90;1;0.0;0.0;Upgrade;;;Não calculado
27/02/2026;2026;2;Fev.;fevereiro;2026-02;Fev./26;Guilherme Virgilio Soares;Guilherme Virgilio Soares;True;lotussa;Upgrade;Não informado;Servidores;Servidores;https://app.pipefy.com/open-cards/1305546507;Migração/Outro;Não informado;Outros motivos descritos;- Upgrade: Servidor 2/4 | R$89,00;1;0.0;0.0;Upgrade;;;Não calculado
27/02/2026;2026;2;Fev.;fevereiro;2026-02;Fev./26;Leticia Silva;Leticia Silva;True;diroma;Upgrade;Não informado;Servidores;Servidores;https://app.pipefy.com/open-cards/1305468153;Migração/Outro;Não informado;Outros motivos descritos;Up Servidor 8/12 (R$270,00).;1;0.0;0.0;Upgrade;;;Não calculado
27/02/2026;2026;2;Fev.;fevereiro;2026-02;Fev./26;Leticia Silva;Leticia Silva;True;farmaciavitale;Upgrade;Não informado;Servidores;Servidores;https://app.pipefy.com/open-cards/1305464882;Migração/Outro;Não informado;Outros motivos descritos;Up Servidor 2/4 (R$89,00).;1;0.0;0.0;Upgrade;;;Não calculado
27/02/2026;2026;2;Fev.;fevereiro;2026-02;Fev./26;Leticia Silva;Leticia Silva;True;grupoadassessoria;Upgrade;Não informado;Servidores;Servidores;https://app.pipefy.com/open-cards/1305445885;Migração/Outro;Não informado;Outros motivos descritos;Up Chat Interno (R$89,00).;1;0.0;0.0;Upgrade;;;Não calculado
27/02/2026;2026;2;Fev.;fevereiro;2026-02;Fev./26;Leticia Silva;Leticia Silva;True;usinaeduatendimento;Upgrade;Não informado;Servidores;Servidores;https://app.pipefy.com/open-cards/1305531885;Migração/Outro;Não informado;Outros motivos descritos;Up Servidor 2/4 (R$89,00).;1;0.0;0.0;Upgrade;;;Não calculado
27/02/2026;2026;2;Fev.;fevereiro;2026-02;Fev./26;Leticia Silva;Leticia Silva;True;usinaeducs;Upgrade;Não informado;Servidores;Servidores;https://app.pipefy.com/open-cards/1305539673;Migração/Outro;Não informado;Outros motivos descritos;Up Servidor 2/4 (R$89,00).;1;0.0;0.0;Upgrade;;;Não calculado
27/02/2026;2026;2;Fev.;fevereiro;2026-02;Fev./26;Leticia Silva;Leticia Silva;True;usinaedufinanceiro;Upgrade;Não informado;Servidores;Servidores;https://app.pipefy.com/open-cards/1305536383;Migração/Outro;Não informado;Outros motivos descritos;Up Servidor 2/4 (R$89,00).;1;0.0;0.0;Upgrade;;;Não calculado
27/02/2026;2026;2;Fev.;fevereiro;2026-02;Fev./26;Vinicius Simões;Vinicius Simões;True;auxiliocertificacao;Upgrade;Não informado;Integração;Integração;https://app.pipefy.com/open-cards/1305509543;Migração/Outro;Não informado;Outros motivos descritos;Up Integração RD CRM + Integração RD Marketing / Receive Form (R$59,99 cada).;1;0.0;0.0;Upgrade;;;Não calculado
27/02/2026;2026;2;Fev.;fevereiro;2026-02;Fev./26;Vinicius Simões;Vinicius Simões;True;gnadv;Upgrade;Não informado;"IA Copiloto; Transcrição de Áudio";"IA Copiloto; Transcrição de Áudio";https://app.pipefy.com/open-cards/1305259696;Migração/Outro;Não informado;Redução de custo;Upgrade: - IA Copiloto com 1.000 créditos - R$ 72,90 - IA Transcrição de Áudio com 1.000 créditos - R$ 49,90 Total: R$ 122,80. mas o combo gerou um desconto, com isso, o valor caiu para R$ 114,00.;2;0.0;0.0;Upgrade;;;Não calculado
27/02/2026;2026;2;Fev.;fevereiro;2026-02;Fev./26;Vinicius Simões;Vinicius Simões;True;graficaarmi;Upgrade;Não informado;Primeira ativação de número oficial;Primeira ativação de número oficial;https://app.pipefy.com/open-cards/1305571693;Migração/Outro;Não informado;Outros motivos descritos;Upgrade: - 1x Conexão de WhatsApp API Oficial - R$ 89,00;1;0.0;0.0;Upgrade;;;Não calculado
27/02/2026;2026;2;Fev.;fevereiro;2026-02;Fev./26;Vinicius Simões;Vinicius Simões;True;guimaraesemoises;Upgrade;Não informado;Conexão adicional de WhatsApp;Conexão adicional de WhatsApp;https://app.pipefy.com/open-cards/1305425142;Migração/Outro;Não informado;Outros motivos descritos;Upgrade: - 1x Conexão adicional de WhatsApp - R$ 89,00;1;0.0;0.0;Upgrade;;;Não calculado
27/02/2026;2026;2;Fev.;fevereiro;2026-02;Fev./26;Vinicius Simões;Vinicius Simões;True;onecarecont;Upgrade;Não informado;Servidores;Servidores;https://app.pipefy.com/open-cards/1305495160;Migração/Outro;Não informado;Outros motivos descritos;Upgrade: - Servidor 2/4 - R$ 89,00;1;0.0;0.0;Upgrade;;;Não calculado
27/02/2026;2026;2;Fev.;fevereiro;2026-02;Fev./26;Vinicius Simões;Vinicius Simões;True;spm1;Upgrade;Não informado;Servidores;Servidores;https://app.pipefy.com/open-cards/1305522401;Migração/Outro;Não informado;Outros motivos descritos;Upgrade: - Servidor 8/12 - 270,00;1;0.0;0.0;Upgrade;;;Não calculado
27/02/2026;2026;2;Fev.;fevereiro;2026-02;Fev./26;Vinicius Simões;Vinicius Simões;True;uniartesuniformes;Upgrade;Não informado;Funil de vendas;Funil de vendas;https://app.pipefy.com/open-cards/1305204755;Migração/Outro;Não informado;Outros motivos descritos;Upgrade:  - Funil de Vendas - R$ 49,00;1;0.0;0.0;Upgrade;;;Não calculado
02/03/2026;2026;3;Mar.;março;2026-03;Mar./26;82573565;Usuário inexistente;False;betodehon;Upgrade;Não informado;Usuário adicional;Usuário adicional;https://app.pipefy.com/open-cards/1306995188;Migração/Outro;Não informado;Outros motivos descritos;Upgrade 1 usuário adicional para a URL: betodehon | 202602271678170;1;0.0;0.0;Upgrade;;;Não calculado
02/03/2026;2026;3;Mar.;março;2026-03;Mar./26;82573565;Usuário inexistente;False;freeflight;Upgrade;Não informado;Servidores;Servidores;https://app.pipefy.com/open-cards/1307368530;Migração/Outro;Não informado;Outros motivos descritos;Upgrade Servidor 2/4, indicado pelo suporte (Gustavo Fantini) | 202602281679065;1;0.0;0.0;Upgrade;;;Não calculado
02/03/2026;2026;3;Mar.;março;2026-03;Mar./26;82573565;Usuário inexistente;False;verareichertimoveis;Upgrade;Não informado;Chat interno;Chat interno;https://app.pipefy.com/open-cards/1307305268;Migração/Outro;Não informado;Outros motivos descritos;Upgrade Chat Interno R$ 69,90 | 202603021680008;1;0.0;0.0;Upgrade;;;Não calculado
02/03/2026;2026;3;Mar.;março;2026-03;Mar./26;Guilherme Virgilio Soares;Guilherme Virgilio Soares;True;contabilidadecontals;Upgrade;Não informado;Chat interno;Chat interno;https://app.pipefy.com/open-cards/1307363791;Migração/Outro;Não informado;Outros motivos descritos;- Upgrade: Chat interno | R$89,00;1;0.0;0.0;Upgrade;;;Não calculado
02/03/2026;2026;3;Mar.;março;2026-03;Mar./26;Guilherme Virgilio Soares;Guilherme Virgilio Soares;True;migraseguros;Upgrade;Não informado;Usuário adicional;Usuário adicional;https://app.pipefy.com/open-cards/1307193545;Migração/Outro;Não informado;Outros motivos descritos;- Upgrade: 1x Usuário adicional | R$29,00;1;0.0;0.0;Upgrade;;;Não calculado
02/03/2026;2026;3;Mar.;março;2026-03;Mar./26;Guilherme Virgilio Soares;Guilherme Virgilio Soares;True;nacrh;Upgrade;Não informado;Chat interno;Chat interno;https://app.pipefy.com/open-cards/1307083167;Migração/Outro;Não informado;Outros motivos descritos;- Upgrade: Chat interno | R$89,00;1;0.0;0.0;Upgrade;;;Não calculado
02/03/2026;2026;3;Mar.;março;2026-03;Mar./26;Guilherme Virgilio Soares;Guilherme Virgilio Soares;True;nucleoga;Upgrade;Não informado;Conexão adicional de WhatsApp - WABA;Conexão adicional de WhatsApp - WABA;https://app.pipefy.com/open-cards/1307175687;Migração/Outro;Não informado;Outros motivos descritos;- Upgrade: Conexão WhatsApp Oficial | R$89,00;1;0.0;0.0;Upgrade;;;Não calculado
02/03/2026;2026;3;Mar.;março;2026-03;Mar./26;Guilherme Virgilio Soares;Guilherme Virgilio Soares;True;solangecorrespondente;Upgrade;Não informado;Servidores;Servidores;https://app.pipefy.com/open-cards/1307089035;Migração/Outro;Não informado;Outros motivos descritos;- Upgrade: Servidor 2/4 | R$89,00;1;0.0;0.0;Upgrade;;;Não calculado
02/03/2026;2026;3;Mar.;março;2026-03;Mar./26;Guilherme Virgilio Soares;Guilherme Virgilio Soares;True;ticredspromotora;Upgrade;Não informado;Conexão adicional de WhatsApp - WABA;Conexão adicional de WhatsApp - WABA;https://app.pipefy.com/open-cards/1307180805;Migração/Outro;Não informado;Outros motivos descritos;- Upgrade: Conexão WhatsApp Oficial (*CoEx*) | R$89,00;1;0.0;0.0;Upgrade;;;Não calculado
02/03/2026;2026;3;Mar.;março;2026-03;Mar./26;Leticia Silva;Leticia Silva;True;afetosclinica;Upgrade;Não informado;Primeira ativação de número oficial;Primeira ativação de número oficial;https://app.pipefy.com/open-cards/1308056516;Migração/Outro;Não informado;Outros motivos descritos;Primeira ativação de número oficial;1;0.0;0.0;Upgrade;;;Não calculado
02/03/2026;2026;3;Mar.;março;2026-03;Mar./26;Leticia Silva;Leticia Silva;True;ferramentasdovale;Upgrade;Não informado;Chat interno;Chat interno;https://app.pipefy.com/open-cards/1307299823;Migração/Outro;Não informado;Outros motivos descritos;Down Funil de Vendas (R$89,00) - Up Chat Interno (R$89,00).;1;0.0;0.0;Upgrade;;;Não calculado
02/03/2026;2026;3;Mar.;março;2026-03;Mar./26;Leticia Silva;Leticia Silva;True;realizacredltda;Upgrade;Não informado;Funil de vendas;Funil de vendas;https://app.pipefy.com/open-cards/1307112845;Migração/Outro;Não informado;Outros motivos descritos;Up Funil de Vendas (R$49,90).;1;0.0;0.0;Upgrade;;;Não calculado
02/03/2026;2026;3;Mar.;março;2026-03;Mar./26;Tadiane Biason;Tadiane Biason;True;md-rh;Upgrade;Não informado;Conexão adicional de WhatsApp - WABA;Conexão adicional de WhatsApp - WABA;https://app.pipefy.com/open-cards/1307330037;Migração/Outro;Não informado;Outros motivos descritos;Tipo: Upgrade Produto: 2 Conexões Whatsapp Oficial - 178,00 URL: md-rh Protocolo: 202603021680587;1;0.0;0.0;Upgrade;;;Não calculado
02/03/2026;2026;3;Mar.;março;2026-03;Mar./26;Vinicius Simões;Vinicius Simões;True;advbeatrizquirol;Upgrade;Não informado;Conexão adicional de WhatsApp - WABA;Conexão adicional de WhatsApp - WABA;https://app.pipefy.com/open-cards/1307312415;Migração/Outro;Não informado;Outros motivos descritos;Upgrade: - 1x Conexão adicional de WhatsApp API Oficial - R$ 89,00;1;0.0;0.0;Upgrade;;;Não calculado
02/03/2026;2026;3;Mar.;março;2026-03;Mar./26;Vinicius Simões;Vinicius Simões;True;caracinicorretora;Upgrade;Não informado;Servidores;Servidores;https://app.pipefy.com/open-cards/1307182844;Migração/Outro;Não informado;Outros motivos descritos;Upgrade: - Servidor 4/8 - R$ 169,00;1;0.0;0.0;Upgrade;;;Não calculado
02/03/2026;2026;3;Mar.;março;2026-03;Mar./26;Vinicius Simões;Vinicius Simões;True;clinicadoqt;Upgrade;Não informado;Servidores;Servidores;https://app.pipefy.com/open-cards/1307340167;Migração/Outro;Não informado;Outros motivos descritos;Upgrade: - Servidor 4/8 - R$ 169,00;1;0.0;0.0;Upgrade;;;Não calculado
02/03/2026;2026;3;Mar.;março;2026-03;Mar./26;Vinicius Simões;Vinicius Simões;True;icc;Upgrade;Não informado;Usuário adicional;Usuário adicional;https://app.pipefy.com/open-cards/1307237574;Migração/Outro;Não informado;Outros motivos descritos;Upgrade: - 3x Usuários adicionais - R$ 65,70;1;0.0;0.0;Upgrade;;;Não calculado
02/03/2026;2026;3;Mar.;março;2026-03;Mar./26;Vinicius Simões;Vinicius Simões;True;maisconsig;Upgrade;Não informado;Primeira ativação de número oficial;Primeira ativação de número oficial;https://app.pipefy.com/open-cards/1307397644;Migração/Outro;Não informado;Outros motivos descritos;Upgrade: - Conexão de WhatsApp API Oficial - R$ 89,00;1;0.0;0.0;Upgrade;;;Não calculado
02/03/2026;2026;3;Mar.;março;2026-03;Mar./26;Vinicius Simões;Vinicius Simões;True;nucleoga;Upgrade;Não informado;Conexão adicional de WhatsApp - WABA;Conexão adicional de WhatsApp - WABA;https://app.pipefy.com/open-cards/1307327987;Migração/Outro;Não informado;Outros motivos descritos;Upgrade: - 1x Conexão adicional de WhatsApp API Oficial - R$ 119,00;1;0.0;0.0;Upgrade;;;Não calculado
02/03/2026;2026;3;Mar.;março;2026-03;Mar./26;Vinicius Simões;Vinicius Simões;True;photum;Upgrade;Não informado;IA Agent;IA Agent;https://app.pipefy.com/open-cards/1306953686;Migração/Outro;Não informado;Outros motivos descritos;Upgrade: - IA Agente Inteligente com 2.000 Créditos - R$ 220,90;1;0.0;0.0;Upgrade;;;Não calculado
03/03/2026;2026;3;Mar.;março;2026-03;Mar./26;82573565;Usuário inexistente;False;annacarollinaadvogados;Upgrade;Não informado;Chat interno;Chat interno;https://app.pipefy.com/open-cards/1308206894;Migração/Outro;Não informado;Outros motivos descritos;Upgrade Chat Interno R$ 69,90 | 202603021680020;1;0.0;0.0;Upgrade;;;Não calculado
03/03/2026;2026;3;Mar.;março;2026-03;Mar./26;82573565;Usuário inexistente;False;freeflight;Upgrade;Não informado;Servidores;Servidores;https://app.pipefy.com/open-cards/1308355457;Migração/Outro;Não informado;Outros motivos descritos;Upgrade Servidor 4/8, indicado em nova análise feita pelo suporte ( Maycon Carminato);1;0.0;0.0;Upgrade;;;Não calculado
03/03/2026;2026;3;Mar.;março;2026-03;Mar./26;Guilherme Virgilio Soares;Guilherme Virgilio Soares;True;nextlevel;Upgrade;Não informado;Servidores;Servidores;https://app.pipefy.com/open-cards/1308233613;Migração/Outro;Não informado;Outros motivos descritos;- Upgrade:  Servidor 2/4 | R$89,00;1;0.0;0.0;Upgrade;;;Não calculado
03/03/2026;2026;3;Mar.;março;2026-03;Mar./26;Guilherme Virgilio Soares;Guilherme Virgilio Soares;True;rhedesalaocont;Upgrade;Não informado;Integração;Integração;https://app.pipefy.com/open-cards/1308460300;Migração/Outro;Não informado;Outros motivos descritos;- Upgrade: Integração RD Station | R$59,99;1;0.0;0.0;Upgrade;;;Não calculado
03/03/2026;2026;3;Mar.;março;2026-03;Mar./26;Leticia Silva;Leticia Silva;True;donnapresentes;Upgrade;Não informado;Chat interno;Chat interno;https://app.pipefy.com/open-cards/1308144794;Migração/Outro;Não informado;Outros motivos descritos;Up Chat Interno (R$89,00).;1;0.0;0.0;Upgrade;;;Não calculado
03/03/2026;2026;3;Mar.;março;2026-03;Mar./26;Leticia Silva;Leticia Silva;True;drwilliam;Upgrade;Não informado;Servidores;Servidores;https://app.pipefy.com/open-cards/1308448952;Migração/Outro;Não informado;Outros motivos descritos;Up Servidor 2/4 (R$89,00).;1;0.0;0.0;Upgrade;;;Não calculado
03/03/2026;2026;3;Mar.;março;2026-03;Mar./26;Leticia Silva;Leticia Silva;True;easyname;Upgrade;Não informado;Usuário adicional;Usuário adicional;https://app.pipefy.com/open-cards/1308304088;Migração/Outro;Não informado;Outros motivos descritos;up 3 usuários adicionais;1;0.0;0.0;Upgrade;;;Não calculado
03/03/2026;2026;3;Mar.;março;2026-03;Mar./26;Leticia Silva;Leticia Silva;True;mbaero;Upgrade;Não informado;Servidores;Servidores;https://app.pipefy.com/open-cards/1308285657;Migração/Outro;Não informado;Outros motivos descritos;Up Servidor 4/8 (R$169,00).;1;0.0;0.0;Upgrade;;;Não calculado
03/03/2026;2026;3;Mar.;março;2026-03;Mar./26;Leticia Silva;Leticia Silva;True;portaldastintas;Upgrade;Não informado;Funil de vendas;Funil de vendas;https://app.pipefy.com/open-cards/1308115420;Migração/Outro;Não informado;Outros motivos descritos;Up Funil de Vendas (R$49,90).;1;0.0;0.0;Upgrade;;;Não calculado
03/03/2026;2026;3;Mar.;março;2026-03;Mar./26;Leticia Silva;Leticia Silva;True;vistame;Upgrade;Não informado;Conexão adicional de WhatsApp - WABA;Conexão adicional de WhatsApp - WABA;https://app.pipefy.com/open-cards/1308460932;Migração/Outro;Não informado;Outros motivos descritos;Up 2 conexões oficiais (R$79,00).;1;0.0;0.0;Upgrade;;;Não calculado
03/03/2026;2026;3;Mar.;março;2026-03;Mar./26;Melissa Duarte;Melissa Duarte;True;apphealth;Upgrade;Não informado;Funil de vendas;Funil de vendas;https://app.pipefy.com/open-cards/1308438171;Migração/Outro;Não informado;Outros motivos descritos;Up Funil de Vendas R$49,00;1;0.0;0.0;Upgrade;;;Não calculado
03/03/2026;2026;3;Mar.;março;2026-03;Mar./26;Melissa Duarte;Melissa Duarte;True;jrv;Upgrade;Não informado;Funil de vendas;Funil de vendas;https://app.pipefy.com/open-cards/1308284450;Migração/Outro;Não informado;Outros motivos descritos;UP Funil de Vendas R$49,00;1;0.0;0.0;Upgrade;;;Não calculado
03/03/2026;2026;3;Mar.;março;2026-03;Mar./26;Vinicius Simões;Vinicius Simões;True;jwacontabil;Upgrade;Não informado;Servidores;Servidores;https://app.pipefy.com/open-cards/1308349102;Migração/Outro;Não informado;Outros motivos descritos;Upgrade: - Servidor 2/4 - R$ 89,00;1;0.0;0.0;Upgrade;;;Não calculado
03/03/2026;2026;3;Mar.;março;2026-03;Mar./26;Vinicius Simões;Vinicius Simões;True;lucasadv;Upgrade;Não informado;Distribuição automática;Distribuição automática;https://app.pipefy.com/open-cards/1308356688;Migração/Outro;Não informado;Processo/uso operacional;Upgrade: - Distribuição Automática - R$ 89,00;1;0.0;0.0;Upgrade;;;Não calculado
03/03/2026;2026;3;Mar.;março;2026-03;Mar./26;Vinicius Simões;Vinicius Simões;True;simpledealers;Upgrade;Não informado;Primeira ativação de número oficial;Primeira ativação de número oficial;https://app.pipefy.com/open-cards/1308014083;Migração/Outro;Não informado;Outros motivos descritos;Upgrade: - 1x Conexão de WhatsApp API Oficial - R$ 89,00;1;0.0;0.0;Upgrade;;;Não calculado
03/03/2026;2026;3;Mar.;março;2026-03;Mar./26;Vitoria Sabadin;Vitoria Sabadin;True;nevespaduaadv1;Upgrade;Não informado;Distribuição automática;Distribuição automática;https://app.pipefy.com/open-cards/1308392057;Migração/Outro;Não informado;Processo/uso operacional;UP Distribuição Automática | R$89,00;1;0.0;0.0;Upgrade;;;Não calculado
04/03/2026;2026;3;Mar.;março;2026-03;Mar./26;82573565;Usuário inexistente;False;casadoconstrutorbc;Upgrade;Não informado;Servidores;Servidores;https://app.pipefy.com/open-cards/1309252233;Migração/Outro;Não informado;Outros motivos descritos;Upgrade Servidor 8/12, indicado pelo suporte (Regina Guermandi);1;0.0;0.0;Upgrade;;;Não calculado
04/03/2026;2026;3;Mar.;março;2026-03;Mar./26;82573565;Usuário inexistente;False;nv7telecom;Upgrade;Não informado;Servidores;Servidores;https://app.pipefy.com/open-cards/1309292206;Migração/Outro;Não informado;Outros motivos descritos;Upgrade servidor 2/4 R$ 89,00, indicado pelo suporte (Regina Guermandi);1;0.0;0.0;Upgrade;;;Não calculado
04/03/2026;2026;3;Mar.;março;2026-03;Mar./26;Guilherme Virgilio Soares;Guilherme Virgilio Soares;True;atlas;Upgrade;Não informado;Primeira ativação de número oficial;Primeira ativação de número oficial;https://app.pipefy.com/open-cards/1309314233;Migração/Outro;Não informado;Outros motivos descritos;- Upgrade:  Conexão WhatsApp Oficial | R$89,00;1;0.0;0.0;Upgrade;;;Não calculado
04/03/2026;2026;3;Mar.;março;2026-03;Mar./26;Guilherme Virgilio Soares;Guilherme Virgilio Soares;True;cmaiscontadores;Upgrade;Não informado;Servidores;Servidores;https://app.pipefy.com/open-cards/1309301196;Migração/Outro;Não informado;Outros motivos descritos;- Upgrade:  Servidor 4/8 | R$169,00;1;0.0;0.0;Upgrade;;;Não calculado
04/03/2026;2026;3;Mar.;março;2026-03;Mar./26;Guilherme Virgilio Soares;Guilherme Virgilio Soares;True;jdiasimobiliaria;Upgrade;Não informado;Transcrição de Áudio;Transcrição de Áudio;https://app.pipefy.com/open-cards/1309193393;Migração/Outro;Não informado;Outros motivos descritos;- Upgrade: IA - Transcrição de Áudios - 500 créditos | R$24,90;1;0.0;0.0;Upgrade;;;Não calculado
04/03/2026;2026;3;Mar.;março;2026-03;Mar./26;Leticia Silva;Leticia Silva;True;domvet;Upgrade;Não informado;Servidores;Servidores;https://app.pipefy.com/open-cards/1309238892;Migração/Outro;Não informado;Outros motivos descritos;Up Servidor 2/4 (R$89,00).;1;0.0;0.0;Upgrade;;;Não calculado
04/03/2026;2026;3;Mar.;março;2026-03;Mar./26;Leticia Silva;Leticia Silva;True;efetivamais;Upgrade;Não informado;Servidores;Servidores;https://app.pipefy.com/open-cards/1309305767;Migração/Outro;Não informado;Outros motivos descritos;Down Servidor 4/8 > Up Servidor 8/12 (R$270,00).;1;0.0;0.0;Upgrade;;;Não calculado
04/03/2026;2026;3;Mar.;março;2026-03;Mar./26;Leticia Silva;Leticia Silva;True;mirandaadvocacia;Upgrade;Não informado;Servidores;Servidores;https://app.pipefy.com/open-cards/1309252110;Migração/Outro;Não informado;Outros motivos descritos;Up Servidor 2/4 (R$89,00).;1;0.0;0.0;Upgrade;;;Não calculado
04/03/2026;2026;3;Mar.;março;2026-03;Mar./26;Leticia Silva;Leticia Silva;True;satus;Upgrade;Não informado;Servidores;Servidores;https://app.pipefy.com/open-cards/1309047971;Migração/Outro;Não informado;Outros motivos descritos;Up Servidor 2/4 (R$89,00).;1;0.0;0.0;Upgrade;;;Não calculado
04/03/2026;2026;3;Mar.;março;2026-03;Mar./26;Vinicius Simões;Vinicius Simões;True;advpaulohenrique;Upgrade;Não informado;Transcrição de Áudio;Transcrição de Áudio;https://app.pipefy.com/open-cards/1309305444;Migração/Outro;Não informado;Outros motivos descritos;Upgrade: - IA Transcrição de Áudio | 500 minutos - R$ 24,90;1;0.0;0.0;Upgrade;;;Não calculado
04/03/2026;2026;3;Mar.;março;2026-03;Mar./26;Vinicius Simões;Vinicius Simões;True;clubepremium;Upgrade;Não informado;Conexão adicional de WhatsApp - WABA;Conexão adicional de WhatsApp - WABA;https://app.pipefy.com/open-cards/1309317028;Migração/Outro;Não informado;Outros motivos descritos;Upgrade: - 1x Conexão adicional de WhatsApp API Oficial - R$ 80,10;1;0.0;0.0;Upgrade;;;Não calculado
04/03/2026;2026;3;Mar.;março;2026-03;Mar./26;Vinicius Simões;Vinicius Simões;True;douralex;Upgrade;Não informado;Servidores;Servidores;https://app.pipefy.com/open-cards/1309230328;Migração/Outro;Não informado;Outros motivos descritos;Upgrade: - Servidor 2/4 - R$ 89,00;1;0.0;0.0;Upgrade;;;Não calculado
04/03/2026;2026;3;Mar.;março;2026-03;Mar./26;Vinicius Simões;Vinicius Simões;True;migraseguros;Upgrade;Não informado;Usuário adicional;Usuário adicional;https://app.pipefy.com/open-cards/1309224458;Migração/Outro;Não informado;Outros motivos descritos;Upgrade: - 1x Usuário adicional - R$ 29,00;1;0.0;0.0;Upgrade;;;Não calculado
04/03/2026;2026;3;Mar.;março;2026-03;Mar./26;Vitoria Sabadin;Vitoria Sabadin;True;datasystem2;Upgrade;Não informado;Usuário adicional;Usuário adicional;https://app.pipefy.com/open-cards/1309276125;Migração/Outro;Não informado;Outros motivos descritos;UPgrade 1 Usuário adicional | R$29,00;1;0.0;0.0;Upgrade;;;Não calculado
05/03/2026;2026;3;Mar.;março;2026-03;Mar./26;82573565;Usuário inexistente;False;cartoriosjp;Upgrade;Não informado;IA Agent;IA Agent;https://app.pipefy.com/open-cards/1309850674;Migração/Outro;Não informado;Outros motivos descritos;Upgrade IA Agente - 2.000 créditos R$ 219,90 | 202603031681900;1;0.0;0.0;Upgrade;;;Não calculado
05/03/2026;2026;3;Mar.;março;2026-03;Mar./26;82573565;Usuário inexistente;False;consultech;Upgrade;Não informado;Funil de vendas;Funil de vendas;https://app.pipefy.com/open-cards/1310114693;Migração/Outro;Não informado;Outros motivos descritos;**Correção**Upgrade Funil de Vendas R$ 49,00 | 202603051684675;1;0.0;0.0;Upgrade;;;Não calculado
05/03/2026;2026;3;Mar.;março;2026-03;Mar./26;82573565;Usuário inexistente;False;controlecontabil;Upgrade;Não informado;Servidores;Servidores;https://app.pipefy.com/open-cards/1310062017;Migração/Outro;Não informado;Outros motivos descritos;Upgrade Servidor 2/4 orientado pelo suporte (Bianca Miyazaki) | 202603051684366;1;0.0;0.0;Upgrade;;;Não calculado
05/03/2026;2026;3;Mar.;março;2026-03;Mar./26;82573565;Usuário inexistente;False;nogara;Upgrade;Não informado;IA Agent;IA Agent;https://app.pipefy.com/open-cards/1309708578;Migração/Outro;Não informado;Outros motivos descritos;Upgrade IA Agente - 1.000 créditos R$  112,90 | 202603021679863;1;0.0;0.0;Upgrade;;;Não calculado
05/03/2026;2026;3;Mar.;março;2026-03;Mar./26;82573565;Usuário inexistente;False;novageracao;Upgrade;Não informado;Funil de vendas;Funil de vendas;https://app.pipefy.com/open-cards/1310087844;Migração/Outro;Não informado;Outros motivos descritos;upgrade Funil de Vendas R$ 49,00 | 202603051684188;1;0.0;0.0;Upgrade;;;Não calculado
05/03/2026;2026;3;Mar.;março;2026-03;Mar./26;82573565;Usuário inexistente;False;shallom;Upgrade;Não informado;Servidores;Servidores;https://app.pipefy.com/open-cards/1309917065;Migração/Outro;Não informado;Outros motivos descritos;202603041683967;1;0.0;0.0;Upgrade;;;Não calculado
05/03/2026;2026;3;Mar.;março;2026-03;Mar./26;Guilherme Virgilio Soares;Guilherme Virgilio Soares;True;caetanoempreendimentos;Upgrade;Não informado;Integração;Integração;https://app.pipefy.com/open-cards/1310029952;Migração/Outro;Não informado;Outros motivos descritos;- Upgrade: Integração RD Station CRM | R$59,99;1;0.0;0.0;Upgrade;;;Não calculado
05/03/2026;2026;3;Mar.;março;2026-03;Mar./26;Guilherme Virgilio Soares;Guilherme Virgilio Soares;True;fabwebbrr;Upgrade;Não informado;IA Agent;IA Agent;https://app.pipefy.com/open-cards/1309914898;Migração/Outro;Não informado;Outros motivos descritos;- Upgrade: IA - Agente - 1.000 créditos | R$ 112,90;1;0.0;0.0;Upgrade;;;Não calculado
05/03/2026;2026;3;Mar.;março;2026-03;Mar./26;Guilherme Virgilio Soares;Guilherme Virgilio Soares;True;machineelevator;Upgrade;Não informado;IA Agent;IA Agent;https://app.pipefy.com/open-cards/1309942495;Migração/Outro;Não informado;Outros motivos descritos;- Upgrade: IA - Agente - 1.000 créditos | R$ 112,90;1;0.0;0.0;Upgrade;;;Não calculado
05/03/2026;2026;3;Mar.;março;2026-03;Mar./26;Leticia Silva;Leticia Silva;True;advocaciabichahara;Upgrade;Não informado;Primeira ativação de número oficial;Primeira ativação de número oficial;https://app.pipefy.com/open-cards/1310453010;Migração/Outro;Não informado;Outros motivos descritos;Primeira Ativação de Número Oficial.;1;0.0;0.0;Upgrade;;;Não calculado
05/03/2026;2026;3;Mar.;março;2026-03;Mar./26;Leticia Silva;Leticia Silva;True;aquerysuplementos;Upgrade;Não informado;Primeira ativação de número oficial;Primeira ativação de número oficial;https://app.pipefy.com/open-cards/1309918765;Migração/Outro;Não informado;Outros motivos descritos;Primeira ativação de número oficial;1;0.0;0.0;Upgrade;;;Não calculado
05/03/2026;2026;3;Mar.;março;2026-03;Mar./26;Leticia Silva;Leticia Silva;True;dili;Upgrade;Não informado;Servidores;Servidores;https://app.pipefy.com/open-cards/1309886802;Migração/Outro;Não informado;Outros motivos descritos;Up Servidor 2/4 (R$89,00).;1;0.0;0.0;Upgrade;;;Não calculado
05/03/2026;2026;3;Mar.;março;2026-03;Mar./26;Leticia Silva;Leticia Silva;True;ideal;Upgrade;Não informado;Primeira ativação de número oficial;Primeira ativação de número oficial;https://app.pipefy.com/open-cards/1310060642;Migração/Outro;Não informado;Outros motivos descritos;Primeira Ativação de Número Oficial.;1;0.0;0.0;Upgrade;;;Não calculado
05/03/2026;2026;3;Mar.;março;2026-03;Mar./26;Leticia Silva;Leticia Silva;True;ja;Upgrade;Não informado;Conexão adicional de WhatsApp - WABA;Conexão adicional de WhatsApp - WABA;https://app.pipefy.com/open-cards/1309920056;Migração/Outro;Não informado;Outros motivos descritos;Up 2 Conexão WABA / Gupshup / Direct Payment (R$178,00).;1;0.0;0.0;Upgrade;;;Não calculado
05/03/2026;2026;3;Mar.;março;2026-03;Mar./26;Leticia Silva;Leticia Silva;True;maisconsig;Upgrade;Não informado;Primeira ativação de número oficial;Primeira ativação de número oficial;https://app.pipefy.com/open-cards/1309761949;Migração/Outro;Não informado;Outros motivos descritos;Primeira ativação de número oficial;1;0.0;0.0;Upgrade;;;Não calculado
05/03/2026;2026;3;Mar.;março;2026-03;Mar./26;Leticia Silva;Leticia Silva;True;segurosqualityplan;Upgrade;Não informado;Funil de vendas;Funil de vendas;https://app.pipefy.com/open-cards/1309711924;Migração/Outro;Não informado;Cancelamento / encerramento;Up Funil de Vendas (R$49,00). Expliquei para o cliente que as funcionalidades não alteraram, que a ferramenta continua igual da vez que ele cancelou. Só que ele precisa ter o mínimo de controle de informações pelos chamados abertos e ele optou por recontratar.;1;0.0;0.0;Upgrade;;;Não calculado
05/03/2026;2026;3;Mar.;março;2026-03;Mar./26;Leticia Silva;Leticia Silva;True;vbcertificacao;Upgrade;Não informado;Servidores;Servidores;https://app.pipefy.com/open-cards/1310046576;Migração/Outro;Não informado;Outros motivos descritos;Up Servidor 2/4 (R$89,00).;1;0.0;0.0;Upgrade;;;Não calculado
05/03/2026;2026;3;Mar.;março;2026-03;Mar./26;Marcela Medeiros;Marcela Medeiros;True;derepenteempresaria;Upgrade;Não informado;Servidores;Servidores;https://app.pipefy.com/open-cards/1309893664;Migração/Outro;Não informado;Outros motivos descritos;Up servidor 2/4 por R4 89,00 - protocolo 202603041683915;1;0.0;0.0;Upgrade;;;Não calculado
05/03/2026;2026;3;Mar.;março;2026-03;Mar./26;Marcela Medeiros;Marcela Medeiros;True;meicoslaboratorio;Upgrade;Não informado;Servidores;Servidores;https://app.pipefy.com/open-cards/1309853322;Migração/Outro;Não informado;Outros motivos descritos;UP servidor 2/4 por R$ 89,00 no procolo 202603041683896;1;0.0;0.0;Upgrade;;;Não calculado
05/03/2026;2026;3;Mar.;março;2026-03;Mar./26;Melissa Duarte;Melissa Duarte;True;innovar;Upgrade;Não informado;Funil de vendas;Funil de vendas;https://app.pipefy.com/open-cards/1309735249;Migração/Outro;Não informado;Outros motivos descritos;UP Funil de Vendas R$49,00;1;0.0;0.0;Upgrade;;;Não calculado
05/03/2026;2026;3;Mar.;março;2026-03;Mar./26;Melissa Duarte;Melissa Duarte;True;mercadoti;Upgrade;Não informado;Funil de vendas;Funil de vendas;https://app.pipefy.com/open-cards/1310099678;Migração/Outro;Não informado;Outros motivos descritos;UP FUnil de Vendas R$49,00;1;0.0;0.0;Upgrade;;;Não calculado
05/03/2026;2026;3;Mar.;março;2026-03;Mar./26;Vinicius Simões;Vinicius Simões;True;biomedsbrasil;Upgrade;Não informado;Servidores;Servidores;https://app.pipefy.com/open-cards/1309798475;Migração/Outro;Não informado;Outros motivos descritos;Upgrade: - Servidor 16/32 - R$ 549,00;1;0.0;0.0;Upgrade;;;Não calculado
05/03/2026;2026;3;Mar.;março;2026-03;Mar./26;Vinicius Simões;Vinicius Simões;True;drexameitaquera;Upgrade;Não informado;Conexão Instagram Direct;Conexão Instagram Direct;https://app.pipefy.com/open-cards/1310093714;Migração/Outro;Não informado;Outros motivos descritos;Upgrade: - 1x Conexão de Instagram (Direct) - R$ 89,00;1;0.0;0.0;Upgrade;;;Não calculado
05/03/2026;2026;3;Mar.;março;2026-03;Mar./26;Vinicius Simões;Vinicius Simões;True;drexameonline;Upgrade;Não informado;Conexão Instagram Direct;Conexão Instagram Direct;https://app.pipefy.com/open-cards/1310111519;Migração/Outro;Não informado;Outros motivos descritos;Upgrade: - 1x Conexão de Instagram - R$ 89,00;1;0.0;0.0;Upgrade;;;Não calculado
05/03/2026;2026;3;Mar.;março;2026-03;Mar./26;Vinicius Simões;Vinicius Simões;True;helpsc;Upgrade;Não informado;Servidores;Servidores;https://app.pipefy.com/open-cards/1309928898;Migração/Outro;Não informado;Outros motivos descritos;Upgrade: - Servidor 8/16 - 349,00;1;0.0;0.0;Upgrade;;;Não calculado
05/03/2026;2026;3;Mar.;março;2026-03;Mar./26;Vinicius Simões;Vinicius Simões;True;imobi;Upgrade;Não informado;Usuário adicional;Usuário adicional;https://app.pipefy.com/open-cards/1310085870;Migração/Outro;Não informado;Outros motivos descritos;Upgrade: - 30x Usuários adicionais - R$ 825,00;1;0.0;0.0;Upgrade;;;Não calculado
05/03/2026;2026;3;Mar.;março;2026-03;Mar./26;Vinicius Simões;Vinicius Simões;True;moematuratendimento;Upgrade;Não informado;Servidores;Servidores;https://app.pipefy.com/open-cards/1310080393;Migração/Outro;Não informado;Outros motivos descritos;Upgrde: - Servidor 2/4 -R$ 89,00;1;0.0;0.0;Upgrade;;;Não calculado
05/03/2026;2026;3;Mar.;março;2026-03;Mar./26;Vinicius Simões;Vinicius Simões;True;primecontconsultoria;Upgrade;Não informado;Servidores;Servidores;https://app.pipefy.com/open-cards/1309903567;Migração/Outro;Não informado;Outros motivos descritos;Upgrade: - Servidor 2/4 - R$ 89,00;1;0.0;0.0;Upgrade;;;Não calculado
06/03/2026;2026;3;Mar.;março;2026-03;Mar./26;82573565;Usuário inexistente;False;bomnegociopromotora;Upgrade;Não informado;Conexão adicional de WhatsApp - WABA;Conexão adicional de WhatsApp - WABA;https://app.pipefy.com/open-cards/1310477988;Migração/Outro;Não informado;Redução de custo;Upgrade Conexão Waba adicional, valor R$ 89,00;1;0.0;0.0;Upgrade;;;Não calculado
06/03/2026;2026;3;Mar.;março;2026-03;Mar./26;82573565;Usuário inexistente;False;clubepremium;Upgrade;Não informado;Conexão adicional de WhatsApp - WABA;Conexão adicional de WhatsApp - WABA;https://app.pipefy.com/open-cards/1310490890;Migração/Outro;Não informado;Outros motivos descritos;Upgrade de 3 conexões adicionais WABA|| 3x R$ 80,10 | R$ 240,30;1;0.0;0.0;Upgrade;;;Não calculado
06/03/2026;2026;3;Mar.;março;2026-03;Mar./26;82573565;Usuário inexistente;False;contabilidadedagostim;Upgrade;Não informado;Usuário adicional;Usuário adicional;https://app.pipefy.com/open-cards/1310642080;Migração/Outro;Não informado;Outros motivos descritos;UPGRADE 1 usuário R$ 29,00. Não possui meu plano | 202603051684956;1;0.0;0.0;Upgrade;;;Não calculado
06/03/2026;2026;3;Mar.;março;2026-03;Mar./26;82573565;Usuário inexistente;False;financieaqui;Upgrade;Não informado;Servidores;Servidores;https://app.pipefy.com/open-cards/1310911456;Migração/Outro;Não informado;Outros motivos descritos;upgrade servidor 2/4 R$ 89,00 | 202603041683072;1;0.0;0.0;Upgrade;;;Não calculado
06/03/2026;2026;3;Mar.;março;2026-03;Mar./26;82573565;Usuário inexistente;False;lavo;Upgrade;Não informado;Conexão Facebook Messenger;Conexão Facebook Messenger;https://app.pipefy.com/open-cards/1310888587;Migração/Outro;Não informado;Outros motivos descritos;Upgrade Conexão Facebook R$ 89,00 | 202603061686189;1;0.0;0.0;Upgrade;;;Não calculado
06/03/2026;2026;3;Mar.;março;2026-03;Mar./26;82573565;Usuário inexistente;False;magodopismequipe;Upgrade;Não informado;Servidores;Servidores;https://app.pipefy.com/open-cards/1310675320;Migração/Outro;Não informado;Outros motivos descritos;Upgrade servidor 8/12 R$ 270,00;1;0.0;0.0;Upgrade;;;Não calculado
06/03/2026;2026;3;Mar.;março;2026-03;Mar./26;82573565;Usuário inexistente;False;turattoelopes;Upgrade;Não informado;Servidores;Servidores;https://app.pipefy.com/open-cards/1310694256;Migração/Outro;Não informado;Outros motivos descritos;Upgrade Servidor 2/4 R$ 89,00 | 202603051684262;1;0.0;0.0;Upgrade;;;Não calculado
06/03/2026;2026;3;Mar.;março;2026-03;Mar./26;Guilherme Virgilio Soares;Guilherme Virgilio Soares;True;auxiliocontabil;Upgrade;Não informado;Conexão adicional de WhatsApp - WABA;Conexão adicional de WhatsApp - WABA;https://app.pipefy.com/open-cards/1310701686;Migração/Outro;Não informado;Outros motivos descritos;- Upgrade: 2x Conexão WhatsApp Oficial | 2x R$89,00 | R$178,00;1;0.0;0.0;Upgrade;;;Não calculado
06/03/2026;2026;3;Mar.;março;2026-03;Mar./26;Guilherme Virgilio Soares;Guilherme Virgilio Soares;True;classeacontabil;Upgrade;Não informado;Servidores;Servidores;https://app.pipefy.com/open-cards/1310632615;Migração/Outro;Não informado;Outros motivos descritos;- Upgrade: Servidor 4/8 | R$ 169,00;1;0.0;0.0;Upgrade;;;Não calculado
06/03/2026;2026;3;Mar.;março;2026-03;Mar./26;Guilherme Virgilio Soares;Guilherme Virgilio Soares;True;condominiocmed;Upgrade;Não informado;Usuário adicional;Usuário adicional;https://app.pipefy.com/open-cards/1310474015;Migração/Outro;Não informado;Outros motivos descritos;- Upgrade: Plano Acelera | R$99,00 -> Plano Base | R$197,00 38x Usuários adicionais | 38x R$29,00 | R$1.102,00  Total = R$ 1.299,00;1;0.0;0.0;Upgrade;;;Não calculado
06/03/2026;2026;3;Mar.;março;2026-03;Mar./26;Guilherme Virgilio Soares;Guilherme Virgilio Soares;True;corporacaocontabil2;Upgrade;Não informado;Chat interno;Chat interno;https://app.pipefy.com/open-cards/1310570660;Migração/Outro;Não informado;Outros motivos descritos;- Upgrade: Chat Interno | R$ 89,00;1;0.0;0.0;Upgrade;;;Não calculado
06/03/2026;2026;3;Mar.;março;2026-03;Mar./26;Guilherme Virgilio Soares;Guilherme Virgilio Soares;True;dvitoriamateriais;Upgrade;Não informado;Servidores;Servidores;https://app.pipefy.com/open-cards/1310917427;Migração/Outro;Não informado;Outros motivos descritos;- Upgrade: Servidor 2/4 | R$ 89,00 |;1;0.0;0.0;Upgrade;;;Não calculado
06/03/2026;2026;3;Mar.;março;2026-03;Mar./26;Guilherme Virgilio Soares;Guilherme Virgilio Soares;True;grupoaem;Upgrade;Não informado;Funil de vendas;Funil de vendas;https://app.pipefy.com/open-cards/1310677128;Migração/Outro;Não informado;Outros motivos descritos;- Upgrade: Funil de vendas | R$ 49,00;1;0.0;0.0;Upgrade;;;Não calculado
06/03/2026;2026;3;Mar.;março;2026-03;Mar./26;Guilherme Virgilio Soares;Guilherme Virgilio Soares;True;klsports;Upgrade;Não informado;Servidores;Servidores;https://app.pipefy.com/open-cards/1310870993;Migração/Outro;Não informado;Outros motivos descritos;- Upgrade: Servidor 2/4 | R$ 89,00;1;0.0;0.0;Upgrade;;;Não calculado
06/03/2026;2026;3;Mar.;março;2026-03;Mar./26;Guilherme Virgilio Soares;Guilherme Virgilio Soares;True;perfeitocontabilidade;Upgrade;Não informado;Chat interno;Chat interno;https://app.pipefy.com/open-cards/1310517507;Migração/Outro;Não informado;Outros motivos descritos;- Upgrade:  Chat interno (com desconto) | R$ 69,00 |;1;0.0;0.0;Upgrade;;;Não calculado
06/03/2026;2026;3;Mar.;março;2026-03;Mar./26;Guilherme Virgilio Soares;Guilherme Virgilio Soares;True;starcorretoradeseguros;Upgrade;Não informado;Conexão adicional de WhatsApp - WABA;Conexão adicional de WhatsApp - WABA;https://app.pipefy.com/open-cards/1310462946;Migração/Outro;Não informado;Outros motivos descritos;- Upgrade: Conexão WhatsApp Oficial | R$ 89,00;1;0.0;0.0;Upgrade;;;Não calculado
06/03/2026;2026;3;Mar.;março;2026-03;Mar./26;Guilherme Virgilio Soares;Guilherme Virgilio Soares;True;thermashwatendimento;Upgrade;Não informado;Reclame Aqui;Reclame Aqui;https://app.pipefy.com/open-cards/1310457982;Migração/Outro;Não informado;Outros motivos descritos;- Upgrade: Conexão Reclame Aqui | R$ 49,00;1;0.0;0.0;Upgrade;;;Não calculado
06/03/2026;2026;3;Mar.;março;2026-03;Mar./26;Leticia Silva;Leticia Silva;True;agilizebrasil;Upgrade;Não informado;Servidores;Servidores;https://app.pipefy.com/open-cards/1310881576;Migração/Outro;Não informado;Outros motivos descritos;Up Servidor 2/4 (R$89,00).;1;0.0;0.0;Upgrade;;;Não calculado
06/03/2026;2026;3;Mar.;março;2026-03;Mar./26;Leticia Silva;Leticia Silva;True;ccanedoadvogados;Upgrade;Não informado;Funil de vendas;Funil de vendas;https://app.pipefy.com/open-cards/1310615276;Migração/Outro;Não informado;Outros motivos descritos;Up Funil de Vendas (R$49,00),;1;0.0;0.0;Upgrade;;;Não calculado
06/03/2026;2026;3;Mar.;março;2026-03;Mar./26;Leticia Silva;Leticia Silva;True;centerlabvet;Upgrade;Não informado;Servidores;Servidores;https://app.pipefy.com/open-cards/1310530260;Migração/Outro;Não informado;Outros motivos descritos;Up Servidor 2/4 (R$89,00).;1;0.0;0.0;Upgrade;;;Não calculado
06/03/2026;2026;3;Mar.;março;2026-03;Mar./26;Leticia Silva;Leticia Silva;True;iqtuniformes;Upgrade;Não informado;Funil de vendas;Funil de vendas;https://app.pipefy.com/open-cards/1310877381;Migração/Outro;Não informado;Outros motivos descritos;Up Funil de Vendas (R$49,90).;1;0.0;0.0;Upgrade;;;Não calculado
06/03/2026;2026;3;Mar.;março;2026-03;Mar./26;Leticia Silva;Leticia Silva;True;lepetsante;Upgrade;Não informado;Servidores;Servidores;https://app.pipefy.com/open-cards/1310865641;Migração/Outro;Não informado;Outros motivos descritos;Down Servidor 4/8 (R$169,00), Up Servidor 8/12 (R$270,00).;1;0.0;0.0;Upgrade;;;Não calculado
06/03/2026;2026;3;Mar.;março;2026-03;Mar./26;Leticia Silva;Leticia Silva;True;lsccontabilidade;Upgrade;Não informado;Servidores;Servidores;https://app.pipefy.com/open-cards/1310523217;Migração/Outro;Não informado;Outros motivos descritos;Up Servidor 2/4 (R$89,00).;1;0.0;0.0;Upgrade;;;Não calculado
06/03/2026;2026;3;Mar.;março;2026-03;Mar./26;Leticia Silva;Leticia Silva;True;nexttpromotora;Upgrade;Não informado;Servidores;Servidores;https://app.pipefy.com/open-cards/1310524848;Migração/Outro;Não informado;Outros motivos descritos;Up Servidor 2/4 (R$89,00).;1;0.0;0.0;Upgrade;;;Não calculado
06/03/2026;2026;3;Mar.;março;2026-03;Mar./26;Vinicius Simões;Vinicius Simões;True;advmartinscob;Upgrade;Não informado;Servidores;Servidores;https://app.pipefy.com/open-cards/1310548245;Migração/Outro;Não informado;Outros motivos descritos;Upgrade: - Servidor 2/4 - R$ 89,00;1;0.0;0.0;Upgrade;;;Não calculado
06/03/2026;2026;3;Mar.;março;2026-03;Mar./26;Vinicius Simões;Vinicius Simões;True;claytonmarquesadv;Upgrade;Não informado;Conexão adicional de WhatsApp - WABA;Conexão adicional de WhatsApp - WABA;https://app.pipefy.com/open-cards/1310742478;Migração/Outro;Não informado;Outros motivos descritos;Upgrade: - 2x Conexões adicionais de WhatsApp API Oficial - R$ 178,00;1;0.0;0.0;Upgrade;;;Não calculado
06/03/2026;2026;3;Mar.;março;2026-03;Mar./26;Vinicius Simões;Vinicius Simões;True;dalenogaremaltzadv;Upgrade;Não informado;Primeira ativação de número oficial;Primeira ativação de número oficial;https://app.pipefy.com/open-cards/1310846380;Migração/Outro;Não informado;Outros motivos descritos;Upgrade: - 1x Conexão de WhatsApp API Oficial - R$ 89,00;1;0.0;0.0;Upgrade;;;Não calculado
06/03/2026;2026;3;Mar.;março;2026-03;Mar./26;Vinicius Simões;Vinicius Simões;True;gearnoctec;Upgrade;Não informado;Servidores;Servidores;https://app.pipefy.com/open-cards/1310786194;Migração/Outro;Não informado;Outros motivos descritos;Upgrade: - Servidor 2/4 - R$ 89,00;1;0.0;0.0;Upgrade;;;Não calculado
06/03/2026;2026;3;Mar.;março;2026-03;Mar./26;Vinicius Simões;Vinicius Simões;True;iqtuniformes;Upgrade;Não informado;Servidores;Servidores;https://app.pipefy.com/open-cards/1310734531;Migração/Outro;Não informado;Outros motivos descritos;Upgrade: - Servidor 2/4 - R$ 89,00;1;0.0;0.0;Upgrade;;;Não calculado
06/03/2026;2026;3;Mar.;março;2026-03;Mar./26;Vinicius Simões;Vinicius Simões;True;mergulhodelas;Upgrade;Não informado;Conexão Facebook Messenger;Conexão Facebook Messenger;https://app.pipefy.com/open-cards/1310899644;Migração/Outro;Não informado;Outros motivos descritos;Upgrade: - 1x Conexão de Facebook - R$ 89,00;1;0.0;0.0;Upgrade;;;Não calculado
06/03/2026;2026;3;Mar.;março;2026-03;Mar./26;Vinicius Simões;Vinicius Simões;True;nucleoga;Upgrade;Não informado;Usuário adicional;Usuário adicional;https://app.pipefy.com/open-cards/1310756009;Migração/Outro;Não informado;Outros motivos descritos;Upgrade: - 1x Usuário adicional - R$ 29,00;1;0.0;0.0;Upgrade;;;Não calculado
06/03/2026;2026;3;Mar.;março;2026-03;Mar./26;Vinicius Simões;Vinicius Simões;True;phenix;Upgrade;Não informado;Servidores;Servidores;https://app.pipefy.com/open-cards/1310468092;Migração/Outro;Não informado;Outros motivos descritos;Upgrade: - Servidor 2/4 - R$ 89,00;1;0.0;0.0;Upgrade;;;Não calculado
06/03/2026;2026;3;Mar.;março;2026-03;Mar./26;Vinicius Simões;Vinicius Simões;True;tranquiliza;Upgrade;Não informado;Servidores;Servidores;https://app.pipefy.com/open-cards/1310811416;Migração/Outro;Não informado;Outros motivos descritos;Upgrade: - Servidor 2/4 - R$ 89,00;1;0.0;0.0;Upgrade;;;Não calculado
09/03/2026;2026;3;Mar.;março;2026-03;Mar./26;82573565;Usuário inexistente;False;a4advogados;Upgrade;Não informado;Servidores;Servidores;https://app.pipefy.com/open-cards/1312755988;Migração/Outro;Não informado;Outros motivos descritos;Upgrade Servidor 2/4 indicado pelo suporte (Bruno Lima) | 202603061686623;1;0.0;0.0;Upgrade;;;Não calculado
09/03/2026;2026;3;Mar.;março;2026-03;Mar./26;82573565;Usuário inexistente;False;dimensaosistemas;Upgrade;Não informado;Servidores;Servidores;https://app.pipefy.com/open-cards/1312764925;Migração/Outro;Não informado;Redução de custo;Upgrade Servidor 2/4 no valor de R$ 89,00, indicado pelo suporte (Gustavo Fantini) | 202603061686784;1;0.0;0.0;Upgrade;;;Não calculado
09/03/2026;2026;3;Mar.;março;2026-03;Mar./26;82573565;Usuário inexistente;False;freitasebiagiadv;Upgrade;Não informado;Servidores;Servidores;https://app.pipefy.com/open-cards/1312745550;Migração/Outro;Não informado;Outros motivos descritos;Upgrade Servidor 2/4 indicado pelo suporte (Harison Oliveira) | 202603061686364;1;0.0;0.0;Upgrade;;;Não calculado
09/03/2026;2026;3;Mar.;março;2026-03;Mar./26;82573565;Usuário inexistente;False;laylakissaadv;Upgrade;Não informado;Servidores;Servidores;https://app.pipefy.com/open-cards/1312976113;Migração/Outro;Não informado;Outros motivos descritos;Upgrade Servidor 2/4, R$ 89,00, indicado pelo suporte (Leidiane Magalhães) | 202603061686759;1;0.0;0.0;Upgrade;;;Não calculado
09/03/2026;2026;3;Mar.;março;2026-03;Mar./26;82573565;Usuário inexistente;False;nippurfinance;Upgrade;Não informado;Servidores;Servidores;https://app.pipefy.com/open-cards/1313226680;Migração/Outro;Não informado;Outros motivos descritos;Upgrade Servidor 4/8, indicado pelo suporte Bruno Lima | 202603091687493;1;0.0;0.0;Upgrade;;;Não calculado
09/03/2026;2026;3;Mar.;março;2026-03;Mar./26;82573565;Usuário inexistente;False;perelax;Upgrade;Não informado;"Conexão Instagram Direct; Conexão Facebook Messenger";Conexão Instagram Direct + outros;https://app.pipefy.com/open-cards/1312881766;Migração/Outro;Não informado;Outros motivos descritos;Upgrade de conexão de Instagram e Facebook no combo-R$ 130,00 | 202603071687048;2;0.0;0.0;Upgrade;;;Não calculado
09/03/2026;2026;3;Mar.;março;2026-03;Mar./26;82573565;Usuário inexistente;False;peresfernandes;Upgrade;Não informado;Servidores;Servidores;https://app.pipefy.com/open-cards/1313134391;Migração/Outro;Não informado;Outros motivos descritos;Upgrade Servidor 2/4 R$ 89,00 indicado pelo suporte (Leidiane Magalhães) | 202603091687369;1;0.0;0.0;Upgrade;;;Não calculado
09/03/2026;2026;3;Mar.;março;2026-03;Mar./26;82573565;Usuário inexistente;False;uptecnologias;Upgrade;Não informado;Servidores;Servidores;https://app.pipefy.com/open-cards/1313215094;Migração/Outro;Não informado;Outros motivos descritos;Upgrade Servidor 2/4 R$ 89,00 (indicado pelo Gustavo Fantini| 202603091687555;1;0.0;0.0;Upgrade;;;Não calculado
09/03/2026;2026;3;Mar.;março;2026-03;Mar./26;Guilherme Virgilio Soares;Guilherme Virgilio Soares;True;apiabogados;Upgrade;Não informado;Conexão Instagram Direct;Conexão Instagram Direct;https://app.pipefy.com/open-cards/1313020027;Migração/Outro;Não informado;Outros motivos descritos;- Upgrade: Conexão adicional de Instagram (com desconto) | USD 6,00;1;0.0;0.0;Upgrade;;;Não calculado
09/03/2026;2026;3;Mar.;março;2026-03;Mar./26;Guilherme Virgilio Soares;Guilherme Virgilio Soares;True;camposecampos;Upgrade;Não informado;Pacotes SMS Disparo em Massa;Pacotes SMS Disparo em Massa;https://app.pipefy.com/open-cards/1312841421;Migração/Outro;Não informado;Outros motivos descritos;- Upgrade: SMS 450 créditos | R$45,00;1;0.0;0.0;Upgrade;;;Não calculado
09/03/2026;2026;3;Mar.;março;2026-03;Mar./26;Guilherme Virgilio Soares;Guilherme Virgilio Soares;True;centerplastic;Upgrade;Não informado;Servidores;Servidores;https://app.pipefy.com/open-cards/1313010874;Migração/Outro;Não informado;Outros motivos descritos;- Upgrade: Servidor 2/4 | R$ 89,00;1;0.0;0.0;Upgrade;;;Não calculado
09/03/2026;2026;3;Mar.;março;2026-03;Mar./26;Guilherme Virgilio Soares;Guilherme Virgilio Soares;True;contalizecontabil;Upgrade;Não informado;Servidores;Servidores;https://app.pipefy.com/open-cards/1312777377;Migração/Outro;Não informado;Outros motivos descritos;- Upgrade: Servidor 2/4 | R$89,00;1;0.0;0.0;Upgrade;;;Não calculado
09/03/2026;2026;3;Mar.;março;2026-03;Mar./26;Guilherme Virgilio Soares;Guilherme Virgilio Soares;True;petize;Upgrade;Não informado;Integração;Integração;https://app.pipefy.com/open-cards/1312863614;Migração/Outro;Não informado;Outros motivos descritos;- Upgrade: Integração RD Station CRM | R$59,99;1;0.0;0.0;Upgrade;;;Não calculado
09/03/2026;2026;3;Mar.;março;2026-03;Mar./26;Guilherme Virgilio Soares;Guilherme Virgilio Soares;True;viagensrdv;Upgrade;Não informado;Transcrição de Áudio;Transcrição de Áudio;https://app.pipefy.com/open-cards/1312795642;Migração/Outro;Não informado;Outros motivos descritos;- Upgrade: IA - Transcrição de àudio - 500 minutos | R$24,90;1;0.0;0.0;Upgrade;;;Não calculado
09/03/2026;2026;3;Mar.;março;2026-03;Mar./26;Leticia Silva;Leticia Silva;True;fsbentocred;Upgrade;Não informado;Servidores;Servidores;https://app.pipefy.com/open-cards/1313100558;Migração/Outro;Não informado;Outros motivos descritos;Up Servidor 2/4 (R$89,00).;1;0.0;0.0;Upgrade;;;Não calculado
09/03/2026;2026;3;Mar.;março;2026-03;Mar./26;Leticia Silva;Leticia Silva;True;grupothe;Upgrade;Não informado;Servidores;Servidores;https://app.pipefy.com/open-cards/1313166471;Migração/Outro;Não informado;Outros motivos descritos;Up Servidor 2/7 (R$2/4).;1;0.0;0.0;Upgrade;;;Não calculado
09/03/2026;2026;3;Mar.;março;2026-03;Mar./26;Leticia Silva;Leticia Silva;True;helenbeauty;Upgrade;Não informado;Servidores;Servidores;https://app.pipefy.com/open-cards/1313216069;Migração/Outro;Não informado;Outros motivos descritos;Up Servidor 2/4 (R$89,00).;1;0.0;0.0;Upgrade;;;Não calculado
09/03/2026;2026;3;Mar.;março;2026-03;Mar./26;Leticia Silva;Leticia Silva;True;karinecunhaadvogados;Upgrade;Não informado;Servidores;Servidores;https://app.pipefy.com/open-cards/1313153497;Migração/Outro;Não informado;Outros motivos descritos;Up Servidor 2/4 (R$89,00);1;0.0;0.0;Upgrade;;;Não calculado
09/03/2026;2026;3;Mar.;março;2026-03;Mar./26;Leticia Silva;Leticia Silva;True;polocond;Upgrade;Não informado;Integração;Integração;https://app.pipefy.com/open-cards/1312775087;Migração/Outro;Não informado;Outros motivos descritos;Up Integração Superlogica Condominios (R$69,99).;1;0.0;0.0;Upgrade;;;Não calculado
09/03/2026;2026;3;Mar.;março;2026-03;Mar./26;Leticia Silva;Leticia Silva;True;superzonbrasil;Upgrade;Não informado;"Conexão Instagram Direct; Conexão Facebook Messenger";Conexão Instagram Direct + outros;https://app.pipefy.com/open-cards/1313212784;Migração/Outro;Não informado;Outros motivos descritos;Up Conexão de Faceboom + Instagram (R$60,00 cada).;2;0.0;0.0;Upgrade;;;Não calculado
09/03/2026;2026;3;Mar.;março;2026-03;Mar./26;Leticia Silva;Leticia Silva;True;virtualcobrancas;Upgrade;Não informado;Servidores;Servidores;https://app.pipefy.com/open-cards/1312889002;Migração/Outro;Não informado;Outros motivos descritos;Down Servidor 4/8 (R$169,00) > Up Servidor 16/32 (R$549,00).;1;0.0;0.0;Upgrade;;;Não calculado
09/03/2026;2026;3;Mar.;março;2026-03;Mar./26;Vinicius Simões;Vinicius Simões;True;copasulassessoria;Upgrade;Não informado;Servidores;Servidores;https://app.pipefy.com/open-cards/1313124519;Migração/Outro;Não informado;Outros motivos descritos;Upgrade: - Servidor 4/8 - R$ 169,00;1;0.0;0.0;Upgrade;;;Não calculado
09/03/2026;2026;3;Mar.;março;2026-03;Mar./26;Vinicius Simões;Vinicius Simões;True;creditojaoficial;Upgrade;Não informado;Conexão adicional de WhatsApp - WABA;Conexão adicional de WhatsApp - WABA;https://app.pipefy.com/open-cards/1313171626;Migração/Outro;Não informado;Outros motivos descritos;Upgrade: - 1x Conexão adiciona de WhatsApp API Oficial - R$ 89,00;1;0.0;0.0;Upgrade;;;Não calculado
09/03/2026;2026;3;Mar.;março;2026-03;Mar./26;Vinicius Simões;Vinicius Simões;True;doceriaamorosa;Upgrade;Não informado;Primeira ativação de número oficial;Primeira ativação de número oficial;https://app.pipefy.com/open-cards/1312809529;Migração/Outro;Não informado;Outros motivos descritos;Upgrade: - Conexão de WhatsApp API Oficial - R$ 89,00;1;0.0;0.0;Upgrade;;;Não calculado
09/03/2026;2026;3;Mar.;março;2026-03;Mar./26;Vinicius Simões;Vinicius Simões;True;gconcontabilidade;Upgrade;Não informado;Servidores;Servidores;https://app.pipefy.com/open-cards/1313204858;Migração/Outro;Não informado;Outros motivos descritos;Upgrade: - Servidor 2/4 - R$ 89,00;1;0.0;0.0;Upgrade;;;Não calculado
09/03/2026;2026;3;Mar.;março;2026-03;Mar./26;Vinicius Simões;Vinicius Simões;True;maissaudeac;Upgrade;Não informado;Servidores;Servidores;https://app.pipefy.com/open-cards/1313194107;Migração/Outro;Não informado;Outros motivos descritos;Upgrade: - Servidor 2/4 - R$ 89,00;1;0.0;0.0;Upgrade;;;Não calculado
09/03/2026;2026;3;Mar.;março;2026-03;Mar./26;Vinicius Simões;Vinicius Simões;True;maqserv;Upgrade;Não informado;Servidores;Servidores;https://app.pipefy.com/open-cards/1313022293;Migração/Outro;Não informado;Outros motivos descritos;Upgrade: - Servidor 2/4 - R$ 89,00;1;0.0;0.0;Upgrade;;;Não calculado
09/03/2026;2026;3;Mar.;março;2026-03;Mar./26;Vinicius Simões;Vinicius Simões;True;melhoragenciadeviagens;Upgrade;Não informado;Servidores;Servidores;https://app.pipefy.com/open-cards/1313226766;Migração/Outro;Não informado;Outros motivos descritos;Upgrade: - Servidor 2/4 - R$ 89,00;1;0.0;0.0;Upgrade;;;Não calculado
09/03/2026;2026;3;Mar.;março;2026-03;Mar./26;Vinicius Simões;Vinicius Simões;True;radioclin;Upgrade;Não informado;Conexão Instagram Direct;Conexão Instagram Direct;https://app.pipefy.com/open-cards/1313068425;Migração/Outro;Não informado;Outros motivos descritos;Upgrade: - 1x Conexão de Instagram - R$ 89,00;1;0.0;0.0;Upgrade;;;Não calculado
09/03/2026;2026;3;Mar.;março;2026-03;Mar./26;Vinicius Simões;Vinicius Simões;True;retipasso;Upgrade;Não informado;Servidores;Servidores;https://app.pipefy.com/open-cards/1313155057;Migração/Outro;Não informado;Outros motivos descritos;Upgrade: - Servidor 2/4 - R$ 89,00;1;0.0;0.0;Upgrade;;;Não calculado
09/03/2026;2026;3;Mar.;março;2026-03;Mar./26;Vinicius Simões;Vinicius Simões;True;uniartesuniformes;Upgrade;Não informado;IA Agent;IA Agent;https://app.pipefy.com/open-cards/1313234078;Migração/Outro;Não informado;Outros motivos descritos;Upgrade: - IA Agente Inteligente | 1.000 créditos - R$ 112,90;1;0.0;0.0;Upgrade;;;Não calculado
10/03/2026;2026;3;Mar.;março;2026-03;Mar./26;82573565;Usuário inexistente;False;claytonmarquesadv;Upgrade;Não informado;Servidores;Servidores;https://app.pipefy.com/open-cards/1314023157;Migração/Outro;Não informado;Redução de custo;Upgrade Servidor 4/8, no valor de R$ 169,00, indicado pelo suporte (Ana Lins) | 202603101689591;1;0.0;0.0;Upgrade;;;Não calculado
10/03/2026;2026;3;Mar.;março;2026-03;Mar./26;82573565;Usuário inexistente;False;imbraconmontesinai;Upgrade;Não informado;Chat interno;Chat interno;https://app.pipefy.com/open-cards/1313800585;Migração/Outro;Não informado;Outros motivos descritos;Upgrade Chat Interno R$ 89,00 | 202603101689564;1;0.0;0.0;Upgrade;;;Não calculado
10/03/2026;2026;3;Mar.;março;2026-03;Mar./26;82573565;Usuário inexistente;False;laromaticformulas;Upgrade;Não informado;Funil de vendas;Funil de vendas;https://app.pipefy.com/open-cards/1313760514;Migração/Outro;Não informado;Outros motivos descritos;Upgrade Funil de vendas R$ 49,00 | 202603091687691;1;0.0;0.0;Upgrade;;;Não calculado
10/03/2026;2026;3;Mar.;março;2026-03;Mar./26;82573565;Usuário inexistente;False;lucasadv;Upgrade;Não informado;Servidores;Servidores;https://app.pipefy.com/open-cards/1314028786;Migração/Outro;Não informado;Redução de custo;Upgrade Servidor 4/8, no valor de R$ 169,00, indicado pelo suporte (Rafael Novelli) | 202603091688433;1;0.0;0.0;Upgrade;;;Não calculado
10/03/2026;2026;3;Mar.;março;2026-03;Mar./26;82573565;Usuário inexistente;False;paisajeurbano;Upgrade;Não informado;Usuário adicional;Usuário adicional;https://app.pipefy.com/open-cards/1313757238;Migração/Outro;Não informado;Outros motivos descritos;Upgrade usuários adicionais 7 x US$ 6.00 = US$ 42.00 . Cliente não possui Meu Plano e o contrato é faturado em dólar | 202603091687692;1;0.0;0.0;Upgrade;;;Não calculado
10/03/2026;2026;3;Mar.;março;2026-03;Mar./26;82573565;Usuário inexistente;False;supremams;Upgrade;Não informado;Servidores;Servidores;https://app.pipefy.com/open-cards/1313692445;Migração/Outro;Não informado;Outros motivos descritos;Upgrade Servidor 2/4, R$ 89,00, indicado pelo suporte (Ana Lins) | 202603091687823;1;0.0;0.0;Upgrade;;;Não calculado
10/03/2026;2026;3;Mar.;março;2026-03;Mar./26;Guilherme Virgilio Soares;Guilherme Virgilio Soares;True;benazmotos;Upgrade;Não informado;Servidores;Servidores;https://app.pipefy.com/open-cards/1313661536;Migração/Outro;Não informado;Outros motivos descritos;- Upgrade: Servidor 2/4 | R$ 89,00;1;0.0;0.0;Upgrade;;;Não calculado
10/03/2026;2026;3;Mar.;março;2026-03;Mar./26;Guilherme Virgilio Soares;Guilherme Virgilio Soares;True;narcisocontabilidade;Upgrade;Não informado;Servidores;Servidores;https://app.pipefy.com/open-cards/1313972504;Migração/Outro;Não informado;Outros motivos descritos;- Upgrade: Servidor 2/4 | R$ 89,00;1;0.0;0.0;Upgrade;;;Não calculado
10/03/2026;2026;3;Mar.;março;2026-03;Mar./26;Guilherme Virgilio Soares;Guilherme Virgilio Soares;True;prates;Upgrade;Não informado;Servidores;Servidores;https://app.pipefy.com/open-cards/1313765944;Migração/Outro;Não informado;Outros motivos descritos;- Upgrade: Servidor 2/4 | R$ 89,00;1;0.0;0.0;Upgrade;;;Não calculado
10/03/2026;2026;3;Mar.;março;2026-03;Mar./26;Guilherme Virgilio Soares;Guilherme Virgilio Soares;True;ultranegociacoes;Upgrade;Não informado;Servidores;Servidores;https://app.pipefy.com/open-cards/1313965782;Migração/Outro;Não informado;Outros motivos descritos;- Upgrade: Servidor 2/4 | R$ 89,00;1;0.0;0.0;Upgrade;;;Não calculado
10/03/2026;2026;3;Mar.;março;2026-03;Mar./26;Leticia Silva;Leticia Silva;True;bensimoveisbh;Upgrade;Não informado;Servidores;Servidores;https://app.pipefy.com/open-cards/1313940590;Migração/Outro;Não informado;Outros motivos descritos;Up Servidor 2/4 (R$89,00).;1;0.0;0.0;Upgrade;;;Não calculado
10/03/2026;2026;3;Mar.;março;2026-03;Mar./26;Leticia Silva;Leticia Silva;True;daividtransportes;Upgrade;Não informado;Servidores;Servidores;https://app.pipefy.com/open-cards/1313942945;Migração/Outro;Não informado;Outros motivos descritos;Up Servidor 2/4 (R$89,00).;1;0.0;0.0;Upgrade;;;Não calculado
10/03/2026;2026;3;Mar.;março;2026-03;Mar./26;Leticia Silva;Leticia Silva;True;drgustavovilela;Upgrade;Não informado;Servidores;Servidores;https://app.pipefy.com/open-cards/1313971562;Migração/Outro;Não informado;Outros motivos descritos;Up Servidor 2/4 (R$89,00).;1;0.0;0.0;Upgrade;;;Não calculado
10/03/2026;2026;3;Mar.;março;2026-03;Mar./26;Leticia Silva;Leticia Silva;True;dumatoimportados;Upgrade;Não informado;Servidores;Servidores;https://app.pipefy.com/open-cards/1313658279;Migração/Outro;Não informado;Outros motivos descritos;Up Servidor 2/4 (R$89,00).;1;0.0;0.0;Upgrade;;;Não calculado
10/03/2026;2026;3;Mar.;março;2026-03;Mar./26;Leticia Silva;Leticia Silva;True;frangoart;Upgrade;Não informado;Servidores;Servidores;https://app.pipefy.com/open-cards/1313663992;Migração/Outro;Não informado;Outros motivos descritos;Up Servidor 2/4 (R$89,00).;1;0.0;0.0;Upgrade;;;Não calculado
10/03/2026;2026;3;Mar.;março;2026-03;Mar./26;Leticia Silva;Leticia Silva;True;gilarimoveis;Upgrade;Não informado;Conexão adicional de WhatsApp - WABA;Conexão adicional de WhatsApp - WABA;https://app.pipefy.com/open-cards/1314014559;Migração/Outro;Não informado;Outros motivos descritos;Up Conexão WABA / Gupshup / Direct Payment (R$89,00).;1;0.0;0.0;Upgrade;;;Não calculado
10/03/2026;2026;3;Mar.;março;2026-03;Mar./26;Leticia Silva;Leticia Silva;True;lexcontabilidade;Upgrade;Não informado;Servidores;Servidores;https://app.pipefy.com/open-cards/1313683863;Migração/Outro;Não informado;Outros motivos descritos;Up Servidor 2/4 (R$89,00).;1;0.0;0.0;Upgrade;;;Não calculado
10/03/2026;2026;3;Mar.;março;2026-03;Mar./26;Leticia Silva;Leticia Silva;True;lopesecampanelli;Upgrade;Não informado;Servidores;Servidores;https://app.pipefy.com/open-cards/1313765279;Migração/Outro;Não informado;Outros motivos descritos;Up Servidor 2/4 (R$89,00).;1;0.0;0.0;Upgrade;;;Não calculado
10/03/2026;2026;3;Mar.;março;2026-03;Mar./26;Leticia Silva;Leticia Silva;True;maryhelppontadapraia;Upgrade;Não informado;Servidores;Servidores;https://app.pipefy.com/open-cards/1313721827;Migração/Outro;Não informado;Outros motivos descritos;Down / Up Servidor 2/4 (R$89,00).;1;0.0;0.0;Upgrade;;;Não calculado
10/03/2026;2026;3;Mar.;março;2026-03;Mar./26;Leticia Silva;Leticia Silva;True;mcscontabeis;Upgrade;Não informado;Servidores;Servidores;https://app.pipefy.com/open-cards/1314019125;Migração/Outro;Não informado;Outros motivos descritos;Up Servidor 2/4 (R$89,00).;1;0.0;0.0;Upgrade;;;Não calculado
10/03/2026;2026;3;Mar.;março;2026-03;Mar./26;Leticia Silva;Leticia Silva;True;pki;Upgrade;Não informado;Servidores;Servidores;https://app.pipefy.com/open-cards/1313744329;Migração/Outro;Não informado;Outros motivos descritos;Up Servidor 2/4 (R$89,00).;1;0.0;0.0;Upgrade;;;Não calculado
10/03/2026;2026;3;Mar.;março;2026-03;Mar./26;Leticia Silva;Leticia Silva;True;primorcontabil;Upgrade;Não informado;Usuário adicional;Usuário adicional;https://app.pipefy.com/open-cards/1313920336;Migração/Outro;Não informado;Outros motivos descritos;Up 2 usuários adicionais na primorcontabil (R$58,00).;1;0.0;0.0;Upgrade;;;Não calculado
10/03/2026;2026;3;Mar.;março;2026-03;Mar./26;Leticia Silva;Leticia Silva;True;stageassessoria;Upgrade;Não informado;Servidores;Servidores;https://app.pipefy.com/open-cards/1313931045;Migração/Outro;Não informado;Outros motivos descritos;Up Servidor 2/4 (R$89,00).;1;0.0;0.0;Upgrade;;;Não calculado
10/03/2026;2026;3;Mar.;março;2026-03;Mar./26;Leticia Silva;Leticia Silva;True;unitaonline;Upgrade;Não informado;Funil de vendas;Funil de vendas;https://app.pipefy.com/open-cards/1313756955;Migração/Outro;Não informado;Outros motivos descritos;Up Funil de Vendas: R$49,90.;1;0.0;0.0;Upgrade;;;Não calculado
10/03/2026;2026;3;Mar.;março;2026-03;Mar./26;Luis Siqueira;Luis Siqueira;True;niodigital;Upgrade;Não informado;Conexão adicional de WhatsApp - WABA;Conexão adicional de WhatsApp - WABA;https://app.pipefy.com/open-cards/1313933914;Migração/Outro;Não informado;Redução de custo;Cliente quer seguir com a adição de uma outra conexão oficial, no valor de R$ 89,00;1;0.0;0.0;Upgrade;;;Não calculado
10/03/2026;2026;3;Mar.;março;2026-03;Mar./26;Melissa Duarte;Melissa Duarte;True;libellumdigital;Upgrade;Não informado;Funil de vendas;Funil de vendas;https://app.pipefy.com/open-cards/1313900634;Migração/Outro;Não informado;Outros motivos descritos;UP FUnill de vendas R$49,00;1;0.0;0.0;Upgrade;;;Não calculado
10/03/2026;2026;3;Mar.;março;2026-03;Mar./26;Vinicius Simões;Vinicius Simões;True;belmocredito;Upgrade;Não informado;Conexão adicional de WhatsApp - WABA;Conexão adicional de WhatsApp - WABA;https://app.pipefy.com/open-cards/1313962360;Migração/Outro;Não informado;Outros motivos descritos;Upgrade: - 1x Conexão adicional de WhatsApp API Oficial - R$ 89,00;1;0.0;0.0;Upgrade;;;Não calculado
10/03/2026;2026;3;Mar.;março;2026-03;Mar./26;Vinicius Simões;Vinicius Simões;True;ebluesolutions;Upgrade;Não informado;Servidores;Servidores;https://app.pipefy.com/open-cards/1313740386;Migração/Outro;Não informado;Outros motivos descritos;Upgrade: - Servidor 2/4 - R$ 89,00;1;0.0;0.0;Upgrade;;;Não calculado
10/03/2026;2026;3;Mar.;março;2026-03;Mar./26;Vinicius Simões;Vinicius Simões;True;esferasolucoes;Upgrade;Não informado;Servidores;Servidores;https://app.pipefy.com/open-cards/1313926019;Migração/Outro;Não informado;Outros motivos descritos;Upgrade: - Servidor 2/4 - R$ 89,00;1;0.0;0.0;Upgrade;;;Não calculado
10/03/2026;2026;3;Mar.;março;2026-03;Mar./26;Vinicius Simões;Vinicius Simões;True;inovvaadm;Upgrade;Não informado;Conexão adicional de WhatsApp - WABA;Conexão adicional de WhatsApp - WABA;https://app.pipefy.com/open-cards/1313868985;Migração/Outro;Não informado;Outros motivos descritos;Upgrade: - 1x Conexão adicional de WhatsApp API Oficial - R$ 89,00;1;0.0;0.0;Upgrade;;;Não calculado
10/03/2026;2026;3;Mar.;março;2026-03;Mar./26;Vinicius Simões;Vinicius Simões;True;moretoegouvea2;Upgrade;Não informado;Servidores;Servidores;https://app.pipefy.com/open-cards/1313639939;Migração/Outro;Não informado;Outros motivos descritos;Upgrade: - Servidor 2/4 - R$ 89,00;1;0.0;0.0;Upgrade;;;Não calculado
10/03/2026;2026;3;Mar.;março;2026-03;Mar./26;Vinicius Simões;Vinicius Simões;True;rotec;Upgrade;Não informado;Funil de vendas;Funil de vendas;https://app.pipefy.com/open-cards/1313775281;Migração/Outro;Não informado;Outros motivos descritos;Upgrade: - Funil de Vendas - R$ 49,00;1;0.0;0.0;Upgrade;;;Não calculado
10/03/2026;2026;3;Mar.;março;2026-03;Mar./26;Vinicius Simões;Vinicius Simões;True;teknikao;Upgrade;Não informado;Primeira ativação de número oficial;Primeira ativação de número oficial;https://app.pipefy.com/open-cards/1313905588;Migração/Outro;Não informado;Outros motivos descritos;Upgrade: - 1x Conexão de WhatsApp API Oficial - R$ 89,00;1;0.0;0.0;Upgrade;;;Não calculado
10/03/2026;2026;3;Mar.;março;2026-03;Mar./26;Vinicius Simões;Vinicius Simões;True;telemensagensdigital;Upgrade;Não informado;Primeira ativação de número oficial;Primeira ativação de número oficial;https://app.pipefy.com/open-cards/1314000176;Migração/Outro;Não informado;Outros motivos descritos;Upgrade: - 1x Conexão adicional de WhatsApp API Oficial - R$ 89,00;1;0.0;0.0;Upgrade;;;Não calculado
11/03/2026;2026;3;Mar.;março;2026-03;Mar./26;82573565;Usuário inexistente;False;cebratectecnologia;Upgrade;Não informado;IA Copiloto;IA Copiloto;https://app.pipefy.com/open-cards/1314490110;Migração/Outro;Não informado;Outros motivos descritos;Upgrade IA Copiloto - 500 créditos R$ R$ 49,90. Conferida a inclusão em contas e assinaturas | 202603091688553;1;0.0;0.0;Upgrade;;;Não calculado
11/03/2026;2026;3;Mar.;março;2026-03;Mar./26;82573565;Usuário inexistente;False;escolaaplauso;Upgrade;Não informado;Funil de vendas;Funil de vendas;https://app.pipefy.com/open-cards/1314791637;Migração/Outro;Não informado;Outros motivos descritos;Upgrade Funil de Vendas R$ 49,00 | 202603101688900;1;0.0;0.0;Upgrade;;;Não calculado
11/03/2026;2026;3;Mar.;março;2026-03;Mar./26;82573565;Usuário inexistente;False;escolaaplauso;Upgrade;Não informado;Usuário adicional;Usuário adicional;https://app.pipefy.com/open-cards/1314614387;Migração/Outro;Não informado;Outros motivos descritos;Upgrade Funil de Vendas R$ 49,00 | 202603101688900;1;0.0;0.0;Upgrade;;;Não calculado
11/03/2026;2026;3;Mar.;março;2026-03;Mar./26;82573565;Usuário inexistente;False;nevespaduaadv1;Upgrade;Não informado;Funil de vendas;Funil de vendas;https://app.pipefy.com/open-cards/1314898945;Migração/Outro;Não informado;Outros motivos descritos;Downgrade da distribuição de chamados R$ 89,00 e Upgrade do Funil de Vendas R$ 49,00 | 202603101690567;1;0.0;0.0;Upgrade;;;Não calculado
11/03/2026;2026;3;Mar.;março;2026-03;Mar./26;82573565;Usuário inexistente;False;saudemed;Upgrade;Não informado;Usuário adicional;Usuário adicional;https://app.pipefy.com/open-cards/1314805195;Migração/Outro;Não informado;Problema técnico / limitação;Upgrade 1 usuário adicional R$ 29,00. Cliente WABA pagamento Ikatec. Meu plano não funciona | 202603101690503;1;0.0;0.0;Upgrade;;;Não calculado
11/03/2026;2026;3;Mar.;março;2026-03;Mar./26;82573565;Usuário inexistente;False;zilcorp;Upgrade;Não informado;Servidores;Servidores;https://app.pipefy.com/open-cards/1314926444;Migração/Outro;Não informado;Redução de custo;Upgrade Servidor 2/4, no valor de R$ 89,00, indicado pelo suporte (Regina Guermandi) | 202603101689700;1;0.0;0.0;Upgrade;;;Não calculado
11/03/2026;2026;3;Mar.;março;2026-03;Mar./26;Guilherme Virgilio Soares;Guilherme Virgilio Soares;True;dataso;Upgrade;Não informado;Chat interno;Chat interno;https://app.pipefy.com/open-cards/1314583723;Migração/Outro;Não informado;Outros motivos descritos;- Upgrade: Chat interno | R$ 89,00;1;0.0;0.0;Upgrade;;;Não calculado
11/03/2026;2026;3;Mar.;março;2026-03;Mar./26;Guilherme Virgilio Soares;Guilherme Virgilio Soares;True;legitimocontabilidade;Upgrade;Não informado;Servidores;Servidores;https://app.pipefy.com/open-cards/1314403121;Migração/Outro;Não informado;Outros motivos descritos;- Upgrade: Servidor 2/4 | R$ 89,00;1;0.0;0.0;Upgrade;;;Não calculado
11/03/2026;2026;3;Mar.;março;2026-03;Mar./26;Guilherme Virgilio Soares;Guilherme Virgilio Soares;True;odontokurita;Upgrade;Não informado;Chat interno;Chat interno;https://app.pipefy.com/open-cards/1314565152;Migração/Outro;Não informado;Outros motivos descritos;- Upgrade: Chat interno | R$ 89,00;1;0.0;0.0;Upgrade;;;Não calculado
11/03/2026;2026;3;Mar.;março;2026-03;Mar./26;Guilherme Virgilio Soares;Guilherme Virgilio Soares;True;osprey;Upgrade;Não informado;Servidores;Servidores;https://app.pipefy.com/open-cards/1314418528;Migração/Outro;Não informado;Outros motivos descritos;- Upgrade: Servidor 2/4 | R$ 89,00;1;0.0;0.0;Upgrade;;;Não calculado
11/03/2026;2026;3;Mar.;março;2026-03;Mar./26;Guilherme Virgilio Soares;Guilherme Virgilio Soares;True;personacondo;Upgrade;Não informado;Servidores;Servidores;https://app.pipefy.com/open-cards/1314855583;Migração/Outro;Não informado;Outros motivos descritos;- Upgrade: Servidor 2/4 | R$ 89,00;1;0.0;0.0;Upgrade;;;Não calculado
11/03/2026;2026;3;Mar.;março;2026-03;Mar./26;Guilherme Virgilio Soares;Guilherme Virgilio Soares;True;pneumocor;Upgrade;Não informado;Servidores;Servidores;https://app.pipefy.com/open-cards/1314461979;Migração/Outro;Não informado;Outros motivos descritos;- Upgrade: Servidor 2/4 | R$ 89,00;1;0.0;0.0;Upgrade;;;Não calculado
11/03/2026;2026;3;Mar.;março;2026-03;Mar./26;Guilherme Virgilio Soares;Guilherme Virgilio Soares;True;rioodontovalqueire;Upgrade;Não informado;Servidores;Servidores;https://app.pipefy.com/open-cards/1314411314;Migração/Outro;Não informado;Outros motivos descritos;- Upgrade: Servidor 2/4 | R$ 89,00;1;0.0;0.0;Upgrade;;;Não calculado
11/03/2026;2026;3;Mar.;março;2026-03;Mar./26;Guilherme Virgilio Soares;Guilherme Virgilio Soares;True;vicoconsultoria;Upgrade;Não informado;Servidores;Servidores;https://app.pipefy.com/open-cards/1314416397;Migração/Outro;Não informado;Outros motivos descritos;- Upgrade: Servidor 2/4 | R$ 89,00;1;0.0;0.0;Upgrade;;;Não calculado
11/03/2026;2026;3;Mar.;março;2026-03;Mar./26;Leticia Silva;Leticia Silva;True;colegiodallas;Upgrade;Não informado;Usuário adicional;Usuário adicional;https://app.pipefy.com/open-cards/1314417093;Migração/Outro;Não informado;Outros motivos descritos;Up 4 usuários adicionais (R$116,00).;1;0.0;0.0;Upgrade;;;Não calculado
11/03/2026;2026;3;Mar.;março;2026-03;Mar./26;Leticia Silva;Leticia Silva;True;economycred;Upgrade;Não informado;Distribuição automática;Distribuição automática;https://app.pipefy.com/open-cards/1314387942;Migração/Outro;Não informado;Processo/uso operacional;Distribuição Automática (R$89,00).;1;0.0;0.0;Upgrade;;;Não calculado
11/03/2026;2026;3;Mar.;março;2026-03;Mar./26;Leticia Silva;Leticia Silva;True;gilarimoveis;Upgrade;Não informado;Primeira ativação de número oficial;Primeira ativação de número oficial;https://app.pipefy.com/open-cards/1314455279;Migração/Outro;Não informado;Outros motivos descritos;Primeira Ativação de Número Oficial;1;0.0;0.0;Upgrade;;;Não calculado
11/03/2026;2026;3;Mar.;março;2026-03;Mar./26;Leticia Silva;Leticia Silva;True;lelus;Upgrade;Não informado;Primeira ativação de número oficial;Primeira ativação de número oficial;https://app.pipefy.com/open-cards/1314546495;Migração/Outro;Não informado;Outros motivos descritos;Primeira Ativação de Número Oficial.;1;0.0;0.0;Upgrade;;;Não calculado
11/03/2026;2026;3;Mar.;março;2026-03;Mar./26;Leticia Silva;Leticia Silva;True;moldsystems;Upgrade;Não informado;Primeira ativação de número oficial;Primeira ativação de número oficial;https://app.pipefy.com/open-cards/1314467553;Migração/Outro;Não informado;Outros motivos descritos;Primeira Ativação de Número Oficial.;1;0.0;0.0;Upgrade;;;Não calculado
11/03/2026;2026;3;Mar.;março;2026-03;Mar./26;Leticia Silva;Leticia Silva;True;nobrecont;Upgrade;Não informado;Servidores;Servidores;https://app.pipefy.com/open-cards/1314662791;Migração/Outro;Não informado;Outros motivos descritos;Up Servidor 2/4 (R$89,00).;1;0.0;0.0;Upgrade;;;Não calculado
11/03/2026;2026;3;Mar.;março;2026-03;Mar./26;Leticia Silva;Leticia Silva;True;revseguros;Upgrade;Não informado;Servidores;Servidores;https://app.pipefy.com/open-cards/1314738327;Migração/Outro;Não informado;Outros motivos descritos;Up Servidor 2/4 (R$89,00).;1;0.0;0.0;Upgrade;;;Não calculado
11/03/2026;2026;3;Mar.;março;2026-03;Mar./26;Luis Siqueira;Luis Siqueira;True;comunicacaorm;Upgrade;Não informado;Usuário adicional;Usuário adicional;https://app.pipefy.com/open-cards/1314419418;Migração/Outro;Não informado;Redução de custo;comunicacaorm - up 3x usuarios no valor de R$ 29,00 cada - total de R$ 87 202603101690601;1;0.0;0.0;Upgrade;;;Não calculado
11/03/2026;2026;3;Mar.;março;2026-03;Mar./26;Luis Siqueira;Luis Siqueira;True;financeiroadv;Upgrade;Não informado;Usuário adicional;Usuário adicional;https://app.pipefy.com/open-cards/1314416426;Migração/Outro;Não informado;Redução de custo;financeiroadv - up 3x usuarios no valor de R$ 29,00 cada - total de R$ 87 202603101690601;1;0.0;0.0;Upgrade;;;Não calculado
11/03/2026;2026;3;Mar.;março;2026-03;Mar./26;Melissa Duarte;Melissa Duarte;True;autoescolapreferencial;Upgrade;Não informado;Servidores;Servidores;https://app.pipefy.com/open-cards/1314929833;Migração/Outro;Não informado;Outros motivos descritos;UP Servidor 2/4 R$89,00;1;0.0;0.0;Upgrade;;;Não calculado
11/03/2026;2026;3;Mar.;março;2026-03;Mar./26;Melissa Duarte;Melissa Duarte;True;cdcatarinense;Upgrade;Não informado;Chat interno;Chat interno;https://app.pipefy.com/open-cards/1314908393;Migração/Outro;Não informado;Outros motivos descritos;UP chat interno R$89,00;1;0.0;0.0;Upgrade;;;Não calculado
11/03/2026;2026;3;Mar.;março;2026-03;Mar./26;Melissa Duarte;Melissa Duarte;True;lfleandrini;Upgrade;Não informado;Servidores;Servidores;https://app.pipefy.com/open-cards/1314897165;Migração/Outro;Não informado;Outros motivos descritos;UP Servidor 4/8 R$169,00;1;0.0;0.0;Upgrade;;;Não calculado
11/03/2026;2026;3;Mar.;março;2026-03;Mar./26;Priscila Pavani;Priscila Pavani;True;barcelosequipecaptacao;Upgrade;Não informado;Combo Start;Combo Start;https://app.pipefy.com/open-cards/1314456995;Migração/Outro;Não informado;Redução de custo;Tipo: Upgrade Produto: Combo Start IA (1000 copiloto + 1000 resumos + 1000 transcrição + 500 I.A CSAT) Valor: 173,90 URL: barcelosequipecaptacao Protocolo: 202603111691903;1;0.0;0.0;Upgrade;;;Não calculado
11/03/2026;2026;3;Mar.;março;2026-03;Mar./26;Priscila Pavani;Priscila Pavani;True;barcelossop2;Upgrade;Não informado;Combo Start;Combo Start;https://app.pipefy.com/open-cards/1314462127;Migração/Outro;Não informado;Redução de custo;Tipo: Upgrade Produto: Combo Start IA (1000 copiloto + 1000 resumos + 1000 transcrição + 500 I.A CSAT) Valor: 173,90 URL: barcelossop2 Protocolo: 202603111691903;1;0.0;0.0;Upgrade;;;Não calculado
11/03/2026;2026;3;Mar.;março;2026-03;Mar./26;Vinicius Simões;Vinicius Simões;True;betbis;Upgrade;Não informado;Conexão Instagram Direct;Conexão Instagram Direct;https://app.pipefy.com/open-cards/1314835742;Migração/Outro;Não informado;Outros motivos descritos;Upgrade: - 1x Conexão de Instagram - R$ 89,00;1;0.0;0.0;Upgrade;;;Não calculado
11/03/2026;2026;3;Mar.;março;2026-03;Mar./26;Vinicius Simões;Vinicius Simões;True;caminhosecolinas;Upgrade;Não informado;Pacotes SMS Disparo em Massa;Pacotes SMS Disparo em Massa;https://app.pipefy.com/open-cards/1314870404;Migração/Outro;Não informado;Outros motivos descritos;Upgrade: - 2.500 créditos de SMS - R$ 250,00;1;0.0;0.0;Upgrade;;;Não calculado
11/03/2026;2026;3;Mar.;março;2026-03;Mar./26;Vinicius Simões;Vinicius Simões;True;eccor;Upgrade;Não informado;Servidores;Servidores;https://app.pipefy.com/open-cards/1314830729;Migração/Outro;Não informado;Outros motivos descritos;Upgrade: - Servidor 2/4 - R$ 89,00;1;0.0;0.0;Upgrade;;;Não calculado
11/03/2026;2026;3;Mar.;março;2026-03;Mar./26;Vinicius Simões;Vinicius Simões;True;eleradvocacia;Upgrade;Não informado;Servidores;Servidores;https://app.pipefy.com/open-cards/1314455171;Migração/Outro;Não informado;Outros motivos descritos;Upgrade: - Servidor 2/4 - R$ 89,00;1;0.0;0.0;Upgrade;;;Não calculado
11/03/2026;2026;3;Mar.;março;2026-03;Mar./26;Vinicius Simões;Vinicius Simões;True;ikasa;Upgrade;Não informado;Chat interno;Chat interno;https://app.pipefy.com/open-cards/1314414876;Migração/Outro;Não informado;Outros motivos descritos;Upgrade: - Chat Interno - R$ 89,00;1;0.0;0.0;Upgrade;;;Não calculado
11/03/2026;2026;3;Mar.;março;2026-03;Mar./26;Vinicius Simões;Vinicius Simões;True;lelus;Upgrade;Não informado;Conexão adicional de WhatsApp;Conexão adicional de WhatsApp;https://app.pipefy.com/open-cards/1314772766;Migração/Outro;Não informado;Outros motivos descritos;Upgrade: - 1x Conexão adicional de WhatsApp Standard - R$ 49,00;1;0.0;0.0;Upgrade;;;Não calculado
11/03/2026;2026;3;Mar.;março;2026-03;Mar./26;Vinicius Simões;Vinicius Simões;True;neivaadv;Upgrade;Não informado;Servidores;Servidores;https://app.pipefy.com/open-cards/1314463804;Migração/Outro;Não informado;Outros motivos descritos;Upgrade: - Servidor 2/4 - R$ 89,00;1;0.0;0.0;Upgrade;;;Não calculado
11/03/2026;2026;3;Mar.;março;2026-03;Mar./26;Vinicius Simões;Vinicius Simões;True;pinkparty;Upgrade;Não informado;Servidores;Servidores;https://app.pipefy.com/open-cards/1314488308;Migração/Outro;Não informado;Outros motivos descritos;Upgrade: - Servidor 4/8 - R$ 169,00;1;0.0;0.0;Upgrade;;;Não calculado
11/03/2026;2026;3;Mar.;março;2026-03;Mar./26;Vinicius Simões;Vinicius Simões;True;senhadigitalmcp;Upgrade;Não informado;Primeira ativação de número oficial;Primeira ativação de número oficial;https://app.pipefy.com/open-cards/1314389674;Migração/Outro;Não informado;Outros motivos descritos;Upgrade: - 1x Conexão de WhatsApp API Oficial - R$ 89,00;1;0.0;0.0;Upgrade;;;Não calculado
11/03/2026;2026;3;Mar.;março;2026-03;Mar./26;Vinicius Simões;Vinicius Simões;True;venturaodontologia;Upgrade;Não informado;Servidores;Servidores;https://app.pipefy.com/open-cards/1314767321;Migração/Outro;Não informado;Outros motivos descritos;Upgrade: - Servidor 2/4 - R$ 89,00;1;0.0;0.0;Upgrade;;;Não calculado
12/03/2026;2026;3;Mar.;março;2026-03;Mar./26;82573565;Usuário inexistente;False;dillancontabilidade;Upgrade;Não informado;Servidores;Servidores;https://app.pipefy.com/open-cards/1315787170;Migração/Outro;Não informado;Redução de custo;Upgrade Servidor 2/4 no valor de 89,00, indicado pelo suporte (Bruno Lima) para a url: dillancontabilidade | 202603121693791;1;0.0;0.0;Upgrade;;;Não calculado
12/03/2026;2026;3;Mar.;março;2026-03;Mar./26;82573565;Usuário inexistente;False;glasspartscomponentes;Upgrade;Não informado;"Conexão adicional de WhatsApp; Servidores";"Conexão adicional de WhatsApp; Servidores";https://app.pipefy.com/open-cards/1315987941;Migração/Outro;Não informado;Outros motivos descritos;Cliente realizou ajustes no plano: Upgrade de 6 conexões de Whatsapp 6x R$ 69,00 | Upgrade de servidor 4/8, com validação do suporte para up realizado | Downgrade de 10 usuários adicionais 10x R$ 29,00 | 202603111691235;2;0.0;0.0;Upgrade;;;Não calculado
12/03/2026;2026;3;Mar.;março;2026-03;Mar./26;82573565;Usuário inexistente;False;psc;Upgrade;Não informado;Servidores;Servidores;https://app.pipefy.com/open-cards/1315765772;Migração/Outro;Não informado;Outros motivos descritos;Upgrade Servidor 2/4 R$ 89,00, indicado pelo suporte (Leidiane Magalhães) | 202603101690147;1;0.0;0.0;Upgrade;;;Não calculado
12/03/2026;2026;3;Mar.;março;2026-03;Mar./26;Guilherme Virgilio Soares;Guilherme Virgilio Soares;True;capitale;Upgrade;Não informado;Servidores;Servidores;https://app.pipefy.com/open-cards/1315522590;Migração/Outro;Não informado;Outros motivos descritos;- Upgrade: Servidor 2/4 | R$ 89,00;1;0.0;0.0;Upgrade;;;Não calculado
12/03/2026;2026;3;Mar.;março;2026-03;Mar./26;Guilherme Virgilio Soares;Guilherme Virgilio Soares;True;cdutra;Upgrade;Não informado;Servidores;Servidores;https://app.pipefy.com/open-cards/1316357637;Migração/Outro;Não informado;Outros motivos descritos;- Upgrade: Servidor 2/4 | R$ 89,00;1;0.0;0.0;Upgrade;;;Não calculado
12/03/2026;2026;3;Mar.;março;2026-03;Mar./26;Guilherme Virgilio Soares;Guilherme Virgilio Soares;True;ibtech;Upgrade;Não informado;Distribuição automática;Distribuição automática;https://app.pipefy.com/open-cards/1315782970;Migração/Outro;Não informado;Processo/uso operacional;- Upgrade: Distribuição Automática | R$ 89,00;1;0.0;0.0;Upgrade;;;Não calculado
12/03/2026;2026;3;Mar.;março;2026-03;Mar./26;Guilherme Virgilio Soares;Guilherme Virgilio Soares;True;maryhelpjacarepagua;Upgrade;Não informado;Primeira ativação de número oficial;Primeira ativação de número oficial;https://app.pipefy.com/open-cards/1315647302;Migração/Outro;Não informado;Outros motivos descritos;- Upgrade: Conexão WhatsApp Oficial | R$ 89,00;1;0.0;0.0;Upgrade;;;Não calculado
12/03/2026;2026;3;Mar.;março;2026-03;Mar./26;Leticia Silva;Leticia Silva;True;prismaconsultoria;Upgrade;Não informado;Servidores;Servidores;https://app.pipefy.com/open-cards/1315884104;Migração/Outro;Não informado;Outros motivos descritos;Up Servidor 2/4 (R$89,00).;1;0.0;0.0;Upgrade;;;Não calculado
12/03/2026;2026;3;Mar.;março;2026-03;Mar./26;Leticia Silva;Leticia Silva;True;shsimoveis;Upgrade;Não informado;Primeira ativação de número oficial;Primeira ativação de número oficial;https://app.pipefy.com/open-cards/1315865295;Migração/Outro;Não informado;Outros motivos descritos;Primeira Ativação de Número Oficial.;1;0.0;0.0;Upgrade;;;Não calculado
12/03/2026;2026;3;Mar.;março;2026-03;Mar./26;Melissa Duarte;Melissa Duarte;True;advogmed;Upgrade;Não informado;Usuário adicional;Usuário adicional;https://app.pipefy.com/open-cards/1315595991;Migração/Outro;Não informado;Redução de custo;UP 3 usuários adicionais R$78,30 (valor unit. R$26,10);1;0.0;0.0;Upgrade;;;Não calculado
12/03/2026;2026;3;Mar.;março;2026-03;Mar./26;Melissa Duarte;Melissa Duarte;True;maryhelprecreio;Upgrade;Não informado;IA Agent;IA Agent;https://app.pipefy.com/open-cards/1315759117;Migração/Outro;Não informado;Outros motivos descritos;UP IA Agente 1000 Créditos R$112,90;1;0.0;0.0;Upgrade;;;Não calculado
12/03/2026;2026;3;Mar.;março;2026-03;Mar./26;Melissa Duarte;Melissa Duarte;True;paulospielmannadv;Upgrade;Não informado;Funil de vendas;Funil de vendas;https://app.pipefy.com/open-cards/1315582258;Migração/Outro;Não informado;Outros motivos descritos;UP Funil de Vendas R$49,00;1;0.0;0.0;Upgrade;;;Não calculado
12/03/2026;2026;3;Mar.;março;2026-03;Mar./26;Melissa Duarte;Melissa Duarte;True;starprotecaoveicular1;Upgrade;Não informado;Servidores;Servidores;https://app.pipefy.com/open-cards/1315739486;Migração/Outro;Não informado;Outros motivos descritos;UP Servidor 2/4 R$89,00;1;0.0;0.0;Upgrade;;;Não calculado
12/03/2026;2026;3;Mar.;março;2026-03;Mar./26;Tadiane Biason;Tadiane Biason;True;musassaude;Upgrade;Não informado;Usuário adicional;Usuário adicional;https://app.pipefy.com/open-cards/1315540400;Migração/Outro;Não informado;Redução de custo;Tipo: Upgrade Produto:2 usuários Valor:39,80 URL: musassaude Protocolo: 202603111692871;1;0.0;0.0;Upgrade;;;Não calculado
12/03/2026;2026;3;Mar.;março;2026-03;Mar./26;Vinicius Simões;Vinicius Simões;True;ap;Upgrade;Não informado;Chat interno;Chat interno;https://app.pipefy.com/open-cards/1315878000;Migração/Outro;Não informado;Outros motivos descritos;Upgrade: - Chat Interno - R$ 89,00;1;0.0;0.0;Upgrade;;;Não calculado
12/03/2026;2026;3;Mar.;março;2026-03;Mar./26;Vinicius Simões;Vinicius Simões;True;iluminus;Upgrade;Não informado;Conexão Instagram Direct;Conexão Instagram Direct;https://app.pipefy.com/open-cards/1315586033;Migração/Outro;Não informado;Outros motivos descritos;Upgrade: - 1x Conexão de Instagram - R$ 89,00;1;0.0;0.0;Upgrade;;;Não calculado
12/03/2026;2026;3;Mar.;março;2026-03;Mar./26;Vinicius Simões;Vinicius Simões;True;iluminus;Upgrade;Não informado;Transcrição de Áudio;Transcrição de Áudio;https://app.pipefy.com/open-cards/1315521251;Migração/Outro;Não informado;Outros motivos descritos;Upgrade: - IA Transcrição de Áudio | 1.000 créditos - R$ 49,90;1;0.0;0.0;Upgrade;;;Não calculado
12/03/2026;2026;3;Mar.;março;2026-03;Mar./26;Vinicius Simões;Vinicius Simões;True;magodopism;Upgrade;Não informado;Servidores;Servidores;https://app.pipefy.com/open-cards/1315890296;Migração/Outro;Não informado;Outros motivos descritos;Upgrade: - Servidor 4/8 - R$ 169,00;1;0.0;0.0;Upgrade;;;Não calculado
12/03/2026;2026;3;Mar.;março;2026-03;Mar./26;Vinicius Simões;Vinicius Simões;True;plamevvendas;Upgrade;Não informado;Servidores;Servidores;https://app.pipefy.com/open-cards/1315704003;Migração/Outro;Não informado;Outros motivos descritos;Upgrade: - Servidor 8/16 - R$ 349,00;1;0.0;0.0;Upgrade;;;Não calculado
12/03/2026;2026;3;Mar.;março;2026-03;Mar./26;Vinicius Simões;Vinicius Simões;True;puriflora;Upgrade;Não informado;Distribuição automática;Distribuição automática;https://app.pipefy.com/open-cards/1316036193;Migração/Outro;Não informado;Processo/uso operacional;Upgrade: - Distribuição automática - R$ 89,00;1;0.0;0.0;Upgrade;;;Não calculado
12/03/2026;2026;3;Mar.;março;2026-03;Mar./26;Vinicius Simões;Vinicius Simões;True;purifloraprincipal;Upgrade;Não informado;Distribuição automática;Distribuição automática;https://app.pipefy.com/open-cards/1315999327;Migração/Outro;Não informado;Processo/uso operacional;Upgrade: - Distribuição automática - R$ 89,00;1;0.0;0.0;Upgrade;;;Não calculado
13/03/2026;2026;3;Mar.;março;2026-03;Mar./26;82573565;Usuário inexistente;False;josianeadv;Upgrade;Não informado;Servidores;Servidores;https://app.pipefy.com/open-cards/1316726092;Migração/Outro;Não informado;Redução de custo;Upgrade do servidor 2/4 para o servidor 4/8, no valor de R$ 169,00 | 202603121693696;1;0.0;0.0;Upgrade;;;Não calculado
13/03/2026;2026;3;Mar.;março;2026-03;Mar./26;82573565;Usuário inexistente;False;ntjassessoria;Upgrade;Não informado;Servidores;Servidores;https://app.pipefy.com/open-cards/1316651798;Migração/Outro;Não informado;Redução de custo;Upgrade Servidor 2/4, no valor de R$ 89,00, indicado pelo suporte (Ana Lins) | 202603121694944;1;0.0;0.0;Upgrade;;;Não calculado
13/03/2026;2026;3;Mar.;março;2026-03;Mar./26;Guilherme Virgilio Soares;Guilherme Virgilio Soares;True;clubepremium;Upgrade;Não informado;Servidores;Servidores;https://app.pipefy.com/open-cards/1316519439;Migração/Outro;Não informado;Outros motivos descritos;- Upgrade: Servidor 16/16 | R$ 410,00;1;0.0;0.0;Upgrade;;;Não calculado
13/03/2026;2026;3;Mar.;março;2026-03;Mar./26;Guilherme Virgilio Soares;Guilherme Virgilio Soares;True;rsantunesadv;Upgrade;Não informado;Funil de vendas;Funil de vendas;https://app.pipefy.com/open-cards/1316551744;Migração/Outro;Não informado;Outros motivos descritos;- Upgrade: Funil de vendas | R$ 49,00;1;0.0;0.0;Upgrade;;;Não calculado
13/03/2026;2026;3;Mar.;março;2026-03;Mar./26;Leticia Silva;Leticia Silva;True;invistaqui;Upgrade;Não informado;Distribuição automática;Distribuição automática;https://app.pipefy.com/open-cards/1316361543;Migração/Outro;Não informado;Processo/uso operacional;Up Distribuição Automática (R$89,00).;1;0.0;0.0;Upgrade;;;Não calculado
13/03/2026;2026;3;Mar.;março;2026-03;Mar./26;Leticia Silva;Leticia Silva;True;nathallymaquinas;Upgrade;Não informado;Servidores;Servidores;https://app.pipefy.com/open-cards/1316726338;Migração/Outro;Não informado;Outros motivos descritos;Up Servidor 2/4 (R$89,00).;1;0.0;0.0;Upgrade;;;Não calculado
13/03/2026;2026;3;Mar.;março;2026-03;Mar./26;Leticia Silva;Leticia Silva;True;rubyconect;Upgrade;Não informado;Servidores;Servidores;https://app.pipefy.com/open-cards/1316642634;Migração/Outro;Não informado;Outros motivos descritos;Up Servidor 2/4 (R$89,00).;1;0.0;0.0;Upgrade;;;Não calculado
13/03/2026;2026;3;Mar.;março;2026-03;Mar./26;Leticia Silva;Leticia Silva;True;senexdigital;Upgrade;Não informado;Primeira ativação de número oficial;Primeira ativação de número oficial;https://app.pipefy.com/open-cards/1316765409;Migração/Outro;Não informado;Outros motivos descritos;Primeira Ativação de Número Oficial;1;0.0;0.0;Upgrade;;;Não calculado
13/03/2026;2026;3;Mar.;março;2026-03;Mar./26;Leticia Silva;Leticia Silva;True;simplificasolucoes;Upgrade;Não informado;Servidores;Servidores;https://app.pipefy.com/open-cards/1316746941;Migração/Outro;Não informado;Outros motivos descritos;Down Servidor 2/4 (R$89,00) Up Servidor 4/8 (R$169,00).;1;0.0;0.0;Upgrade;;;Não calculado
13/03/2026;2026;3;Mar.;março;2026-03;Mar./26;Melissa Duarte;Melissa Duarte;True;5scontabilidade;Upgrade;Não informado;Servidores;Servidores;https://app.pipefy.com/open-cards/1316703492;Migração/Outro;Não informado;Outros motivos descritos;UP Servidor 2/4 R$89,00;1;0.0;0.0;Upgrade;;;Não calculado
13/03/2026;2026;3;Mar.;março;2026-03;Mar./26;Melissa Duarte;Melissa Duarte;True;administrativosolucao;Upgrade;Não informado;Servidores;Servidores;https://app.pipefy.com/open-cards/1316347826;Migração/Outro;Não informado;Outros motivos descritos;UP servidor 2/4 R$89,00;1;0.0;0.0;Upgrade;;;Não calculado
13/03/2026;2026;3;Mar.;março;2026-03;Mar./26;Melissa Duarte;Melissa Duarte;True;fmsemijoias;Upgrade;Não informado;Servidores;Servidores;https://app.pipefy.com/open-cards/1316647029;Migração/Outro;Não informado;Outros motivos descritos;UP Servidor 2/4 R$89,00;1;0.0;0.0;Upgrade;;;Não calculado
13/03/2026;2026;3;Mar.;março;2026-03;Mar./26;Melissa Duarte;Melissa Duarte;True;luisolivieri;Upgrade;Não informado;IA Agent;IA Agent;https://app.pipefy.com/open-cards/1316675914;Migração/Outro;Não informado;Outros motivos descritos;UP Agente Inteligente 1000 créditos R$112,90;1;0.0;0.0;Upgrade;;;Não calculado
13/03/2026;2026;3;Mar.;março;2026-03;Mar./26;Melissa Duarte;Melissa Duarte;True;okuyamaadvogados;Upgrade;Não informado;Servidores;Servidores;https://app.pipefy.com/open-cards/1316719354;Migração/Outro;Não informado;Outros motivos descritos;UP Servidor 2/4 R$89,00;1;0.0;0.0;Upgrade;;;Não calculado
13/03/2026;2026;3;Mar.;março;2026-03;Mar./26;Melissa Duarte;Melissa Duarte;True;persiarte;Upgrade;Não informado;Servidores;Servidores;https://app.pipefy.com/open-cards/1316663999;Migração/Outro;Não informado;Outros motivos descritos;UP Servidor 2/4 R$89,00;1;0.0;0.0;Upgrade;;;Não calculado
13/03/2026;2026;3;Mar.;março;2026-03;Mar./26;Melissa Duarte;Melissa Duarte;True;selladministradora;Upgrade;Não informado;Usuário adicional;Usuário adicional;https://app.pipefy.com/open-cards/1316696009;Migração/Outro;Não informado;Outros motivos descritos;UP 2 usuários adicionais R$58,00 (29,00 cada);1;0.0;0.0;Upgrade;;;Não calculado
13/03/2026;2026;3;Mar.;março;2026-03;Mar./26;Vinicius Simões;Vinicius Simões;True;clinicasantoandre;Upgrade;Não informado;Servidores;Servidores;https://app.pipefy.com/open-cards/1316556446;Migração/Outro;Não informado;Outros motivos descritos;Upgrade: - Servidor 2/4 - R$ 89,00;1;0.0;0.0;Upgrade;;;Não calculado
13/03/2026;2026;3;Mar.;março;2026-03;Mar./26;Vinicius Simões;Vinicius Simões;True;dcbadvogados;Upgrade;Não informado;Servidores;Servidores;https://app.pipefy.com/open-cards/1316750063;Migração/Outro;Não informado;Outros motivos descritos;Upgrade: - Servidor 2/4 - R$ 89,00;1;0.0;0.0;Upgrade;;;Não calculado
13/03/2026;2026;3;Mar.;março;2026-03;Mar./26;Vinicius Simões;Vinicius Simões;True;drexamebr;Upgrade;Não informado;Conexão adicional de WhatsApp - WABA;Conexão adicional de WhatsApp - WABA;https://app.pipefy.com/open-cards/1316398079;Migração/Outro;Não informado;Outros motivos descritos;Upgrade: - 1x Conexão adicional de WhatsApp API Oficial - R$ 89,00;1;0.0;0.0;Upgrade;;;Não calculado
13/03/2026;2026;3;Mar.;março;2026-03;Mar./26;Vinicius Simões;Vinicius Simões;True;gilarimoveis;Upgrade;Não informado;Conexão adicional de WhatsApp - WABA;Conexão adicional de WhatsApp - WABA;https://app.pipefy.com/open-cards/1316456768;Migração/Outro;Não informado;Outros motivos descritos;Upgrade: - 1x Conexão adicional de WhatsApp API Oficial - R$ 89,00;1;0.0;0.0;Upgrade;;;Não calculado
13/03/2026;2026;3;Mar.;março;2026-03;Mar./26;Vinicius Simões;Vinicius Simões;True;ispx;Upgrade;Não informado;Servidores;Servidores;https://app.pipefy.com/open-cards/1316361724;Migração/Outro;Não informado;Outros motivos descritos;Upgrade: - Servidor 2/4 - R$ 89,00;1;0.0;0.0;Upgrade;;;Não calculado
13/03/2026;2026;3;Mar.;março;2026-03;Mar./26;Vinicius Simões;Vinicius Simões;True;maringaturismo;Upgrade;Não informado;Conexão adicional de WhatsApp - WABA;Conexão adicional de WhatsApp - WABA;https://app.pipefy.com/open-cards/1316705659;Migração/Outro;Não informado;Outros motivos descritos;Upgrade: - 3x Conexões adicionais de WhatsApp API Oficial - R$ 267,00;1;0.0;0.0;Upgrade;;;Não calculado
13/03/2026;2026;3;Mar.;março;2026-03;Mar./26;Vinicius Simões;Vinicius Simões;True;maryhelpbrasilia;Upgrade;Não informado;Servidores;Servidores;https://app.pipefy.com/open-cards/1316422239;Migração/Outro;Não informado;Outros motivos descritos;Upgrade: - Servidor 2/4 - R$ 89,00;1;0.0;0.0;Upgrade;;;Não calculado
13/03/2026;2026;3;Mar.;março;2026-03;Mar./26;Vinicius Simões;Vinicius Simões;True;ntwsalvadorba;Upgrade;Não informado;Integração;Integração;https://app.pipefy.com/open-cards/1316643963;Migração/Outro;Não informado;Outros motivos descritos;Upgrade: - Integração: Digisac x Ploomes - R$ 59,99;1;0.0;0.0;Upgrade;;;Não calculado
13/03/2026;2026;3;Mar.;março;2026-03;Mar./26;Vinicius Simões;Vinicius Simões;True;proclinicaribeirao;Upgrade;Não informado;Conexão adicional de WhatsApp - WABA;Conexão adicional de WhatsApp - WABA;https://app.pipefy.com/open-cards/1316442817;Migração/Outro;Não informado;Outros motivos descritos;Upgrade: - 1x Conexão adicional de WhatsApp API Oficial - R$ 89,00;1;0.0;0.0;Upgrade;;;Não calculado
13/03/2026;2026;3;Mar.;março;2026-03;Mar./26;Vinicius Simões;Vinicius Simões;True;quattro;Upgrade;Não informado;Conexão adicional de WhatsApp - WABA;Conexão adicional de WhatsApp - WABA;https://app.pipefy.com/open-cards/1316734998;Migração/Outro;Não informado;Outros motivos descritos;Upgrade: - 1x Conexão adicional de WhatsApp API Oficial - R$ 89,00;1;0.0;0.0;Upgrade;;;Não calculado
13/03/2026;2026;3;Mar.;março;2026-03;Mar./26;Vinicius Simões;Vinicius Simões;True;wlasassessoria;Upgrade;Não informado;Servidores;Servidores;https://app.pipefy.com/open-cards/1316632262;Migração/Outro;Não informado;Outros motivos descritos;Upgrade: - Servidor 2/4 - R$ 89,00;1;0.0;0.0;Upgrade;;;Não calculado
16/03/2026;2026;3;Mar.;março;2026-03;Mar./26;82573565;Usuário inexistente;False;advtecnologia;Upgrade;Não informado;Distribuição automática;Distribuição automática;https://app.pipefy.com/open-cards/1318551304;Migração/Outro;Não informado;Processo/uso operacional;Upgrade Distribuição Automática R$ 89,00 | 202603131696534;1;0.0;0.0;Upgrade;;;Não calculado
16/03/2026;2026;3;Mar.;março;2026-03;Mar./26;82573565;Usuário inexistente;False;almeidatostesadv;Upgrade;Não informado;Servidores;Servidores;https://app.pipefy.com/open-cards/1318634268;Migração/Outro;Não informado;Outros motivos descritos;Upgrade Servidor 2/4 R$ 89,00, indicado pelo suporte (Gianluca Ricordi) | 202603131696597;1;0.0;0.0;Upgrade;;;Não calculado
16/03/2026;2026;3;Mar.;março;2026-03;Mar./26;82573565;Usuário inexistente;False;carbonaroedepaula;Upgrade;Não informado;Distribuição automática;Distribuição automática;https://app.pipefy.com/open-cards/1318135051;Migração/Outro;Não informado;Processo/uso operacional;Upgrade Distribuição Automática R$ 89,00 | 202603091688575;1;0.0;0.0;Upgrade;;;Não calculado
16/03/2026;2026;3;Mar.;março;2026-03;Mar./26;82573565;Usuário inexistente;False;jota;Upgrade;Não informado;Servidores;Servidores;https://app.pipefy.com/open-cards/1318497203;Migração/Outro;Não informado;Outros motivos descritos;Upgrade Servidor 2/4, indicado pelo suporte (Bruno Lima), R$ 89,00 | 202603161696969;1;0.0;0.0;Upgrade;;;Não calculado
16/03/2026;2026;3;Mar.;março;2026-03;Mar./26;82573565;Usuário inexistente;False;macrosinosveiculos;Upgrade;Não informado;Servidores;Servidores;https://app.pipefy.com/open-cards/1318540233;Migração/Outro;Não informado;Redução de custo;Upgrade para o Servidor 2/4, no valor de R$ 89,00, indicado pelo suporte (Harison Oliveira) | 202603161697413;1;0.0;0.0;Upgrade;;;Não calculado
16/03/2026;2026;3;Mar.;março;2026-03;Mar./26;Guilherme Virgilio Soares;Guilherme Virgilio Soares;True;adl;Upgrade;Não informado;Chat interno;Chat interno;https://app.pipefy.com/open-cards/1318044148;Migração/Outro;Não informado;Outros motivos descritos;- Upgrade: Chat interno | R$ 89,00;1;0.0;0.0;Upgrade;;;Não calculado
16/03/2026;2026;3;Mar.;março;2026-03;Mar./26;Guilherme Virgilio Soares;Guilherme Virgilio Soares;True;autoescolahlc;Upgrade;Não informado;Servidores;Servidores;https://app.pipefy.com/open-cards/1318082927;Migração/Outro;Não informado;Outros motivos descritos;- Upgrade:  Servidor 2/4 | R$ 89,00;1;0.0;0.0;Upgrade;;;Não calculado
16/03/2026;2026;3;Mar.;março;2026-03;Mar./26;Guilherme Virgilio Soares;Guilherme Virgilio Soares;True;clinicasorria;Upgrade;Não informado;Servidores;Servidores;https://app.pipefy.com/open-cards/1318346873;Migração/Outro;Não informado;Outros motivos descritos;- Upgrade: Servidor 2/4 | R$ 89,00;1;0.0;0.0;Upgrade;;;Não calculado
16/03/2026;2026;3;Mar.;março;2026-03;Mar./26;Leticia Silva;Leticia Silva;True;brindara;Upgrade;Não informado;Servidores;Servidores;https://app.pipefy.com/open-cards/1318530679;Migração/Outro;Não informado;Outros motivos descritos;Up Servidor 2/4 (R$89,00).;1;0.0;0.0;Upgrade;;;Não calculado
16/03/2026;2026;3;Mar.;março;2026-03;Mar./26;Leticia Silva;Leticia Silva;True;mgbcontabilsg;Upgrade;Não informado;Transcrição de Áudio;Transcrição de Áudio;https://app.pipefy.com/open-cards/1318222635;Migração/Outro;Não informado;Outros motivos descritos;Up Transcrição de Áudio (Plano 500 minutos = R$49,90).;1;0.0;0.0;Upgrade;;;Não calculado
16/03/2026;2026;3;Mar.;março;2026-03;Mar./26;Leticia Silva;Leticia Silva;True;pionen;Upgrade;Não informado;Servidores;Servidores;https://app.pipefy.com/open-cards/1318159169;Migração/Outro;Não informado;Outros motivos descritos;Up Servidor 2/4 (R$89,00).;1;0.0;0.0;Upgrade;;;Não calculado
16/03/2026;2026;3;Mar.;março;2026-03;Mar./26;Leticia Silva;Leticia Silva;True;snfsolucoes;Upgrade;Não informado;IA CSAT;IA CSAT;https://app.pipefy.com/open-cards/1318208214;Migração/Outro;Não informado;Outros motivos descritos;Down IA CSAT - Plano 500 créditos (R$9,90) / Up IA CSAT - Plano 1000 créditos (R$25,90).;1;0.0;0.0;Upgrade;;;Não calculado
16/03/2026;2026;3;Mar.;março;2026-03;Mar./26;Marcela Medeiros;Marcela Medeiros;True;gilmaqautomacao;Upgrade;Não informado;Servidores;Servidores;https://app.pipefy.com/open-cards/1318642737;Migração/Outro;Não informado;Outros motivos descritos;UP - Servidor 2/4 no protocolo 202603161698074 pr R$ 89,00;1;0.0;0.0;Upgrade;;;Não calculado
16/03/2026;2026;3;Mar.;março;2026-03;Mar./26;Melissa Duarte;Melissa Duarte;True;clinica512;Upgrade;Não informado;Texto Mágico;Texto Mágico;https://app.pipefy.com/open-cards/1318623653;Migração/Outro;Não informado;Outros motivos descritos;UP Texto Magico 2000 créditos R$29,90;1;0.0;0.0;Upgrade;;;Não calculado
16/03/2026;2026;3;Mar.;março;2026-03;Mar./26;Melissa Duarte;Melissa Duarte;True;dutramoveisfoz;Upgrade;Não informado;Servidores;Servidores;https://app.pipefy.com/open-cards/1318604360;Migração/Outro;Não informado;Outros motivos descritos;UP Servidor 2/4 R$89,00;1;0.0;0.0;Upgrade;;;Não calculado
16/03/2026;2026;3;Mar.;março;2026-03;Mar./26;Melissa Duarte;Melissa Duarte;True;guimaraesecostaadv;Upgrade;Não informado;Servidores;Servidores;https://app.pipefy.com/open-cards/1318171497;Migração/Outro;Não informado;Outros motivos descritos;UP Servidor 2/4 R$89,00;1;0.0;0.0;Upgrade;;;Não calculado
16/03/2026;2026;3;Mar.;março;2026-03;Mar./26;Melissa Duarte;Melissa Duarte;True;realizacredltda;Upgrade;Não informado;Servidores;Servidores;https://app.pipefy.com/open-cards/1318215266;Migração/Outro;Não informado;Outros motivos descritos;UP Servidor 8/16 R$349,00;1;0.0;0.0;Upgrade;;;Não calculado
16/03/2026;2026;3;Mar.;março;2026-03;Mar./26;Tadiane Biason;Tadiane Biason;True;integrale;Upgrade;Não informado;Servidores;Servidores;https://app.pipefy.com/open-cards/1318503316;Migração/Outro;Não informado;Redução de custo;Tipo: Upagrade Produto: Servidor Valor: 270,00 URL: integrale Protocolo: 202603161697134;1;0.0;0.0;Upgrade;;;Não calculado
16/03/2026;2026;3;Mar.;março;2026-03;Mar./26;Vinicius Simões;Vinicius Simões;True;chelsosports;Upgrade;Não informado;Primeira ativação de número oficial;Primeira ativação de número oficial;https://app.pipefy.com/open-cards/1318505809;Migração/Outro;Não informado;Outros motivos descritos;Upgrade: - 1x Conexão de WhatsApp API Oficial - R$ 89,00;1;0.0;0.0;Upgrade;;;Não calculado
16/03/2026;2026;3;Mar.;março;2026-03;Mar./26;Vinicius Simões;Vinicius Simões;True;clubepremium;Upgrade;Não informado;Conexão adicional de WhatsApp - WABA;Conexão adicional de WhatsApp - WABA;https://app.pipefy.com/open-cards/1318070405;Migração/Outro;Não informado;Outros motivos descritos;Upgrade: - 7x Conexões adicionais de WhatsApp API Oficial - R$ 560,70;1;0.0;0.0;Upgrade;;;Não calculado
16/03/2026;2026;3;Mar.;março;2026-03;Mar./26;Vinicius Simões;Vinicius Simões;True;ecomclub;Upgrade;Não informado;Servidores;Servidores;https://app.pipefy.com/open-cards/1318042890;Migração/Outro;Não informado;Outros motivos descritos;Upgrade: - Servidor 2/4 - R$ 89,00;1;0.0;0.0;Upgrade;;;Não calculado
16/03/2026;2026;3;Mar.;março;2026-03;Mar./26;Vinicius Simões;Vinicius Simões;True;m2comunicacao;Upgrade;Não informado;Servidores;Servidores;https://app.pipefy.com/open-cards/1318522444;Migração/Outro;Não informado;Outros motivos descritos;Upgrade: - Servidor 2/4 - R$ 89,00;1;0.0;0.0;Upgrade;;;Não calculado
16/03/2026;2026;3;Mar.;março;2026-03;Mar./26;Vinicius Simões;Vinicius Simões;True;magapagotieleonel;Upgrade;Não informado;Servidores;Servidores;https://app.pipefy.com/open-cards/1318460178;Migração/Outro;Não informado;Outros motivos descritos;Upgrade: - Servidor 2/4 - R$ 89,00;1;0.0;0.0;Upgrade;;;Não calculado
16/03/2026;2026;3;Mar.;março;2026-03;Mar./26;Vinicius Simões;Vinicius Simões;True;ogrupocondor;Upgrade;Não informado;Servidores;Servidores;https://app.pipefy.com/open-cards/1318514855;Migração/Outro;Não informado;Outros motivos descritos;Upgrade: - Servidor 2/4 - R$ 89,00;1;0.0;0.0;Upgrade;;;Não calculado
16/03/2026;2026;3;Mar.;março;2026-03;Mar./26;Vitoria Sabadin;Vitoria Sabadin;True;coelhofibra;Upgrade;Não informado;Usuário adicional;Usuário adicional;https://app.pipefy.com/open-cards/1318263859;Migração/Outro;Não informado;Outros motivos descritos;UP Usuários adicionais | 17x R$29,00;1;0.0;0.0;Upgrade;;;Não calculado
17/03/2026;2026;3;Mar.;março;2026-03;Mar./26;80401348;Usuário inexistente;False;lippel;Upgrade;Não informado;Robô personalizado;Robô personalizado;https://app.pipefy.com/open-cards/1319087530;Migração/Outro;Não informado;Redução de custo;Robo com 6 páginas excedentes no script padrão. Valor total de R$ 240,00;1;0.0;0.0;Upgrade;;;Não calculado
17/03/2026;2026;3;Mar.;março;2026-03;Mar./26;82573565;Usuário inexistente;False;cartorioaraujo;Upgrade;Não informado;Servidores;Servidores;https://app.pipefy.com/open-cards/1319295331;Migração/Outro;Não informado;Redução de custo;Upgrade Servidor 2/4, valor de R$ 89,00, indicado pelo suporte (Bruno Lima) | 202603171698426;1;0.0;0.0;Upgrade;;;Não calculado
17/03/2026;2026;3;Mar.;março;2026-03;Mar./26;82573565;Usuário inexistente;False;joaopauloadv;Upgrade;Não informado;Servidores;Servidores;https://app.pipefy.com/open-cards/1319098436;Migração/Outro;Não informado;Outros motivos descritos;Upgrade Servidor 2/4, R$ 89,00 indicado pelo suporte (Bianca Miyazaki) | 202603161696934;1;0.0;0.0;Upgrade;;;Não calculado
17/03/2026;2026;3;Mar.;março;2026-03;Mar./26;82573565;Usuário inexistente;False;kmsolucoes;Upgrade;Não informado;Servidores;Servidores;https://app.pipefy.com/open-cards/1319119279;Migração/Outro;Não informado;Redução de custo;Upgrade Servidor 2/4, no valor R$ 89,00, indicado pelo suporte (Maycon Carminato) | 202603161697617;1;0.0;0.0;Upgrade;;;Não calculado
17/03/2026;2026;3;Mar.;março;2026-03;Mar./26;82573565;Usuário inexistente;False;orioncont;Upgrade;Não informado;Servidores;Servidores;https://app.pipefy.com/open-cards/1318922241;Migração/Outro;Não informado;Redução de custo;Upgrade Servidor 2/4, valor de R$ 89,00, indicado pelo suporte (Luiz Florindo) | 202603131696438;1;0.0;0.0;Upgrade;;;Não calculado
17/03/2026;2026;3;Mar.;março;2026-03;Mar./26;82573565;Usuário inexistente;False;sdamed;Upgrade;Não informado;Servidores;Servidores;https://app.pipefy.com/open-cards/1319373957;Migração/Outro;Não informado;Outros motivos descritos;Upgrade Servidor 2/4, R$89,00, indicado pelo suporte (Eduardo Martins) | 202603161696916;1;0.0;0.0;Upgrade;;;Não calculado
17/03/2026;2026;3;Mar.;março;2026-03;Mar./26;Guilherme Virgilio Soares;Guilherme Virgilio Soares;True;niteroiesgl;Upgrade;Não informado;Servidores;Servidores;https://app.pipefy.com/open-cards/1319061020;Migração/Outro;Não informado;Outros motivos descritos;- Upgrade: Servidor 4/8 | R$ 169,00;1;0.0;0.0;Upgrade;;;Não calculado
17/03/2026;2026;3;Mar.;março;2026-03;Mar./26;Guilherme Virgilio Soares;Guilherme Virgilio Soares;True;portaldocredito;Upgrade;Não informado;Conexão adicional de WhatsApp - WABA;Conexão adicional de WhatsApp - WABA;https://app.pipefy.com/open-cards/1319077044;Migração/Outro;Não informado;Outros motivos descritos;- Upgrade: 5x Conexões adicionais WhatsApp oficial | 5x R$59,00 | R$295,00;1;0.0;0.0;Upgrade;;;Não calculado
17/03/2026;2026;3;Mar.;março;2026-03;Mar./26;Guilherme Virgilio Soares;Guilherme Virgilio Soares;True;romep;Upgrade;Não informado;Servidores;Servidores;https://app.pipefy.com/open-cards/1319127993;Migração/Outro;Não informado;Outros motivos descritos;- Upgrade: Servidor 2/4 | R$ 89,00;1;0.0;0.0;Upgrade;;;Não calculado
17/03/2026;2026;3;Mar.;março;2026-03;Mar./26;Guilherme Virgilio Soares;Guilherme Virgilio Soares;True;vitoriawagen;Upgrade;Não informado;Usuário adicional;Usuário adicional;https://app.pipefy.com/open-cards/1319372593;Migração/Outro;Não informado;Outros motivos descritos;- Upgrade: Usuários adicionais | 3x R$19,00 | R$57,00;1;0.0;0.0;Upgrade;;;Não calculado
17/03/2026;2026;3;Mar.;março;2026-03;Mar./26;Leticia Silva;Leticia Silva;True;advcostaemartins;Upgrade;Não informado;Funil de vendas;Funil de vendas;https://app.pipefy.com/open-cards/1319082119;Migração/Outro;Não informado;Outros motivos descritos;Up Funil de Vendas (R$49,90).;1;0.0;0.0;Upgrade;;;Não calculado
17/03/2026;2026;3;Mar.;março;2026-03;Mar./26;Leticia Silva;Leticia Silva;True;ourocar;Upgrade;Não informado;Funil de vendas;Funil de vendas;https://app.pipefy.com/open-cards/1318909529;Migração/Outro;Não informado;Outros motivos descritos;Up Funil de Vendas (R$49,90).;1;0.0;0.0;Upgrade;;;Não calculado
17/03/2026;2026;3;Mar.;março;2026-03;Mar./26;Leticia Silva;Leticia Silva;True;seguraltapiracicaba;Upgrade;Não informado;Primeira ativação de número oficial;Primeira ativação de número oficial;https://app.pipefy.com/open-cards/1318966189;Migração/Outro;Não informado;Outros motivos descritos;Primeira Ativação de Número Oficial;1;0.0;0.0;Upgrade;;;Não calculado
17/03/2026;2026;3;Mar.;março;2026-03;Mar./26;Luis Siqueira;Luis Siqueira;True;clinicacpo;Upgrade;Não informado;Conexão adicional de WhatsApp;Conexão adicional de WhatsApp;https://app.pipefy.com/open-cards/1319333968;Migração/Outro;Não informado;Outros motivos descritos;Cliente fez a contratação de mais uma conexão de whatsapp;1;0.0;0.0;Upgrade;;;Não calculado
17/03/2026;2026;3;Mar.;março;2026-03;Mar./26;Melissa Duarte;Melissa Duarte;True;conceitomobile;Upgrade;Não informado;Servidores;Servidores;https://app.pipefy.com/open-cards/1318954648;Migração/Outro;Não informado;Outros motivos descritos;UP Servidor 2/4 R$89,00;1;0.0;0.0;Upgrade;;;Não calculado
17/03/2026;2026;3;Mar.;março;2026-03;Mar./26;Melissa Duarte;Melissa Duarte;True;contabilmed2;Upgrade;Não informado;Servidores;Servidores;https://app.pipefy.com/open-cards/1318960444;Migração/Outro;Não informado;Outros motivos descritos;UP Servidor 4/8 R$169,00;1;0.0;0.0;Upgrade;;;Não calculado
17/03/2026;2026;3;Mar.;março;2026-03;Mar./26;Melissa Duarte;Melissa Duarte;True;ortotraumago;Upgrade;Não informado;Servidores;Servidores;https://app.pipefy.com/open-cards/1318913527;Migração/Outro;Não informado;Outros motivos descritos;UP Servidor 4/8 R$169,00;1;0.0;0.0;Upgrade;;;Não calculado
17/03/2026;2026;3;Mar.;março;2026-03;Mar./26;Melissa Duarte;Melissa Duarte;True;pmsadvs;Upgrade;Não informado;Servidores;Servidores;https://app.pipefy.com/open-cards/1319105930;Migração/Outro;Não informado;Outros motivos descritos;UP Servidor 2/4 R$89,00;1;0.0;0.0;Upgrade;;;Não calculado
17/03/2026;2026;3;Mar.;março;2026-03;Mar./26;Vinicius Simões;Vinicius Simões;True;2dbrindes;Upgrade;Não informado;Servidores;Servidores;https://app.pipefy.com/open-cards/1319286348;Migração/Outro;Não informado;Outros motivos descritos;Upgrade: - Servidor 2/4 - R$ 89,00;1;0.0;0.0;Upgrade;;;Não calculado
17/03/2026;2026;3;Mar.;março;2026-03;Mar./26;Vinicius Simões;Vinicius Simões;True;3dslim;Upgrade;Não informado;Servidores;Servidores;https://app.pipefy.com/open-cards/1319280907;Migração/Outro;Não informado;Outros motivos descritos;Upgrade: - Servidor 4/8 - R$ 169,00;1;0.0;0.0;Upgrade;;;Não calculado
17/03/2026;2026;3;Mar.;março;2026-03;Mar./26;Vinicius Simões;Vinicius Simões;True;andradeeadvogados;Upgrade;Não informado;Servidores;Servidores;https://app.pipefy.com/open-cards/1319311142;Migração/Outro;Não informado;Outros motivos descritos;Upgrade: - Servidor 2/4 - R$ 89,00;1;0.0;0.0;Upgrade;;;Não calculado
17/03/2026;2026;3;Mar.;março;2026-03;Mar./26;Vinicius Simões;Vinicius Simões;True;ddziabas;Upgrade;Não informado;Conexão adicional de WhatsApp - WABA;Conexão adicional de WhatsApp - WABA;https://app.pipefy.com/open-cards/1318915181;Migração/Outro;Não informado;Outros motivos descritos;Upgrade: - 1x Conexão adicional de WhatsApp API Oficial - R$ 119,00;1;0.0;0.0;Upgrade;;;Não calculado
17/03/2026;2026;3;Mar.;março;2026-03;Mar./26;Vinicius Simões;Vinicius Simões;True;dgassessoriacontabil;Upgrade;Não informado;Resumo Inteligente;Resumo Inteligente;https://app.pipefy.com/open-cards/1318909876;Migração/Outro;Não informado;Outros motivos descritos;Upgrade: - IA Resumo Inteligente | 1.000 créditos - R$ 55,90;1;0.0;0.0;Upgrade;;;Não calculado
17/03/2026;2026;3;Mar.;março;2026-03;Mar./26;Vinicius Simões;Vinicius Simões;True;diosepheribeiro;Upgrade;Não informado;Chat interno;Chat interno;https://app.pipefy.com/open-cards/1319314433;Migração/Outro;Não informado;Outros motivos descritos;Upgrade: - Chat Interno - R$ 89,00;1;0.0;0.0;Upgrade;;;Não calculado
17/03/2026;2026;3;Mar.;março;2026-03;Mar./26;Vinicius Simões;Vinicius Simões;True;maiaemachadoadvogados;Upgrade;Não informado;Servidores;Servidores;https://app.pipefy.com/open-cards/1319293201;Migração/Outro;Não informado;Outros motivos descritos;Upgrade: - Servidor 2/4 - R$ 89,00;1;0.0;0.0;Upgrade;;;Não calculado
18/03/2026;2026;3;Mar.;março;2026-03;Mar./26;82573565;Usuário inexistente;False;casadosvidros;Upgrade;Não informado;Funil de vendas;Funil de vendas;https://app.pipefy.com/open-cards/1320062262;Migração/Outro;Não informado;Outros motivos descritos;Upgrade Funil de Vendas R$ 49,00 | 202603181701090;1;0.0;0.0;Upgrade;;;Não calculado
18/03/2026;2026;3;Mar.;março;2026-03;Mar./26;82573565;Usuário inexistente;False;cicloscoop;Upgrade;Não informado;Pacotes SMS Disparo em Massa;Pacotes SMS Disparo em Massa;https://app.pipefy.com/open-cards/1320053576;Migração/Outro;Não informado;Redução de custo;Upgrade de 500 créditos de SMS, valor R$ 75,00;1;0.0;0.0;Upgrade;;;Não calculado
18/03/2026;2026;3;Mar.;março;2026-03;Mar./26;82573565;Usuário inexistente;False;clinicamultidiciplinar;Upgrade;Não informado;Primeira ativação de número oficial;Primeira ativação de número oficial;https://app.pipefy.com/open-cards/1319987182;Migração/Outro;Não informado;Outros motivos descritos;Cliente solicitou upgrade de conexão adicional WABA;1;0.0;0.0;Upgrade;;;Não calculado
18/03/2026;2026;3;Mar.;março;2026-03;Mar./26;82573565;Usuário inexistente;False;floresadvocacia;Upgrade;Não informado;Primeira ativação de número oficial;Primeira ativação de número oficial;https://app.pipefy.com/open-cards/1319705385;Migração/Outro;Não informado;Outros motivos descritos;Cliente deseja contratar uma conexão adicional WABA e irá migrar o número oficial de outra plataforma para a Digisac.;1;0.0;0.0;Upgrade;;;Não calculado
18/03/2026;2026;3;Mar.;março;2026-03;Mar./26;82573565;Usuário inexistente;False;pramed;Upgrade;Não informado;Servidores;Servidores;https://app.pipefy.com/open-cards/1320039330;Migração/Outro;Não informado;Redução de custo;Upgrade Servidor 2/4, valor de R$ 89,00 | 202603181700529;1;0.0;0.0;Upgrade;;;Não calculado
18/03/2026;2026;3;Mar.;março;2026-03;Mar./26;Guilherme Virgilio Soares;Guilherme Virgilio Soares;True;flexacessoria;Upgrade;Não informado;Servidores;Servidores;https://app.pipefy.com/open-cards/1319747013;Migração/Outro;Não informado;Outros motivos descritos;- Upgrade: Servidor 2/4 | R$ 89,00;1;0.0;0.0;Upgrade;;;Não calculado
18/03/2026;2026;3;Mar.;março;2026-03;Mar./26;Guilherme Virgilio Soares;Guilherme Virgilio Soares;True;guiaoftalmo;Upgrade;Não informado;Servidores;Servidores;https://app.pipefy.com/open-cards/1319671201;Migração/Outro;Não informado;Outros motivos descritos;- Upgrade: Servidor 2/4 | R$89,00;1;0.0;0.0;Upgrade;;;Não calculado
18/03/2026;2026;3;Mar.;março;2026-03;Mar./26;Guilherme Virgilio Soares;Guilherme Virgilio Soares;True;jessicavisao;Upgrade;Não informado;Servidores;Servidores;https://app.pipefy.com/open-cards/1319707869;Migração/Outro;Não informado;Outros motivos descritos;- Upgrade: Servidor 2/4 | R$ 89,00;1;0.0;0.0;Upgrade;;;Não calculado
18/03/2026;2026;3;Mar.;março;2026-03;Mar./26;Guilherme Virgilio Soares;Guilherme Virgilio Soares;True;nunesrochaadv;Upgrade;Não informado;Servidores;Servidores;https://app.pipefy.com/open-cards/1319719445;Migração/Outro;Não informado;Outros motivos descritos;- Upgrade: Servidor 2/4 | R$ 89,00;1;0.0;0.0;Upgrade;;;Não calculado
18/03/2026;2026;3;Mar.;março;2026-03;Mar./26;Guilherme Virgilio Soares;Guilherme Virgilio Soares;True;nutstecnologia;Upgrade;Não informado;Usuário adicional;Usuário adicional;https://app.pipefy.com/open-cards/1319866986;Migração/Outro;Não informado;Outros motivos descritos;- Upgrade: 1x Usuário adicional | R$29,00;1;0.0;0.0;Upgrade;;;Não calculado
18/03/2026;2026;3;Mar.;março;2026-03;Mar./26;Guilherme Virgilio Soares;Guilherme Virgilio Soares;True;organicodochico;Upgrade;Não informado;"IA Agent; Resumo Inteligente";"IA Agent; Resumo Inteligente";https://app.pipefy.com/open-cards/1319784286;Migração/Outro;Não informado;Outros motivos descritos;- Upgrade:  IA Resumo Inteligente - 500 créditos | R$ 34,90 IA Agente - 1.000 créditos | R$ 112,90;2;0.0;0.0;Upgrade;;;Não calculado
18/03/2026;2026;3;Mar.;março;2026-03;Mar./26;Guilherme Virgilio Soares;Guilherme Virgilio Soares;True;pmd;Upgrade;Não informado;Servidores;Servidores;https://app.pipefy.com/open-cards/1319894986;Migração/Outro;Não informado;Outros motivos descritos;- Upgrade: Servidor 2/4 | R$ 89,00;1;0.0;0.0;Upgrade;;;Não calculado
18/03/2026;2026;3;Mar.;março;2026-03;Mar./26;Guilherme Virgilio Soares;Guilherme Virgilio Soares;True;rrv;Upgrade;Não informado;Servidores;Servidores;https://app.pipefy.com/open-cards/1319756930;Migração/Outro;Não informado;Outros motivos descritos;- Upgrade: Servidor 8/12 | R$ 270,00;1;0.0;0.0;Upgrade;;;Não calculado
18/03/2026;2026;3;Mar.;março;2026-03;Mar./26;Leticia Silva;Leticia Silva;True;corpelcontabilidade;Upgrade;Não informado;Primeira ativação de número oficial;Primeira ativação de número oficial;https://app.pipefy.com/open-cards/1319707330;Migração/Outro;Não informado;Outros motivos descritos;Primeira ativação de número oficial;1;0.0;0.0;Upgrade;;;Não calculado
18/03/2026;2026;3;Mar.;março;2026-03;Mar./26;Leticia Silva;Leticia Silva;True;farmaciasprepare;Upgrade;Não informado;Servidores;Servidores;https://app.pipefy.com/open-cards/1319944315;Migração/Outro;Não informado;Outros motivos descritos;Up Servidor 2/4 (R$89,00).;1;0.0;0.0;Upgrade;;;Não calculado
18/03/2026;2026;3;Mar.;março;2026-03;Mar./26;Leticia Silva;Leticia Silva;True;mahamoveisitalinea;Upgrade;Não informado;Servidores;Servidores;https://app.pipefy.com/open-cards/1319966072;Migração/Outro;Não informado;Outros motivos descritos;Up Servidor 2/4 (R$89,00).;1;0.0;0.0;Upgrade;;;Não calculado
18/03/2026;2026;3;Mar.;março;2026-03;Mar./26;Leticia Silva;Leticia Silva;True;mercadomoveis;Upgrade;Não informado;Primeira ativação de número oficial;Primeira ativação de número oficial;https://app.pipefy.com/open-cards/1319736492;Migração/Outro;Não informado;Outros motivos descritos;Primeira ativação de número oficial;1;0.0;0.0;Upgrade;;;Não calculado
18/03/2026;2026;3;Mar.;março;2026-03;Mar./26;Leticia Silva;Leticia Silva;True;primeingaimoveis;Upgrade;Não informado;Servidores;Servidores;https://app.pipefy.com/open-cards/1319720152;Migração/Outro;Não informado;Outros motivos descritos;Up Servidor 2/4 (R$89,00).;1;0.0;0.0;Upgrade;;;Não calculado
18/03/2026;2026;3;Mar.;março;2026-03;Mar./26;Leticia Silva;Leticia Silva;True;senhadigital;Upgrade;Não informado;Conexão adicional de WhatsApp - WABA;Conexão adicional de WhatsApp - WABA;https://app.pipefy.com/open-cards/1319780703;Migração/Outro;Não informado;Outros motivos descritos;Up conexão adicional oficial. Número: 17997283504;1;0.0;0.0;Upgrade;;;Não calculado
18/03/2026;2026;3;Mar.;março;2026-03;Mar./26;Leticia Silva;Leticia Silva;True;serrana0754;Upgrade;Não informado;Conexão adicional de WhatsApp;Conexão adicional de WhatsApp;https://app.pipefy.com/open-cards/1319985644;Migração/Outro;Não informado;Outros motivos descritos;Up 5 conexões adicionais de whatsapp na URL serrana0754 (R$445,00).;1;0.0;0.0;Upgrade;;;Não calculado
18/03/2026;2026;3;Mar.;março;2026-03;Mar./26;Luis Siqueira;Luis Siqueira;True;servsaude;Upgrade;Não informado;Servidores;Servidores;https://app.pipefy.com/open-cards/1319790758;Migração/Outro;Não informado;Outros motivos descritos;Cliente fez a contratação do servidor 16/32>>R$ 549,00;1;0.0;0.0;Upgrade;;;Não calculado
18/03/2026;2026;3;Mar.;março;2026-03;Mar./26;Melissa Duarte;Melissa Duarte;True;izzicontabilidade;Upgrade;Não informado;Funil de vendas;Funil de vendas;https://app.pipefy.com/open-cards/1320007964;Migração/Outro;Não informado;Outros motivos descritos;UP Funil de Vendas R$49,00;1;0.0;0.0;Upgrade;;;Não calculado
18/03/2026;2026;3;Mar.;março;2026-03;Mar./26;Melissa Duarte;Melissa Duarte;True;sustentaresegurosvillagio;Upgrade;Não informado;IA Agent;IA Agent;https://app.pipefy.com/open-cards/1319784810;Migração/Outro;Não informado;Outros motivos descritos;UP Agente Inteligente 1000 créditos R$112,90;1;0.0;0.0;Upgrade;;;Não calculado
18/03/2026;2026;3;Mar.;março;2026-03;Mar./26;Priscila Pavani;Priscila Pavani;True;cobrar3;Upgrade;Não informado;Distribuição automática;Distribuição automática;https://app.pipefy.com/open-cards/1319858693;Migração/Outro;Não informado;Redução de custo;Tipo: Upgrade  Produto: 1 Distribuição Automática  Valor: R$ 89,00  URL: cobrar3  Protocolo: 202603171698563;1;0.0;0.0;Upgrade;;;Não calculado
18/03/2026;2026;3;Mar.;março;2026-03;Mar./26;Vinicius Simões;Vinicius Simões;True;clinicavivenza;Upgrade;Não informado;Funil de vendas;Funil de vendas;https://app.pipefy.com/open-cards/1320027011;Migração/Outro;Não informado;Outros motivos descritos;Upgrade: - Funil de Vendas - R$ 49,00;1;0.0;0.0;Upgrade;;;Não calculado
18/03/2026;2026;3;Mar.;março;2026-03;Mar./26;Vinicius Simões;Vinicius Simões;True;cursoms;Upgrade;Não informado;Conexão Instagram Direct;Conexão Instagram Direct;https://app.pipefy.com/open-cards/1319890370;Migração/Outro;Não informado;Outros motivos descritos;Upgrade: - 1x Conexão de Instagram - R$ 89,00;1;0.0;0.0;Upgrade;;;Não calculado
18/03/2026;2026;3;Mar.;março;2026-03;Mar./26;Vinicius Simões;Vinicius Simões;True;cursoms;Upgrade;Não informado;Primeira ativação de número oficial;Primeira ativação de número oficial;https://app.pipefy.com/open-cards/1319885497;Migração/Outro;Não informado;Outros motivos descritos;Upgrade: - 1x Conexão de WhatsApp API Oficial - R$ 89,00;1;0.0;0.0;Upgrade;;;Não calculado
18/03/2026;2026;3;Mar.;março;2026-03;Mar./26;Vinicius Simões;Vinicius Simões;True;ffgoulart;Upgrade;Não informado;Servidores;Servidores;https://app.pipefy.com/open-cards/1320021522;Migração/Outro;Não informado;Outros motivos descritos;Upgrade: - Servidor 2/4 - R$ 89,00;1;0.0;0.0;Upgrade;;;Não calculado
18/03/2026;2026;3;Mar.;março;2026-03;Mar./26;Vinicius Simões;Vinicius Simões;True;prv;Upgrade;Não informado;Servidores;Servidores;https://app.pipefy.com/open-cards/1319687093;Migração/Outro;Não informado;Outros motivos descritos;Upgrade: - Servidor 2/4 - R$ 89,00;1;0.0;0.0;Upgrade;;;Não calculado
18/03/2026;2026;3;Mar.;março;2026-03;Mar./26;Vinicius Simões;Vinicius Simões;True;teknikao;Upgrade;Não informado;Servidores;Servidores;https://app.pipefy.com/open-cards/1319692109;Migração/Outro;Não informado;Outros motivos descritos;Upgrade: - Servidor 2/4 - R$ 89,00;1;0.0;0.0;Upgrade;;;Não calculado
19/03/2026;2026;3;Mar.;março;2026-03;Mar./26;82573565;Usuário inexistente;False;auxiliocertificacao;Upgrade;Não informado;IA Agent;IA Agent;https://app.pipefy.com/open-cards/1320782487;Migração/Outro;Não informado;Outros motivos descritos;Upgrade - IA Agente - 1.000 créditos R$ 112,90 | 202603191701744;1;0.0;0.0;Upgrade;;;Não calculado
19/03/2026;2026;3;Mar.;março;2026-03;Mar./26;82573565;Usuário inexistente;False;jrcredito;Upgrade;Não informado;Conexão adicional de WhatsApp - WABA;Conexão adicional de WhatsApp - WABA;https://app.pipefy.com/open-cards/1320537249;Migração/Outro;Não informado;Outros motivos descritos;Cliente WABA realizou upgrade de 7 conexões adicionais WABA | 7xR$ 89,00 cada | Protocolo: 2026031616979;1;0.0;0.0;Upgrade;;;Não calculado
19/03/2026;2026;3;Mar.;março;2026-03;Mar./26;Guilherme Virgilio Soares;Guilherme Virgilio Soares;True;controlecontabil;Upgrade;Não informado;IA CSAT;IA CSAT;https://app.pipefy.com/open-cards/1320602278;Migração/Outro;Não informado;Outros motivos descritos;- Upgrade: IA CSAT - 1.000 créditos | R$ 25,90 |;1;0.0;0.0;Upgrade;;;Não calculado
19/03/2026;2026;3;Mar.;março;2026-03;Mar./26;Leticia Silva;Leticia Silva;True;ja;Upgrade;Não informado;Conexão adicional de WhatsApp - WABA;Conexão adicional de WhatsApp - WABA;https://app.pipefy.com/open-cards/1320666083;Migração/Outro;Não informado;Outros motivos descritos;Up Conexão Adicional Waba (R$89,00).;1;0.0;0.0;Upgrade;;;Não calculado
19/03/2026;2026;3;Mar.;março;2026-03;Mar./26;Leticia Silva;Leticia Silva;True;renanpaivaadv;Upgrade;Não informado;Servidores;Servidores;https://app.pipefy.com/open-cards/1320584493;Migração/Outro;Não informado;Outros motivos descritos;Up Servidor 2/4 (R$89,00).;1;0.0;0.0;Upgrade;;;Não calculado
19/03/2026;2026;3;Mar.;março;2026-03;Mar./26;Leticia Silva;Leticia Silva;True;toalhasgroh;Upgrade;Não informado;"Conexão Instagram Direct; Conexão Facebook Messenger";Conexão Instagram Direct + outros;https://app.pipefy.com/open-cards/1320420854;Migração/Outro;Não informado;Outros motivos descritos;Up Conexão de Instagram + Conexão Facebook (R$89,00) cada.;2;0.0;0.0;Upgrade;;;Não calculado
19/03/2026;2026;3;Mar.;março;2026-03;Mar./26;Marcela Medeiros;Marcela Medeiros;True;tabelionatoicara;Upgrade;Não informado;Usuário adicional;Usuário adicional;https://app.pipefy.com/open-cards/1320518494;Migração/Outro;Não informado;Outros motivos descritos;UP 1 usuário adicional - Protocolo 202603191701680;1;0.0;0.0;Upgrade;;;Não calculado
19/03/2026;2026;3;Mar.;março;2026-03;Mar./26;Melissa Duarte;Melissa Duarte;True;advocaciaribeiro;Upgrade;Não informado;"IA Copiloto; Transcrição de Áudio";"IA Copiloto; Transcrição de Áudio";https://app.pipefy.com/open-cards/1320621819;Migração/Outro;Não informado;Outros motivos descritos;UP Copiloto 500 créditos R$49,90 UP IA Transcrição de Áudio 500 créditos R$24,90 TOTAL R$74,80;2;0.0;0.0;Upgrade;;;Não calculado
19/03/2026;2026;3;Mar.;março;2026-03;Mar./26;Melissa Duarte;Melissa Duarte;True;bradocontabil;Upgrade;Não informado;Servidores;Servidores;https://app.pipefy.com/open-cards/1320485072;Migração/Outro;Não informado;Outros motivos descritos;UP Servidor 4/8 R$169,00;1;0.0;0.0;Upgrade;;;Não calculado
19/03/2026;2026;3;Mar.;março;2026-03;Mar./26;Melissa Duarte;Melissa Duarte;True;gcidadeazul;Upgrade;Não informado;Servidores;Servidores;https://app.pipefy.com/open-cards/1320411261;Migração/Outro;Não informado;Outros motivos descritos;UP Servidor 2/4 R$89,00;1;0.0;0.0;Upgrade;;;Não calculado
19/03/2026;2026;3;Mar.;março;2026-03;Mar./26;Melissa Duarte;Melissa Duarte;True;haltertech;Upgrade;Não informado;"Conexão Instagram Direct; Conexão Facebook Messenger";Conexão Instagram Direct + outros;https://app.pipefy.com/open-cards/1320490628;Migração/Outro;Não informado;Outros motivos descritos;UP Conexão Instagram direct R$60,00 UP Conexão Facebook direct R$60,00 TOTAL: R$120,00;2;0.0;0.0;Upgrade;;;Não calculado
19/03/2026;2026;3;Mar.;março;2026-03;Mar./26;Melissa Duarte;Melissa Duarte;True;puriflux;Upgrade;Não informado;IA Agent;IA Agent;https://app.pipefy.com/open-cards/1320464823;Migração/Outro;Não informado;Outros motivos descritos;UP IA Agente Inteligente 1000 créditos R$112,90;1;0.0;0.0;Upgrade;;;Não calculado
19/03/2026;2026;3;Mar.;março;2026-03;Mar./26;Melissa Duarte;Melissa Duarte;True;viagemnamente;Upgrade;Não informado;IA Agent;IA Agent;https://app.pipefy.com/open-cards/1320601203;Migração/Outro;Não informado;Outros motivos descritos;UP IA Agente Inteligente 1000 créditos R$112,90;1;0.0;0.0;Upgrade;;;Não calculado
19/03/2026;2026;3;Mar.;março;2026-03;Mar./26;Tadiane Biason;Tadiane Biason;True;md2;Upgrade;Não informado;Usuário adicional;Usuário adicional;https://app.pipefy.com/open-cards/1320705240;Migração/Outro;Não informado;Outros motivos descritos;Tipo: Upgrade Produto: 6 usuários adicionais 21,90 cada = 131,40 URL: md2 Protocolo: 202603191702289;1;0.0;0.0;Upgrade;;;Não calculado
19/03/2026;2026;3;Mar.;março;2026-03;Mar./26;Vinicius Simões;Vinicius Simões;True;advocaciaribeiro;Upgrade;Não informado;Resumo Inteligente;Resumo Inteligente;https://app.pipefy.com/open-cards/1320502648;Migração/Outro;Não informado;Outros motivos descritos;Upgrade: - IA Resumo Inteligente | 500 créditos - R$ 34,90;1;0.0;0.0;Upgrade;;;Não calculado
19/03/2026;2026;3;Mar.;março;2026-03;Mar./26;Vinicius Simões;Vinicius Simões;True;credfacilcacu;Upgrade;Não informado;Conexão adicional de WhatsApp - WABA;Conexão adicional de WhatsApp - WABA;https://app.pipefy.com/open-cards/1320697163;Migração/Outro;Não informado;Outros motivos descritos;Upgrade: - 1x Conexão adicional de WhatsApp API Oficial - R$ 89,00;1;0.0;0.0;Upgrade;;;Não calculado
19/03/2026;2026;3;Mar.;março;2026-03;Mar./26;Vinicius Simões;Vinicius Simões;True;csmcampinas;Upgrade;Não informado;Funil de vendas;Funil de vendas;https://app.pipefy.com/open-cards/1320729869;Migração/Outro;Não informado;Outros motivos descritos;Upgrade: - Funil de Vendas - R$ 49,00;1;0.0;0.0;Upgrade;;;Não calculado
19/03/2026;2026;3;Mar.;março;2026-03;Mar./26;Vinicius Simões;Vinicius Simões;True;drexamelapa;Upgrade;Não informado;Funil de vendas;Funil de vendas;https://app.pipefy.com/open-cards/1320489704;Migração/Outro;Não informado;Outros motivos descritos;Upgrade: - Funil de Vendas - R$ 49,00;1;0.0;0.0;Upgrade;;;Não calculado
19/03/2026;2026;3;Mar.;março;2026-03;Mar./26;Vinicius Simões;Vinicius Simões;True;drmarciomattos;Upgrade;Não informado;Primeira ativação de número oficial;Primeira ativação de número oficial;https://app.pipefy.com/open-cards/1320685373;Migração/Outro;Não informado;Outros motivos descritos;Upgrade: - 1x Conexão de WhatsApp API Oficial - R$ 89,00;1;0.0;0.0;Upgrade;;;Não calculado
19/03/2026;2026;3;Mar.;março;2026-03;Mar./26;Vinicius Simões;Vinicius Simões;True;querobahiaouro;Upgrade;Não informado;IA CSAT;IA CSAT;https://app.pipefy.com/open-cards/1320609720;Migração/Outro;Não informado;Outros motivos descritos;Upgrade: - IA CSAT | 500 créditos - R$ 14,90;1;0.0;0.0;Upgrade;;;Não calculado
19/03/2026;2026;3;Mar.;março;2026-03;Mar./26;Vinicius Simões;Vinicius Simões;True;rva;Upgrade;Não informado;Servidores;Servidores;https://app.pipefy.com/open-cards/1320495754;Migração/Outro;Não informado;Outros motivos descritos;Upgrade: - Servidor 2/4 - R$ 89,00;1;0.0;0.0;Upgrade;;;Não calculado
20/03/2026;2026;3;Mar.;março;2026-03;Mar./26;82573565;Usuário inexistente;False;alumiaeducacional;Upgrade;Não informado;Conexão adicional de WhatsApp;Conexão adicional de WhatsApp;https://app.pipefy.com/open-cards/1321175226;Migração/Outro;Não informado;Outros motivos descritos;UPGRADE 1 Conexão adicional WABA, R$ 89,00 | 202603191702319;1;0.0;0.0;Upgrade;;;Não calculado
20/03/2026;2026;3;Mar.;março;2026-03;Mar./26;82573565;Usuário inexistente;False;grupooperandi;Upgrade;Não informado;Primeira ativação de número oficial;Primeira ativação de número oficial;https://app.pipefy.com/open-cards/1321224815;Migração/Outro;Não informado;Outros motivos descritos;Migração da conexão adicional (satandard) para oficial;1;0.0;0.0;Upgrade;;;Não calculado
20/03/2026;2026;3;Mar.;março;2026-03;Mar./26;Guilherme Virgilio Soares;Guilherme Virgilio Soares;True;4company;Upgrade;Não informado;Servidores;Servidores;https://app.pipefy.com/open-cards/1321037471;Migração/Outro;Não informado;Outros motivos descritos;- Upgrade: Servidor 2/4 | R$ 89,00;1;0.0;0.0;Upgrade;;;Não calculado
20/03/2026;2026;3;Mar.;março;2026-03;Mar./26;Guilherme Virgilio Soares;Guilherme Virgilio Soares;True;proton;Upgrade;Não informado;Pacotes SMS Disparo em Massa;Pacotes SMS Disparo em Massa;https://app.pipefy.com/open-cards/1321410290;Migração/Outro;Não informado;Outros motivos descritos;- Upgrade:  Créditos SMS - 10.306 créditos | R$ 927,54 | (possui 420 créditos atualmente.);1;0.0;0.0;Upgrade;;;Não calculado
20/03/2026;2026;3;Mar.;março;2026-03;Mar./26;Guilherme Virgilio Soares;Guilherme Virgilio Soares;True;saveid;Upgrade;Não informado;Conexão adicional de WhatsApp - WABA;Conexão adicional de WhatsApp - WABA;https://app.pipefy.com/open-cards/1321108075;Migração/Outro;Não informado;Outros motivos descritos;- Upgrade: Conexão adicional WhatsApp oficial | R$ 89,00;1;0.0;0.0;Upgrade;;;Não calculado
20/03/2026;2026;3;Mar.;março;2026-03;Mar./26;Guilherme Virgilio Soares;Guilherme Virgilio Soares;True;suporte;Upgrade;Não informado;Usuário adicional;Usuário adicional;https://app.pipefy.com/open-cards/1321269918;Migração/Outro;Não informado;Outros motivos descritos;- Upgrade: 1x Usuário adicional | R$ 29,00 *Plano unificado*;1;0.0;0.0;Upgrade;;;Não calculado
20/03/2026;2026;3;Mar.;março;2026-03;Mar./26;Leticia Silva;Leticia Silva;True;alfacom;Upgrade;Não informado;Primeira ativação de número oficial;Primeira ativação de número oficial;https://app.pipefy.com/open-cards/1321142488;Migração/Outro;Não informado;Outros motivos descritos;Primeira ativação de número oficial;1;0.0;0.0;Upgrade;;;Não calculado
20/03/2026;2026;3;Mar.;março;2026-03;Mar./26;Leticia Silva;Leticia Silva;True;brazchinezicorrea;Upgrade;Não informado;Funil de vendas;Funil de vendas;https://app.pipefy.com/open-cards/1321393208;Migração/Outro;Não informado;Outros motivos descritos;Up Funil de Vendas (R$49,90).;1;0.0;0.0;Upgrade;;;Não calculado
20/03/2026;2026;3;Mar.;março;2026-03;Mar./26;Leticia Silva;Leticia Silva;True;clinican2;Upgrade;Não informado;Servidores;Servidores;https://app.pipefy.com/open-cards/1321182183;Migração/Outro;Não informado;Outros motivos descritos;Up Servidor 2/4 (R$89,00).;1;0.0;0.0;Upgrade;;;Não calculado
20/03/2026;2026;3;Mar.;março;2026-03;Mar./26;Leticia Silva;Leticia Silva;True;puriflux;Upgrade;Não informado;"Transcrição de Áudio; Resumo Inteligente";"Transcrição de Áudio; Resumo Inteligente";https://app.pipefy.com/open-cards/1321187348;Migração/Outro;Não informado;Outros motivos descritos;Up A Transcrição de Áudio (500 min → R$ 24,90) + IA Resumo Inteligente ( 500 créditos → R$ 29,90).;2;0.0;0.0;Upgrade;;;Não calculado
20/03/2026;2026;3;Mar.;março;2026-03;Mar./26;Leticia Silva;Leticia Silva;True;rhftalentosfoz;Upgrade;Não informado;Primeira ativação de número oficial;Primeira ativação de número oficial;https://app.pipefy.com/open-cards/1321168575;Migração/Outro;Não informado;Outros motivos descritos;Primeira ativação de número oficial;1;0.0;0.0;Upgrade;;;Não calculado
20/03/2026;2026;3;Mar.;março;2026-03;Mar./26;Tadiane Biason;Tadiane Biason;True;hospitalsaocamilosp;Upgrade;Não informado;Usuário adicional;Usuário adicional;https://app.pipefy.com/open-cards/1321325456;Migração/Outro;Não informado;Redução de custo;Tipo: Upgrade Produto: 21 usuários - (22,00 cada) Valor: 462,00 URL: hopspitalsaocamilosp Protocolo:202603201702783;1;0.0;0.0;Upgrade;;;Não calculado
20/03/2026;2026;3;Mar.;março;2026-03;Mar./26;Tadiane Biason;Tadiane Biason;True;pouparseguros;Upgrade;Não informado;Conexão adicional de WhatsApp - WABA;Conexão adicional de WhatsApp - WABA;https://app.pipefy.com/open-cards/1321387509;Migração/Outro;Não informado;Outros motivos descritos;Tipo: Upgrade Produto: 3 conexões Oficiais (1 pra ajustar o plano, pois já esta utilizando duas e 2 que vai incluir) - 89,00 cada = 267,00 URL: pouparseguros Protocolo:202603201703290;1;0.0;0.0;Upgrade;;;Não calculado
20/03/2026;2026;3;Mar.;março;2026-03;Mar./26;Vinicius Simões;Vinicius Simões;True;dfrancaaquecedores;Upgrade;Não informado;Conexão adicional de WhatsApp - WABA;Conexão adicional de WhatsApp - WABA;https://app.pipefy.com/open-cards/1321049591;Migração/Outro;Não informado;Outros motivos descritos;Upgrade: - 1x Conexão adicional de WhatsApp API Oficial - R$ 89,00;1;0.0;0.0;Upgrade;;;Não calculado
20/03/2026;2026;3;Mar.;março;2026-03;Mar./26;Vinicius Simões;Vinicius Simões;True;gvimoveis;Upgrade;Não informado;Primeira ativação de número oficial;Primeira ativação de número oficial;https://app.pipefy.com/open-cards/1321404200;Migração/Outro;Não informado;Outros motivos descritos;Upgrade: - 1x Conexão de WhatsApp API Oficial - R$ 89,00;1;0.0;0.0;Upgrade;;;Não calculado
20/03/2026;2026;3;Mar.;março;2026-03;Mar./26;Vinicius Simões;Vinicius Simões;True;limaservicos;Upgrade;Não informado;Conexão adicional de WhatsApp - WABA;Conexão adicional de WhatsApp - WABA;https://app.pipefy.com/open-cards/1321417951;Migração/Outro;Não informado;Outros motivos descritos;Upgrade: - 1x Conexão adicional de WhatsApp API Oficial - R$ 89,00;1;0.0;0.0;Upgrade;;;Não calculado
20/03/2026;2026;3;Mar.;março;2026-03;Mar./26;Vinicius Simões;Vinicius Simões;True;mgbcontabilsg;Upgrade;Não informado;Primeira ativação de número oficial;Primeira ativação de número oficial;https://app.pipefy.com/open-cards/1321134608;Migração/Outro;Não informado;Outros motivos descritos;Upgrade: - 1x Conexão de WhatsApp API Oficial - R$ 89,00;1;0.0;0.0;Upgrade;;;Não calculado
20/03/2026;2026;3;Mar.;março;2026-03;Mar./26;Vinicius Simões;Vinicius Simões;True;monteirobarrosoadv;Upgrade;Não informado;Servidores;Servidores;https://app.pipefy.com/open-cards/1321244151;Migração/Outro;Não informado;Outros motivos descritos;Upgrade: - Servidor 2/4 - R$ 89,00;1;0.0;0.0;Upgrade;;;Não calculado
23/03/2026;2026;3;Mar.;março;2026-03;Mar./26;82573565;Usuário inexistente;False;zeroquarenta;Upgrade;Não informado;Servidores;Servidores;https://app.pipefy.com/open-cards/1322835773;Migração/Outro;Não informado;Redução de custo;Upgrade Servidor 2/4, valor de R$ 89,00, indicado pelo suporte João Tarcinalli | 202603231703900;1;0.0;0.0;Upgrade;;;Não calculado
23/03/2026;2026;3;Mar.;março;2026-03;Mar./26;Guilherme Virgilio Soares;Guilherme Virgilio Soares;True;digitaldrive;Upgrade;Não informado;"IA Agent; IA Copiloto; Texto Mágico";"IA Agent; IA Copiloto; Texto Mágico";https://app.pipefy.com/open-cards/1322434872;Migração/Outro;Não informado;Outros motivos descritos;- Upgrade:  IA Agente – 1.000 créditos | R$112,90 |  IA Copiloto - 1.000 créditos | R$72,90 |  IA Texto Mágico – 1.000 créditos | R$19,90 |  Total: R$ 205,70 |;3;0.0;0.0;Upgrade;;;Não calculado
23/03/2026;2026;3;Mar.;março;2026-03;Mar./26;Guilherme Virgilio Soares;Guilherme Virgilio Soares;True;perelax;Upgrade;Não informado;Funil de vendas;Funil de vendas;https://app.pipefy.com/open-cards/1322638988;Migração/Outro;Não informado;Outros motivos descritos;- Upgrade: Funil de vendas | R$49,00;1;0.0;0.0;Upgrade;;;Não calculado
23/03/2026;2026;3;Mar.;março;2026-03;Mar./26;Leticia Silva;Leticia Silva;True;avanth;Upgrade;Não informado;Conexão adicional de WhatsApp - WABA;Conexão adicional de WhatsApp - WABA;https://app.pipefy.com/open-cards/1322732253;Migração/Outro;Não informado;Outros motivos descritos;Up conexão waba adicional;1;0.0;0.0;Upgrade;;;Não calculado
23/03/2026;2026;3;Mar.;março;2026-03;Mar./26;Leticia Silva;Leticia Silva;True;infoluck;Upgrade;Não informado;Servidores;Servidores;https://app.pipefy.com/open-cards/1322809154;Migração/Outro;Não informado;Outros motivos descritos;Up Servidor 2/4 (R$89,00).;1;0.0;0.0;Upgrade;;;Não calculado
23/03/2026;2026;3;Mar.;março;2026-03;Mar./26;Luis Siqueira;Luis Siqueira;True;comunicacaorm;Upgrade;Não informado;Servidores;Servidores;https://app.pipefy.com/open-cards/1322852086;Migração/Outro;Não informado;Redução de custo;Tipo: Upgrade Produto: 1 servidor 4/8 Valor: R$ 169,00 URL: comunicacaorm Protocolo: 202603231704941;1;0.0;0.0;Upgrade;;;Não calculado
23/03/2026;2026;3;Mar.;março;2026-03;Mar./26;Marcela Medeiros;Marcela Medeiros;True;ostengroupoficial;Upgrade;Não informado;Usuário adicional;Usuário adicional;https://app.pipefy.com/open-cards/1322787507;Migração/Outro;Não informado;Redução de custo;Up de 13 usuários adicionais no valor total de R$ 377,00 na url ostengroupoficial (centralização);1;0.0;0.0;Upgrade;;;Não calculado
23/03/2026;2026;3;Mar.;março;2026-03;Mar./26;Melissa Duarte;Melissa Duarte;True;condfy;Upgrade;Não informado;Servidores;Servidores;https://app.pipefy.com/open-cards/1322569387;Migração/Outro;Não informado;Outros motivos descritos;UP Servidor 8/16 R$349,00  DOWN servidor 8/152 R$270,0;1;0.0;0.0;Upgrade;;;Não calculado
23/03/2026;2026;3;Mar.;março;2026-03;Mar./26;Vinicius Simões;Vinicius Simões;True;clinicajundiaitotalsaude;Upgrade;Não informado;Servidores;Servidores;https://app.pipefy.com/open-cards/1322810513;Migração/Outro;Não informado;Outros motivos descritos;Upgrade: - Servidor 8/12 - R$ 270,00;1;0.0;0.0;Upgrade;;;Não calculado
23/03/2026;2026;3;Mar.;março;2026-03;Mar./26;Vinicius Simões;Vinicius Simões;True;pharmaciapersonna;Upgrade;Não informado;Servidores;Servidores;https://app.pipefy.com/open-cards/1322708398;Migração/Outro;Não informado;Outros motivos descritos;Upgrade: - Servidor 2/4 - R$ 89,00;1;0.0;0.0;Upgrade;;;Não calculado
24/03/2026;2026;3;Mar.;março;2026-03;Mar./26;82573565;Usuário inexistente;False;lojadoparabrisa;Upgrade;Não informado;Conexão adicional de WhatsApp - WABA;Conexão adicional de WhatsApp - WABA;https://app.pipefy.com/open-cards/1323294334;Migração/Outro;Não informado;Outros motivos descritos;Upgrade conexão adicional WABA - R$ 89,00 | 202603241706323;1;0.0;0.0;Upgrade;;;Não calculado
24/03/2026;2026;3;Mar.;março;2026-03;Mar./26;82573565;Usuário inexistente;False;planacon;Upgrade;Não informado;Conexão adicional de WhatsApp - WABA;Conexão adicional de WhatsApp - WABA;https://app.pipefy.com/open-cards/1323316875;Migração/Outro;Não informado;Outros motivos descritos;Upgrade de 3 conexões adicionais WABA R$ 89,00 cada. Cliente ja tem conexão adicional waba, apesar de ter mantido o plano como standard;1;0.0;0.0;Upgrade;;;Não calculado
24/03/2026;2026;3;Mar.;março;2026-03;Mar./26;82573565;Usuário inexistente;False;setuptecnologia;Upgrade;Não informado;Conexão adicional de WhatsApp - WABA;Conexão adicional de WhatsApp - WABA;https://app.pipefy.com/open-cards/1323148295;Migração/Outro;Não informado;Outros motivos descritos;Upgrade de conexão oficial adicional, R$ 89,00 | 202603231704958;1;0.0;0.0;Upgrade;;;Não calculado
24/03/2026;2026;3;Mar.;março;2026-03;Mar./26;89991890;Usuário inexistente;False;gabrielrochaadv;Upgrade;Não informado;Transcrição de Áudio;Transcrição de Áudio;https://app.pipefy.com/open-cards/1323542418;Migração/Outro;Não informado;Outros motivos descritos;Up transcrição de aúdio - Plano 500min (R$ 24,90);1;0.0;0.0;Upgrade;;;Não calculado
24/03/2026;2026;3;Mar.;março;2026-03;Mar./26;Guilherme Virgilio Soares;Guilherme Virgilio Soares;True;inovvaadm;Upgrade;Não informado;Conexão adicional de WhatsApp - WABA;Conexão adicional de WhatsApp - WABA;https://app.pipefy.com/open-cards/1323188484;Migração/Outro;Não informado;Outros motivos descritos;- Upgrade: 3x Conexões adicionais oficiais | 3x R$89,00 | R$267,00;1;0.0;0.0;Upgrade;;;Não calculado
24/03/2026;2026;3;Mar.;março;2026-03;Mar./26;Guilherme Virgilio Soares;Guilherme Virgilio Soares;True;planejemundo;Upgrade;Não informado;Distribuição automática;Distribuição automática;https://app.pipefy.com/open-cards/1323226780;Migração/Outro;Não informado;Processo/uso operacional;- Upgrade: Distribuição automática | R$ 89,00;1;0.0;0.0;Upgrade;;;Não calculado
24/03/2026;2026;3;Mar.;março;2026-03;Mar./26;Leticia Silva;Leticia Silva;True;credhouse;Upgrade;Não informado;Conexão adicional de WhatsApp - WABA;Conexão adicional de WhatsApp - WABA;https://app.pipefy.com/open-cards/1323284473;Migração/Outro;Não informado;Outros motivos descritos;UP Conexão adicional WABA (r$ 79,90);1;0.0;0.0;Upgrade;;;Não calculado
24/03/2026;2026;3;Mar.;março;2026-03;Mar./26;Leticia Silva;Leticia Silva;True;inovarprevidencia;Upgrade;Não informado;IA Agent;IA Agent;https://app.pipefy.com/open-cards/1323572145;Migração/Outro;Não informado;Outros motivos descritos;Up IA Agente - 1.000 créditos (R$112,90).;1;0.0;0.0;Upgrade;;;Não calculado
24/03/2026;2026;3;Mar.;março;2026-03;Mar./26;Leticia Silva;Leticia Silva;True;lojasaobento;Upgrade;Não informado;Conexão adicional de WhatsApp - WABA;Conexão adicional de WhatsApp - WABA;https://app.pipefy.com/open-cards/1323173163;Migração/Outro;Não informado;Outros motivos descritos;Up Conexão Waba Adicional (R$89,00) Número: 4731702595.;1;0.0;0.0;Upgrade;;;Não calculado
24/03/2026;2026;3;Mar.;março;2026-03;Mar./26;Luis Siqueira;Luis Siqueira;True;1risaocarlos;Upgrade;Não informado;URL;URL;https://app.pipefy.com/open-cards/1323217339;Migração/Outro;Não informado;Outros motivos descritos;Não informado;1;0.0;0.0;Upgrade;;;Não calculado
24/03/2026;2026;3;Mar.;março;2026-03;Mar./26;Vinicius Simões;Vinicius Simões;True;advazevedoemesquita;Upgrade;Não informado;"Conexão Facebook Messenger; Conexão Instagram Direct";Conexão Facebook Messenger + outros;https://app.pipefy.com/open-cards/1323455189;Migração/Outro;Não informado;Outros motivos descritos;Upgrade: - 1x Conexão de Facebook (Messenger) - R$ 65,00 - 1x Conexão de Instagram (Direct) - R$ 65,00;2;0.0;0.0;Upgrade;;;Não calculado
24/03/2026;2026;3;Mar.;março;2026-03;Mar./26;Vinicius Simões;Vinicius Simões;True;cadeflex;Upgrade;Não informado;Integração;Integração;https://app.pipefy.com/open-cards/1323124089;Migração/Outro;Não informado;Outros motivos descritos;Upgrade: - Integração: Digisac x RD Station CRM - R$ 59,99;1;0.0;0.0;Upgrade;;;Não calculado
25/03/2026;2026;3;Mar.;março;2026-03;Mar./26;89991890;Usuário inexistente;False;drexameosasco;Upgrade;Não informado;Primeira ativação de número oficial;Primeira ativação de número oficial;https://app.pipefy.com/open-cards/1324128276;Migração/Outro;Não informado;Outros motivos descritos;Primeira ativação de número oficial;1;0.0;0.0;Upgrade;;;Não calculado
25/03/2026;2026;3;Mar.;março;2026-03;Mar./26;Guilherme Virgilio Soares;Guilherme Virgilio Soares;True;amorsaudejoinville;Upgrade;Não informado;Funil de vendas;Funil de vendas;https://app.pipefy.com/open-cards/1324127513;Migração/Outro;Não informado;Outros motivos descritos;-Upgrade: Funil de vendas | R$ 49,00 |;1;0.0;0.0;Upgrade;;;Não calculado
25/03/2026;2026;3;Mar.;março;2026-03;Mar./26;Guilherme Virgilio Soares;Guilherme Virgilio Soares;True;bisgrafica;Upgrade;Não informado;Primeira ativação de número oficial;Primeira ativação de número oficial;https://app.pipefy.com/open-cards/1324148315;Migração/Outro;Não informado;Outros motivos descritos;- Upgrade: Conexão adicional WhatsApp oficial | R$89,00;1;0.0;0.0;Upgrade;;;Não calculado
25/03/2026;2026;3;Mar.;março;2026-03;Mar./26;Guilherme Virgilio Soares;Guilherme Virgilio Soares;True;dfrancaaquecedores;Upgrade;Não informado;Conexão adicional de WhatsApp - WABA;Conexão adicional de WhatsApp - WABA;https://app.pipefy.com/open-cards/1324236826;Migração/Outro;Não informado;Outros motivos descritos;- Upgrade: 2x Conexões adicionais WhatsApp oficial | 2x R$89,00 | R$178,00;1;0.0;0.0;Upgrade;;;Não calculado
25/03/2026;2026;3;Mar.;março;2026-03;Mar./26;Guilherme Virgilio Soares;Guilherme Virgilio Soares;True;saimunizacoes;Upgrade;Não informado;Primeira ativação de número oficial;Primeira ativação de número oficial;https://app.pipefy.com/open-cards/1324417311;Migração/Outro;Não informado;Outros motivos descritos;- Upgrade: Conexão adicional WhatsApp oficial | R$89,00;1;0.0;0.0;Upgrade;;;Não calculado
25/03/2026;2026;3;Mar.;março;2026-03;Mar./26;Guilherme Virgilio Soares;Guilherme Virgilio Soares;True;victorpaganelli;Upgrade;Não informado;Servidores;Servidores;https://app.pipefy.com/open-cards/1324084778;Migração/Outro;Não informado;Outros motivos descritos;- Upgrade: Servidor 8/12 | R$ 270,00;1;0.0;0.0;Upgrade;;;Não calculado
25/03/2026;2026;3;Mar.;março;2026-03;Mar./26;Guilherme Virgilio Soares;Guilherme Virgilio Soares;True;vidmed2;Upgrade;Não informado;Pacotes SMS Disparo em Massa;Pacotes SMS Disparo em Massa;https://app.pipefy.com/open-cards/1324109844;Migração/Outro;Não informado;Outros motivos descritos;- Upgrade:  SMS - 500 créditos | R$ 75,00 |;1;0.0;0.0;Upgrade;;;Não calculado
25/03/2026;2026;3;Mar.;março;2026-03;Mar./26;Leticia Silva;Leticia Silva;True;gliceriuns;Upgrade;Não informado;Servidores;Servidores;https://app.pipefy.com/open-cards/1324115013;Migração/Outro;Não informado;Outros motivos descritos;Up Servidor 2/4 (R$89,00).;1;0.0;0.0;Upgrade;;;Não calculado
25/03/2026;2026;3;Mar.;março;2026-03;Mar./26;Leticia Silva;Leticia Silva;True;grupoopasegura;Upgrade;Não informado;Integração;Integração;https://app.pipefy.com/open-cards/1324342725;Migração/Outro;Não informado;Outros motivos descritos;Up Integração RD CRM (R$59,99).;1;0.0;0.0;Upgrade;;;Não calculado
25/03/2026;2026;3;Mar.;março;2026-03;Mar./26;Leticia Silva;Leticia Silva;True;personaleseguros;Upgrade;Não informado;Funil de vendas;Funil de vendas;https://app.pipefy.com/open-cards/1324326051;Migração/Outro;Não informado;Outros motivos descritos;Up Funil de Vendas (R$49,90).;1;0.0;0.0;Upgrade;;;Não calculado
25/03/2026;2026;3;Mar.;março;2026-03;Mar./26;Leticia Silva;Leticia Silva;True;rcaadvogados;Upgrade;Não informado;Funil de vendas;Funil de vendas;https://app.pipefy.com/open-cards/1324025184;Migração/Outro;Não informado;Outros motivos descritos;Up Funil de Vendas (R$49,90).;1;0.0;0.0;Upgrade;;;Não calculado
25/03/2026;2026;3;Mar.;março;2026-03;Mar./26;Tadiane Biason;Tadiane Biason;True;pouparseguros;Upgrade;Não informado;Conexão adicional de WhatsApp - WABA;Conexão adicional de WhatsApp - WABA;https://app.pipefy.com/open-cards/1324254595;Migração/Outro;Não informado;Redução de custo;Cliente fez a contratação de uma nova conexão oficial, no valor de R$ 89,00. Ao  encerrar, encaminhar diretamente ao ativação waba;1;0.0;0.0;Upgrade;;;Não calculado
25/03/2026;2026;3;Mar.;março;2026-03;Mar./26;Vinicius Simões;Vinicius Simões;True;grupobull;Upgrade;Não informado;Conexão adicional de WhatsApp - WABA;Conexão adicional de WhatsApp - WABA;https://app.pipefy.com/open-cards/1324291867;Migração/Outro;Não informado;Outros motivos descritos;Upgrade: - 1x Conexão adicional de WhatsApp API Oficial - R4 89,00;1;0.0;0.0;Upgrade;;;Não calculado
25/03/2026;2026;3;Mar.;março;2026-03;Mar./26;Vinicius Simões;Vinicius Simões;True;prefeiturasaojose;Upgrade;Não informado;"Usuário adicional; Conexão adicional de WhatsApp";Usuário adicional + outros;https://app.pipefy.com/open-cards/1324337667;Migração/Outro;Não informado;Outros motivos descritos;Upgrade: - 10x Usuários adicionais - R$ 290,00 - 1x Conexão adicional de WhatsApp Standard - R$ 89,00;2;0.0;0.0;Upgrade;;;Não calculado
25/03/2026;2026;3;Mar.;março;2026-03;Mar./26;Vinicius Simões;Vinicius Simões;True;saeradv;Upgrade;Não informado;"Resumo Inteligente; Transcrição de Áudio";"Resumo Inteligente; Transcrição de Áudio";https://app.pipefy.com/open-cards/1324356865;Migração/Outro;Não informado;Outros motivos descritos;Upgrade: - IA Resumo Inteligente | 1.000 créditos - R$ 55,90 - IA Transcrição de Áudio | 1.000 minutos - R$ 49,90  Total: R$ 105,80;2;0.0;0.0;Upgrade;;;Não calculado
25/03/2026;2026;3;Mar.;março;2026-03;Mar./26;Vinicius Simões;Vinicius Simões;True;sbsindicatura;Upgrade;Não informado;Servidores;Servidores;https://app.pipefy.com/open-cards/1324331077;Migração/Outro;Não informado;Outros motivos descritos;Upgrade: - Servidor 2/4 - R$ 89,00;1;0.0;0.0;Upgrade;;;Não calculado
25/03/2026;2026;3;Mar.;março;2026-03;Mar./26;Viviane Vieira;Viviane Vieira;True;flitapp;Upgrade;Não informado;Servidores;Servidores;https://app.pipefy.com/open-cards/1324186887;Migração/Outro;Não informado;Redução de custo;Up de servidor para 8/12 no valor total de R$240,00;1;0.0;0.0;Upgrade;;;Não calculado
26/03/2026;2026;3;Mar.;março;2026-03;Mar./26;82573565;Usuário inexistente;False;alphasistemas;Upgrade;Não informado;Funil de vendas;Funil de vendas;https://app.pipefy.com/open-cards/1324855686;Up;Não informado;Outros motivos descritos;Upgrade Funil de Vendas R$ 49,00 | 202603261708926;1;49.0;0.0;Upgrade;;;Não calculado
26/03/2026;2026;3;Mar.;março;2026-03;Mar./26;82573565;Usuário inexistente;False;apix360;Upgrade;Não informado;Conexão adicional de WhatsApp - WABA;Conexão adicional de WhatsApp - WABA;https://app.pipefy.com/open-cards/1325225321;Up;Não informado;Redução de custo;Cliente realizou upgrade de conexão adicional WABA, no valor de R$ 89,00. Possui Plano Base standard, mas já contratou conexão oficial anteriormente| 202603261709062;1;89.0;0.0;Upgrade;;;Não calculado
26/03/2026;2026;3;Mar.;março;2026-03;Mar./26;82573565;Usuário inexistente;False;bisgrafica;Upgrade;Não informado;Funil de vendas;Funil de vendas;https://app.pipefy.com/open-cards/1324763490;Up;Não informado;Outros motivos descritos;Upgrade do Funil de vendas - R$ 49,00 | 202603251707624;1;49.0;0.0;Upgrade;;;Não calculado
26/03/2026;2026;3;Mar.;março;2026-03;Mar./26;82573565;Usuário inexistente;False;ja;Upgrade;Não informado;Conexão adicional de WhatsApp - WABA;Conexão adicional de WhatsApp - WABA;https://app.pipefy.com/open-cards/1324963242;Up;Não informado;Outros motivos descritos;Upgrade 3 conexões adicionais WABA - R$ 89,00 cada (total R$ 267,00) | 202603251708815;1;267.0;0.0;Upgrade;;;Não calculado
26/03/2026;2026;3;Mar.;março;2026-03;Mar./26;82573565;Usuário inexistente;False;themembers;Upgrade;Não informado;Servidores;Servidores;https://app.pipefy.com/open-cards/1325182410;Up;Não informado;Redução de custo;Upgrade Servidor 4/8, valor de R$ 169,00, indicado pelo suporte (Ana Lins) | 202603261709306;1;169.0;0.0;Upgrade;;;Não calculado
26/03/2026;2026;3;Mar.;março;2026-03;Mar./26;89991890;Usuário inexistente;False;laudosvet;Upgrade;Não informado;Funil de vendas;Funil de vendas;https://app.pipefy.com/open-cards/1324772464;Up;Não informado;Outros motivos descritos;Upgrade - Funil de vendas;1;49.9;0.0;Upgrade;;;Não calculado
26/03/2026;2026;3;Mar.;março;2026-03;Mar./26;Guilherme Virgilio Soares;Guilherme Virgilio Soares;True;augustaalimentos;Upgrade;Não informado;"Transcrição de Áudio; IA Agent";"Transcrição de Áudio; IA Agent";https://app.pipefy.com/open-cards/1324993340;Up;Não informado;Outros motivos descritos;- Upgrade: Agente IA - 10.000 créditos | R$724,90 Transcrição de áudios - 10.000 créditos | R$440,90  Total: R$1.165,80;2;1165.8;0.0;Upgrade;;;Não calculado
26/03/2026;2026;3;Mar.;março;2026-03;Mar./26;Guilherme Virgilio Soares;Guilherme Virgilio Soares;True;unimedcapivari;Upgrade;Não informado;Usuário adicional;Usuário adicional;https://app.pipefy.com/open-cards/1324838025;Up;Não informado;Outros motivos descritos;- Upgrade: 1x Usuário adicional | R$ 26,10;1;26.1;0.0;Upgrade;;;Não calculado
26/03/2026;2026;3;Mar.;março;2026-03;Mar./26;Vinicius Simões;Vinicius Simões;True;motorsvans;Upgrade;Não informado;Primeira ativação de número oficial;Primeira ativação de número oficial;https://app.pipefy.com/open-cards/1324802284;Up;Não informado;Outros motivos descritos;Upgrade: - 1x Conexão de WhatsApp API Oficial - R$ 89,00;1;89.0;0.0;Upgrade;;;Não calculado
26/03/2026;2026;3;Mar.;março;2026-03;Mar./26;Vinicius Simões;Vinicius Simões;True;oliveiraeguerra;Upgrade;Não informado;Usuário adicional;Usuário adicional;https://app.pipefy.com/open-cards/1325147273;Up;Não informado;Outros motivos descritos;Upgrade: - 1x Usuário adicional - R$ 29,00;1;29.0;0.0;Upgrade;;;Não calculado
26/03/2026;2026;3;Mar.;março;2026-03;Mar./26;Vinicius Simões;Vinicius Simões;True;osmarfretes;Upgrade;Não informado;"Transcrição de Áudio; IA Agent";"Transcrição de Áudio; IA Agent";https://app.pipefy.com/open-cards/1324844452;Up;Não informado;Outros motivos descritos;Upgrade: - IA Transcrição de Áudio | 500 minutos | R$ 24,90 - IA Agente Inteligente | 1.000 créditos | R$ 112,90 Total: 131,80;2;131.8;0.0;Upgrade;;;Não calculado
26/03/2026;2026;3;Mar.;março;2026-03;Mar./26;Vinicius Simões;Vinicius Simões;True;portaljs;Upgrade;Não informado;IA Agent;IA Agent;https://app.pipefy.com/open-cards/1324861489;Up;Não informado;Outros motivos descritos;Upgrade: - IA Agente Inteligente | 1.000 créditos | R$ 112,90;1;112.9;0.0;Upgrade;;;Não calculado
27/03/2026;2026;3;Mar.;março;2026-03;Mar./26;82573565;Usuário inexistente;False;advogmed;Upgrade;Não informado;Usuário adicional;Usuário adicional;https://app.pipefy.com/open-cards/1325624577;Up;Não informado;Redução de custo;Upgrade de 4 usuários adicionais R$ 104,40 (valor unit. R$26,10) para a URL: advogmed | 202603261710038;1;104.4;0.0;Upgrade;;;Não calculado
27/03/2026;2026;3;Mar.;março;2026-03;Mar./26;82573565;Usuário inexistente;False;lencomagico;Upgrade;Não informado;Servidores;Servidores;https://app.pipefy.com/open-cards/1325763588;Up;Não informado;Redução de custo;Upgrade Servidor 8/12, no valor de R$ 270,00, indicado pelo suporte (Regina Guermandi). Downgrade do servidor 4/8| 202603271710748;1;270.0;0.0;Upgrade;;;Não calculado
27/03/2026;2026;3;Mar.;março;2026-03;Mar./26;82573565;Usuário inexistente;False;minimaxadm;Upgrade;Não informado;Funil de vendas;Funil de vendas;https://app.pipefy.com/open-cards/1325939047;Up;Não informado;Outros motivos descritos;Upgrade Funil de Vendas R$ 49,00;1;49.0;0.0;Upgrade;;;Não calculado
27/03/2026;2026;3;Mar.;março;2026-03;Mar./26;82573565;Usuário inexistente;False;promenacmotos;Upgrade;Não informado;Conexão adicional de WhatsApp - WABA;Conexão adicional de WhatsApp - WABA;https://app.pipefy.com/open-cards/1325576974;Up;Não informado;Outros motivos descritos;Upgrade 1 Conexão adicional WABA - R$ 89,00;1;89.0;0.0;Upgrade;;;Não calculado
27/03/2026;2026;3;Mar.;março;2026-03;Mar./26;82573565;Usuário inexistente;False;trcredfinanceirasp;Upgrade;Não informado;Conexão adicional de WhatsApp;Conexão adicional de WhatsApp;https://app.pipefy.com/open-cards/1325896018;Up;Não informado;Outros motivos descritos;Upgrade de Conexão adicional WABA - R$ 89,00;1;89.0;0.0;Upgrade;;;Não calculado
27/03/2026;2026;3;Mar.;março;2026-03;Mar./26;89991890;Usuário inexistente;False;clinicalifetime;Upgrade;Não informado;Conexão adicional de WhatsApp - WABA;Conexão adicional de WhatsApp - WABA;https://app.pipefy.com/open-cards/1325636526;Up;Não informado;Outros motivos descritos;Upgrade | Conexão adicional WABA | R$ 89,00;1;89.0;0.0;Upgrade;;;Não calculado
27/03/2026;2026;3;Mar.;março;2026-03;Mar./26;89991890;Usuário inexistente;False;divertidamente;Upgrade;Não informado;Chat interno;Chat interno;https://app.pipefy.com/open-cards/1325714976;Up;Não informado;Outros motivos descritos;Upgrade | Chat interno | R$89,00;1;89.0;0.0;Upgrade;;;Não calculado
27/03/2026;2026;3;Mar.;março;2026-03;Mar./26;89991890;Usuário inexistente;False;ensine;Upgrade;Não informado;Conexão adicional de WhatsApp - WABA;Conexão adicional de WhatsApp - WABA;https://app.pipefy.com/open-cards/1325921301;Up;Não informado;Outros motivos descritos;Upgrade | Conexão adicional WABA | R$89,00;1;89.0;0.0;Upgrade;;;Não calculado
27/03/2026;2026;3;Mar.;março;2026-03;Mar./26;Guilherme Virgilio Soares;Guilherme Virgilio Soares;True;202603261709463;Upgrade;Não informado;Integração;Integração;https://app.pipefy.com/open-cards/1325797014;Up;Não informado;Outros motivos descritos;- Upgrade: Integração RBFull - Atlaz/MKFull | R$59,99 - (mensalidade) | R$200,00 - (setup);1;59.99;0.0;Upgrade;;;Não calculado
27/03/2026;2026;3;Mar.;março;2026-03;Mar./26;Leticia Silva;Leticia Silva;True;agilizebrasil;Upgrade;Não informado;Transcrição de Áudio;Transcrição de Áudio;https://app.pipefy.com/open-cards/1325946129;Up;Não informado;Outros motivos descritos;Up Transcrição de Áudio 500 minutos (R$24,90).;1;24.9;0.0;Upgrade;;;Não calculado
27/03/2026;2026;3;Mar.;março;2026-03;Mar./26;Leticia Silva;Leticia Silva;True;albatrozcontabil;Upgrade;Não informado;IA CSAT;IA CSAT;https://app.pipefy.com/open-cards/1325953918;Up;Não informado;Outros motivos descritos;Down IA CSAT - Plano 500 créditos (R$14,90) > Up IA CSAT - 3.000 créditos → R$ 59,90.;1;59.9;0.0;Upgrade;;;Não calculado
27/03/2026;2026;3;Mar.;março;2026-03;Mar./26;Leticia Silva;Leticia Silva;True;institutogabrielprado;Upgrade;Não informado;"Conexão Instagram Direct; Funil de vendas";"Conexão Instagram Direct; Funil de vendas";https://app.pipefy.com/open-cards/1325898818;Up;Não informado;Outros motivos descritos;Up Conexão de Instagram (R$89,00) + Up Funil de Vendas (R$49,90).;2;138.9;0.0;Upgrade;;;Não calculado
27/03/2026;2026;3;Mar.;março;2026-03;Mar./26;Leticia Silva;Leticia Silva;True;mjrecursosdemultas;Upgrade;Não informado;Conexão Instagram Direct;Conexão Instagram Direct;https://app.pipefy.com/open-cards/1325710091;Up;Não informado;Outros motivos descritos;Up Conexão de Instagram (R$89,00).;1;89.0;0.0;Upgrade;;;Não calculado
27/03/2026;2026;3;Mar.;março;2026-03;Mar./26;Leticia Silva;Leticia Silva;True;saolourenco;Upgrade;Não informado;Funil de vendas;Funil de vendas;https://app.pipefy.com/open-cards/1325824758;Up;Não informado;Outros motivos descritos;Up Funil de Vendas (R$49,90).;1;49.9;0.0;Upgrade;;;Não calculado
27/03/2026;2026;3;Mar.;março;2026-03;Mar./26;Leticia Silva;Leticia Silva;True;semprecred;Upgrade;Não informado;Resumo Inteligente;Resumo Inteligente;https://app.pipefy.com/open-cards/1325917874;Up;Não informado;Outros motivos descritos;Up Resumo Inteligente (R$75,90).;1;75.9;0.0;Upgrade;;;Não calculado
27/03/2026;2026;3;Mar.;março;2026-03;Mar./26;Leticia Silva;Leticia Silva;True;simplescred1;Upgrade;Não informado;Servidores;Servidores;https://app.pipefy.com/open-cards/1325562512;Up;Não informado;Outros motivos descritos;Up Servidor 2/4.;1;89.0;0.0;Upgrade;;;Não calculado
27/03/2026;2026;3;Mar.;março;2026-03;Mar./26;Priscila Pavani;Priscila Pavani;True;lccredito;Upgrade;Não informado;Servidores;Servidores;https://app.pipefy.com/open-cards/1325571385;Up;Não informado;Redução de custo;Tipo: Upgrade Produto: 1 servidor 2/4 Valor: R$ 89,00 URL: lccredito Protocolo: 202603271710488;1;89.0;0.0;Upgrade;;;Não calculado
27/03/2026;2026;3;Mar.;março;2026-03;Mar./26;Vinicius Simões;Vinicius Simões;True;economycred;Upgrade;Não informado;Conexão adicional de WhatsApp - WABA;Conexão adicional de WhatsApp - WABA;https://app.pipefy.com/open-cards/1325960673;Up;Não informado;Outros motivos descritos;Upgrade: - 1x Conexão adicional de WhatsApp API Oficial - R$ 89,00;1;89.0;0.0;Upgrade;;;Não calculado
27/03/2026;2026;3;Mar.;março;2026-03;Mar./26;Vinicius Simões;Vinicius Simões;True;ericagomesadvprevi;Upgrade;Não informado;Usuário adicional;Usuário adicional;https://app.pipefy.com/open-cards/1325835156;Up;Não informado;Outros motivos descritos;Upgrade: - 1x Usuário adicional - R$ 29,00  OBS: o cliente não possui o Meu Plano ativo.;1;29.0;0.0;Upgrade;;;Não calculado
27/03/2026;2026;3;Mar.;março;2026-03;Mar./26;Vinicius Simões;Vinicius Simões;True;limaservicos;Upgrade;Não informado;Conexão adicional de WhatsApp - WABA;Conexão adicional de WhatsApp - WABA;https://app.pipefy.com/open-cards/1325845359;Up;Não informado;Outros motivos descritos;Upgrade: - 1x Conexão adicional de WhatsApp API Oficial - R$ 89,00;1;89.0;0.0;Upgrade;;;Não calculado
27/03/2026;2026;3;Mar.;março;2026-03;Mar./26;Vinicius Simões;Vinicius Simões;True;locsolution;Upgrade;Não informado;Funil de vendas;Funil de vendas;https://app.pipefy.com/open-cards/1325777311;Up;Não informado;Outros motivos descritos;Upgrade: - Funil de Vendas - R$ 49,00;1;49.0;0.0;Upgrade;;;Não calculado
30/03/2026;2026;3;Mar.;março;2026-03;Mar./26;82573565;Usuário inexistente;False;modelismobhtec;Upgrade;Não informado;Funil de vendas;Funil de vendas;https://app.pipefy.com/open-cards/1327266591;Up;Não informado;Outros motivos descritos;Upgrade Funil de Vendas - R$ 49,00 | 202603261709003;1;49.0;0.0;Upgrade;;;Não calculado
30/03/2026;2026;3;Mar.;março;2026-03;Mar./26;82573565;Usuário inexistente;False;youcangotravel;Upgrade;Não informado;Servidores;Servidores;https://app.pipefy.com/open-cards/1327090787;Up;Não informado;Redução de custo;Upgrade para o servidor 2/4, no valor de R$ 89,00, indicado pelo suporte | 202603301712171;1;89.0;0.0;Upgrade;;;Não calculado
30/03/2026;2026;3;Mar.;março;2026-03;Mar./26;89991890;Usuário inexistente;False;clubepremium;Upgrade;Não informado;Conexão adicional de WhatsApp - WABA;Conexão adicional de WhatsApp - WABA;https://app.pipefy.com/open-cards/1327361609;Up;Não informado;Redução de custo;5 conexões oficiais adicionais no valor de R$80,10 cada uma;1;400.5;0.0;Upgrade;;;Não calculado
30/03/2026;2026;3;Mar.;março;2026-03;Mar./26;Guilherme Virgilio Soares;Guilherme Virgilio Soares;True;personalizeagua;Upgrade;Não informado;Distribuição automática;Distribuição automática;https://app.pipefy.com/open-cards/1326937434;Up;Não informado;Processo/uso operacional;- Upgrade: Distribuição automática | R$89,00;1;89.0;0.0;Upgrade;;;Não calculado
30/03/2026;2026;3;Mar.;março;2026-03;Mar./26;Leticia Silva;Leticia Silva;True;clubepremium;Upgrade;Não informado;Conexão adicional de WhatsApp - WABA;Conexão adicional de WhatsApp - WABA;https://app.pipefy.com/open-cards/1327083180;Up;Não informado;Outros motivos descritos;Up 2 conexões adicionais oficiais (R$89,00 cada).;1;158.0;0.0;Upgrade;;;Não calculado
30/03/2026;2026;3;Mar.;março;2026-03;Mar./26;Tadiane Biason;Tadiane Biason;True;musassaude;Upgrade;Não informado;Conexão Instagram Direct;Conexão Instagram Direct;https://app.pipefy.com/open-cards/1327275114;Up;Não informado;Outros motivos descritos;Tipo: Upgrade  Produto:1 conexão de Instagram URL: musassaude  Protocolo: 202603301712612;1;89.0;0.0;Upgrade;;;Não calculado
30/03/2026;2026;3;Mar.;março;2026-03;Mar./26;Vinicius Simões;Vinicius Simões;True;candidatoscheckout;Upgrade;Não informado;Conexão adicional de WhatsApp - WABA;Conexão adicional de WhatsApp - WABA;https://app.pipefy.com/open-cards/1327149009;Up;Não informado;Outros motivos descritos;Upgrade: - 1x Conexão adicional de WhatsApp API Oficial - R$ 89,00;1;89.0;0.0;Upgrade;;;Não calculado
30/03/2026;2026;3;Mar.;março;2026-03;Mar./26;Vinicius Simões;Vinicius Simões;True;carbonaroedepaula;Upgrade;Não informado;Conexão Instagram Direct;Conexão Instagram Direct;https://app.pipefy.com/open-cards/1327220742;Up;Não informado;Outros motivos descritos;Upgrade: - 1x Conexão de Instagram - R$ 89,00;1;89.0;0.0;Upgrade;;;Não calculado
30/03/2026;2026;3;Mar.;março;2026-03;Mar./26;Vinicius Simões;Vinicius Simões;True;cartaobeneficiarsaocarlos;Upgrade;Não informado;Servidores;Servidores;https://app.pipefy.com/open-cards/1326932739;Up;Não informado;Outros motivos descritos;Upgrade: - Servidor 2/4 - R$ 89,00;1;89.0;0.0;Upgrade;;;Não calculado
30/03/2026;2026;3;Mar.;março;2026-03;Mar./26;Vinicius Simões;Vinicius Simões;True;diogosiqueira;Upgrade;Não informado;Conexão Facebook Messenger;Conexão Facebook Messenger;https://app.pipefy.com/open-cards/1326953667;Up;Não informado;Outros motivos descritos;Upgrade: - 1x Conexão de Facebook - R$ 89,00;1;89.0;0.0;Upgrade;;;Não calculado
30/03/2026;2026;3;Mar.;março;2026-03;Mar./26;Vinicius Simões;Vinicius Simões;True;shelfdentalmed;Upgrade;Não informado;Funil de vendas;Funil de vendas;https://app.pipefy.com/open-cards/1327017115;Up;Não informado;Outros motivos descritos;Upgrade: - Funil de Vendas - R$ 49,00;1;49.0;0.0;Upgrade;;;Não calculado
30/03/2026;2026;3;Mar.;março;2026-03;Mar./26;Vitoria Sabadin;Vitoria Sabadin;True;gsatransportes;Upgrade;Não informado;"Servidores; Conexão adicional de WhatsApp";"Servidores; Conexão adicional de WhatsApp";https://app.pipefy.com/open-cards/1327273956;Up;Não informado;Outros motivos descritos;Servidor 2/4 | 1x R$89,00 Conexão Adiconal de WhatsApp | 3x R$69,00 | R$207,00;2;296.0;0.0;Upgrade;;;Não calculado
31/03/2026;2026;3;Mar.;março;2026-03;Mar./26;82573565;Usuário inexistente;False;clinicasaudecampina;Upgrade;Não informado;Chat interno;Chat interno;https://app.pipefy.com/open-cards/1328084046;Up;Não informado;Outros motivos descritos;Upgrade Chat interno - R$ 89,00 | 202603311713959;1;89.0;0.0;Upgrade;;;Não calculado
31/03/2026;2026;3;Mar.;março;2026-03;Mar./26;82573565;Usuário inexistente;False;institutoformar;Upgrade;Não informado;Integração;Integração;https://app.pipefy.com/open-cards/1328023046;Up;Não informado;Outros motivos descritos;Upgrade integração Digisac x RD Station, R$ 59,99 | 202603311713741;1;59.99;0.0;Upgrade;;;Não calculado
31/03/2026;2026;3;Mar.;março;2026-03;Mar./26;82573565;Usuário inexistente;False;intervia;Upgrade;Não informado;Integração;Integração;https://app.pipefy.com/open-cards/1327799382;Up;Não informado;Outros motivos descritos;Upgrade Integração MK Solutions, R$ 69,99 | 202603311712975;1;69.99;0.0;Upgrade;;;Não calculado
31/03/2026;2026;3;Mar.;março;2026-03;Mar./26;82573565;Usuário inexistente;False;nacionalossos;Upgrade;Não informado;Servidores;Servidores;https://app.pipefy.com/open-cards/1328040705;Up;Não informado;Outros motivos descritos;Upgrade Servidor 2/4, R$ 89,00, indicado pelo suporte | 202603311714638;1;89.0;0.0;Upgrade;;;Não calculado
31/03/2026;2026;3;Mar.;março;2026-03;Mar./26;89991890;Usuário inexistente;False;brasilsulselfstorage;Upgrade;Não informado;Servidores;Servidores;https://app.pipefy.com/open-cards/1327773503;Up;Não informado;Outros motivos descritos;Upgrade Servidor 2/4 | R$89,00;1;89.0;0.0;Upgrade;;;Não calculado
31/03/2026;2026;3;Mar.;março;2026-03;Mar./26;89991890;Usuário inexistente;False;magodopismequipe;Upgrade;Não informado;Conexão adicional de WhatsApp - WABA;Conexão adicional de WhatsApp - WABA;https://app.pipefy.com/open-cards/1328003269;Up;Não informado;Outros motivos descritos;Conexão adicional oficial R$89,00;1;89.0;0.0;Upgrade;;;Não calculado
31/03/2026;2026;3;Mar.;março;2026-03;Mar./26;89991890;Usuário inexistente;False;portalvaleseguros;Upgrade;Não informado;Servidores;Servidores;https://app.pipefy.com/open-cards/1328389076;Up;Não informado;Outros motivos descritos;Upgrade servidor 4/8 | R$ 169,00;1;169.0;0.0;Upgrade;;;Não calculado
31/03/2026;2026;3;Mar.;março;2026-03;Mar./26;Leticia Silva;Leticia Silva;True;bragancaadv;Upgrade;Não informado;Conexão adicional de WhatsApp - WABA;Conexão adicional de WhatsApp - WABA;https://app.pipefy.com/open-cards/1327835521;Up;Não informado;Outros motivos descritos;Up Conexão Adicional Oficial (R$89,00).;1;89.0;0.0;Upgrade;;;Não calculado
31/03/2026;2026;3;Mar.;março;2026-03;Mar./26;Leticia Silva;Leticia Silva;True;dna;Upgrade;Não informado;Conexão adicional de WhatsApp - WABA;Conexão adicional de WhatsApp - WABA;https://app.pipefy.com/open-cards/1327920941;Up;Não informado;Outros motivos descritos;Up Conexão Oficial Adicional (R$89,00).;1;89.0;0.0;Upgrade;;;Não calculado
31/03/2026;2026;3;Mar.;março;2026-03;Mar./26;Leticia Silva;Leticia Silva;True;gearnoctec;Upgrade;Não informado;Servidores;Servidores;https://app.pipefy.com/open-cards/1327944711;Up;Não informado;Outros motivos descritos;Down Servidor 2/4 (R$89,00) + Up Servidor 4/8 (R$169,00).;1;169.0;0.0;Upgrade;;;Não calculado
31/03/2026;2026;3;Mar.;março;2026-03;Mar./26;Leticia Silva;Leticia Silva;True;getecma;Upgrade;Não informado;Primeira ativação de número oficial;Primeira ativação de número oficial;https://app.pipefy.com/open-cards/1327796241;Up;Não informado;Outros motivos descritos;Primeira Ativação de Número Oficial;1;89.0;0.0;Upgrade;;;Não calculado
31/03/2026;2026;3;Mar.;março;2026-03;Mar./26;Leticia Silva;Leticia Silva;True;giotatuape;Upgrade;Não informado;Funil de vendas;Funil de vendas;https://app.pipefy.com/open-cards/1328045448;Up;Não informado;Outros motivos descritos;Up Funil de Vendas (R$49,90);1;49.9;0.0;Upgrade;;;Não calculado
31/03/2026;2026;3;Mar.;março;2026-03;Mar./26;Leticia Silva;Leticia Silva;True;hopenordeste;Upgrade;Não informado;Funil de vendas;Funil de vendas;https://app.pipefy.com/open-cards/1327830825;Up;Não informado;Outros motivos descritos;Up Funil de Vendas (R$49,90).;1;49.9;0.0;Upgrade;;;Não calculado
31/03/2026;2026;3;Mar.;março;2026-03;Mar./26;Leticia Silva;Leticia Silva;True;institutogabilheri;Upgrade;Não informado;Integração;Integração;https://app.pipefy.com/open-cards/1327668452;Up;Não informado;Outros motivos descritos;Up Integração RD CRM (R$59,99).;1;59.99;0.0;Upgrade;;;Não calculado
31/03/2026;2026;3;Mar.;março;2026-03;Mar./26;Leticia Silva;Leticia Silva;True;molinatrindadeadv;Upgrade;Não informado;Funil de vendas;Funil de vendas;https://app.pipefy.com/open-cards/1328047570;Up;Não informado;Redução de custo;Up Servidor 4/8 (R$169,00). Obs: Como a fatura dele vai ser gerada amanhã, não foi necessária a pro-rata (alinhado entre a CS Tadiane e Geovanne do financeiro).;1;169.0;0.0;Upgrade;;;Não calculado
31/03/2026;2026;3;Mar.;março;2026-03;Mar./26;Leticia Silva;Leticia Silva;True;ramosservicos;Upgrade;Não informado;Funil de vendas;Funil de vendas;https://app.pipefy.com/open-cards/1327768848;Up;Não informado;Outros motivos descritos;Up Funil de Vendas (R$49,90).;1;49.9;0.0;Upgrade;;;Não calculado
31/03/2026;2026;3;Mar.;março;2026-03;Mar./26;Melissa Duarte;Melissa Duarte;True;dayofflencois;Upgrade;Não informado;Funil de vendas;Funil de vendas;https://app.pipefy.com/open-cards/1327646508;Up;Não informado;Outros motivos descritos;UP FUnil de Vendas R$49,00;1;49.0;0.0;Upgrade;;;Não calculado
31/03/2026;2026;3;Mar.;março;2026-03;Mar./26;Priscila Pavani;Priscila Pavani;True;barcelossop1c;Upgrade;Não informado;Conexão adicional de WhatsApp;Conexão adicional de WhatsApp;https://app.pipefy.com/open-cards/1327647078;Up;Não informado;Redução de custo;Tipo: Upgrade  Produto: 3 conexões comuns  URL: barcelossop1c  Valor: R$177,00  Protocolo: 202603301711916;1;177.0;0.0;Upgrade;;;Não calculado
31/03/2026;2026;3;Mar.;março;2026-03;Mar./26;Vinicius Simões;Vinicius Simões;True;ambiento;Upgrade;Não informado;Conexão Instagram Direct;Conexão Instagram Direct;https://app.pipefy.com/open-cards/1328018983;Up;Não informado;Outros motivos descritos;Upgrade: - 1x Conexão de Instagram - R$ 89,00;1;89.0;0.0;Upgrade;;;Não calculado
31/03/2026;2026;3;Mar.;março;2026-03;Mar./26;Vinicius Simões;Vinicius Simões;True;azoup;Upgrade;Não informado;Distribuição automática;Distribuição automática;https://app.pipefy.com/open-cards/1327734711;Up;Não informado;Processo/uso operacional;Upgrade: - Distribuição automática - R$ 89,00;1;89.0;0.0;Upgrade;;;Não calculado
31/03/2026;2026;3;Mar.;março;2026-03;Mar./26;Vinicius Simões;Vinicius Simões;True;braztrip;Upgrade;Não informado;"Transcrição de Áudio; IA Agent";"Transcrição de Áudio; IA Agent";https://app.pipefy.com/open-cards/1327890900;Up;Não informado;Outros motivos descritos;Upgrade: - IA Transcrição de Áudio | 500 minutos | R$ 24,90 - IA Agente Inteligente | 1.000 créditos | R$ 112,90;2;137.8;0.0;Upgrade;;;Não calculado
31/03/2026;2026;3;Mar.;março;2026-03;Mar./26;Vinicius Simões;Vinicius Simões;True;saimunizacoes;Upgrade;Não informado;Conexão adicional de WhatsApp - WABA;Conexão adicional de WhatsApp - WABA;https://app.pipefy.com/open-cards/1327724530;Up;Não informado;Outros motivos descritos;Upgrade: - 1x Conexão de WhatsApp API Oficial - R$ 89,00;1;89.0;0.0;Upgrade;;;Não calculado
31/03/2026;2026;3;Mar.;março;2026-03;Mar./26;Vinicius Simões;Vinicius Simões;True;trialseguros;Upgrade;Não informado;Funil de vendas;Funil de vendas;https://app.pipefy.com/open-cards/1327681167;Up;Não informado;Outros motivos descritos;Upgrade: - Funil de Vendas - R$ 49,00;1;49.0;0.0;Upgrade;;;Não calculado
31/03/2026;2026;3;Mar.;março;2026-03;Mar./26;Vinicius Simões;Vinicius Simões;True;turismolegal;Upgrade;Não informado;Conexão adicional de WhatsApp - WABA;Conexão adicional de WhatsApp - WABA;https://app.pipefy.com/open-cards/1327984392;Up;Não informado;Outros motivos descritos;Upgrade: - 1x Conexão adicional de WhatsApp API Oficial - R$ 89,00;1;89.0;0.0;Upgrade;;;Não calculado
01/04/2026;2026;4;Abr.;abril;2026-04;Abr./26;82573565;Usuário inexistente;False;adrianoalvesadv;Upgrade;Não informado;Conexão Instagram Direct;Conexão Instagram Direct;https://app.pipefy.com/open-cards/1328480937;Up;Não informado;Outros motivos descritos;Upgrade Conexão de Instagram - R$ 89,00 | 202604011715013;1;89.0;0.0;Upgrade;;;Não calculado
01/04/2026;2026;4;Abr.;abril;2026-04;Abr./26;82573565;Usuário inexistente;False;alvarenga;Upgrade;Não informado;Conexão Instagram Direct;Conexão Instagram Direct;https://app.pipefy.com/open-cards/1328856927;Up;Não informado;Outros motivos descritos;Upgrade Conexao de Instagram R$ 89,00 e Downgrade do Funil de Vendas R$ 49,00 | 202604011715481;1;89.0;0.0;Upgrade;;;Não calculado
01/04/2026;2026;4;Abr.;abril;2026-04;Abr./26;82573565;Usuário inexistente;False;mnconsultoriaempresarial;Upgrade;Não informado;Funil de vendas;Funil de vendas;https://app.pipefy.com/open-cards/1328558595;Up;Não informado;Outros motivos descritos;Upgrade Funil de vendas R$ 49,00;1;49.0;0.0;Upgrade;;;Não calculado
01/04/2026;2026;4;Abr.;abril;2026-04;Abr./26;82573565;Usuário inexistente;False;uac;Upgrade;Não informado;Servidores;Servidores;https://app.pipefy.com/open-cards/1328826899;Up;Não informado;Redução de custo;Upgrade Servidor 2/4, valor R$ 69,00, indicado pelo suporte no dia 27/03., mas contratação foi realizada hoje***O desconto que poderia ser aplicado via bonificação de usuário foi realocado e utilizado nesta contratação*** | 202603311714339;1;69.0;0.0;Upgrade;;;Não calculado
01/04/2026;2026;4;Abr.;abril;2026-04;Abr./26;82573565;Usuário inexistente;False;zuptcarmultimarcas;Upgrade;Não informado;Conexão Facebook Messenger;Conexão Facebook Messenger;https://app.pipefy.com/open-cards/1328809851;Up;Não informado;Redução de custo;Upgrade conexão Facebook - R$ 65,00. Ajuste do valor na conexão Instagram (conforme pacote) | 202604011715179;1;65.0;0.0;Upgrade;;;Não calculado
01/04/2026;2026;4;Abr.;abril;2026-04;Abr./26;89991890;Usuário inexistente;False;bilheteriadigital;Upgrade;Não informado;Resumo Inteligente;Resumo Inteligente;https://app.pipefy.com/open-cards/1328567168;Up;Não informado;Outros motivos descritos;Upgrade | IA Resumo inteligente | R$29,90;1;29.9;0.0;Upgrade;;;Não calculado
01/04/2026;2026;4;Abr.;abril;2026-04;Abr./26;89991890;Usuário inexistente;False;esca;Upgrade;Não informado;Chat interno;Chat interno;https://app.pipefy.com/open-cards/1328855221;Up;Não informado;Outros motivos descritos;Upgrade - Chat interno | R$89,00;1;89.0;0.0;Upgrade;;;Não calculado
01/04/2026;2026;4;Abr.;abril;2026-04;Abr./26;Leticia Silva;Leticia Silva;True;imunizar;Upgrade;Não informado;Conexão Instagram Direct;Conexão Instagram Direct;https://app.pipefy.com/open-cards/1328682142;Up;Não informado;Outros motivos descritos;Up Conexão de Instagram (R$89,00).;1;89.0;0.0;Upgrade;;;Não calculado
01/04/2026;2026;4;Abr.;abril;2026-04;Abr./26;Leticia Silva;Leticia Silva;True;papelariamultiflores;Upgrade;Não informado;Servidores;Servidores;https://app.pipefy.com/open-cards/1328544441;Up;Não informado;Outros motivos descritos;Up Servidor 2/4 (R$89,00).;1;89.0;0.0;Upgrade;;;Não calculado
01/04/2026;2026;4;Abr.;abril;2026-04;Abr./26;Leticia Silva;Leticia Silva;True;pereiraesilvaadv;Upgrade;Não informado;Transcrição de Áudio;Transcrição de Áudio;https://app.pipefy.com/open-cards/1328824071;Up;Não informado;Outros motivos descritos;Up IA Transcrição de áudio - Plano 500 minutos.;1;24.9;0.0;Upgrade;;;Não calculado
01/04/2026;2026;4;Abr.;abril;2026-04;Abr./26;Leticia Silva;Leticia Silva;True;primeluxtoldo;Upgrade;Não informado;Conexão Instagram Direct;Conexão Instagram Direct;https://app.pipefy.com/open-cards/1328502074;Up;Não informado;Outros motivos descritos;Up Conexão de Instagram (R$89,00).;1;89.0;0.0;Upgrade;;;Não calculado
01/04/2026;2026;4;Abr.;abril;2026-04;Abr./26;Leticia Silva;Leticia Silva;True;puriflux;Upgrade;Não informado;IA Agent;IA Agent;https://app.pipefy.com/open-cards/1328480567;Up;Não informado;Outros motivos descritos;Down IA Agente - 1.000 créditos (R$112,90) + Up IA Agente - 3.000 créditos R$329,90).;1;329.9;0.0;Upgrade;;;Não calculado
01/04/2026;2026;4;Abr.;abril;2026-04;Abr./26;Leticia Silva;Leticia Silva;True;renanpaivaadv;Upgrade;Não informado;Conexão Instagram Direct;Conexão Instagram Direct;https://app.pipefy.com/open-cards/1328378645;Up;Não informado;Outros motivos descritos;Up Conexão de Instagram (R$89,00).;1;89.0;0.0;Upgrade;;;Não calculado
01/04/2026;2026;4;Abr.;abril;2026-04;Abr./26;Leticia Silva;Leticia Silva;True;sportstrip;Upgrade;Não informado;IA Agent;IA Agent;https://app.pipefy.com/open-cards/1328779238;Up;Não informado;Outros motivos descritos;Up IA Agente - 1.000 créditos (R$112,90).;1;112.9;0.0;Upgrade;;;Não calculado
01/04/2026;2026;4;Abr.;abril;2026-04;Abr./26;Leticia Silva;Leticia Silva;True;steinbergadvogados;Upgrade;Não informado;Conexão adicional de WhatsApp - WABA;Conexão adicional de WhatsApp - WABA;https://app.pipefy.com/open-cards/1328787440;Up;Não informado;Outros motivos descritos;Up Conexão Waba Adicional (R$89,00),.;1;89.0;0.0;Upgrade;;;Não calculado
01/04/2026;2026;4;Abr.;abril;2026-04;Abr./26;Priscila Pavani;Priscila Pavani;True;clubepremium;Upgrade;Não informado;Conexão adicional de WhatsApp - WABA;Conexão adicional de WhatsApp - WABA;https://app.pipefy.com/open-cards/1328754146;Up;Não informado;Redução de custo;Tipo: Upgrade Produto: 5 Conexões WABA / Gupshup / Direct Payment Valor: R$ 80,10 * 5 = R$ 400,50 URL: clubepremium Protocolo: 202604011715133;1;400.5;0.0;Upgrade;;;Não calculado
01/04/2026;2026;4;Abr.;abril;2026-04;Abr./26;Vinicius Simões;Vinicius Simões;True;provetmkt;Upgrade;Não informado;Primeira ativação de número oficial;Primeira ativação de número oficial;https://app.pipefy.com/open-cards/1328518360;Up;Não informado;Outros motivos descritos;Upgrade: - 1x Conexão de WhatsApp API Oficial - R$ 89,00;1;89.0;0.0;Upgrade;;;Não calculado
02/04/2026;2026;4;Abr.;abril;2026-04;Abr./26;82573565;Usuário inexistente;False;artcconnect;Upgrade;Não informado;Conexão adicional de WhatsApp - WABA;Conexão adicional de WhatsApp - WABA;https://app.pipefy.com/open-cards/1329225928;Up;Não informado;Outros motivos descritos;Upgrade Conexão adicional WABA R$ 89,00 | 202603271711227;1;89.0;0.0;Upgrade;;;Não calculado
02/04/2026;2026;4;Abr.;abril;2026-04;Abr./26;82573565;Usuário inexistente;False;sti3;Upgrade;Não informado;Usuário adicional;Usuário adicional;https://app.pipefy.com/open-cards/1329368676;Up;Não informado;Outros motivos descritos;Upgrade 2 usuários, R$ 58,00 (R$ 29,00) para a url: sti3. Não possui meu plano ativo | 202604021716641;1;58.0;0.0;Upgrade;;;Não calculado
02/04/2026;2026;4;Abr.;abril;2026-04;Abr./26;82573565;Usuário inexistente;False;sti3;Upgrade;Não informado;Usuário adicional;Usuário adicional;https://app.pipefy.com/open-cards/1329550338;Up;Não informado;Outros motivos descritos;Upgrade de 2 usuários para a URL sti3, totalizando R$ 58,00 (R$ 29,00 por usuário).Cliente não possui plano ativo | 202604021716641;1;58.0;0.0;Upgrade;;;Não calculado
02/04/2026;2026;4;Abr.;abril;2026-04;Abr./26;82573565;Usuário inexistente;False;thermashwatendimento;Upgrade;Não informado;Texto Mágico;Texto Mágico;https://app.pipefy.com/open-cards/1329537994;Up;Não informado;Outros motivos descritos;Upgrade IA Texto Mágico - 2.000 créditos R$ 29,90 | 202604011715733;1;29.9;0.0;Upgrade;;;Não calculado
02/04/2026;2026;4;Abr.;abril;2026-04;Abr./26;82573565;Usuário inexistente;False;zilcorp;Upgrade;Não informado;"Conexão Instagram Direct; Conexão Facebook Messenger";Conexão Instagram Direct + outros;https://app.pipefy.com/open-cards/1329694048;Up;Não informado;Outros motivos descritos;Upgrade Conexao de Instagram e Conexão de Messenger Facebook R$ 130,00 (R$ 65,00 cada) conforme desconto | 202604021716562;2;130.0;0.0;Upgrade;;;Não calculado
02/04/2026;2026;4;Abr.;abril;2026-04;Abr./26;89991890;Usuário inexistente;False;drexameonline;Upgrade;Não informado;"Conexão Instagram Direct; Conexão Facebook Messenger";Conexão Instagram Direct + outros;https://app.pipefy.com/open-cards/1329581521;Up;Não informado;Outros motivos descritos;Upgrade | 202604011715976 | 1 conexão instagram + 2 conexões messenger | R$267,00;2;267.0;0.0;Upgrade;;;Não calculado
02/04/2026;2026;4;Abr.;abril;2026-04;Abr./26;Guilherme Virgilio Soares;Guilherme Virgilio Soares;True;cetro;Upgrade;Não informado;Servidores;Servidores;https://app.pipefy.com/open-cards/1329311277;Up;Não informado;Outros motivos descritos;- Upgrade: Servidor 8/16 (com desconto) | R$ 279,20;1;279.2;0.0;Upgrade;;;Não calculado
02/04/2026;2026;4;Abr.;abril;2026-04;Abr./26;Guilherme Virgilio Soares;Guilherme Virgilio Soares;True;maringaturismo;Upgrade;Não informado;Conexão adicional de WhatsApp - WABA;Conexão adicional de WhatsApp - WABA;https://app.pipefy.com/open-cards/1329269787;Up;Não informado;Outros motivos descritos;- Upgrade: 2x Conexões adicionais API oficial | 2x R$89,00 | R$178,00;1;178.0;0.0;Upgrade;;;Não calculado
02/04/2026;2026;4;Abr.;abril;2026-04;Abr./26;Leticia Silva;Leticia Silva;True;imobi;Upgrade;Não informado;Distribuição automática;Distribuição automática;https://app.pipefy.com/open-cards/1329573979;Up;Não informado;Processo/uso operacional;Up Distribuição Automática (R$89,00),;1;89.0;0.0;Upgrade;;;Não calculado
02/04/2026;2026;4;Abr.;abril;2026-04;Abr./26;Leticia Silva;Leticia Silva;True;vidracariasaopaulo;Upgrade;Não informado;Transcrição de Áudio;Transcrição de Áudio;https://app.pipefy.com/open-cards/1329556825;Up;Não informado;Outros motivos descritos;Up 500 min → R$ 24,90.;1;24.9;0.0;Upgrade;;;Não calculado
02/04/2026;2026;4;Abr.;abril;2026-04;Abr./26;Melissa Duarte;Melissa Duarte;True;diovanefranco;Upgrade;Não informado;Funil de vendas;Funil de vendas;https://app.pipefy.com/open-cards/1329283986;Up;Não informado;Outros motivos descritos;UP Funil de Vendas R$49,00;1;49.0;0.0;Upgrade;;;Não calculado
02/04/2026;2026;4;Abr.;abril;2026-04;Abr./26;Tadiane Biason;Tadiane Biason;True;myshopgoiania;Upgrade;Não informado;Funil de vendas;Funil de vendas;https://app.pipefy.com/open-cards/1329381865;Up;Não informado;Redução de custo;Tipo: Upgrade Produto: Funil de vendas Valor: 49,00 URL: myshoopgoiania  Protocolo: 202604021716453;1;49.0;0.0;Upgrade;;;Não calculado
02/04/2026;2026;4;Abr.;abril;2026-04;Abr./26;Vinicius Simões;Vinicius Simões;True;cweberadv;Upgrade;Não informado;Pacotes SMS Disparo em Massa;Pacotes SMS Disparo em Massa;https://app.pipefy.com/open-cards/1329377250;Up;Não informado;Outros motivos descritos;Upgrade: - Créditos de SMS | 2.500 créditos | R$ 250,00;1;250.0;0.0;Upgrade;;;Não calculado
02/04/2026;2026;4;Abr.;abril;2026-04;Abr./26;Vinicius Simões;Vinicius Simões;True;domjoseatacadao;Upgrade;Não informado;Funil de vendas;Funil de vendas;https://app.pipefy.com/open-cards/1329159224;Up;Não informado;Outros motivos descritos;Upgrade: - Funil de Vendas - R$ 49,00;1;49.0;0.0;Upgrade;;;Não calculado
06/04/2026;2026;4;Abr.;abril;2026-04;Abr./26;82573565;Usuário inexistente;False;ananiasgodoy;Upgrade;Não informado;Funil de vendas;Funil de vendas;https://app.pipefy.com/open-cards/1331279179;Up;Não informado;Outros motivos descritos;Upgrade Funil de Vendas - R$ 49,00 | 202604061717990;1;49.0;0.0;Upgrade;;;Não calculado
06/04/2026;2026;4;Abr.;abril;2026-04;Abr./26;82573565;Usuário inexistente;False;vdvconsultoria;Upgrade;Não informado;Servidores;Servidores;https://app.pipefy.com/open-cards/1331560676;Up;Não informado;Redução de custo;Upgrade Servidor 8/12, no valor de R$ 270,00, indicado pelo suporte Maycon Carminato | 202604061718164;1;270.0;0.0;Upgrade;;;Não calculado
06/04/2026;2026;4;Abr.;abril;2026-04;Abr./26;89991890;Usuário inexistente;False;evolucaoimpressos;Upgrade;Não informado;Distribuição automática;Distribuição automática;https://app.pipefy.com/open-cards/1331131576;Up;Não informado;Processo/uso operacional;Upgrade | Distribuição automática | R$89,00;1;89.0;0.0;Upgrade;;;Não calculado
06/04/2026;2026;4;Abr.;abril;2026-04;Abr./26;89991890;Usuário inexistente;False;saulomoreiragrossiadv;Upgrade;Não informado;"IA Agent; Transcrição de Áudio";"IA Agent; Transcrição de Áudio";https://app.pipefy.com/open-cards/1331509961;Up;Não informado;Outros motivos descritos;Upgrade | IA Agente + IA Transcrição de áudio | R$137,80;2;137.8;0.0;Upgrade;;;Não calculado
06/04/2026;2026;4;Abr.;abril;2026-04;Abr./26;Guilherme Virgilio Soares;Guilherme Virgilio Soares;True;contabilmed2;Upgrade;Não informado;"Resumo Inteligente; Texto Mágico";"Resumo Inteligente; Texto Mágico";https://app.pipefy.com/open-cards/1331928864;Up;Não informado;Outros motivos descritos;- Upgrade: IA Resumo - 500 créditos | R$ 29,90 |  IA Texto mágico - 1.000 créditos | R$ 19,90 |;2;49.8;0.0;Upgrade;;;Não calculado
06/04/2026;2026;4;Abr.;abril;2026-04;Abr./26;Guilherme Virgilio Soares;Guilherme Virgilio Soares;True;graficaschneider;Upgrade;Não informado;Servidores;Servidores;https://app.pipefy.com/open-cards/1331512781;Up;Não informado;Outros motivos descritos;- Upgrade: Servidor 2/4 | R$ 89,00;1;89.0;0.0;Upgrade;;;Não calculado
06/04/2026;2026;4;Abr.;abril;2026-04;Abr./26;Guilherme Virgilio Soares;Guilherme Virgilio Soares;True;smgestao;Upgrade;Não informado;Chat interno;Chat interno;https://app.pipefy.com/open-cards/1331499097;Up;Não informado;Outros motivos descritos;- Upgrade:  Chat interno | R$ 89,00;1;89.0;0.0;Upgrade;;;Não calculado
06/04/2026;2026;4;Abr.;abril;2026-04;Abr./26;Leticia Silva;Leticia Silva;True;bayfit;Upgrade;Não informado;Conexão Instagram Direct;Conexão Instagram Direct;https://app.pipefy.com/open-cards/1331091897;Up;Não informado;Outros motivos descritos;Up Conexão de Instagram (R$89,00).;1;89.0;0.0;Upgrade;;;Não calculado
06/04/2026;2026;4;Abr.;abril;2026-04;Abr./26;Leticia Silva;Leticia Silva;True;lrassessoria;Upgrade;Não informado;Usuário adicional;Usuário adicional;https://app.pipefy.com/open-cards/1331179998;Up;Não informado;Outros motivos descritos;Up de 2 usuários na URL lrassessoria (R$29,00 cada).;1;58.0;0.0;Upgrade;;;Não calculado
06/04/2026;2026;4;Abr.;abril;2026-04;Abr./26;Leticia Silva;Leticia Silva;True;primefinanceira;Upgrade;Não informado;Servidores;Servidores;https://app.pipefy.com/open-cards/1331193091;Up;Não informado;Outros motivos descritos;Down Servidor 4/8 (R$169,00) > Up Servidor 8/16 (R$349,00).;1;349.0;0.0;Upgrade;;;Não calculado
06/04/2026;2026;4;Abr.;abril;2026-04;Abr./26;Vinicius Simões;Vinicius Simões;True;arianemartinsadv;Upgrade;Não informado;Conexão Instagram Direct;Conexão Instagram Direct;https://app.pipefy.com/open-cards/1331277104;Up;Não informado;Outros motivos descritos;Upgrade: - 1x Conexão de Instagram - R$ 89,00;1;89.0;0.0;Upgrade;;;Não calculado
06/04/2026;2026;4;Abr.;abril;2026-04;Abr./26;Vinicius Simões;Vinicius Simões;True;cotragonminerios;Upgrade;Não informado;Servidores;Servidores;https://app.pipefy.com/open-cards/1331346467;Up;Não informado;Outros motivos descritos;Upgrade: - Servidor 2/4 - R$ 89,00;1;89.0;0.0;Upgrade;;;Não calculado
07/04/2026;2026;4;Abr.;abril;2026-04;Abr./26;82573565;Usuário inexistente;False;andrelimaadv;Upgrade;Não informado;Transcrição de Áudio;Transcrição de Áudio;https://app.pipefy.com/open-cards/1332312352;Up;Não informado;Outros motivos descritos;Upgrade IA Transcrição de áudio - Plano 500 minutos | 202604071719428;1;24.9;0.0;Upgrade;;;Não calculado
07/04/2026;2026;4;Abr.;abril;2026-04;Abr./26;82573565;Usuário inexistente;False;contabilidadearca;Upgrade;Não informado;Chat interno;Chat interno;https://app.pipefy.com/open-cards/1331912320;Up;Não informado;Outros motivos descritos;Upgrade Chat Interno - R$ 89,00 | 202604061718652;1;89.0;0.0;Upgrade;;;Não calculado
07/04/2026;2026;4;Abr.;abril;2026-04;Abr./26;82573565;Usuário inexistente;False;devmaster;Upgrade;Não informado;Usuário adicional;Usuário adicional;https://app.pipefy.com/open-cards/1332297223;Up;Não informado;Outros motivos descritos;Upgrade 3 usuários adicionais, total de R$ 65,70 (R$ 21,90 cada) | 202604071719643;1;65.7;0.0;Upgrade;;;Não calculado
07/04/2026;2026;4;Abr.;abril;2026-04;Abr./26;82573565;Usuário inexistente;False;gabrielrochaadv;Upgrade;Não informado;Chat interno;Chat interno;https://app.pipefy.com/open-cards/1332119358;Up;Não informado;Outros motivos descritos;Upgrade Chat Interno - R$ 89,00 | 202604071719018;1;89.0;0.0;Upgrade;;;Não calculado
07/04/2026;2026;4;Abr.;abril;2026-04;Abr./26;82573565;Usuário inexistente;False;integratherapie;Upgrade;Não informado;"Chat interno; Transcrição de Áudio";"Chat interno; Transcrição de Áudio";https://app.pipefy.com/open-cards/1332229878;Up;Não informado;Outros motivos descritos;Upgrade Chat Interno - R$ 89,00 | 202604071719018;2;89.0;0.0;Upgrade;;;Não calculado
07/04/2026;2026;4;Abr.;abril;2026-04;Abr./26;82573565;Usuário inexistente;False;integratherapie;Upgrade;Não informado;Transcrição de Áudio;Transcrição de Áudio;https://app.pipefy.com/open-cards/1332243238;Up;Não informado;Outros motivos descritos;Upgrade IA Transcrição de áudio - Plano 500 minutos - R$ 24,90 | 202604071719018;1;24.9;0.0;Upgrade;;;Não calculado
07/04/2026;2026;4;Abr.;abril;2026-04;Abr./26;89991890;Usuário inexistente;False;cmaiscontadores;Upgrade;Não informado;Usuário adicional;Usuário adicional;https://app.pipefy.com/open-cards/1331920354;Up;Não informado;Outros motivos descritos;Upgrade | 1 usuário | R$29,00;1;29.0;0.0;Upgrade;;;Não calculado
07/04/2026;2026;4;Abr.;abril;2026-04;Abr./26;Guilherme Virgilio Soares;Guilherme Virgilio Soares;True;maryhelppontadapraia;Upgrade;Não informado;Funil de vendas;Funil de vendas;https://app.pipefy.com/open-cards/1332004842;Up;Não informado;Outros motivos descritos;- Upgrade: Funil de vendas | R$ 49,00;1;49.0;0.0;Upgrade;;;Não calculado
07/04/2026;2026;4;Abr.;abril;2026-04;Abr./26;Guilherme Virgilio Soares;Guilherme Virgilio Soares;True;realizapromotoracapao;Upgrade;Não informado;Conexão adicional de WhatsApp - WABA;Conexão adicional de WhatsApp - WABA;https://app.pipefy.com/open-cards/1332093914;Up;Não informado;Outros motivos descritos;- Upgrade: Conexão adicional WhatsApp oficial | R$ 89,00;1;89.0;0.0;Upgrade;;;Não calculado
07/04/2026;2026;4;Abr.;abril;2026-04;Abr./26;Leticia Silva;Leticia Silva;True;lucralizecontabil;Upgrade;Não informado;IA CSAT;IA CSAT;https://app.pipefy.com/open-cards/1331959604;Up;Não informado;Outros motivos descritos;Up IA CSAT ( 1.000 créditos → R$ 25,90).;1;25.9;0.0;Upgrade;;;Não calculado
07/04/2026;2026;4;Abr.;abril;2026-04;Abr./26;Leticia Silva;Leticia Silva;True;maifredo;Upgrade;Não informado;Funil de vendas;Funil de vendas;https://app.pipefy.com/open-cards/1332017812;Up;Não informado;Outros motivos descritos;Up Funil de Vendas (R$49,90).;1;49.0;0.0;Upgrade;;;Não calculado
07/04/2026;2026;4;Abr.;abril;2026-04;Abr./26;Leticia Silva;Leticia Silva;True;miaposenta123;Upgrade;Não informado;Transcrição de Áudio;Transcrição de Áudio;https://app.pipefy.com/open-cards/1331915166;Up;Não informado;Outros motivos descritos;Up IA Transcrição de Áudio (500 min → R$ 24,90).;1;24.9;0.0;Upgrade;;;Não calculado
07/04/2026;2026;4;Abr.;abril;2026-04;Abr./26;Leticia Silva;Leticia Silva;True;scotttributario;Upgrade;Não informado;Conexão Instagram Direct;Conexão Instagram Direct;https://app.pipefy.com/open-cards/1331999199;Up;Não informado;Outros motivos descritos;Up Conexão de Instagram (R$89,00).;1;8900.0;0.0;Upgrade;;;Não calculado
07/04/2026;2026;4;Abr.;abril;2026-04;Abr./26;Melissa Duarte;Melissa Duarte;True;tiliform;Upgrade;Não informado;Pacotes SMS Disparo em Massa;Pacotes SMS Disparo em Massa;https://app.pipefy.com/open-cards/1332267053;Up;Não informado;Outros motivos descritos;UP Pacote SMS 1000 - R$ 130,00;1;130.0;0.0;Upgrade;;;Não calculado
07/04/2026;2026;4;Abr.;abril;2026-04;Abr./26;Tadiane Biason;Tadiane Biason;True;pouparseguros;Upgrade;Não informado;Integração;Integração;https://app.pipefy.com/open-cards/1332277408;Up;Não informado;Outros motivos descritos;Tipo: Upgrade  Produto: Integração RD CRM URL: pouparseguros  Protocolo:202604071720093;1;59.99;0.0;Upgrade;;;Não calculado
07/04/2026;2026;4;Abr.;abril;2026-04;Abr./26;Vinicius Simões;Vinicius Simões;True;credfacilcacu;Upgrade;Não informado;Conexão Facebook Messenger;Conexão Facebook Messenger;https://app.pipefy.com/open-cards/1332021290;Up;Não informado;Outros motivos descritos;Upgrade: - 1x Conexão de Facebook - R$ 89,00;1;89.0;0.0;Upgrade;;;Não calculado
07/04/2026;2026;4;Abr.;abril;2026-04;Abr./26;Vinicius Simões;Vinicius Simões;True;desipatricio;Upgrade;Não informado;Conexão adicional de WhatsApp - WABA;Conexão adicional de WhatsApp - WABA;https://app.pipefy.com/open-cards/1332140861;Up;Não informado;Outros motivos descritos;Upgrade: - 1x Conexão adicional de WhatsApp API Oficial - R$ 89,00;1;89.0;0.0;Upgrade;;;Não calculado
07/04/2026;2026;4;Abr.;abril;2026-04;Abr./26;Vinicius Simões;Vinicius Simões;True;dolarnabagagem;Upgrade;Não informado;Funil de vendas;Funil de vendas;https://app.pipefy.com/open-cards/1332240307;Up;Não informado;Outros motivos descritos;Upgrade: - Funil de Vendas - R$ 49,00;1;49.0;0.0;Upgrade;;;Não calculado
07/04/2026;2026;4;Abr.;abril;2026-04;Abr./26;Vinicius Simões;Vinicius Simões;True;quanton3dd;Upgrade;Não informado;Conexão Instagram Direct;Conexão Instagram Direct;https://app.pipefy.com/open-cards/1331993212;Up;Não informado;Outros motivos descritos;Upgrade: - 1x Conexão de Instagram - R$ 89,00;1;89.0;0.0;Upgrade;;;Não calculado
08/04/2026;2026;4;Abr.;abril;2026-04;Abr./26;82573565;Usuário inexistente;False;barranobre18anos;Upgrade;Não informado;"Funil de vendas; Conexão Instagram Direct; Conexão Facebook Messenger";Funil de vendas + outros;https://app.pipefy.com/open-cards/1332920761;Up;Não informado;Outros motivos descritos;Upgrade Conexão de Instagram R$ 65,00 | Conexão de Facebook R$ 65,00 | Funil de Vendas R$ 49,00 | 202604081721403;3;179.0;0.0;Upgrade;;;Não calculado
08/04/2026;2026;4;Abr.;abril;2026-04;Abr./26;82573565;Usuário inexistente;False;clinicasaludsocial;Upgrade;Não informado;Conexão adicional de WhatsApp - WABA;Conexão adicional de WhatsApp - WABA;https://app.pipefy.com/open-cards/1332703663;Up;Não informado;Redução de custo;Cliente já possui WABA ativo e realizou upgrade de uma conexão de WhatsApp (WABA), no valor de USD 17,27 (contrato com cobrança em dólar) | 202604071720272. | ** O registro no HUB foi feito com valor em reais, porém, conforme observações, o valor original é em dólar, considerando a cotação vigente.;1;89.0;0.0;Upgrade;;;Não calculado
08/04/2026;2026;4;Abr.;abril;2026-04;Abr./26;82573565;Usuário inexistente;False;contabytecontabil;Upgrade;Não informado;Chat interno;Chat interno;https://app.pipefy.com/open-cards/1332716670;Up;Não informado;Outros motivos descritos;Upgrade Chat Interno - R$ 89,00 | 202604081720503;1;89.0;0.0;Upgrade;;;Não calculado
08/04/2026;2026;4;Abr.;abril;2026-04;Abr./26;89991890;Usuário inexistente;False;atelier;Upgrade;Não informado;Distribuição automática;Distribuição automática;https://app.pipefy.com/open-cards/1332674804;Up;Não informado;Processo/uso operacional;Upgrade | Distribuição automática | R$ 89,00;1;89.0;0.0;Upgrade;;;Não calculado
08/04/2026;2026;4;Abr.;abril;2026-04;Abr./26;Gabriela Oliveira;Gabriela Oliveira;True;teste;Upgrade;Não informado;Integração;Integração;https://app.pipefy.com/open-cards/1333906506;Migração/Outro;Não informado;Outros motivos descritos;Não informado;1;0.0;0.0;Upgrade;;;Não calculado
08/04/2026;2026;4;Abr.;abril;2026-04;Abr./26;Guilherme Virgilio Soares;Guilherme Virgilio Soares;True;rvperfil;Upgrade;Não informado;Chat interno;Chat interno;https://app.pipefy.com/open-cards/1332899265;Up;Não informado;Outros motivos descritos;- Upgrade: Chat interno | R$ 69,00;1;69.0;0.0;Upgrade;;;Não calculado
08/04/2026;2026;4;Abr.;abril;2026-04;Abr./26;Leticia Silva;Leticia Silva;True;demandmtk;Upgrade;Não informado;Servidores;Servidores;https://app.pipefy.com/open-cards/1332574743;Up;Não informado;Outros motivos descritos;Up Servidor 2/4 (R$89,00).;1;8900.0;0.0;Upgrade;;;Não calculado
08/04/2026;2026;4;Abr.;abril;2026-04;Abr./26;Leticia Silva;Leticia Silva;True;goldensquaresbc;Upgrade;Não informado;Servidores;Servidores;https://app.pipefy.com/open-cards/1332782038;Up;Não informado;Outros motivos descritos;Up Servidor 2/4 (R$89,00).;1;89.0;0.0;Upgrade;;;Não calculado
08/04/2026;2026;4;Abr.;abril;2026-04;Abr./26;Leticia Silva;Leticia Silva;True;partagesantanashop;Upgrade;Não informado;Servidores;Servidores;https://app.pipefy.com/open-cards/1332667592;Up;Não informado;Outros motivos descritos;Up Servidor 2/4 (R$89,00).;1;89.0;0.0;Upgrade;;;Não calculado
08/04/2026;2026;4;Abr.;abril;2026-04;Abr./26;Leticia Silva;Leticia Silva;True;recreioveiculos;Upgrade;Não informado;Usuário adicional;Usuário adicional;https://app.pipefy.com/open-cards/1332658261;Up;Não informado;Redução de custo;1 usuário URL: recreioveiculos Valor: R$29,00.;1;29.0;0.0;Upgrade;;;Não calculado
08/04/2026;2026;4;Abr.;abril;2026-04;Abr./26;Marcela Medeiros;Marcela Medeiros;True;medcontrol;Upgrade;Não informado;Usuário adicional;Usuário adicional;https://app.pipefy.com/open-cards/1332719584;Up;Não informado;Problema técnico / limitação;Upgrade de 2 usuários adicionais (meu plano com erro);1;58.0;0.0;Upgrade;;;Não calculado
08/04/2026;2026;4;Abr.;abril;2026-04;Abr./26;Melissa Duarte;Melissa Duarte;True;tiliform;Upgrade;Não informado;Primeira ativação de número oficial;Primeira ativação de número oficial;https://app.pipefy.com/open-cards/1332498734;Up;Não informado;Outros motivos descritos;UP Conexão API OFicial Gupshup - pagamento para broker;1;89.0;0.0;Upgrade;;;Não calculado
08/04/2026;2026;4;Abr.;abril;2026-04;Abr./26;Priscila Pavani;Priscila Pavani;True;barcelossop1;Upgrade;Não informado;Usuário adicional;Usuário adicional;https://app.pipefy.com/open-cards/1332674446;Up;Não informado;Outros motivos descritos;Tipo: Upgrade Produto: 1 usuário R$ 25,00 URL: barcelossop1 Protocolo: 202604081720390;1;25.0;0.0;Upgrade;;;Não calculado
08/04/2026;2026;4;Abr.;abril;2026-04;Abr./26;Vinicius Simões;Vinicius Simões;True;solarhostel;Upgrade;Não informado;Conexão Instagram Direct;Conexão Instagram Direct;https://app.pipefy.com/open-cards/1332486597;Up;Não informado;Outros motivos descritos;Upgrade: - 1x Conexão de Instagram - R$ 89,00;1;89.0;0.0;Upgrade;;;Não calculado
08/04/2026;2026;4;Abr.;abril;2026-04;Abr./26;Vinicius Simões;Vinicius Simões;True;vex;Upgrade;Não informado;Conexão adicional de WhatsApp - WABA;Conexão adicional de WhatsApp - WABA;https://app.pipefy.com/open-cards/1332476146;Up;Não informado;Outros motivos descritos;Upgrade: - 1x Conexão adicional de WhatsApp API Oficial - R$ 89,00;1;89.0;0.0;Upgrade;;;Não calculado
09/04/2026;2026;4;Abr.;abril;2026-04;Abr./26;82573565;Usuário inexistente;False;institutomv;Upgrade;Não informado;Funil de vendas;Funil de vendas;https://app.pipefy.com/open-cards/1333442702;Up;Não informado;Outros motivos descritos;Upgrade Funil de vendas R$ 49,00 | 202604081722138;1;49.0;0.0;Upgrade;;;Não calculado
09/04/2026;2026;4;Abr.;abril;2026-04;Abr./26;82573565;Usuário inexistente;False;servicecaixa;Upgrade;Não informado;Pacotes SMS Disparo em Massa;Pacotes SMS Disparo em Massa;https://app.pipefy.com/open-cards/1333239604;Up;Não informado;Redução de custo;Upgrade créditos de SMS - Pacote 1.000 créditos - valor R$ 130,00 | 202604081720770;1;130.0;0.0;Upgrade;;;Não calculado
09/04/2026;2026;4;Abr.;abril;2026-04;Abr./26;89991890;Usuário inexistente;False;ergotex;Upgrade;Não informado;Servidores;Servidores;https://app.pipefy.com/open-cards/1333132068;Up;Não informado;Outros motivos descritos;Upgrade | Servidor 2/4 | R$89,00;1;89.0;0.0;Upgrade;;;Não calculado
09/04/2026;2026;4;Abr.;abril;2026-04;Abr./26;89991890;Usuário inexistente;False;percentual;Upgrade;Não informado;Servidores;Servidores;https://app.pipefy.com/open-cards/1333434111;Up;Não informado;Outros motivos descritos;Upgrade | Servidor 2/4 | R$89,00;1;89.0;0.0;Upgrade;;;Não calculado
09/04/2026;2026;4;Abr.;abril;2026-04;Abr./26;Guilherme Virgilio Soares;Guilherme Virgilio Soares;True;advbrunazanatta;Upgrade;Não informado;Servidores;Servidores;https://app.pipefy.com/open-cards/1333412050;Up;Não informado;Outros motivos descritos;- Upgrade: Servidor 2/4 | R$ 89,00;1;89.0;0.0;Upgrade;;;Não calculado
09/04/2026;2026;4;Abr.;abril;2026-04;Abr./26;Guilherme Virgilio Soares;Guilherme Virgilio Soares;True;atelier;Upgrade;Não informado;IA Copiloto;IA Copiloto;https://app.pipefy.com/open-cards/1333231438;Up;Não informado;Outros motivos descritos;- Upgrade: IA Copiloto - 3.000 créditos | R$ 135,90;1;135.9;0.0;Upgrade;;;Não calculado
09/04/2026;2026;4;Abr.;abril;2026-04;Abr./26;Guilherme Virgilio Soares;Guilherme Virgilio Soares;True;castanimoveis;Upgrade;Não informado;Servidores;Servidores;https://app.pipefy.com/open-cards/1333275529;Up;Não informado;Outros motivos descritos;- Upgrade: Servidor 2/4 | R$ 89,00;1;89.0;0.0;Upgrade;;;Não calculado
09/04/2026;2026;4;Abr.;abril;2026-04;Abr./26;Guilherme Virgilio Soares;Guilherme Virgilio Soares;True;lacadministradora;Upgrade;Não informado;Integração;Integração;https://app.pipefy.com/open-cards/1333135698;Up;Não informado;Outros motivos descritos;- Upgrade:  Integração Almah condomínios | R$ 59,99;1;59.99;0.0;Upgrade;;;Não calculado
09/04/2026;2026;4;Abr.;abril;2026-04;Abr./26;Guilherme Virgilio Soares;Guilherme Virgilio Soares;True;sub100;Upgrade;Não informado;Web chat;Web chat;https://app.pipefy.com/open-cards/1333438127;Up;Não informado;Outros motivos descritos;- Upgrade: Conexão Webchat adicional | R$89,00;1;89.0;0.0;Upgrade;;;Não calculado
09/04/2026;2026;4;Abr.;abril;2026-04;Abr./26;Leticia Silva;Leticia Silva;True;aaz;Upgrade;Não informado;IA Agent;IA Agent;https://app.pipefy.com/open-cards/1333402983;Up;Não informado;Outros motivos descritos;Up Agente IA 1000 créditos.;1;112.9;0.0;Upgrade;;;Não calculado
09/04/2026;2026;4;Abr.;abril;2026-04;Abr./26;Leticia Silva;Leticia Silva;True;abreucidadesp;Upgrade;Não informado;Servidores;Servidores;https://app.pipefy.com/open-cards/1333334161;Up;Não informado;Outros motivos descritos;Up Servidor 2/4.;1;89.0;0.0;Upgrade;;;Não calculado
09/04/2026;2026;4;Abr.;abril;2026-04;Abr./26;Leticia Silva;Leticia Silva;True;cursosinovar;Upgrade;Não informado;Primeira ativação de número oficial;Primeira ativação de número oficial;https://app.pipefy.com/open-cards/1333407447;Up;Não informado;Outros motivos descritos;Primeira Ativação de Número Oficial;1;89.0;0.0;Upgrade;;;Não calculado
09/04/2026;2026;4;Abr.;abril;2026-04;Abr./26;Leticia Silva;Leticia Silva;True;vladvogados;Upgrade;Não informado;Transcrição de Áudio;Transcrição de Áudio;https://app.pipefy.com/open-cards/1333415878;Up;Não informado;Outros motivos descritos;Up Transcrição de Áudio (1000 minutos - R$49,90).;1;49.9;0.0;Upgrade;;;Não calculado
09/04/2026;2026;4;Abr.;abril;2026-04;Abr./26;Marcela Medeiros;Marcela Medeiros;True;medcontrol11111;Upgrade;Não informado;Chat interno;Chat interno;https://app.pipefy.com/open-cards/1333164281;Up;Não informado;Redução de custo;Upgrade de chat interno no valor de R$89,00;1;89.0;0.0;Upgrade;;;Não calculado
09/04/2026;2026;4;Abr.;abril;2026-04;Abr./26;Vinicius Simões;Vinicius Simões;True;vicentesouzadv;Upgrade;Não informado;Servidores;Servidores;https://app.pipefy.com/open-cards/1333427496;Up;Não informado;Outros motivos descritos;Upgrade: - Servidor 2/4 - R$ 89,00;1;89.0;0.0;Upgrade;;;Não calculado
09/04/2026;2026;4;Abr.;abril;2026-04;Abr./26;Vinicius Simões;Vinicius Simões;True;vink;Upgrade;Não informado;Primeira ativação de número oficial;Primeira ativação de número oficial;https://app.pipefy.com/open-cards/1333386638;Up;Não informado;Outros motivos descritos;Upgrade: - 1x Conexão de WhatsApp API Oficial - R$ 89,00;1;89.0;0.0;Upgrade;;;Não calculado
10/04/2026;2026;4;Abr.;abril;2026-04;Abr./26;82573565;Usuário inexistente;False;advbicharamidia;Upgrade;Não informado;Conexão adicional de WhatsApp;Conexão adicional de WhatsApp;https://app.pipefy.com/open-cards/1333910621;Up;Não informado;Outros motivos descritos;Upgrade Conexão adicional de Whatsapp - R$ 89,00 para a URL: advbicharamidia | 202604101723571;1;89.0;0.0;Upgrade;;;Não calculado
10/04/2026;2026;4;Abr.;abril;2026-04;Abr./26;82573565;Usuário inexistente;False;grupobull;Upgrade;Não informado;Servidores;Servidores;https://app.pipefy.com/open-cards/1333696709;Up;Não informado;Outros motivos descritos;Upgrade Servidor 4/8 - R$ 169,00 | 202604091723517;1;169.0;0.0;Upgrade;;;Não calculado
10/04/2026;2026;4;Abr.;abril;2026-04;Abr./26;82573565;Usuário inexistente;False;janainabastosadv;Upgrade;Não informado;Distribuição automática;Distribuição automática;https://app.pipefy.com/open-cards/1333786039;Up;Não informado;Processo/uso operacional;Upgrade Distribuição Automática R$ 89,00 | 202604091723381;1;89.0;0.0;Upgrade;;;Não calculado
10/04/2026;2026;4;Abr.;abril;2026-04;Abr./26;82573565;Usuário inexistente;False;lourencoefaria;Upgrade;Não informado;Servidores;Servidores;https://app.pipefy.com/open-cards/1333942463;Up;Não informado;Outros motivos descritos;Upgrade Servidor 2/4, R$ 89,00 | 202604091723463;1;89.0;0.0;Upgrade;;;Não calculado
10/04/2026;2026;4;Abr.;abril;2026-04;Abr./26;82573565;Usuário inexistente;False;opcaocontabil;Upgrade;Não informado;Distribuição automática;Distribuição automática;https://app.pipefy.com/open-cards/1333915183;Up;Não informado;Processo/uso operacional;Upgrade Distribuição Automática - R$ 89,00 | 202604091723286;1;89.0;0.0;Upgrade;;;Não calculado
10/04/2026;2026;4;Abr.;abril;2026-04;Abr./26;82573565;Usuário inexistente;False;promotoraprospecta;Upgrade;Não informado;URL;URL;https://app.pipefy.com/open-cards/1333745581;Migração/Outro;Não informado;Outros motivos descritos;Não informado;1;0.0;0.0;Upgrade;;;Não calculado
10/04/2026;2026;4;Abr.;abril;2026-04;Abr./26;82573565;Usuário inexistente;False;promotoraprospecta;Upgrade;Não informado;URL;URL;https://app.pipefy.com/open-cards/1333724290;Up;Não informado;Outros motivos descritos;Cliente solicitou criação de nova URL;1;607.0;0.0;Upgrade;;;Não calculado
10/04/2026;2026;4;Abr.;abril;2026-04;Abr./26;89991890;Usuário inexistente;False;bejayjay;Upgrade;Não informado;Distribuição automática;Distribuição automática;https://app.pipefy.com/open-cards/1333979852;Up;Não informado;Outros motivos descritos;Upgrade | Chat interno| R$89,00;1;89.0;0.0;Upgrade;;;Não calculado
10/04/2026;2026;4;Abr.;abril;2026-04;Abr./26;89991890;Usuário inexistente;False;manuelvieiraadvocacia;Upgrade;Não informado;Transcrição de Áudio;Transcrição de Áudio;https://app.pipefy.com/open-cards/1333925695;Up;Não informado;Outros motivos descritos;Upgrade | IA Transcrição de áudio - Plano 1.000 minutos | R$49,90;1;49.9;0.0;Upgrade;;;Não calculado
10/04/2026;2026;4;Abr.;abril;2026-04;Abr./26;89991890;Usuário inexistente;False;olivaesouza;Upgrade;Não informado;Usuário adicional;Usuário adicional;https://app.pipefy.com/open-cards/1333722276;Up;Não informado;Outros motivos descritos;Upgrade | 15 usuários para integração bem melhor | R$163,50;1;163.5;0.0;Upgrade;;;Não calculado
10/04/2026;2026;4;Abr.;abril;2026-04;Abr./26;89991890;Usuário inexistente;False;parcelamais;Upgrade;Não informado;Usuário adicional;Usuário adicional;https://app.pipefy.com/open-cards/1333984518;Up;Não informado;Outros motivos descritos;Upgrade| - 2 usuários adicionais | R$58,00;1;58.0;0.0;Upgrade;;;Não calculado
10/04/2026;2026;4;Abr.;abril;2026-04;Abr./26;Leticia Silva;Leticia Silva;True;agenciaimpulsiona;Upgrade;Não informado;Servidores;Servidores;https://app.pipefy.com/open-cards/1333964166;Up;Não informado;Outros motivos descritos;Up Servidor 2/4 (R$89,00).;1;89.0;0.0;Upgrade;;;Não calculado
10/04/2026;2026;4;Abr.;abril;2026-04;Abr./26;Leticia Silva;Leticia Silva;True;bwstechnology;Upgrade;Não informado;Usuário adicional;Usuário adicional;https://app.pipefy.com/open-cards/1333939485;Up;Não informado;Outros motivos descritos;Up 1 usuário adicional | R$29,00 (explicação acima).;1;29.0;0.0;Upgrade;;;Não calculado
10/04/2026;2026;4;Abr.;abril;2026-04;Abr./26;Leticia Silva;Leticia Silva;True;grupoestia;Upgrade;Não informado;Conexão adicional de WhatsApp;Conexão adicional de WhatsApp;https://app.pipefy.com/open-cards/1333864738;Up;Não informado;Outros motivos descritos;Up Conexão de Adicional de WhatsApp (19 dólares),;1;19.0;0.0;Upgrade;;;Não calculado
10/04/2026;2026;4;Abr.;abril;2026-04;Abr./26;Leticia Silva;Leticia Silva;True;rosadesertofortaleza;Upgrade;Não informado;Conexão adicional de WhatsApp - WABA;Conexão adicional de WhatsApp - WABA;https://app.pipefy.com/open-cards/1333922555;Up;Não informado;Outros motivos descritos;Up Conexão Waba.;1;89.0;0.0;Upgrade;;;Não calculado
10/04/2026;2026;4;Abr.;abril;2026-04;Abr./26;Leticia Silva;Leticia Silva;True;upliftfitness;Upgrade;Não informado;IA Agent;IA Agent;https://app.pipefy.com/open-cards/1333866618;Up;Não informado;Outros motivos descritos;Down Agente IA 1000 créditos (R$112,90) + Up Agente IA 4000 créditos (R$334,90).;1;334.9;0.0;Upgrade;;;Não calculado
10/04/2026;2026;4;Abr.;abril;2026-04;Abr./26;Vinicius Simões;Vinicius Simões;True;gfp;Upgrade;Não informado;Servidores;Servidores;https://app.pipefy.com/open-cards/1333953124;Up;Não informado;Outros motivos descritos;Upgrade: - Servidor 2/4 - R$ 89,00;1;89.0;0.0;Upgrade;;;Não calculado
13/04/2026;2026;4;Abr.;abril;2026-04;Abr./26;82573565;Usuário inexistente;False;olivaesouza;Upgrade;Não informado;Conexão adicional de WhatsApp - WABA;Conexão adicional de WhatsApp - WABA;https://app.pipefy.com/open-cards/1334920011;Up;Não informado;Outros motivos descritos;Upgrade Conexão adicional oficial R$ 89,00 | 202604091723034;1;89.0;0.0;Upgrade;;;Não calculado
13/04/2026;2026;4;Abr.;abril;2026-04;Abr./26;82573565;Usuário inexistente;False;yelt;Upgrade;Não informado;Primeira ativação de número oficial;Primeira ativação de número oficial;https://app.pipefy.com/open-cards/1335134762;Up;Não informado;Redução de custo;Primeira ativação de WABA com conexão adicional no valor de R$ 89,00;1;89.0;0.0;Upgrade;;;Não calculado
13/04/2026;2026;4;Abr.;abril;2026-04;Abr./26;Guilherme Virgilio Soares;Guilherme Virgilio Soares;True;rezzusolucoes;Upgrade;Não informado;Conexão adicional de WhatsApp - WABA;Conexão adicional de WhatsApp - WABA;https://app.pipefy.com/open-cards/1335153984;Up;Não informado;Outros motivos descritos;- Upgrade: Conexão adicional WhatsApp oficial | R$ 89,00;1;89.0;0.0;Upgrade;;;Não calculado
13/04/2026;2026;4;Abr.;abril;2026-04;Abr./26;Leticia Silva;Leticia Silva;True;aaz;Upgrade;Não informado;Servidores;Servidores;https://app.pipefy.com/open-cards/1335062467;Up;Não informado;Outros motivos descritos;Up Servidor 2/4 (R$89,00).;1;89.0;0.0;Upgrade;;;Não calculado
13/04/2026;2026;4;Abr.;abril;2026-04;Abr./26;Leticia Silva;Leticia Silva;True;americasespacofacial;Upgrade;Não informado;Funil de vendas;Funil de vendas;https://app.pipefy.com/open-cards/1335052304;Up;Não informado;Outros motivos descritos;Up Funil de Vendas (R$49,00).;1;49.9;0.0;Upgrade;;;Não calculado
13/04/2026;2026;4;Abr.;abril;2026-04;Abr./26;Leticia Silva;Leticia Silva;True;climatrix1;Upgrade;Não informado;Funil de vendas;Funil de vendas;https://app.pipefy.com/open-cards/1335376452;Up;Não informado;Outros motivos descritos;Up Funil de Vendas (R$49,90).;1;49.9;0.0;Upgrade;;;Não calculado
13/04/2026;2026;4;Abr.;abril;2026-04;Abr./26;Leticia Silva;Leticia Silva;True;costagoldp;Upgrade;Não informado;Transcrição de Áudio;Transcrição de Áudio;https://app.pipefy.com/open-cards/1335309985;Up;Não informado;Outros motivos descritos;Up Transcrição de Áudio (R$49,90).;1;49.9;0.0;Upgrade;;;Não calculado
13/04/2026;2026;4;Abr.;abril;2026-04;Abr./26;Leticia Silva;Leticia Silva;True;dermatomais;Upgrade;Não informado;Funil de vendas;Funil de vendas;https://app.pipefy.com/open-cards/1334898923;Up;Não informado;Outros motivos descritos;Up Funil de Vendas (R$49,90).;1;49.9;0.0;Upgrade;;;Não calculado
13/04/2026;2026;4;Abr.;abril;2026-04;Abr./26;Leticia Silva;Leticia Silva;True;grupodg;Upgrade;Não informado;Servidores;Servidores;https://app.pipefy.com/open-cards/1334876039;Up;Não informado;Outros motivos descritos;Down Servidor 2/4 (R$89,00) > Up Servidor 4/8 (R$169,00).;1;169.0;0.0;Upgrade;;;Não calculado
13/04/2026;2026;4;Abr.;abril;2026-04;Abr./26;Leticia Silva;Leticia Silva;True;herkim;Upgrade;Não informado;Conexão adicional de WhatsApp - WABA;Conexão adicional de WhatsApp - WABA;https://app.pipefy.com/open-cards/1335422337;Up;Não informado;Outros motivos descritos;Conexão waba adicional (+595985648000);1;19.0;0.0;Upgrade;;;Não calculado
13/04/2026;2026;4;Abr.;abril;2026-04;Abr./26;Leticia Silva;Leticia Silva;True;jalapoeirosecotour;Upgrade;Não informado;Funil de vendas;Funil de vendas;https://app.pipefy.com/open-cards/1335190646;Up;Não informado;Outros motivos descritos;Up Funil de Vendas (R$49,90).;1;49.9;0.0;Upgrade;;;Não calculado
13/04/2026;2026;4;Abr.;abril;2026-04;Abr./26;Leticia Silva;Leticia Silva;True;lucralizetech;Upgrade;Não informado;IA Agent;IA Agent;https://app.pipefy.com/open-cards/1335325368;Up;Não informado;Outros motivos descritos;Up Agente IA (4000 créditos - R$334,90).;1;334.9;0.0;Upgrade;;;Não calculado
13/04/2026;2026;4;Abr.;abril;2026-04;Abr./26;Leticia Silva;Leticia Silva;True;solarhostel;Upgrade;Não informado;Conexão Instagram Direct;Conexão Instagram Direct;https://app.pipefy.com/open-cards/1335266379;Up;Não informado;Outros motivos descritos;Up 2 Conexões de Instagram (R$178,00).;1;178.0;0.0;Upgrade;;;Não calculado
13/04/2026;2026;4;Abr.;abril;2026-04;Abr./26;Marcela Medeiros;Marcela Medeiros;True;ostengroupoficial;Upgrade;Não informado;Conexão adicional de WhatsApp - WABA;Conexão adicional de WhatsApp - WABA;https://app.pipefy.com/open-cards/1335063711;Up;Não informado;Outros motivos descritos;Segunda conexão WABA no ambiente;1;89.0;0.0;Upgrade;;;Não calculado
13/04/2026;2026;4;Abr.;abril;2026-04;Abr./26;Priscila Pavani;Priscila Pavani;True;cobrar3;Upgrade;Não informado;Conexão adicional de WhatsApp - WABA;Conexão adicional de WhatsApp - WABA;https://app.pipefy.com/open-cards/1335258658;Up;Não informado;Redução de custo;Tipo: Upgrade Produto: 3 Conexões WABA / Gupshup / Direct Payment Valor: R$ 267,00 URL: cobrar3 Protocolo: 202604131725705  Números:   31 9369 6082 31 9237 7678 31 9292 2309;1;267.0;0.0;Upgrade;;;Não calculado
13/04/2026;2026;4;Abr.;abril;2026-04;Abr./26;Tadiane Biason;Tadiane Biason;True;grupoi9digital;Upgrade;Não informado;Conexão adicional de WhatsApp - WABA;Conexão adicional de WhatsApp - WABA;https://app.pipefy.com/open-cards/1335076174;Up;Não informado;Outros motivos descritos;Tipo: Upgrade Produto:1 conexão Oficial - GupShup - 89,00 URL: grupoi9digital Protocolo: 202604131725363;1;89.0;0.0;Upgrade;;;Não calculado
13/04/2026;2026;4;Abr.;abril;2026-04;Abr./26;Vinicius Simões;Vinicius Simões;True;cmaiscontadores;Upgrade;Não informado;Usuário adicional;Usuário adicional;https://app.pipefy.com/open-cards/1335361296;Up;Não informado;Outros motivos descritos;Upgrade: - 2x Usuários adicionais - R$ 58,00;1;58.0;0.0;Upgrade;;;Não calculado
13/04/2026;2026;4;Abr.;abril;2026-04;Abr./26;Vinicius Simões;Vinicius Simões;True;jccjadvocacia;Upgrade;Não informado;Integração;Integração;https://app.pipefy.com/open-cards/1335011317;Migração/Outro;Não informado;Outros motivos descritos;Não informado;1;0.0;0.0;Upgrade;;;Não calculado
13/04/2026;2026;4;Abr.;abril;2026-04;Abr./26;Vinicius Simões;Vinicius Simões;True;jordangutimodelagem;Upgrade;Não informado;Texto Mágico;Texto Mágico;https://app.pipefy.com/open-cards/1335037327;Up;Não informado;Outros motivos descritos;Upgrade: - IA Texto Mágico | 2.000 créditos | R$ 29,90;1;29.9;0.0;Upgrade;;;Não calculado
13/04/2026;2026;4;Abr.;abril;2026-04;Abr./26;Vinicius Simões;Vinicius Simões;True;studentdccomunication;Upgrade;Não informado;Conexão adicional de WhatsApp - WABA;Conexão adicional de WhatsApp - WABA;https://app.pipefy.com/open-cards/1335216584;Up;Não informado;Outros motivos descritos;Upgrade: - 2x Conexões adicionais de WhatsApp API Oficial - R$ 160,20;1;160.2;0.0;Upgrade;;;Não calculado
14/04/2026;2026;4;Abr.;abril;2026-04;Abr./26;82573565;Usuário inexistente;False;fabapar;Upgrade;Não informado;Usuário adicional;Usuário adicional;https://app.pipefy.com/open-cards/1335977051;Up;Não informado;Outros motivos descritos;Upgrade de usuário adicional R$ 29,00, cliente sem meu plano ativo | 202604141727025;1;29.0;0.0;Upgrade;;;Não calculado
14/04/2026;2026;4;Abr.;abril;2026-04;Abr./26;82573565;Usuário inexistente;False;mendoncacontabil;Upgrade;Não informado;Combo Start;Combo Start;https://app.pipefy.com/open-cards/1336094270;Up;Não informado;Outros motivos descritos;Upgrade Combo Start - R$ 173,90 | 202604141727044;1;173.9;0.0;Upgrade;;;Não calculado
14/04/2026;2026;4;Abr.;abril;2026-04;Abr./26;82573565;Usuário inexistente;False;mettapromotora;Upgrade;Não informado;Servidores;Servidores;https://app.pipefy.com/open-cards/1335863449;Up;Não informado;Redução de custo;Upgrade Servidor 4/8, valor de R$ 169,00 | 202604131726345;1;169.0;0.0;Upgrade;;;Não calculado
14/04/2026;2026;4;Abr.;abril;2026-04;Abr./26;Guilherme Virgilio Soares;Guilherme Virgilio Soares;True;dinamoproia;Upgrade;Não informado;Primeira ativação de número oficial;Primeira ativação de número oficial;https://app.pipefy.com/open-cards/1336149166;Migração/Outro;Não informado;Outros motivos descritos;- Upgrade: 1x Conexão WhatsApp oficial (bonificada) | R$0,00;1;0.0;0.0;Upgrade;;;Não calculado
14/04/2026;2026;4;Abr.;abril;2026-04;Abr./26;Leticia Silva;Leticia Silva;True;bilheteriadigital;Upgrade;Não informado;Servidores;Servidores;https://app.pipefy.com/open-cards/1335686699;Up;Não informado;Outros motivos descritos;Down Servidor 2/4 (bonificado) | Up Servidor 4/8 (R$169,00).;1;169.0;0.0;Upgrade;;;Não calculado
14/04/2026;2026;4;Abr.;abril;2026-04;Abr./26;Leticia Silva;Leticia Silva;True;controlart;Upgrade;Não informado;Servidores;Servidores;https://app.pipefy.com/open-cards/1336217651;Up;Não informado;Outros motivos descritos;Up Servidor 4/8 (R$169,00).;1;169.0;0.0;Upgrade;;;Não calculado
14/04/2026;2026;4;Abr.;abril;2026-04;Abr./26;Leticia Silva;Leticia Silva;True;elefantejf2;Upgrade;Não informado;Funil de vendas;Funil de vendas;https://app.pipefy.com/open-cards/1336024209;Up;Não informado;Outros motivos descritos;Up Funil de Vendas (R$49,90).;1;49.9;0.0;Upgrade;;;Não calculado
14/04/2026;2026;4;Abr.;abril;2026-04;Abr./26;Leticia Silva;Leticia Silva;True;puriflux;Upgrade;Não informado;IA Agent;IA Agent;https://app.pipefy.com/open-cards/1336172176;Up;Não informado;Outros motivos descritos;Down IA Agente - 3.000 créditos R$329,90) | Up IA Agente - 5.000 créditos (R$449,90).;1;449.9;0.0;Upgrade;;;Não calculado
14/04/2026;2026;4;Abr.;abril;2026-04;Abr./26;Melissa Duarte;Melissa Duarte;True;domjoseatacadao;Upgrade;Não informado;"Chat interno; Servidores; Conexão adicional de WhatsApp - WABA";Chat interno + outros;https://app.pipefy.com/open-cards/1336073823;Up;Não informado;Outros motivos descritos;Chat Interno R$69,00 Conexao Waba Direct Pay Gupshup R$89,00 Servidor 4/8 R$169,00 TOTAL: 327,00;3;327.0;0.0;Upgrade;;;Não calculado
14/04/2026;2026;4;Abr.;abril;2026-04;Abr./26;Vinicius Simões;Vinicius Simões;True;advgoesguimaraes;Upgrade;Não informado;"Texto Mágico; Funil de vendas";"Texto Mágico; Funil de vendas";https://app.pipefy.com/open-cards/1336046029;Up;Não informado;Outros motivos descritos;Upgrade: - IA Texto Mágico | 1.000 créditos | R$ 19,90 - Funil de Vendas | R$ 49,00;2;68.9;0.0;Upgrade;;;Não calculado
14/04/2026;2026;4;Abr.;abril;2026-04;Abr./26;Vinicius Simões;Vinicius Simões;True;businessinformativos;Upgrade;Não informado;Servidores;Servidores;https://app.pipefy.com/open-cards/1335765146;Up;Não informado;Outros motivos descritos;Upgrade: - Servidor 2/4 - R$ 89,00;1;89.0;0.0;Upgrade;;;Não calculado
14/04/2026;2026;4;Abr.;abril;2026-04;Abr./26;Vinicius Simões;Vinicius Simões;True;harmonize;Upgrade;Não informado;"IA Agent; Transcrição de Áudio";"IA Agent; Transcrição de Áudio";https://app.pipefy.com/open-cards/1335718959;Up;Não informado;Outros motivos descritos;Upgrade: - IA Agente Inteligente | 2.000 créditos | R$ 220,90 - IA Transcrição de Áudio | 500 minutos | R$ 24,90 Total: R$ 245,80;2;245.8;0.0;Upgrade;;;Não calculado
14/04/2026;2026;4;Abr.;abril;2026-04;Abr./26;Vinicius Simões;Vinicius Simões;True;ponteccontabil;Upgrade;Não informado;Servidores;Servidores;https://app.pipefy.com/open-cards/1336130134;Up;Não informado;Outros motivos descritos;Upgrade: - Servidor 2/4 - R$ 89,00;1;89.0;0.0;Upgrade;;;Não calculado
15/04/2026;2026;4;Abr.;abril;2026-04;Abr./26;82573565;Usuário inexistente;False;advtecnologia;Upgrade;Não informado;Servidores;Servidores;https://app.pipefy.com/open-cards/1336575505;Up;Não informado;Redução de custo;Upgrade Servidor 2/4, no valor de R$ 89,00. Indicado pelo suporte (Leidiane Magalhães) | 202604141727792;1;89.0;0.0;Upgrade;;;Não calculado
15/04/2026;2026;4;Abr.;abril;2026-04;Abr./26;82573565;Usuário inexistente;False;brandaosuporte;Upgrade;Não informado;Chat interno;Chat interno;https://app.pipefy.com/open-cards/1336905476;Up;Não informado;Outros motivos descritos;Upgrade Chat Interno - R$ 89,00 | 202604141727624;1;89.0;0.0;Upgrade;;;Não calculado
15/04/2026;2026;4;Abr.;abril;2026-04;Abr./26;82573565;Usuário inexistente;False;comunicacaorm;Upgrade;Não informado;Usuário adicional;Usuário adicional;https://app.pipefy.com/open-cards/1336867132;Up;Não informado;Redução de custo;Upgrade de 2 usuários para a URL: comunicacaorm, no valor de R$ 58,00 (29,00 cada);1;58.0;0.0;Upgrade;;;Não calculado
15/04/2026;2026;4;Abr.;abril;2026-04;Abr./26;82573565;Usuário inexistente;False;contflixcontabilidade;Upgrade;Não informado;Funil de vendas;Funil de vendas;https://app.pipefy.com/open-cards/1336785587;Up;Não informado;Outros motivos descritos;Upgrade Funil de Vendas - R$ 49,00 | 202604151728070;1;49.0;0.0;Upgrade;;;Não calculado
15/04/2026;2026;4;Abr.;abril;2026-04;Abr./26;82573565;Usuário inexistente;False;financeiroadv;Upgrade;Não informado;Usuário adicional;Usuário adicional;https://app.pipefy.com/open-cards/1336865274;Up;Não informado;Redução de custo;Upgrade de 2 usuários para a URL: financeiroadv, no valor de R$ 58,00 (29,00 cada);1;58.0;0.0;Upgrade;;;Não calculado
15/04/2026;2026;4;Abr.;abril;2026-04;Abr./26;82573565;Usuário inexistente;False;mbseguros;Upgrade;Não informado;Servidores;Servidores;https://app.pipefy.com/open-cards/1336881840;Up;Não informado;Redução de custo;Upgrade do Servidor 8/12, no valor de R$ 270,00, indicado pelo suporte (Eduardo Martins). Downgrade do Servidor 4/8 | 202604151728446;1;270.0;0.0;Upgrade;;;Não calculado
15/04/2026;2026;4;Abr.;abril;2026-04;Abr./26;82573565;Usuário inexistente;False;saimunizacoes;Upgrade;Não informado;Servidores;Servidores;https://app.pipefy.com/open-cards/1336830840;Up;Não informado;Outros motivos descritos;Upgrade Servidor 2/4 - R$ 89,00 | 202604141727922;1;89.0;0.0;Upgrade;;;Não calculado
15/04/2026;2026;4;Abr.;abril;2026-04;Abr./26;82573565;Usuário inexistente;False;upliftfitness;Upgrade;Não informado;Servidores;Servidores;https://app.pipefy.com/open-cards/1336752007;Up;Não informado;Outros motivos descritos;Upgrade Servidor 2/4 - R$ 89,00. Indicado pelo suporte (Gustavo Fantini) | 202604141727842;1;89.0;0.0;Upgrade;;;Não calculado
15/04/2026;2026;4;Abr.;abril;2026-04;Abr./26;89991890;Usuário inexistente;False;portaldocredito;Upgrade;Não informado;Conexão adicional de WhatsApp;Conexão adicional de WhatsApp;https://app.pipefy.com/open-cards/1336880691;Up;Não informado;Outros motivos descritos;Upgrade | Conexão adicional | R$89,00 |;1;89.0;0.0;Upgrade;;;Não calculado
15/04/2026;2026;4;Abr.;abril;2026-04;Abr./26;Guilherme Virgilio Soares;Guilherme Virgilio Soares;True;gmpharma;Upgrade;Não informado;Integração;Integração;https://app.pipefy.com/open-cards/1336908807;Up;Não informado;Outros motivos descritos;Não informado;1;59.99;0.0;Upgrade;;;Não calculado
15/04/2026;2026;4;Abr.;abril;2026-04;Abr./26;Guilherme Virgilio Soares;Guilherme Virgilio Soares;True;polifisco;Upgrade;Não informado;"IA Agent; Transcrição de Áudio";"IA Agent; Transcrição de Áudio";https://app.pipefy.com/open-cards/1336619278;Up;Não informado;Outros motivos descritos;- Upgrade: Combo: IA Agente - 1.000 créditos | R$ 112,90 |  IA Transcrição de áudios - 1.000 créditos | R$ 40,00 (adicionado individualmente, pois o combo precisa de ajuste);2;152.9;0.0;Upgrade;;;Não calculado
15/04/2026;2026;4;Abr.;abril;2026-04;Abr./26;Leticia Silva;Leticia Silva;True;aj3rastreamento;Upgrade;Não informado;Conexão adicional de WhatsApp;Conexão adicional de WhatsApp;https://app.pipefy.com/open-cards/1336875934;Up;Não informado;Outros motivos descritos;Up Conexão Adicional de WhatsApp (R$89,00).;1;89.0;0.0;Upgrade;;;Não calculado
15/04/2026;2026;4;Abr.;abril;2026-04;Abr./26;Leticia Silva;Leticia Silva;True;tazzoautoshop;Upgrade;Não informado;Funil de vendas;Funil de vendas;https://app.pipefy.com/open-cards/1336915597;Up;Não informado;Outros motivos descritos;Up Funil de Vendas (R$49,90).;1;49.9;0.0;Upgrade;;;Não calculado
15/04/2026;2026;4;Abr.;abril;2026-04;Abr./26;Priscila Pavani;Priscila Pavani;True;barcelossop1c;Upgrade;Não informado;Conexão adicional de WhatsApp;Conexão adicional de WhatsApp;https://app.pipefy.com/open-cards/1336690855;Up;Não informado;Redução de custo;Tipo: Upgrade Produto: 3 conexões comuns URL: barcelossop1c Valor: R$ 177,00 Protocolo: 202604141726551;1;177.0;0.0;Upgrade;;;Não calculado
15/04/2026;2026;4;Abr.;abril;2026-04;Abr./26;Vinicius Simões;Vinicius Simões;True;dibassessoria;Upgrade;Não informado;Conexão adicional de WhatsApp - WABA;Conexão adicional de WhatsApp - WABA;https://app.pipefy.com/open-cards/1336537486;Up;Não informado;Outros motivos descritos;Upgrade: - 1x Conexão adicional de WhatsApp API Oficial - R$ 89,00;1;89.0;0.0;Upgrade;;;Não calculado
15/04/2026;2026;4;Abr.;abril;2026-04;Abr./26;Vinicius Simões;Vinicius Simões;True;guedesnovarejo1;Upgrade;Não informado;Conexão adicional de WhatsApp - WABA;Conexão adicional de WhatsApp - WABA;https://app.pipefy.com/open-cards/1336608535;Up;Não informado;Outros motivos descritos;Upgrade: - 1x Conexão adicional de WhatsApp API Oficial - R$ 89,00;1;89.0;0.0;Upgrade;;;Não calculado
15/04/2026;2026;4;Abr.;abril;2026-04;Abr./26;Vinicius Simões;Vinicius Simões;True;lojarrmoveis;Upgrade;Não informado;Primeira ativação de número oficial;Primeira ativação de número oficial;https://app.pipefy.com/open-cards/1336549026;Up;Não informado;Outros motivos descritos;Upgrade: - 1x Conexão de WhatsApp API Oficial - R$ 89,00;1;89.0;0.0;Upgrade;;;Não calculado
16/04/2026;2026;4;Abr.;abril;2026-04;Abr./26;82573565;Usuário inexistente;False;artquality;Upgrade;Não informado;Funil de vendas;Funil de vendas;https://app.pipefy.com/open-cards/1337134716;Up;Não informado;Outros motivos descritos;Upgrade Funil de vendas, R$ 49,00;1;49.0;0.0;Upgrade;;;Não calculado
16/04/2026;2026;4;Abr.;abril;2026-04;Abr./26;82573565;Usuário inexistente;False;dalostoconsultoria;Upgrade;Não informado;Servidores;Servidores;https://app.pipefy.com/open-cards/1337130291;Up;Não informado;Outros motivos descritos;Upgrade Servidor 2/4 - R$ 89,00, indicado pelo suporte (Regina Guermandi);1;89.0;0.0;Upgrade;;;Não calculado
16/04/2026;2026;4;Abr.;abril;2026-04;Abr./26;82573565;Usuário inexistente;False;delfrio;Upgrade;Não informado;Distribuição automática;Distribuição automática;https://app.pipefy.com/open-cards/1337212408;Up;Não informado;Processo/uso operacional;Upgrade Distribuição Automática, R$ 89,00;1;89.0;0.0;Upgrade;;;Não calculado
16/04/2026;2026;4;Abr.;abril;2026-04;Abr./26;82573565;Usuário inexistente;False;docgrafica;Upgrade;Não informado;Servidores;Servidores;https://app.pipefy.com/open-cards/1337161121;Up;Não informado;Outros motivos descritos;Upgrade Servidor 2/4, R$ 89,00;1;89.0;0.0;Upgrade;;;Não calculado
16/04/2026;2026;4;Abr.;abril;2026-04;Abr./26;82573565;Usuário inexistente;False;drexamepalhoca;Upgrade;Não informado;IA Agent;IA Agent;https://app.pipefy.com/open-cards/1337484691;Up;Não informado;Outros motivos descritos;Upgrade IA Agente - 1.000 créditos R$ 112,90 | 202604161729828;1;112.9;0.0;Upgrade;;;Não calculado
16/04/2026;2026;4;Abr.;abril;2026-04;Abr./26;82573565;Usuário inexistente;False;inoveqsms;Upgrade;Não informado;Servidores;Servidores;https://app.pipefy.com/open-cards/1337525113;Up;Não informado;Outros motivos descritos;Upgrade Servidor 2/4, R$ 89,00, indicado pelo suporte (Rafael Novelli) | 202604151729022;1;89.0;0.0;Upgrade;;;Não calculado
16/04/2026;2026;4;Abr.;abril;2026-04;Abr./26;Guilherme Virgilio Soares;Guilherme Virgilio Soares;True;grupotita;Upgrade;Não informado;Servidores;Servidores;https://app.pipefy.com/open-cards/1337183890;Up;Não informado;Outros motivos descritos;- Upgrade: Servidor 2/4 | R$ 89,00;1;89.0;0.0;Upgrade;;;Não calculado
16/04/2026;2026;4;Abr.;abril;2026-04;Abr./26;Guilherme Virgilio Soares;Guilherme Virgilio Soares;True;plasfix;Upgrade;Não informado;Distribuição automática;Distribuição automática;https://app.pipefy.com/open-cards/1337314796;Up;Não informado;Processo/uso operacional;- Upgrade: Distribuição automática | R$ 89,00;1;89.0;0.0;Upgrade;;;Não calculado
16/04/2026;2026;4;Abr.;abril;2026-04;Abr./26;Leticia Silva;Leticia Silva;True;sosalimentos;Upgrade;Não informado;Conexão adicional de WhatsApp - WABA;Conexão adicional de WhatsApp - WABA;https://app.pipefy.com/open-cards/1337422944;Up;Não informado;Outros motivos descritos;Up Conexão Oficial Adicional (R$89,00).;1;89.0;0.0;Upgrade;;;Não calculado
16/04/2026;2026;4;Abr.;abril;2026-04;Abr./26;Marcela Medeiros;Marcela Medeiros;True;med-control88888888;Upgrade;Não informado;Não informado;Não informado;https://app.pipefy.com/open-cards/1337172946;Up;Não informado;Outros motivos descritos;Up de 2 usuários adicionais | Protocolo 202604081720399;1;49.0;0.0;Upgrade;;;Não calculado
16/04/2026;2026;4;Abr.;abril;2026-04;Abr./26;Priscila Pavani;Priscila Pavani;True;clubepremium;Upgrade;Não informado;Conexão adicional de WhatsApp - WABA;Conexão adicional de WhatsApp - WABA;https://app.pipefy.com/open-cards/1337239756;Up;Não informado;Redução de custo;Tipo: Upgrade Produto: 1 Conexão WABA / Gupshup / Direct Payment Valor: R$ 80,10 URL: clubepremium Protocolo: 202604161729252;1;80.1;0.0;Upgrade;;;Não calculado
16/04/2026;2026;4;Abr.;abril;2026-04;Abr./26;Tadiane Biason;Tadiane Biason;True;maringaturismo;Upgrade;Não informado;Conexão adicional de WhatsApp - WABA;Conexão adicional de WhatsApp - WABA;https://app.pipefy.com/open-cards/1337476128;Up;Não informado;Redução de custo;Tipo: Upgrade Produto: 1 conexão oficial Valor: 89,00 URL: maringaturismo Protocolo:202604161729991;1;89.0;0.0;Upgrade;;;Não calculado
16/04/2026;2026;4;Abr.;abril;2026-04;Abr./26;Vinicius Simões;Vinicius Simões;True;ieeducacional;Upgrade;Não informado;Conexão Instagram Direct;Conexão Instagram Direct;https://app.pipefy.com/open-cards/1337488678;Up;Não informado;Outros motivos descritos;Upgrade: - 1x Conexão de Instagram - R$ 89,00;1;89.0;0.0;Upgrade;;;Não calculado
16/04/2026;2026;4;Abr.;abril;2026-04;Abr./26;Vinicius Simões;Vinicius Simões;True;mbaeachusp;Upgrade;Não informado;Funil de vendas;Funil de vendas;https://app.pipefy.com/open-cards/1337391664;Up;Não informado;Outros motivos descritos;Upgrade: - Funil de Vendas - R$ 49,00;1;49.0;0.0;Upgrade;;;Não calculado
16/04/2026;2026;4;Abr.;abril;2026-04;Abr./26;Vinicius Simões;Vinicius Simões;True;ousada;Upgrade;Não informado;Funil de vendas;Funil de vendas;https://app.pipefy.com/open-cards/1337145068;Up;Não informado;Outros motivos descritos;Upgrade: - Funil de Vendas - R$ 49,00;1;49.0;0.0;Upgrade;;;Não calculado
16/04/2026;2026;4;Abr.;abril;2026-04;Abr./26;Vinicius Simões;Vinicius Simões;True;useliviarafaelle;Upgrade;Não informado;Primeira ativação de número oficial;Primeira ativação de número oficial;https://app.pipefy.com/open-cards/1337138150;Up;Não informado;Outros motivos descritos;Upgrade: - 1x Conexão de WhatsApp API Oficial - R$ 89,00;1;89.0;0.0;Upgrade;;;Não calculado
16/04/2026;2026;4;Abr.;abril;2026-04;Abr./26;Vinicius Simões;Vinicius Simões;True;z2diagnostico;Upgrade;Não informado;"IA Copiloto; IA Agent";"IA Copiloto; IA Agent";https://app.pipefy.com/open-cards/1337339957;Up;Não informado;Outros motivos descritos;Upgrade: - IA Copiloto | 500 créditos | R$ 49,90 - IA Agente Inteligente | 1.000 créditos | R$ 112,90  Total: R$ 162,80;2;162.8;0.0;Upgrade;;;Não calculado
16/04/2026;2026;4;Abr.;abril;2026-04;Abr./26;Yemuri Teodoro;Yemuri Teodoro;True;eagleassessoria;Upgrade;Não informado;Servidores;Servidores;https://app.pipefy.com/open-cards/1337268729;Up;Não informado;Redução de custo;Upgrade para servidor 2/4 valor de R$89,00;1;89.0;0.0;Upgrade;;;Não calculado
17/04/2026;2026;4;Abr.;abril;2026-04;Abr./26;82573565;Usuário inexistente;False;astorremelotti;Upgrade;Não informado;Integração;Integração;https://app.pipefy.com/open-cards/1338071967;Up;Não informado;Outros motivos descritos;Upgrade Integração PipeDrive x Digisac - R$ 59,99 | 202604161730069;1;59.99;0.0;Upgrade;;;Não calculado
17/04/2026;2026;4;Abr.;abril;2026-04;Abr./26;82573565;Usuário inexistente;False;realizapromotoracapao;Upgrade;Não informado;Distribuição automática;Distribuição automática;https://app.pipefy.com/open-cards/1338222147;Up;Não informado;Processo/uso operacional;Upgrade Distribuição Automática - R$ 89,00 | 202604171731284;1;89.0;0.0;Upgrade;;;Não calculado
17/04/2026;2026;4;Abr.;abril;2026-04;Abr./26;82573565;Usuário inexistente;False;silvafeitosamedicosassociados;Upgrade;Não informado;Integração;Integração;https://app.pipefy.com/open-cards/1337764834;Up;Não informado;Outros motivos descritos;Não informado;1;59.99;0.0;Upgrade;;;Não calculado
17/04/2026;2026;4;Abr.;abril;2026-04;Abr./26;82573565;Usuário inexistente;False;unclik;Upgrade;Não informado;Pacotes SMS Disparo em Massa;Pacotes SMS Disparo em Massa;https://app.pipefy.com/open-cards/1338180106;Up;Não informado;Outros motivos descritos;Cliente deseja 2.500 Créditos de SMS - R$ 250,00 | Tem 253 disponíveis. Após contratação: 2.753 | 202604171731095;1;250.0;0.0;Upgrade;;;Não calculado
17/04/2026;2026;4;Abr.;abril;2026-04;Abr./26;Guilherme Virgilio Soares;Guilherme Virgilio Soares;True;advsamyafernanda;Upgrade;Não informado;Funil de vendas;Funil de vendas;https://app.pipefy.com/open-cards/1337948429;Up;Não informado;Outros motivos descritos;- Upgrade: Funil de vendas | R$ 49,00;1;49.0;0.0;Upgrade;;;Não calculado
17/04/2026;2026;4;Abr.;abril;2026-04;Abr./26;Guilherme Virgilio Soares;Guilherme Virgilio Soares;True;clinicahumah;Upgrade;Não informado;"Conexão Instagram Direct; Distribuição automática";Conexão Instagram Direct + outros;https://app.pipefy.com/open-cards/1337970029;Up;Não informado;Processo/uso operacional;- Upgrade: Conexão adicional de Instagram | R$ 89,00 |  Distribuição automática | R$ 89,00 |;2;178.0;0.0;Upgrade;;;Não calculado
17/04/2026;2026;4;Abr.;abril;2026-04;Abr./26;Guilherme Virgilio Soares;Guilherme Virgilio Soares;True;defjoias;Upgrade;Não informado;Servidores;Servidores;https://app.pipefy.com/open-cards/1337985908;Up;Não informado;Outros motivos descritos;- Upgrade: Servidor 16/24 | R$448,00;1;448.0;0.0;Upgrade;;;Não calculado
17/04/2026;2026;4;Abr.;abril;2026-04;Abr./26;Guilherme Virgilio Soares;Guilherme Virgilio Soares;True;icc;Upgrade;Não informado;Conexão adicional de WhatsApp;Conexão adicional de WhatsApp;https://app.pipefy.com/open-cards/1338050498;Up;Não informado;Outros motivos descritos;- Upgrade: Conexão adicional de WhatsApp | R$ 89,00 |  (Cliente não tem acesso à aba);1;89.0;0.0;Upgrade;;;Não calculado
17/04/2026;2026;4;Abr.;abril;2026-04;Abr./26;Guilherme Virgilio Soares;Guilherme Virgilio Soares;True;meierespacofacial;Upgrade;Não informado;Funil de vendas;Funil de vendas;https://app.pipefy.com/open-cards/1338185349;Up;Não informado;Outros motivos descritos;- Upgrade: Funil de vendas | R$ 49,00;1;49.0;0.0;Upgrade;;;Não calculado
17/04/2026;2026;4;Abr.;abril;2026-04;Abr./26;Guilherme Virgilio Soares;Guilherme Virgilio Soares;True;tresriosef;Upgrade;Não informado;Funil de vendas;Funil de vendas;https://app.pipefy.com/open-cards/1338182288;Up;Não informado;Outros motivos descritos;- Upgrade: Funil de vendas | R$ 49,00;1;49.0;0.0;Upgrade;;;Não calculado
17/04/2026;2026;4;Abr.;abril;2026-04;Abr./26;Melissa Duarte;Melissa Duarte;True;extremotour;Upgrade;Não informado;Funil de vendas;Funil de vendas;https://app.pipefy.com/open-cards/1338112452;Up;Não informado;Outros motivos descritos;UP FUnil de vendas R$49,00;1;49.0;0.0;Upgrade;;;Não calculado
17/04/2026;2026;4;Abr.;abril;2026-04;Abr./26;Vinicius Simões;Vinicius Simões;True;biophormula;Upgrade;Não informado;Funil de vendas;Funil de vendas;https://app.pipefy.com/open-cards/1337731735;Up;Não informado;Outros motivos descritos;Upgrade: - Funil de Vendas - R$ 49,00;1;49.0;0.0;Upgrade;;;Não calculado
17/04/2026;2026;4;Abr.;abril;2026-04;Abr./26;Vinicius Simões;Vinicius Simões;True;softpostos;Upgrade;Não informado;Primeira ativação de número oficial;Primeira ativação de número oficial;https://app.pipefy.com/open-cards/1337752776;Up;Não informado;Outros motivos descritos;Upgrade: - Conexão de WhatsApp API Oficial - R$ 89,00;1;89.0;0.0;Upgrade;;;Não calculado
17/04/2026;2026;4;Abr.;abril;2026-04;Abr./26;Vinicius Simões;Vinicius Simões;True;stepecas;Upgrade;Não informado;Funil de vendas;Funil de vendas;https://app.pipefy.com/open-cards/1338227558;Up;Não informado;Outros motivos descritos;Upgrade: - Funil de Vendas - R$ 49,00;1;49.0;0.0;Upgrade;;;Não calculado
17/04/2026;2026;4;Abr.;abril;2026-04;Abr./26;Yemuri Teodoro;Yemuri Teodoro;True;elithium;Upgrade;Não informado;"IA Agent; Transcrição de Áudio";"IA Agent; Transcrição de Áudio";https://app.pipefy.com/open-cards/1338068581;Up;Não informado;Outros motivos descritos;Upgrade:  - IA agente - 1000 créditos - R$112,90 - IA transcrição de audio - 500 minutos - R$24,90  Protocolo: 202604161729532;2;137.8;0.0;Upgrade;;;Não calculado
17/04/2026;2026;4;Abr.;abril;2026-04;Abr./26;Yemuri Teodoro;Yemuri Teodoro;True;traveloneviagens;Upgrade;Não informado;Funil de vendas;Funil de vendas;https://app.pipefy.com/open-cards/1338195249;Up;Não informado;Outros motivos descritos;Upgrade: - Funil de vendas - R$49,00;1;49.0;0.0;Upgrade;;;Não calculado
20/04/2026;2026;4;Abr.;abril;2026-04;Abr./26;82573565;Usuário inexistente;False;advbrunazanatta;Upgrade;Não informado;Funil de vendas;Funil de vendas;https://app.pipefy.com/open-cards/1339201393;Up;Não informado;Outros motivos descritos;Upgrade Funil de Vendas R$ 49,00 | 202604201732371;1;49.0;0.0;Upgrade;;;Não calculado
20/04/2026;2026;4;Abr.;abril;2026-04;Abr./26;82573565;Usuário inexistente;False;agenciaygarape;Upgrade;Não informado;Integração;Integração;https://app.pipefy.com/open-cards/1338917911;Up;Não informado;Outros motivos descritos;Não informado;1;59.99;0.0;Upgrade;;;Não calculado
20/04/2026;2026;4;Abr.;abril;2026-04;Abr./26;82573565;Usuário inexistente;False;eugenioalmeida;Upgrade;Não informado;"Resumo Inteligente; Transcrição de Áudio; IA Agent";Resumo Inteligente + outros;https://app.pipefy.com/open-cards/1339175706;Up;Não informado;Outros motivos descritos;Upgrade IA Resumo Inteligente - Plano 500 créditos - R$ 29,90 (cofnorme catálogo) | IA Transcrição de áudio - Plano 500 minutos - R$24,90 | IA Agente - 1.000 créditos - R$ 112,90 | 202604181731557;3;167.7;0.0;Upgrade;;;Não calculado
20/04/2026;2026;4;Abr.;abril;2026-04;Abr./26;82573565;Usuário inexistente;False;icc;Upgrade;Não informado;Usuário adicional;Usuário adicional;https://app.pipefy.com/open-cards/1339143798;Up;Não informado;Outros motivos descritos;Upgrade 4 usuários adicionais R$ 87,60 (R$ 21,90 cada). Não possui meu plano | 202604201731886;1;87.6;0.0;Upgrade;;;Não calculado
20/04/2026;2026;4;Abr.;abril;2026-04;Abr./26;82573565;Usuário inexistente;False;rsadvocacia;Upgrade;Não informado;"Usuário adicional; Conexão adicional de WhatsApp; Funil de vendas; Distribuição automática; Resumo Inteligente";Usuário adicional + outros;https://app.pipefy.com/open-cards/1339059835;Up;Não informado;Processo/uso operacional;Upgrade 3 Usuarios adicionais - R$ 87,00 (R$ 29,00 cada) | Conexão Adicional de WhatsApp - R$ 89,00 | Funil de Vendas - Digisac  - R$ 49,00 | Distribuição Automática | R$ 79,00 | IA Resumo Inteligente - Plano 500 créditos - R$ 29,90. TOTAL R$ 333,90 | 202604201731674;5;333.9;0.0;Upgrade;;;Não calculado
20/04/2026;2026;4;Abr.;abril;2026-04;Abr./26;Guilherme Virgilio Soares;Guilherme Virgilio Soares;True;animalbello;Upgrade;Não informado;Primeira ativação de número oficial;Primeira ativação de número oficial;https://app.pipefy.com/open-cards/1338893637;Up;Não informado;Outros motivos descritos;- Upgrade: Conexão WhatsApp oficial | R$89,00;1;89.0;0.0;Upgrade;;;Não calculado
20/04/2026;2026;4;Abr.;abril;2026-04;Abr./26;Guilherme Virgilio Soares;Guilherme Virgilio Soares;True;nokzgrupo;Upgrade;Não informado;Primeira ativação de número oficial;Primeira ativação de número oficial;https://app.pipefy.com/open-cards/1339189303;Up;Não informado;Outros motivos descritos;- Upgrade: Conexão oficial | R$89,00;1;89.0;0.0;Upgrade;;;Não calculado
22/04/2026;2026;4;Abr.;abril;2026-04;Abr./26;82573565;Usuário inexistente;False;bmvix;Upgrade;Não informado;"IA Agent; IA Copiloto";"IA Agent; IA Copiloto";https://app.pipefy.com/open-cards/1339743027;Up;Não informado;Outros motivos descritos;Upgrade IA Agente - 1.000 créditos - R$ 112,90 e IA Copiloto - 500 créditos - R$ 49,90 | 202604221733055;2;162.8;0.0;Upgrade;;;Não calculado
22/04/2026;2026;4;Abr.;abril;2026-04;Abr./26;Guilherme Virgilio Soares;Guilherme Virgilio Soares;True;fgp;Upgrade;Não informado;Servidores;Servidores;https://app.pipefy.com/open-cards/1339636645;Up;Não informado;Outros motivos descritos;- Upgrade: Servidor 2/4 | R$ 89,00;1;89.0;0.0;Upgrade;;;Não calculado
22/04/2026;2026;4;Abr.;abril;2026-04;Abr./26;Guilherme Virgilio Soares;Guilherme Virgilio Soares;True;paulohumbertoadv;Upgrade;Não informado;Pacotes SMS Disparo em Massa;Pacotes SMS Disparo em Massa;https://app.pipefy.com/open-cards/1339680024;Up;Não informado;Outros motivos descritos;- Upgrade: SMS - 1.000 créditos | R$ 130,00;1;130.0;0.0;Upgrade;;;Não calculado
22/04/2026;2026;4;Abr.;abril;2026-04;Abr./26;Guilherme Virgilio Soares;Guilherme Virgilio Soares;True;separatoriindustria;Upgrade;Não informado;Usuário adicional;Usuário adicional;https://app.pipefy.com/open-cards/1340288158;Up;Não informado;Outros motivos descritos;- Upgrade: 1x usuário adicional | R$29,00 |;1;29.0;0.0;Upgrade;;;Não calculado
22/04/2026;2026;4;Abr.;abril;2026-04;Abr./26;Leticia Silva;Leticia Silva;True;appelsoft;Upgrade;Não informado;Primeira ativação de número oficial;Primeira ativação de número oficial;https://app.pipefy.com/open-cards/1339710447;Up;Não informado;Outros motivos descritos;Primeira Ativação de Número Oficial;1;89.0;0.0;Upgrade;;;Não calculado
22/04/2026;2026;4;Abr.;abril;2026-04;Abr./26;Leticia Silva;Leticia Silva;True;odontoexcellencejaraguadosul;Upgrade;Não informado;Primeira ativação de número oficial;Primeira ativação de número oficial;https://app.pipefy.com/open-cards/1339704743;Up;Não informado;Outros motivos descritos;Primeira Ativação de Número Oficial;1;89.0;0.0;Upgrade;;;Não calculado
22/04/2026;2026;4;Abr.;abril;2026-04;Abr./26;Vinicius Simões;Vinicius Simões;True;machadoexavierss;Upgrade;Não informado;Primeira ativação de número oficial;Primeira ativação de número oficial;https://app.pipefy.com/open-cards/1339987528;Up;Não informado;Outros motivos descritos;Upgrade: - 1x Conexão de WhatsApp API Oficial - R$ 89,00;1;89.0;0.0;Upgrade;;;Não calculado
22/04/2026;2026;4;Abr.;abril;2026-04;Abr./26;Vinicius Simões;Vinicius Simões;True;reporbrasil;Upgrade;Não informado;Conexão adicional de WhatsApp - WABA;Conexão adicional de WhatsApp - WABA;https://app.pipefy.com/open-cards/1340055637;Up;Não informado;Outros motivos descritos;Upgrade: - 1x Conexão adicional de WhatsApp API Oficial - R$ 89,00;1;89.0;0.0;Upgrade;;;Não calculado
22/04/2026;2026;4;Abr.;abril;2026-04;Abr./26;Vinicius Simões;Vinicius Simões;True;valdecirrabeloadvogados;Upgrade;Não informado;Conexão adicional de WhatsApp - WABA;Conexão adicional de WhatsApp - WABA;https://app.pipefy.com/open-cards/1339630645;Up;Não informado;Outros motivos descritos;Upgrade: - 1x Conexão adicional de WhatsApp API Oficial - R$ 89,00;1;89.0;0.0;Upgrade;;;Não calculado
23/04/2026;2026;4;Abr.;abril;2026-04;Abr./26;82573565;Usuário inexistente;False;advalmeidaecarmo;Upgrade;Não informado;Funil de vendas;Funil de vendas;https://app.pipefy.com/open-cards/1340279826;Up;Não informado;Outros motivos descritos;Upgrade Funil de Vendas - R$ 49,00 | 202604221732961;1;49.0;0.0;Upgrade;;;Não calculado
23/04/2026;2026;4;Abr.;abril;2026-04;Abr./26;82573565;Usuário inexistente;False;aquilasindico;Upgrade;Não informado;Combo Start;Combo Start;https://app.pipefy.com/open-cards/1340641683;Up;Não informado;Outros motivos descritos;Upgrade Combo Start IA - R$ 173,90 | 202604231734412;1;173.9;0.0;Upgrade;;;Não calculado
23/04/2026;2026;4;Abr.;abril;2026-04;Abr./26;82573565;Usuário inexistente;False;florianosolucoes;Upgrade;Não informado;Servidores;Servidores;https://app.pipefy.com/open-cards/1340403177;Up;Não informado;Outros motivos descritos;Upgrade Servidor 2/4, indicado pelo suporte (Ana Lins) | 202604231734478;1;89.0;0.0;Upgrade;;;Não calculado
23/04/2026;2026;4;Abr.;abril;2026-04;Abr./26;82573565;Usuário inexistente;False;florianosolucoes;Upgrade;Não informado;Servidores;Servidores;https://app.pipefy.com/open-cards/1340633005;Up;Não informado;Outros motivos descritos;Upgrade Servidor 2/4, indicado pelo suporte (Ana Lins) | 202604231734478;1;89.0;0.0;Upgrade;;;Não calculado
23/04/2026;2026;4;Abr.;abril;2026-04;Abr./26;82573565;Usuário inexistente;False;lxtelecom;Upgrade;Não informado;Pacotes SMS Disparo em Massa;Pacotes SMS Disparo em Massa;https://app.pipefy.com/open-cards/1340582580;Up;Não informado;Outros motivos descritos;Upgrade pacote de 2.500 créditos de SMS, R$ 250,00 Atual: 1.214 - Depois: 2.514 | 202604231734542;1;250.0;0.0;Upgrade;;;Não calculado
23/04/2026;2026;4;Abr.;abril;2026-04;Abr./26;82573565;Usuário inexistente;False;razzo;Upgrade;Não informado;Servidores;Servidores;https://app.pipefy.com/open-cards/1340278242;Up;Não informado;Outros motivos descritos;Upgrade Servidor 2/4, indicado pelo suporte (Luiz Florindo) | 202604221733487;1;89.0;0.0;Upgrade;;;Não calculado
23/04/2026;2026;4;Abr.;abril;2026-04;Abr./26;89991890;Usuário inexistente;False;attflorida;Upgrade;Não informado;Distribuição automática;Distribuição automática;https://app.pipefy.com/open-cards/1340370564;Up;Não informado;Processo/uso operacional;Upgrade | Distribuição automática | R$89,00;1;89.0;0.0;Upgrade;;;Não calculado
23/04/2026;2026;4;Abr.;abril;2026-04;Abr./26;Guilherme Virgilio Soares;Guilherme Virgilio Soares;True;ctcariri;Upgrade;Não informado;Servidores;Servidores;https://app.pipefy.com/open-cards/1340675558;Up;Não informado;Outros motivos descritos;- Upgrade: Servidor 8/12 | R$270,00;1;270.0;0.0;Upgrade;;;Não calculado
23/04/2026;2026;4;Abr.;abril;2026-04;Abr./26;Guilherme Virgilio Soares;Guilherme Virgilio Soares;True;dronelandbrasil;Upgrade;Não informado;Funil de vendas;Funil de vendas;https://app.pipefy.com/open-cards/1340691171;Up;Não informado;Outros motivos descritos;- Upgrade: Funil de vendas | R$ 49,00;1;49.0;0.0;Upgrade;;;Não calculado
23/04/2026;2026;4;Abr.;abril;2026-04;Abr./26;Guilherme Virgilio Soares;Guilherme Virgilio Soares;True;rafaelgoncalves;Upgrade;Não informado;Servidores;Servidores;https://app.pipefy.com/open-cards/1340420800;Up;Não informado;Outros motivos descritos;- Upgrade: Servidor 2/4 | R$89,00;1;89.0;0.0;Upgrade;;;Não calculado
23/04/2026;2026;4;Abr.;abril;2026-04;Abr./26;Vinicius Simões;Vinicius Simões;True;rosadesertofortaleza;Upgrade;Não informado;"Conexão adicional de WhatsApp - WABA; Conexão Instagram Direct";Conexão adicional de WhatsApp - WABA + outros;https://app.pipefy.com/open-cards/1340355036;Up;Não informado;Outros motivos descritos;Upgrade: - 1x Conexão adicional de WhatsApp API Oficial - R$ 89,00 - 1x Conexão de Instagram - R$ 89,00;2;178.0;0.0;Upgrade;;;Não calculado
23/04/2026;2026;4;Abr.;abril;2026-04;Abr./26;Yemuri Teodoro;Yemuri Teodoro;True;contabilmed2;Upgrade;Não informado;Usuário adicional;Usuário adicional;https://app.pipefy.com/open-cards/1340278800;Up;Não informado;Outros motivos descritos;UPGRADE - Contratação 4 usuários adicionais. R$116,00 Protocolo - 202604221733909;1;116.0;0.0;Upgrade;;;Não calculado
24/04/2026;2026;4;Abr.;abril;2026-04;Abr./26;82573565;Usuário inexistente;False;nacrh;Upgrade;Não informado;Servidores;Servidores;https://app.pipefy.com/open-cards/1341168577;Up;Não informado;Outros motivos descritos;Upgrade Servidor 2/4 - R$ 89,00 | 202604231735324;1;89.0;0.0;Upgrade;;;Não calculado
24/04/2026;2026;4;Abr.;abril;2026-04;Abr./26;82573565;Usuário inexistente;False;oliveiracondominio1;Upgrade;Não informado;Conexão adicional de WhatsApp;Conexão adicional de WhatsApp;https://app.pipefy.com/open-cards/1341345785;Up;Não informado;Outros motivos descritos;Upgrade Conexã adicional de whatsapp R$ 89,00;1;89.0;0.0;Upgrade;;;Não calculado
24/04/2026;2026;4;Abr.;abril;2026-04;Abr./26;Guilherme Virgilio Soares;Guilherme Virgilio Soares;True;almahcondos;Upgrade;Não informado;Servidores;Servidores;https://app.pipefy.com/open-cards/1341071962;Up;Não informado;Outros motivos descritos;- Upgrade: Servidor 2/4 | R$89,00 |;1;89.0;0.0;Upgrade;;;Não calculado
24/04/2026;2026;4;Abr.;abril;2026-04;Abr./26;Guilherme Virgilio Soares;Guilherme Virgilio Soares;True;trialseguros;Upgrade;Não informado;Servidores;Servidores;https://app.pipefy.com/open-cards/1341162098;Up;Não informado;Outros motivos descritos;- Upgrade: Servidor 2/4 | R$ 89,00;1;89.0;0.0;Upgrade;;;Não calculado
24/04/2026;2026;4;Abr.;abril;2026-04;Abr./26;Guilherme Virgilio Soares;Guilherme Virgilio Soares;True;upliftfitness;Upgrade;Não informado;Distribuição automática;Distribuição automática;https://app.pipefy.com/open-cards/1341292708;Up;Não informado;Processo/uso operacional;- Upgrade: Distribuição automática | R$ 89,00 |;1;89.0;0.0;Upgrade;;;Não calculado
24/04/2026;2026;4;Abr.;abril;2026-04;Abr./26;Leticia Silva;Leticia Silva;True;safeparksinalizacao;Upgrade;Não informado;Conexão adicional de WhatsApp;Conexão adicional de WhatsApp;https://app.pipefy.com/open-cards/1341055059;Up;Não informado;Outros motivos descritos;Up 6 Conexões Adicionais de WhatsApp - Desconto (R$474,00).;1;474.0;0.0;Upgrade;;;Não calculado
24/04/2026;2026;4;Abr.;abril;2026-04;Abr./26;Luis Siqueira;Luis Siqueira;True;ottimizzasistemas;Upgrade;Não informado;Conexão adicional de WhatsApp;Conexão adicional de WhatsApp;https://app.pipefy.com/open-cards/1341143604;Up;Não informado;Outros motivos descritos;Cliente fez a contratação de uma conexão standard para otimizza;1;89.0;0.0;Upgrade;;;Não calculado
24/04/2026;2026;4;Abr.;abril;2026-04;Abr./26;Vinicius Simões;Vinicius Simões;True;dsandrade;Upgrade;Não informado;Conexão adicional de WhatsApp - WABA;Conexão adicional de WhatsApp - WABA;https://app.pipefy.com/open-cards/1341304329;Up;Não informado;Outros motivos descritos;Upgrade: - 1x Conexão adicional de WhatsApp API Oficial - R$ 89,00;1;89.0;0.0;Upgrade;;;Não calculado
24/04/2026;2026;4;Abr.;abril;2026-04;Abr./26;Vinicius Simões;Vinicius Simões;True;ojanelao;Upgrade;Não informado;"Conexão Instagram Direct; Servidores";"Conexão Instagram Direct; Servidores";https://app.pipefy.com/open-cards/1341072523;Up;Não informado;Outros motivos descritos;Upgrade: - 1x Conexão de Instagram - R$ 89,00 - Servidor 2/4 - R$ 89,00;2;178.0;0.0;Upgrade;;;Não calculado
24/04/2026;2026;4;Abr.;abril;2026-04;Abr./26;Vinicius Simões;Vinicius Simões;True;socialbauru;Upgrade;Não informado;Servidores;Servidores;https://app.pipefy.com/open-cards/1341024029;Up;Não informado;Outros motivos descritos;Upgrade: - Servidor 2/4 - R$ 89,00;1;89.0;0.0;Upgrade;;;Não calculado
24/04/2026;2026;4;Abr.;abril;2026-04;Abr./26;Vitoria Sabadin;Vitoria Sabadin;True;caminhodaluz;Upgrade;Não informado;Conexão adicional de WhatsApp;Conexão adicional de WhatsApp;https://app.pipefy.com/open-cards/1341134800;Up;Não informado;Outros motivos descritos;Upgrade Conexão Adicional de WhatsApp Standard | R$89,00;1;89.0;0.0;Upgrade;;;Não calculado
24/04/2026;2026;4;Abr.;abril;2026-04;Abr./26;Yemuri Teodoro;Yemuri Teodoro;True;aaz;Upgrade;Não informado;"Plano Acelera para Plano Base; Usuário adicional";Plano Acelera para Plano Base + outros;https://app.pipefy.com/open-cards/1341126000;Up;Não informado;Outros motivos descritos;ALTERAÇÃO CONTRATO acelera para o base R$197,00 Adições: 3 usuários adicionais = R$87,00;2;284.0;0.0;Upgrade;;;Não calculado
27/04/2026;2026;4;Abr.;abril;2026-04;Abr./26;82573565;Usuário inexistente;False;dupliquedesembargador;Upgrade;Não informado;Servidores;Servidores;https://app.pipefy.com/open-cards/1342554175;Up;Não informado;Outros motivos descritos;Upgrade Servidor 16/32 - R$ 449,00 c/ desconto | 202604271736883;1;449.0;0.0;Upgrade;;;Não calculado
27/04/2026;2026;4;Abr.;abril;2026-04;Abr./26;82573565;Usuário inexistente;False;ecm;Upgrade;Não informado;Servidores;Servidores;https://app.pipefy.com/open-cards/1342590710;Up;Não informado;Outros motivos descritos;Upgrade Servidor 2/4 - R$ 89,00 | 202604271737675;1;89.0;0.0;Upgrade;;;Não calculado
27/04/2026;2026;4;Abr.;abril;2026-04;Abr./26;82573565;Usuário inexistente;False;rcmedicalbrasil;Upgrade;Não informado;Funil de vendas;Funil de vendas;https://app.pipefy.com/open-cards/1342719368;Up;Não informado;Outros motivos descritos;rcmedicalbrasil;1;49.0;0.0;Upgrade;;;Não calculado
27/04/2026;2026;4;Abr.;abril;2026-04;Abr./26;82573565;Usuário inexistente;False;vazpenteado;Upgrade;Não informado;Transcrição de Áudio;Transcrição de Áudio;https://app.pipefy.com/open-cards/1342352939;Up;Não informado;Outros motivos descritos;IA Transcrição de áudio - Plano 1.000 minutos - R$ 49,90 | 202604241736066;1;49.9;0.0;Upgrade;;;Não calculado
27/04/2026;2026;4;Abr.;abril;2026-04;Abr./26;91351766;Usuário inexistente;False;advocaciamolina;Upgrade;Não informado;IA Copiloto;IA Copiloto;https://app.pipefy.com/open-cards/1342269697;Up;Não informado;Outros motivos descritos;Up IA Copiloto - 500 créditos | R$ 49,90;1;49.9;0.0;Upgrade;;;Não calculado
27/04/2026;2026;4;Abr.;abril;2026-04;Abr./26;Guilherme Virgilio Soares;Guilherme Virgilio Soares;True;autoescolarainhadapaz;Upgrade;Não informado;IA Agent;IA Agent;https://app.pipefy.com/open-cards/1342505861;Up;Não informado;Outros motivos descritos;- Upgrade: IA Agente - 1.000 créditos | R$ 112,90 |;1;112.9;0.0;Upgrade;;;Não calculado
27/04/2026;2026;4;Abr.;abril;2026-04;Abr./26;Guilherme Virgilio Soares;Guilherme Virgilio Soares;True;desentupidoraimperio;Upgrade;Não informado;Usuário adicional;Usuário adicional;https://app.pipefy.com/open-cards/1342517042;Up;Não informado;Outros motivos descritos;- Upgrade: 1x Usuário adicional | R$ 29,00 |;1;29.0;0.0;Upgrade;;;Não calculado
27/04/2026;2026;4;Abr.;abril;2026-04;Abr./26;Guilherme Virgilio Soares;Guilherme Virgilio Soares;True;drapaulabasso;Upgrade;Não informado;Servidores;Servidores;https://app.pipefy.com/open-cards/1342243829;Up;Não informado;Outros motivos descritos;- Upgrade: servidor 2/4 | R$ 89,00;1;89.0;0.0;Upgrade;;;Não calculado
27/04/2026;2026;4;Abr.;abril;2026-04;Abr./26;Leticia Silva;Leticia Silva;True;atendimentosucessorrh;Upgrade;Não informado;Primeira ativação de número oficial;Primeira ativação de número oficial;https://app.pipefy.com/open-cards/1342229808;Up;Não informado;Outros motivos descritos;Primeira ativação de número oficial;1;89.0;0.0;Upgrade;;;Não calculado
27/04/2026;2026;4;Abr.;abril;2026-04;Abr./26;Leticia Silva;Leticia Silva;True;eliteeventos;Upgrade;Não informado;Primeira ativação de número oficial;Primeira ativação de número oficial;https://app.pipefy.com/open-cards/1342369506;Up;Não informado;Outros motivos descritos;Primeira Ativação de Número Oficial;1;89.0;0.0;Upgrade;;;Não calculado
27/04/2026;2026;4;Abr.;abril;2026-04;Abr./26;Leticia Silva;Leticia Silva;True;estacaodeminashotel;Upgrade;Não informado;Primeira ativação de número oficial;Primeira ativação de número oficial;https://app.pipefy.com/open-cards/1342588569;Up;Não informado;Outros motivos descritos;Primeira ativação de número oficial;1;89.0;0.0;Upgrade;;;Não calculado
27/04/2026;2026;4;Abr.;abril;2026-04;Abr./26;Luis Siqueira;Luis Siqueira;True;youcertificacaodigital1;Upgrade;Não informado;Funil de vendas;Funil de vendas;https://app.pipefy.com/open-cards/1342695813;Up;Não informado;Redução de custo;Cliente fez a contratação do funil de vendas seguidos de um teste. Com isso seguindo com a contratação no valor de R$ 49,90;1;49.9;0.0;Upgrade;;;Não calculado
27/04/2026;2026;4;Abr.;abril;2026-04;Abr./26;Priscila Pavani;Priscila Pavani;True;barcelossop1;Upgrade;Não informado;Usuário adicional;Usuário adicional;https://app.pipefy.com/open-cards/1343087212;Up;Não informado;Outros motivos descritos;Tipo: Upgrade Produto: 1 usuário R$ 25,00 URL: barcelossop1 Protocolo: 202604271736994;1;25.0;0.0;Upgrade;;;Não calculado
27/04/2026;2026;4;Abr.;abril;2026-04;Abr./26;Vinicius Simões;Vinicius Simões;True;kmspromotora;Upgrade;Não informado;Conexão adicional de WhatsApp - WABA;Conexão adicional de WhatsApp - WABA;https://app.pipefy.com/open-cards/1342145519;Up;Não informado;Outros motivos descritos;Upgrade: - 1x Conexão adicional de WhatsApp API Oficial - R$ 89,00;1;89.0;0.0;Upgrade;;;Não calculado
27/04/2026;2026;4;Abr.;abril;2026-04;Abr./26;Vinicius Simões;Vinicius Simões;True;lojasaobento;Upgrade;Não informado;Conexão adicional de WhatsApp - WABA;Conexão adicional de WhatsApp - WABA;https://app.pipefy.com/open-cards/1342152738;Up;Não informado;Outros motivos descritos;Upgrade: - 1x Conexão adicional de WhatsApp API Oficial - R$ 89,00;1;89.0;0.0;Upgrade;;;Não calculado
27/04/2026;2026;4;Abr.;abril;2026-04;Abr./26;Vinicius Simões;Vinicius Simões;True;selladministradora;Upgrade;Não informado;Usuário adicional;Usuário adicional;https://app.pipefy.com/open-cards/1342758828;Up;Não informado;Outros motivos descritos;Upgrade: - 1x Usuário adicional - R$ 29,00;1;29.0;0.0;Upgrade;;;Não calculado
27/04/2026;2026;4;Abr.;abril;2026-04;Abr./26;Vinicius Simões;Vinicius Simões;True;trialseguros;Upgrade;Não informado;Servidores;Servidores;https://app.pipefy.com/open-cards/1342684084;Up;Não informado;Outros motivos descritos;Upgrade: - Servidor 8/12 - R$ 270,00;1;270.0;0.0;Upgrade;;;Não calculado
27/04/2026;2026;4;Abr.;abril;2026-04;Abr./26;Yemuri Teodoro;Yemuri Teodoro;True;alvesdasilvaadvogados;Upgrade;Não informado;Usuário adicional;Usuário adicional;https://app.pipefy.com/open-cards/1342709055;Up;Não informado;Outros motivos descritos;UPGRADE - 1 USUÁRIO ADICIONAL - R$29,00 . PROTOCOLO - 202604271737021;1;29.0;0.0;Upgrade;;;Não calculado
27/04/2026;2026;4;Abr.;abril;2026-04;Abr./26;Yemuri Teodoro;Yemuri Teodoro;True;bulaverdde;Upgrade;Não informado;Servidores;Servidores;https://app.pipefy.com/open-cards/1342462752;Up;Não informado;Outros motivos descritos;UPGRADE SERVIDOR 4/8 - R$169,00.  PROTOCOLO 202604271737593 RESIZE já realizado.  PLANO WABA;1;169.0;0.0;Upgrade;;;Não calculado
27/04/2026;2026;4;Abr.;abril;2026-04;Abr./26;Yemuri Teodoro;Yemuri Teodoro;True;premiumtax6290;Upgrade;Não informado;Servidores;Servidores;https://app.pipefy.com/open-cards/1342391981;Up;Não informado;Outros motivos descritos;UPGRADE SERVIDOR Servidor 2/4 USD 17,00 = R$ 84,87 referente cotação no dia 27/04/2026 às 12:36  PROTOCOLO: 202604271737044;1;84.87;0.0;Upgrade;;;Não calculado
27/04/2026;2026;4;Abr.;abril;2026-04;Abr./26;Yemuri Teodoro;Yemuri Teodoro;True;rssolutions;Upgrade;Não informado;Integração;Integração;https://app.pipefy.com/open-cards/1342688525;Up;Não informado;Outros motivos descritos;Não informado;1;59.99;0.0;Upgrade;;;Não calculado
28/04/2026;2026;4;Abr.;abril;2026-04;Abr./26;82573565;Usuário inexistente;False;cdlgest;Upgrade;Não informado;"IA Agent; Combo Performance";"IA Agent; Combo Performance";https://app.pipefy.com/open-cards/1343112788;Up;Não informado;Outros motivos descritos;Upgrade Combo Performance IA - R$ 544,90 e IA Agente - 10.000 créditos R$ 724,90 | 202604271737705;2;1269.8;0.0;Upgrade;;;Não calculado
28/04/2026;2026;4;Abr.;abril;2026-04;Abr./26;82573565;Usuário inexistente;False;condominiorsp;Upgrade;Não informado;Pacotes SMS Disparo em Massa;Pacotes SMS Disparo em Massa;https://app.pipefy.com/open-cards/1343423852;Up;Não informado;Outros motivos descritos;Upgrade Créditos de SMS 2.500 - R$ 250,00 | 202604281739649;1;250.0;0.0;Upgrade;;;Não calculado
28/04/2026;2026;4;Abr.;abril;2026-04;Abr./26;82573565;Usuário inexistente;False;desbravandonatal;Upgrade;Não informado;Conexão adicional de WhatsApp;Conexão adicional de WhatsApp;https://app.pipefy.com/open-cards/1343446192;Up;Não informado;Outros motivos descritos;Upgrade Conexão adicional de whatsapp para a url: desbravandonatal  - R$ 89,00 | 202604281738881;1;89.0;0.0;Upgrade;;;Não calculado
28/04/2026;2026;4;Abr.;abril;2026-04;Abr./26;82573565;Usuário inexistente;False;devmaster;Upgrade;Não informado;Usuário adicional;Usuário adicional;https://app.pipefy.com/open-cards/1343339423;Up;Não informado;Outros motivos descritos;Upgrade 2 usuários adicionais, total de R$ 43,80 (R$ 21,90 cada) | 202604271736970;1;43.8;0.0;Upgrade;;;Não calculado
28/04/2026;2026;4;Abr.;abril;2026-04;Abr./26;82573565;Usuário inexistente;False;lunaportasejanelas;Upgrade;Não informado;Conexão Facebook Messenger;Conexão Facebook Messenger;https://app.pipefy.com/open-cards/1343208791;Up;Não informado;Outros motivos descritos;Upgrade Conexão de Messenger Facebook - R$ 89,00 | 202604281738512;1;89.0;0.0;Upgrade;;;Não calculado
28/04/2026;2026;4;Abr.;abril;2026-04;Abr./26;89991890;Usuário inexistente;False;deltaglobalbank;Upgrade;Não informado;Conexão adicional de WhatsApp - WABA;Conexão adicional de WhatsApp - WABA;https://app.pipefy.com/open-cards/1343386283;Up;Não informado;Outros motivos descritos;Upgrade | Conexão adicional WABA;1;89.0;0.0;Upgrade;;;Não calculado
28/04/2026;2026;4;Abr.;abril;2026-04;Abr./26;91351766;Usuário inexistente;False;assessoriasturmer;Upgrade;Não informado;Conexão adicional de WhatsApp - WABA;Conexão adicional de WhatsApp - WABA;https://app.pipefy.com/open-cards/1343136634;Up;Não informado;Outros motivos descritos;Upgrade Whatsapp - API oficial;1;89.0;0.0;Upgrade;;;Não calculado
28/04/2026;2026;4;Abr.;abril;2026-04;Abr./26;91351766;Usuário inexistente;False;grupolynm;Upgrade;Não informado;Chat interno;Chat interno;https://app.pipefy.com/open-cards/1343179838;Up;Não informado;Outros motivos descritos;Chat interno | R$ 89,00;1;89.0;0.0;Upgrade;;;Não calculado
28/04/2026;2026;4;Abr.;abril;2026-04;Abr./26;91351766;Usuário inexistente;False;parkpio;Upgrade;Não informado;"Conexão adicional de WhatsApp; Usuário adicional";Conexão adicional de WhatsApp + outros;https://app.pipefy.com/open-cards/1343216513;Up;Não informado;Outros motivos descritos;Upgrade | Usuário adicional | 1x R$ 29,00 Conexão adicional de whatsapp | 2x R$ 89,00 | R$ 178,00;2;207.0;0.0;Upgrade;;;Não calculado
28/04/2026;2026;4;Abr.;abril;2026-04;Abr./26;Guilherme Virgilio Soares;Guilherme Virgilio Soares;True;newmobby;Upgrade;Não informado;Funil de vendas;Funil de vendas;https://app.pipefy.com/open-cards/1343101865;Up;Não informado;Outros motivos descritos;- Upgrade: Funil de vendas | R$ 49,00;1;49.0;0.0;Upgrade;;;Não calculado
28/04/2026;2026;4;Abr.;abril;2026-04;Abr./26;Leticia Silva;Leticia Silva;True;elocg;Upgrade;Não informado;Conexão adicional de WhatsApp - WABA;Conexão adicional de WhatsApp - WABA;https://app.pipefy.com/open-cards/1343185945;Up;Não informado;Outros motivos descritos;Contratação de conexão oficial adicional (R$89,00);1;89.0;0.0;Upgrade;;;Não calculado
28/04/2026;2026;4;Abr.;abril;2026-04;Abr./26;Leticia Silva;Leticia Silva;True;gelasioacessorios;Upgrade;Não informado;Distribuição automática;Distribuição automática;https://app.pipefy.com/open-cards/1343358676;Up;Não informado;Processo/uso operacional;Up Distribuição Automática (R$89,00).;1;89.0;0.0;Upgrade;;;Não calculado
28/04/2026;2026;4;Abr.;abril;2026-04;Abr./26;Leticia Silva;Leticia Silva;True;orphyliaclinic;Upgrade;Não informado;Funil de vendas;Funil de vendas;https://app.pipefy.com/open-cards/1343333690;Up;Não informado;Outros motivos descritos;Up Funil de Vendas (R$49,90).;1;49.9;0.0;Upgrade;;;Não calculado
28/04/2026;2026;4;Abr.;abril;2026-04;Abr./26;Leticia Silva;Leticia Silva;True;solvesystem;Upgrade;Não informado;Primeira ativação de número oficial;Primeira ativação de número oficial;https://app.pipefy.com/open-cards/1343095463;Up;Não informado;Outros motivos descritos;Primeira ativação de número oficial;1;89.0;0.0;Upgrade;;;Não calculado
28/04/2026;2026;4;Abr.;abril;2026-04;Abr./26;Vinicius Simões;Vinicius Simões;True;atendimentocontareisp;Upgrade;Não informado;Primeira ativação de número oficial;Primeira ativação de número oficial;https://app.pipefy.com/open-cards/1343389465;Up;Não informado;Outros motivos descritos;Upgrade: - 1x Conexão de WhatsApp API Oficial - R$ 89,00;1;89.0;0.0;Upgrade;;;Não calculado
28/04/2026;2026;4;Abr.;abril;2026-04;Abr./26;Vinicius Simões;Vinicius Simões;True;jankunasjuridico;Upgrade;Não informado;Primeira ativação de número oficial;Primeira ativação de número oficial;https://app.pipefy.com/open-cards/1343372181;Up;Não informado;Outros motivos descritos;Upgrade: - 1x Conexão de WhatsApp API Oficial - R$ 89,00;1;89.0;0.0;Upgrade;;;Não calculado
28/04/2026;2026;4;Abr.;abril;2026-04;Abr./26;Vinicius Simões;Vinicius Simões;True;trialseguros;Upgrade;Não informado;Conexão adicional de WhatsApp - WABA;Conexão adicional de WhatsApp - WABA;https://app.pipefy.com/open-cards/1343189156;Up;Não informado;Outros motivos descritos;Upgrade: - 1x Conexão adicional de WhatsApp API Oficial - R$ 89,00;1;89.0;0.0;Upgrade;;;Não calculado
29/04/2026;2026;4;Abr.;abril;2026-04;Abr./26;82573565;Usuário inexistente;False;egbv;Upgrade;Não informado;"Combo Start; IA Agent; Texto Mágico";"Combo Start; IA Agent; Texto Mágico";https://app.pipefy.com/open-cards/1343755803;Up;Não informado;Outros motivos descritos;Upgrade Combo Start IA R$ 173,90 + IA Agente - 1.000 créditos R$ 112,90 e IA Texto Mágico - 1.000 créditos R$ 19,90 || Total R$ 306,70 | 202604281739235;3;306.7;0.0;Upgrade;;;Não calculado
29/04/2026;2026;4;Abr.;abril;2026-04;Abr./26;82573565;Usuário inexistente;False;mercobran;Upgrade;Não informado;Servidores;Servidores;https://app.pipefy.com/open-cards/1343717284;Up;Não informado;Outros motivos descritos;Upgrade Servidor 8/12 - R$ 270,00 | 202604281739840;1;270.0;0.0;Upgrade;;;Não calculado
29/04/2026;2026;4;Abr.;abril;2026-04;Abr./26;82573565;Usuário inexistente;False;nefadv;Upgrade;Não informado;Servidores;Servidores;https://app.pipefy.com/open-cards/1344046048;Up;Não informado;Outros motivos descritos;Upgrade Servidor 8/12 - R$ 270,00 | 202604291740691;1;270.0;0.0;Upgrade;;;Não calculado
29/04/2026;2026;4;Abr.;abril;2026-04;Abr./26;91351766;Usuário inexistente;False;atendimentoparseint;Upgrade;Não informado;Servidores;Servidores;https://app.pipefy.com/open-cards/1343638121;Up;Não informado;Outros motivos descritos;Down do servidor 4/8 ( R$ 169,00) Upgrade do servidor 8/12 ( R$ 220,00) ( Desconto: R$ 50,00);1;220.0;0.0;Upgrade;;;Não calculado
29/04/2026;2026;4;Abr.;abril;2026-04;Abr./26;Guilherme Virgilio Soares;Guilherme Virgilio Soares;True;debiasio2;Upgrade;Não informado;Chat interno;Chat interno;https://app.pipefy.com/open-cards/1343643100;Up;Não informado;Outros motivos descritos;- Upgrade: Chat interno | R$ 89,00 |;1;89.0;0.0;Upgrade;;;Não calculado
29/04/2026;2026;4;Abr.;abril;2026-04;Abr./26;Guilherme Virgilio Soares;Guilherme Virgilio Soares;True;maissaudeplano;Upgrade;Não informado;Usuário adicional;Usuário adicional;https://app.pipefy.com/open-cards/1344068151;Up;Não informado;Outros motivos descritos;- Upgrade: 1x Usuário adicional | R$ 29,00 |;1;29.0;0.0;Upgrade;;;Não calculado
29/04/2026;2026;4;Abr.;abril;2026-04;Abr./26;Leticia Silva;Leticia Silva;True;costao;Upgrade;Não informado;Transcrição de Áudio;Transcrição de Áudio;https://app.pipefy.com/open-cards/1343785929;Up;Não informado;Outros motivos descritos;Up Transcrição de Áudio (500 minutos por R$24,90).;1;24.9;0.0;Upgrade;;;Não calculado
29/04/2026;2026;4;Abr.;abril;2026-04;Abr./26;Leticia Silva;Leticia Silva;True;nogueiravinhos;Upgrade;Não informado;Conexão adicional de WhatsApp - WABA;Conexão adicional de WhatsApp - WABA;https://app.pipefy.com/open-cards/1343986879;Up;Não informado;Outros motivos descritos;Conexão Oficial Adicional;1;89.0;0.0;Upgrade;;;Não calculado
29/04/2026;2026;4;Abr.;abril;2026-04;Abr./26;Marcela Medeiros;Marcela Medeiros;True;asseplancorretora;Upgrade;Não informado;Usuário adicional;Usuário adicional;https://app.pipefy.com/open-cards/1343752045;Up;Não informado;Redução de custo;Up de um usuário, protocolo 202604291740268 | Valor de R$ 26,10 acordado somente para esse usuário em específico;1;26.1;0.0;Upgrade;;;Não calculado
29/04/2026;2026;4;Abr.;abril;2026-04;Abr./26;Priscila Pavani;Priscila Pavani;True;barcelossop1;Upgrade;Não informado;Usuário adicional;Usuário adicional;https://app.pipefy.com/open-cards/1343975637;Up;Não informado;Outros motivos descritos;Tipo: Upgrade Produto: 1 usuário R$ 25,00 URL: barcelossop1 Protocolo: 202604291740856;1;25.0;0.0;Upgrade;;;Não calculado
29/04/2026;2026;4;Abr.;abril;2026-04;Abr./26;Vinicius Simões;Vinicius Simões;True;apssolucoesltda;Upgrade;Não informado;Chat interno;Chat interno;https://app.pipefy.com/open-cards/1343690159;Up;Não informado;Outros motivos descritos;Upgrade: - Chat Interno - R$ 89,00;1;89.0;0.0;Upgrade;;;Não calculado
29/04/2026;2026;4;Abr.;abril;2026-04;Abr./26;Vinicius Simões;Vinicius Simões;True;mcocontabil;Upgrade;Não informado;Primeira ativação de número oficial;Primeira ativação de número oficial;https://app.pipefy.com/open-cards/1343669663;Up;Não informado;Outros motivos descritos;Upgrade: - 1x Conexão de WhatsApp API Oficial - R$ 89,00;1;89.0;0.0;Upgrade;;;Não calculado
29/04/2026;2026;4;Abr.;abril;2026-04;Abr./26;Vinicius Simões;Vinicius Simões;True;trialseguros;Upgrade;Não informado;Conexão adicional de WhatsApp - WABA;Conexão adicional de WhatsApp - WABA;https://app.pipefy.com/open-cards/1343623694;Up;Não informado;Outros motivos descritos;Upgrade: - 1x Conexão adicional de WhatsApp API Oficial - R$ 89,00;1;89.0;0.0;Upgrade;;;Não calculado
29/04/2026;2026;4;Abr.;abril;2026-04;Abr./26;Vinicius Simões;Vinicius Simões;True;vidmed2;Upgrade;Não informado;Primeira ativação de número oficial;Primeira ativação de número oficial;https://app.pipefy.com/open-cards/1343684636;Up;Não informado;Outros motivos descritos;Upgrade: - 1x Conexão de WhatsApp API Oficial - R$ 89,00;1;89.0;0.0;Upgrade;;;Não calculado
30/04/2026;2026;4;Abr.;abril;2026-04;Abr./26;82573565;Usuário inexistente;False;agilizebrasil;Upgrade;Não informado;Chat interno;Chat interno;https://app.pipefy.com/open-cards/1344679158;Up;Não informado;Outros motivos descritos;Upgrade Chat Interno - R$ 89,00 | 202604301742165;1;89.0;0.0;Upgrade;;;Não calculado
30/04/2026;2026;4;Abr.;abril;2026-04;Abr./26;82573565;Usuário inexistente;False;aguiasistemas;Upgrade;Não informado;Servidores;Servidores;https://app.pipefy.com/open-cards/1344715744;Up;Não informado;Outros motivos descritos;Upgrade Servidor 8/16 - R$ 349,00 e downgrade do servidor 4/8 (R$ 169,00) | 202604301742199;1;349.0;0.0;Upgrade;;;Não calculado
30/04/2026;2026;4;Abr.;abril;2026-04;Abr./26;82573565;Usuário inexistente;False;alesadvogados;Upgrade;Não informado;Funil de vendas;Funil de vendas;https://app.pipefy.com/open-cards/1344631962;Up;Não informado;Outros motivos descritos;Upgrade Funil de Vendas - R$ 49,00 | 202604301742038;1;49.0;0.0;Upgrade;;;Não calculado
30/04/2026;2026;4;Abr.;abril;2026-04;Abr./26;82573565;Usuário inexistente;False;grapel;Upgrade;Não informado;Servidores;Servidores;https://app.pipefy.com/open-cards/1344662554;Up;Não informado;Outros motivos descritos;Upgrade Servidor 2/4 - R$ 89,00 | 202604301742034;1;89.0;0.0;Upgrade;;;Não calculado
30/04/2026;2026;4;Abr.;abril;2026-04;Abr./26;82573565;Usuário inexistente;False;grapel;Upgrade;Não informado;Servidores;Servidores;https://app.pipefy.com/open-cards/1344663165;Up;Não informado;Outros motivos descritos;Upgrade Servidor 2/4 - R$ 89,00 | 202604301742034;1;89.0;0.0;Upgrade;;;Não calculado
30/04/2026;2026;4;Abr.;abril;2026-04;Abr./26;91351766;Usuário inexistente;False;dsouzaadvogados;Upgrade;Não informado;Funil de vendas;Funil de vendas;https://app.pipefy.com/open-cards/1344372333;Up;Não informado;Outros motivos descritos;Upgrade Contratação de Funil de vendas | 49,90;1;49.9;0.0;Upgrade;;;Não calculado
30/04/2026;2026;4;Abr.;abril;2026-04;Abr./26;Guilherme Virgilio Soares;Guilherme Virgilio Soares;True;portugaladvogados;Upgrade;Não informado;Transcrição de Áudio;Transcrição de Áudio;https://app.pipefy.com/open-cards/1344451798;Up;Não informado;Outros motivos descritos;- Upgrade: IA Transcrição de áudios - 500 créditos | R$ 24,90 |;1;24.9;0.0;Upgrade;;;Não calculado
30/04/2026;2026;4;Abr.;abril;2026-04;Abr./26;Leticia Silva;Leticia Silva;True;elodigital;Upgrade;Não informado;Conexão adicional de WhatsApp - WABA;Conexão adicional de WhatsApp - WABA;https://app.pipefy.com/open-cards/1344679272;Up;Não informado;Outros motivos descritos;Conexão Adicional Oficial (R$89,00)  Número: 12988768057;1;89.0;0.0;Upgrade;;;Não calculado
30/04/2026;2026;4;Abr.;abril;2026-04;Abr./26;Leticia Silva;Leticia Silva;True;fiscalsemprejuizo;Upgrade;Não informado;Conexão adicional de WhatsApp - WABA;Conexão adicional de WhatsApp - WABA;https://app.pipefy.com/open-cards/1344600227;Up;Não informado;Outros motivos descritos;Conexão Adicional Oficial  Número: 1135243565;1;89.0;0.0;Upgrade;;;Não calculado
30/04/2026;2026;4;Abr.;abril;2026-04;Abr./26;Vinicius Simões;Vinicius Simões;True;agenciabesouro;Upgrade;Não informado;Conexão adicional de WhatsApp - WABA;Conexão adicional de WhatsApp - WABA;https://app.pipefy.com/open-cards/1344430714;Up;Não informado;Outros motivos descritos;Upgrade: - 1x Conexão adicional de WhatsApp API Oficial - R$ 89,00;1;89.0;0.0;Upgrade;;;Não calculado
30/04/2026;2026;4;Abr.;abril;2026-04;Abr./26;Vinicius Simões;Vinicius Simões;True;besourorelacionamento;Upgrade;Não informado;Conexão adicional de WhatsApp - WABA;Conexão adicional de WhatsApp - WABA;https://app.pipefy.com/open-cards/1344420828;Up;Não informado;Outros motivos descritos;Upgrade - 1x Conexão adicional de WhatsApp API Oficial - R$ 89,00;1;89.0;0.0;Upgrade;;;Não calculado
30/04/2026;2026;4;Abr.;abril;2026-04;Abr./26;Vinicius Simões;Vinicius Simões;True;relaparceiro;Upgrade;Não informado;Conexão adicional de WhatsApp - WABA;Conexão adicional de WhatsApp - WABA;https://app.pipefy.com/open-cards/1344413546;Up;Não informado;Outros motivos descritos;Upgrade: - 2x Conexões adicionais de WhatsApp API Oficial - R$ 178,00;1;178.0;0.0;Upgrade;;;Não calculado
04/05/2026;2026;5;Mai.;maio;2026-05;Mai./26;82573565;Usuário inexistente;False;alrtec;Upgrade;Não informado;IA CSAT;IA CSAT;https://app.pipefy.com/open-cards/1345721407;Up;Não informado;Outros motivos descritos;Upgrade IA CSAT - Plano 500 créditos - R$ 14,90;1;14.9;0.0;Upgrade;;;Não calculado
04/05/2026;2026;5;Mai.;maio;2026-05;Mai./26;82573565;Usuário inexistente;False;educabrasil;Upgrade;Não informado;Funil de vendas;Funil de vendas;https://app.pipefy.com/open-cards/1345905372;Up;Não informado;Outros motivos descritos;Upgrade Funil de Vendas - R$ 49,00 | 202605041743699;1;49.0;0.0;Upgrade;;;Não calculado
04/05/2026;2026;5;Mai.;maio;2026-05;Mai./26;82573565;Usuário inexistente;False;fjrinfoleopoldina;Upgrade;Não informado;Funil de vendas;Funil de vendas;https://app.pipefy.com/open-cards/1345862560;Up;Não informado;Outros motivos descritos;Upgrade Funil de vendas - R$ 49,00 | 202605041743935;1;49.0;0.0;Upgrade;;;Não calculado
04/05/2026;2026;5;Mai.;maio;2026-05;Mai./26;82573565;Usuário inexistente;False;geniuscontabilidade;Upgrade;Não informado;Transcrição de Áudio;Transcrição de Áudio;https://app.pipefy.com/open-cards/1345559235;Up;Não informado;Outros motivos descritos;Upgrade IA Transcrição de áudio - Plano 500 minutos - R$ 24,90 | 202605021742681;1;24.9;0.0;Upgrade;;;Não calculado
04/05/2026;2026;5;Mai.;maio;2026-05;Mai./26;82573565;Usuário inexistente;False;herkim;Upgrade;Não informado;Usuário adicional;Usuário adicional;https://app.pipefy.com/open-cards/1345528035;Up;Não informado;Outros motivos descritos;Upgrade 2 Usuários - U$D 12.00 (U$D 6.00 cada) para a url: herkim | 202604131726029 **Contrato em dólar**;1;12.0;0.0;Upgrade;;;Não calculado
04/05/2026;2026;5;Mai.;maio;2026-05;Mai./26;82573565;Usuário inexistente;False;senhadigital;Upgrade;Não informado;Texto Mágico;Texto Mágico;https://app.pipefy.com/open-cards/1345750128;Up;Não informado;Outros motivos descritos;Upgrade IA Texto Mágico - 2.000 créditos - R$ 29,90;1;29.9;0.0;Upgrade;;;Não calculado
04/05/2026;2026;5;Mai.;maio;2026-05;Mai./26;89991890;Usuário inexistente;False;promenacconsorcios;Upgrade;Não informado;Migração para número oficial;Migração para número oficial;https://app.pipefy.com/open-cards/1345777508;Migração/Outro;Não informado;Outros motivos descritos;Não informado;1;0.0;0.0;Upgrade;;;Não calculado
04/05/2026;2026;5;Mai.;maio;2026-05;Mai./26;Guilherme Virgilio Soares;Guilherme Virgilio Soares;True;helpbmg;Upgrade;Não informado;"Conexão Instagram Direct; Conexão Facebook Messenger";Conexão Instagram Direct + outros;https://app.pipefy.com/open-cards/1345529721;Up;Não informado;Outros motivos descritos;- Upgrade: Conexão adicional Instagram | R$ 89,00 |  Conexão adicional Facebook | R$ 89,00 |   Total: R$178,00;2;178.0;0.0;Upgrade;;;Não calculado
04/05/2026;2026;5;Mai.;maio;2026-05;Mai./26;Guilherme Virgilio Soares;Guilherme Virgilio Soares;True;sdamed;Upgrade;Não informado;Transcrição de Áudio;Transcrição de Áudio;https://app.pipefy.com/open-cards/1345671515;Up;Não informado;Outros motivos descritos;- Upgrade: IA Transcrição de áudios - 500 créditos | R$ 24,90 |;1;24.9;0.0;Upgrade;;;Não calculado
04/05/2026;2026;5;Mai.;maio;2026-05;Mai./26;Leticia Silva;Leticia Silva;True;ja;Upgrade;Não informado;Conexão adicional de WhatsApp - WABA;Conexão adicional de WhatsApp - WABA;https://app.pipefy.com/open-cards/1345553736;Up;Não informado;Outros motivos descritos;Up Conexão Oficial Adicional Número: 61995640945;1;89.0;0.0;Upgrade;;;Não calculado
04/05/2026;2026;5;Mai.;maio;2026-05;Mai./26;Leticia Silva;Leticia Silva;True;mettapromotora;Upgrade;Não informado;Primeira ativação de número oficial;Primeira ativação de número oficial;https://app.pipefy.com/open-cards/1345599967;Up;Não informado;Outros motivos descritos;Primeira ativação de número oficial;1;89.0;0.0;Upgrade;;;Não calculado
04/05/2026;2026;5;Mai.;maio;2026-05;Mai./26;Vinicius Simões;Vinicius Simões;True;ieeducacional;Upgrade;Não informado;Conexão Instagram Direct;Conexão Instagram Direct;https://app.pipefy.com/open-cards/1345697977;Up;Não informado;Outros motivos descritos;Upgrade: - 1x Conexão de Instagram - R$ 89,00;1;89.0;0.0;Upgrade;;;Não calculado
04/05/2026;2026;5;Mai.;maio;2026-05;Mai./26;Vinicius Simões;Vinicius Simões;True;parquemorumby;Upgrade;Não informado;Conexão adicional de WhatsApp - WABA;Conexão adicional de WhatsApp - WABA;https://app.pipefy.com/open-cards/1345833232;Up;Não informado;Outros motivos descritos;Upgrade: - 1x Conexão adicional de WhatsApp API Oficial - R$ 89,00;1;89.0;0.0;Upgrade;;;Não calculado
04/05/2026;2026;5;Mai.;maio;2026-05;Mai./26;Yemuri Teodoro;Yemuri Teodoro;True;drcristianolucero;Upgrade;Não informado;Funil de vendas;Funil de vendas;https://app.pipefy.com/open-cards/1345884487;Up;Não informado;Outros motivos descritos;UPGRADE FUNIL DE VENDAS - R$49,00 Protocolo: 202605041744058;1;49.0;0.0;Upgrade;;;Não calculado
04/05/2026;2026;5;Mai.;maio;2026-05;Mai./26;Yemuri Teodoro;Yemuri Teodoro;True;trizbpo;Upgrade;Não informado;Chat interno;Chat interno;https://app.pipefy.com/open-cards/1345586398;Up;Não informado;Outros motivos descritos;UPGRADE Chat Interno = R$89,00 PROTOCOLO: 202605041743161;1;89.0;0.0;Upgrade;;;Não calculado
04/05/2026;2026;5;Mai.;maio;2026-05;Mai./26;Yemuri Teodoro;Yemuri Teodoro;True;valeriapinheiroadv;Upgrade;Não informado;Distribuição automática;Distribuição automática;https://app.pipefy.com/open-cards/1345519521;Up;Não informado;Processo/uso operacional;UPGRADE Contratação distribuição automática R$89,00 PROTOCOLO: 202605041742979;1;89.0;0.0;Upgrade;;;Não calculado
04/05/2026;2026;5;Mai.;maio;2026-05;Mai./26;Yemuri Teodoro;Yemuri Teodoro;True;zuptcarmultimarcas;Upgrade;Não informado;Funil de vendas;Funil de vendas;https://app.pipefy.com/open-cards/1345862090;Up;Não informado;Outros motivos descritos;UPGRADE FUNIL DE VENDAS = R$49,00 PROTOCOLO: 202605041744111;1;49.0;0.0;Upgrade;;;Não calculado
05/05/2026;2026;5;Mai.;maio;2026-05;Mai./26;82573565;Usuário inexistente;False;auxiliocontabil;Upgrade;Não informado;Texto Mágico;Texto Mágico;https://app.pipefy.com/open-cards/1346165953;Up;Não informado;Outros motivos descritos;Upgrade IA Texto Mágico - 1.000 créditos - R$ 19,90 | 202605051744600;1;19.9;0.0;Upgrade;;;Não calculado
05/05/2026;2026;5;Mai.;maio;2026-05;Mai./26;82573565;Usuário inexistente;False;auxiliocontabil;Upgrade;Não informado;IA Agent;IA Agent;https://app.pipefy.com/open-cards/1346364820;Up;Não informado;Outros motivos descritos;Cliente fez solicitação errada**Upgrade Agente Inteligente 1.000 créditos- R$ 112,90;1;112.9;0.0;Upgrade;;;Não calculado
05/05/2026;2026;5;Mai.;maio;2026-05;Mai./26;82573565;Usuário inexistente;False;cartoriojk;Upgrade;Não informado;Conexão adicional de WhatsApp;Conexão adicional de WhatsApp;https://app.pipefy.com/open-cards/1346202347;Up;Não informado;Outros motivos descritos;Upgrade Conexão Whatsapp (standard) | 202605051744535;1;89.0;0.0;Upgrade;;;Não calculado
05/05/2026;2026;5;Mai.;maio;2026-05;Mai./26;82573565;Usuário inexistente;False;dpatrickseguross;Upgrade;Não informado;Servidores;Servidores;https://app.pipefy.com/open-cards/1346214453;Up;Não informado;Outros motivos descritos;Upgrade Servidor 4/8 - R$ 169,00;1;169.0;0.0;Upgrade;;;Não calculado
05/05/2026;2026;5;Mai.;maio;2026-05;Mai./26;82573565;Usuário inexistente;False;humalimentar2;Upgrade;Não informado;"Usuário adicional; Conexão adicional de WhatsApp";Usuário adicional + outros;https://app.pipefy.com/open-cards/1346154050;Up;Não informado;Outros motivos descritos;Upgrade 1 usuário adicional R$ 29,00 e 1 Conexão whatsapp R$ 89,00 | 202605041743331;2;118.0;0.0;Upgrade;;;Não calculado
05/05/2026;2026;5;Mai.;maio;2026-05;Mai./26;91351766;Usuário inexistente;False;cmc;Upgrade;Não informado;Pacotes SMS Disparo em Massa;Pacotes SMS Disparo em Massa;https://app.pipefy.com/open-cards/1346191390;Up;Não informado;Outros motivos descritos;Contratação de 2500 SMS por R$ 250,00 (Possui 20);1;250.0;0.0;Upgrade;;;Não calculado
05/05/2026;2026;5;Mai.;maio;2026-05;Mai./26;Guilherme Virgilio Soares;Guilherme Virgilio Soares;True;beforce;Upgrade;Não informado;IA Agent;IA Agent;https://app.pipefy.com/open-cards/1346172138;Up;Não informado;Outros motivos descritos;- Upgrade: IA Agente Inteligente | R$ 112,90 |;1;112.9;0.0;Upgrade;;;Não calculado
05/05/2026;2026;5;Mai.;maio;2026-05;Mai./26;Guilherme Virgilio Soares;Guilherme Virgilio Soares;True;rhmaryhelpgoiania2;Upgrade;Não informado;Conexão adicional de WhatsApp;Conexão adicional de WhatsApp;https://app.pipefy.com/open-cards/1346284211;Up;Não informado;Outros motivos descritos;- Upgrade: 3x Conexões adicionais WhatsApp Standard | 3x R$ 49,00 | R$ 147,00 |;1;147.0;0.0;Upgrade;;;Não calculado
05/05/2026;2026;5;Mai.;maio;2026-05;Mai./26;Guilherme Virgilio Soares;Guilherme Virgilio Soares;True;sincronizaeducacao;Upgrade;Não informado;Usuário adicional;Usuário adicional;https://app.pipefy.com/open-cards/1346557593;Up;Não informado;Outros motivos descritos;- Upgrade: 2x Usuários adicionais | 2x R$ 29,00 | R$ 58,00;1;58.0;0.0;Upgrade;;;Não calculado
05/05/2026;2026;5;Mai.;maio;2026-05;Mai./26;Priscila Pavani;Priscila Pavani;True;clubepremium;Upgrade;Não informado;Conexão adicional de WhatsApp - WABA;Conexão adicional de WhatsApp - WABA;https://app.pipefy.com/open-cards/1346211462;Up;Não informado;Redução de custo;Tipo: Upgrade Produto: 1 Conexão WABA / Gupshup / Direct Payment Valor: R$ 80,10 URL: clubepremium Protocolo: 202605051744923 (valor já atualizado no plano - o cliente sobe as conexões sozinho aos poucos e quando conclui a ação entra em contato para passar os dados dos respectivos números).;1;80.1;0.0;Upgrade;;;Não calculado
05/05/2026;2026;5;Mai.;maio;2026-05;Mai./26;Vinicius Simões;Vinicius Simões;True;cartoriojk;Upgrade;Não informado;Conexão adicional de WhatsApp - WABA;Conexão adicional de WhatsApp - WABA;https://app.pipefy.com/open-cards/1346539506;Up;Não informado;Outros motivos descritos;Upgrade: - 1x Conexão adicional de WhatsApp API Oficial - R$ 109,00;1;109.0;0.0;Upgrade;;;Não calculado
05/05/2026;2026;5;Mai.;maio;2026-05;Mai./26;Vinicius Simões;Vinicius Simões;True;portaldocredito;Upgrade;Não informado;Conexão adicional de WhatsApp - WABA;Conexão adicional de WhatsApp - WABA;https://app.pipefy.com/open-cards/1346134081;Up;Não informado;Outros motivos descritos;Upgrade: - 3x Conexões adicionais de WhatsApp API Oficial - R$ 177,00;1;177.0;0.0;Upgrade;;;Não calculado
05/05/2026;2026;5;Mai.;maio;2026-05;Mai./26;Vinicius Simões;Vinicius Simões;True;proclinicarecepcao;Upgrade;Não informado;Primeira ativação de número oficial;Primeira ativação de número oficial;https://app.pipefy.com/open-cards/1346495714;Up;Não informado;Outros motivos descritos;Upgrade: - 1x Conexão de WhatsApp API Oficial - R$ 89,00;1;89.0;0.0;Upgrade;;;Não calculado
05/05/2026;2026;5;Mai.;maio;2026-05;Mai./26;Yemuri Teodoro;Yemuri Teodoro;True;cominequipamentos;Upgrade;Não informado;Servidores;Servidores;https://app.pipefy.com/open-cards/1346268595;Up;Não informado;Outros motivos descritos;UPGRADE SERVIDOR 4/8 = R$169,00 PROTOCOLO: 202605041743711;1;169.0;0.0;Upgrade;;;Não calculado
05/05/2026;2026;5;Mai.;maio;2026-05;Mai./26;Yemuri Teodoro;Yemuri Teodoro;True;mundodosoculosbsb;Upgrade;Não informado;"Servidores; Conexão adicional de WhatsApp";"Servidores; Conexão adicional de WhatsApp";https://app.pipefy.com/open-cards/1346244025;Up;Não informado;Outros motivos descritos;UPGRADE SERVIDOR 4/8 = R$169,00 5 CONEXÕES WHATSAPP = R$445,00 1 CONEXÃO WHATSAPP BONIFICADA = R$00,00 TOTAL DO UPGRADE = R$614,00;2;614.0;0.0;Upgrade;;;Não calculado
06/05/2026;2026;5;Mai.;maio;2026-05;Mai./26;82573565;Usuário inexistente;False;bdrops;Upgrade;Não informado;Integração;Integração;https://app.pipefy.com/open-cards/1347098943;Up;Não informado;Outros motivos descritos;Não informado;1;59.99;0.0;Upgrade;;;Não calculado
06/05/2026;2026;5;Mai.;maio;2026-05;Mai./26;82573565;Usuário inexistente;False;digitalcertificadora;Upgrade;Não informado;Usuário adicional;Usuário adicional;https://app.pipefy.com/open-cards/1346952754;Up;Não informado;Outros motivos descritos;Upgrade 2 usuários R$ 58,00 (29,00 cada). Não possui meu plano. | 202605061746134;1;58.0;0.0;Upgrade;;;Não calculado
06/05/2026;2026;5;Mai.;maio;2026-05;Mai./26;82573565;Usuário inexistente;False;hspump;Upgrade;Não informado;Chat interno;Chat interno;https://app.pipefy.com/open-cards/1347123120;Up;Não informado;Outros motivos descritos;Upgrade Chat Interno R$ 89,00 | 202605061746651;1;89.0;0.0;Upgrade;;;Não calculado
06/05/2026;2026;5;Mai.;maio;2026-05;Mai./26;91351766;Usuário inexistente;False;magodopismequipe;Upgrade;Não informado;Conexão adicional de WhatsApp - WABA;Conexão adicional de WhatsApp - WABA;https://app.pipefy.com/open-cards/1347062547;Up;Não informado;Outros motivos descritos;Upgrade Conexão adicional de WhatsApp WABA | 1x R$ 89,00;1;89.0;0.0;Upgrade;;;Não calculado
06/05/2026;2026;5;Mai.;maio;2026-05;Mai./26;Guilherme Virgilio Soares;Guilherme Virgilio Soares;True;advsamyafernanda;Upgrade;Não informado;Servidores;Servidores;https://app.pipefy.com/open-cards/1347018798;Up;Não informado;Outros motivos descritos;- Upgrade: Servidor 2/4 | R$ 89,00 |;1;89.0;0.0;Upgrade;;;Não calculado
06/05/2026;2026;5;Mai.;maio;2026-05;Mai./26;Guilherme Virgilio Soares;Guilherme Virgilio Soares;True;asecondchancee;Upgrade;Não informado;Servidores;Servidores;https://app.pipefy.com/open-cards/1346965572;Up;Não informado;Outros motivos descritos;- Upgrade: Servidor 2/4 | R$ 89,00 |;1;89.0;0.0;Upgrade;;;Não calculado
06/05/2026;2026;5;Mai.;maio;2026-05;Mai./26;Guilherme Virgilio Soares;Guilherme Virgilio Soares;True;livancehigienelimpeza;Upgrade;Não informado;Usuário adicional;Usuário adicional;https://app.pipefy.com/open-cards/1346976171;Up;Não informado;Outros motivos descritos;- Upgrade: 1x Usuário adicional | 1x R$ 29,00 | R$ 29,00;1;29.0;0.0;Upgrade;;;Não calculado
06/05/2026;2026;5;Mai.;maio;2026-05;Mai./26;Guilherme Virgilio Soares;Guilherme Virgilio Soares;True;powerfitequipamentos;Upgrade;Não informado;"IA Agent; IA Copiloto; Texto Mágico";"IA Agent; IA Copiloto; Texto Mágico";https://app.pipefy.com/open-cards/1347003137;Up;Não informado;Outros motivos descritos;- Upgrade: IA Agente Inteligente - 1.000 créditos | R$ 112,90 |  IA Copiloto - 1.000 créditos | R$ 72,90 |  IA Texto Mágico - 1.000 créditos | R$ 19,90 |   Total: R$ 205,70;3;205.7;0.0;Upgrade;;;Não calculado
06/05/2026;2026;5;Mai.;maio;2026-05;Mai./26;Guilherme Virgilio Soares;Guilherme Virgilio Soares;True;vimed;Upgrade;Não informado;"Conexão adicional de WhatsApp; Servidores";"Conexão adicional de WhatsApp; Servidores";https://app.pipefy.com/open-cards/1346877172;Up;Não informado;Outros motivos descritos;- Upgrade: Conexão adicional WhatsApp Standard | R$ 89,00 |  Servidor 2/4 (com desconto) | R$ 49,00 |   Total: R$ 138,00.;2;138.0;0.0;Upgrade;;;Não calculado
06/05/2026;2026;5;Mai.;maio;2026-05;Mai./26;Leticia Silva;Leticia Silva;True;cartaobeneficiarsaocarlos;Upgrade;Não informado;Primeira ativação de número oficial;Primeira ativação de número oficial;https://app.pipefy.com/open-cards/1346998668;Up;Não informado;Outros motivos descritos;Primeira ativação de número oficial;1;89.0;0.0;Upgrade;;;Não calculado
06/05/2026;2026;5;Mai.;maio;2026-05;Mai./26;Marcela Medeiros;Marcela Medeiros;True;cbadvogados;Upgrade;Não informado;Servidores;Servidores;https://app.pipefy.com/open-cards/1346911156;Up;Não informado;Outros motivos descritos;UP, servidor 2/4;1;89.0;0.0;Upgrade;;;Não calculado
06/05/2026;2026;5;Mai.;maio;2026-05;Mai./26;Vinicius Simões;Vinicius Simões;True;alvesdasilva;Upgrade;Não informado;Primeira ativação de número oficial;Primeira ativação de número oficial;https://app.pipefy.com/open-cards/1346885610;Up;Não informado;Outros motivos descritos;Upgrade: - 1x Conexão de WhatsApp API Oficial - R$ 89,00;1;89.0;0.0;Upgrade;;;Não calculado
06/05/2026;2026;5;Mai.;maio;2026-05;Mai./26;Yemuri Teodoro;Yemuri Teodoro;True;fit;Upgrade;Não informado;Servidores;Servidores;https://app.pipefy.com/open-cards/1346874425;Up;Não informado;Outros motivos descritos;UPGRADE Servidor 2/4 = R$89,00 Protocolo: 202605051745411 Resize já realizado;1;89.0;0.0;Upgrade;;;Não calculado
07/05/2026;2026;5;Mai.;maio;2026-05;Mai./26;82573565;Usuário inexistente;False;formulaanimalsa;Upgrade;Não informado;Servidores;Servidores;https://app.pipefy.com/open-cards/1347595412;Up;Não informado;Outros motivos descritos;Upgrade Servidor 2/4 - R$ 89,00;1;89.0;0.0;Upgrade;;;Não calculado
07/05/2026;2026;5;Mai.;maio;2026-05;Mai./26;82573565;Usuário inexistente;False;inovaccount;Upgrade;Não informado;Plano Acelera para Plano Base;Plano Acelera para Plano Base;https://app.pipefy.com/open-cards/1347574986;Up;Não informado;Outros motivos descritos;Upgrade Plano Acelera para o Plano Base - R$ 197,00 e 2 usuários R$ 58,00 (29,00 cada). Total R$ 255,00 | 202605061747012;1;255.0;0.0;Upgrade;;;Não calculado
07/05/2026;2026;5;Mai.;maio;2026-05;Mai./26;82573565;Usuário inexistente;False;quanton3dd;Upgrade;Não informado;Servidores;Servidores;https://app.pipefy.com/open-cards/1347592847;Up;Não informado;Outros motivos descritos;Upgrade Servidor 2/4 - R$ 89,00 | 202605071747777;1;89.0;0.0;Upgrade;;;Não calculado
07/05/2026;2026;5;Mai.;maio;2026-05;Mai./26;91351766;Usuário inexistente;False;grupocaom;Upgrade;Não informado;Chat interno;Chat interno;https://app.pipefy.com/open-cards/1347608093;Up;Não informado;Outros motivos descritos;Upgrade: chat interno - R$ 89,00;1;89.0;0.0;Upgrade;;;Não calculado
07/05/2026;2026;5;Mai.;maio;2026-05;Mai./26;91351766;Usuário inexistente;False;primeiraimpressao;Upgrade;Não informado;Transcrição de Áudio;Transcrição de Áudio;https://app.pipefy.com/open-cards/1347655546;Up;Não informado;Outros motivos descritos;Upgrade: IA Transcrição de aúdio: 1000 créditos | 49,90;1;49.9;0.0;Upgrade;;;Não calculado
07/05/2026;2026;5;Mai.;maio;2026-05;Mai./26;91351766;Usuário inexistente;False;viagemnamente;Upgrade;Não informado;IA Agent;IA Agent;https://app.pipefy.com/open-cards/1347598171;Up;Não informado;Outros motivos descritos;Upgrade: Agente Inligente - 2000 créditos | 219,90;1;219.9;0.0;Upgrade;;;Não calculado
07/05/2026;2026;5;Mai.;maio;2026-05;Mai./26;Guilherme Virgilio Soares;Guilherme Virgilio Soares;True;grupolimagestao;Upgrade;Não informado;Chat interno;Chat interno;https://app.pipefy.com/open-cards/1347501728;Up;Não informado;Outros motivos descritos;- Upgrade: Chat interno | R$ 89,00;1;89.0;0.0;Upgrade;;;Não calculado
07/05/2026;2026;5;Mai.;maio;2026-05;Mai./26;Leticia Silva;Leticia Silva;True;golderassessoria;Upgrade;Não informado;Usuário adicional;Usuário adicional;https://app.pipefy.com/open-cards/1347567765;Up;Não informado;Outros motivos descritos;Up 2 Usuários Adicionais (R$29,00 cada).;1;58.0;0.0;Upgrade;;;Não calculado
07/05/2026;2026;5;Mai.;maio;2026-05;Mai./26;Luis Siqueira;Luis Siqueira;True;clinicallsolutions;Upgrade;Não informado;Conexão adicional de WhatsApp - WABA;Conexão adicional de WhatsApp - WABA;https://app.pipefy.com/open-cards/1347557491;Up;Não informado;Redução de custo;Cliente fez a contratação de uma nova conexão oficial no valor de R$ 89;1;89.0;0.0;Upgrade;;;Não calculado
07/05/2026;2026;5;Mai.;maio;2026-05;Mai./26;Vinicius Simões;Vinicius Simões;True;cartaobeneficiarsuzano;Upgrade;Não informado;Primeira ativação de número oficial;Primeira ativação de número oficial;https://app.pipefy.com/open-cards/1347687702;Up;Não informado;Outros motivos descritos;Upgrade: - 1x Conexão de WhatsApp API Oficial - R$ 89,00;1;89.0;0.0;Upgrade;;;Não calculado
07/05/2026;2026;5;Mai.;maio;2026-05;Mai./26;Vinicius Simões;Vinicius Simões;True;entrounaconta;Upgrade;Não informado;Conexão adicional de WhatsApp - WABA;Conexão adicional de WhatsApp - WABA;https://app.pipefy.com/open-cards/1347661470;Up;Não informado;Outros motivos descritos;Upgrade: - 1x Conexão e WhatsApp API Oficial - R$ 89,00;1;89.0;0.0;Upgrade;;;Não calculado
07/05/2026;2026;5;Mai.;maio;2026-05;Mai./26;Vinicius Simões;Vinicius Simões;True;leandrovitta;Upgrade;Não informado;Primeira ativação de número oficial;Primeira ativação de número oficial;https://app.pipefy.com/open-cards/1347810505;Up;Não informado;Outros motivos descritos;Upgrade: - 3x Conexões de WhatsApp API Oficial - R$ 257,00;1;257.0;0.0;Upgrade;;;Não calculado
08/05/2026;2026;5;Mai.;maio;2026-05;Mai./26;82573565;Usuário inexistente;False;comercialaraguaia;Upgrade;Não informado;Chat interno;Chat interno;https://app.pipefy.com/open-cards/1348079731;Up;Não informado;Outros motivos descritos;Upgrade Chat Interno - R$ 89,00;1;89.0;0.0;Upgrade;;;Não calculado
08/05/2026;2026;5;Mai.;maio;2026-05;Mai./26;82573565;Usuário inexistente;False;comercialaraguaia;Upgrade;Não informado;Chat interno;Chat interno;https://app.pipefy.com/open-cards/1348234780;Up;Não informado;Outros motivos descritos;Upgrade Chat Interno - R$ 89,00 | 202605071748756;1;89.0;0.0;Upgrade;;;Não calculado
08/05/2026;2026;5;Mai.;maio;2026-05;Mai./26;82573565;Usuário inexistente;False;gianchetta;Upgrade;Não informado;Plano Base para Plano Acelera;Plano Base para Plano Acelera;https://app.pipefy.com/open-cards/1348235627;Up;Não informado;Redução de custo;Alteração do PLANO BASE PARA O PLANO ACELERA**Cliente com restrição financeira temporária, reduziu a operação e atualmente atua sozinho. Mantém boa percepção de valor da plataforma, sem relatos de insatisfação com produto ou atendimento, porém o custo do plano atual perdeu aderência ao cenário operacional, gerando risco de cancelamento por orçamento. **Como ação de retenção, foi autorizado (Marcela Medeiros) o downgrade do plano Base para o Acelera, visando adequação de custos e continuidade da parceria. Cliente ciente das alterações do novo plano e que futuras necessidades de ampliação de recursos exigirão upgrade de plano.;1;99.0;0.0;Upgrade;;;Não calculado
08/05/2026;2026;5;Mai.;maio;2026-05;Mai./26;82573565;Usuário inexistente;False;gnmoveissantarem;Upgrade;Não informado;Distribuição automática;Distribuição automática;https://app.pipefy.com/open-cards/1348022706;Up;Não informado;Processo/uso operacional;Upgrade Dsitribuição Automática - R$ 89,00 | 202605071748534;1;89.0;0.0;Upgrade;;;Não calculado
08/05/2026;2026;5;Mai.;maio;2026-05;Mai./26;82573565;Usuário inexistente;False;grupograndeslagos;Upgrade;Não informado;Servidores;Servidores;https://app.pipefy.com/open-cards/1348012910;Up;Não informado;Redução de custo;Upgrade Servidor 8/16 no valor de R$ 349,00;1;349.0;0.0;Upgrade;;;Não calculado
08/05/2026;2026;5;Mai.;maio;2026-05;Mai./26;82573565;Usuário inexistente;False;moveisdelazari;Upgrade;Não informado;Chat interno;Chat interno;https://app.pipefy.com/open-cards/1348348413;Up;Não informado;Outros motivos descritos;Upgrade Chat Interno - R$ 89,00;1;89.0;0.0;Upgrade;;;Não calculado
08/05/2026;2026;5;Mai.;maio;2026-05;Mai./26;89991890;Usuário inexistente;False;csescritoriocontabil;Upgrade;Não informado;Servidores;Servidores;https://app.pipefy.com/open-cards/1348043396;Up;Não informado;Outros motivos descritos;202605061746244 | Upgrade | Servidor 8/16;1;349.0;0.0;Upgrade;;;Não calculado
08/05/2026;2026;5;Mai.;maio;2026-05;Mai./26;Guilherme Virgilio Soares;Guilherme Virgilio Soares;True;ctcariri;Upgrade;Não informado;"Funil de vendas; Distribuição automática";"Funil de vendas; Distribuição automática";https://app.pipefy.com/open-cards/1348029314;Up;Não informado;Processo/uso operacional;- Upgrade: Funil de vendas | R$ 49,00 |  Distribuição automática | R$ 89,00 |   Total: R$ 138,00;2;138.0;0.0;Upgrade;;;Não calculado
08/05/2026;2026;5;Mai.;maio;2026-05;Mai./26;Guilherme Virgilio Soares;Guilherme Virgilio Soares;True;dxmax;Upgrade;Não informado;Usuário adicional;Usuário adicional;https://app.pipefy.com/open-cards/1348180624;Up;Não informado;Outros motivos descritos;- Upgrade: 1x Usuário adicional | R$ 29,00 |;1;29.0;0.0;Upgrade;;;Não calculado
08/05/2026;2026;5;Mai.;maio;2026-05;Mai./26;Guilherme Virgilio Soares;Guilherme Virgilio Soares;True;jlcelulares;Upgrade;Não informado;Servidores;Servidores;https://app.pipefy.com/open-cards/1348143831;Up;Não informado;Outros motivos descritos;- Upgrade: Servidor 2/4 | R$ 89,00 |;1;89.0;0.0;Upgrade;;;Não calculado
08/05/2026;2026;5;Mai.;maio;2026-05;Mai./26;Guilherme Virgilio Soares;Guilherme Virgilio Soares;True;la3dimesp;Upgrade;Não informado;Usuário adicional;Usuário adicional;https://app.pipefy.com/open-cards/1348060841;Up;Não informado;Outros motivos descritos;Upgrade: 2x Usuários adicionais | 2x R$ 29,00 | R$ 58,00 |;1;58.0;0.0;Upgrade;;;Não calculado
08/05/2026;2026;5;Mai.;maio;2026-05;Mai./26;Guilherme Virgilio Soares;Guilherme Virgilio Soares;True;rhmaryhelpgoiania2;Upgrade;Não informado;Usuário adicional;Usuário adicional;https://app.pipefy.com/open-cards/1348101768;Up;Não informado;Outros motivos descritos;- Upgrade: 1x Usuário adicional | R$ 29,00 |;1;29.0;0.0;Upgrade;;;Não calculado
08/05/2026;2026;5;Mai.;maio;2026-05;Mai./26;Guilherme Virgilio Soares;Guilherme Virgilio Soares;True;souzaeugenioconsul;Upgrade;Não informado;Conexão adicional de WhatsApp;Conexão adicional de WhatsApp;https://app.pipefy.com/open-cards/1348091368;Up;Não informado;Outros motivos descritos;- Upgrade: Conexão adicional de WhatsApp Standard | R$ 89,00 |;1;89.0;0.0;Upgrade;;;Não calculado
08/05/2026;2026;5;Mai.;maio;2026-05;Mai./26;Luis Siqueira;Luis Siqueira;True;conectiagora;Upgrade;Não informado;Servidores;Servidores;https://app.pipefy.com/open-cards/1348015621;Up;Não informado;Redução de custo;Será concedido desconto no servidor 32/32 ao qual o cliente esta alocado. O valor que será cobrado, será: 745,00, sendo feito sob o desconto autorizado de 20% - alinhado com a Vivi.;1;745.0;0.0;Upgrade;;;Não calculado
08/05/2026;2026;5;Mai.;maio;2026-05;Mai./26;Luis Siqueira;Luis Siqueira;True;nutrindoideais;Upgrade;Não informado;Servidores;Servidores;https://app.pipefy.com/open-cards/1348125303;Up;Não informado;Redução de custo;202605051744652 Contratação do servidor 16/16 no valor de R$ 410,00;1;410.0;0.0;Upgrade;;;Não calculado
08/05/2026;2026;5;Mai.;maio;2026-05;Mai./26;Melissa Duarte;Melissa Duarte;True;telcarenergy;Upgrade;Não informado;Funil de vendas;Funil de vendas;https://app.pipefy.com/open-cards/1348297620;Up;Não informado;Outros motivos descritos;UP Funil de Vendas R$49,00;1;49.0;0.0;Upgrade;;;Não calculado
08/05/2026;2026;5;Mai.;maio;2026-05;Mai./26;Tadiane Biason;Tadiane Biason;True;mdoficial;Upgrade;Não informado;Conexão adicional de WhatsApp;Conexão adicional de WhatsApp;https://app.pipefy.com/open-cards/1348125186;Up;Não informado;Redução de custo;Tipo: Upgrade Produto: 1 Conexão Standard Valor: R$ 79,00 URL: mdoficial Protocolo: 202605081749255;1;79.0;0.0;Upgrade;;;Não calculado
11/05/2026;2026;5;Mai.;maio;2026-05;Mai./26;82573565;Usuário inexistente;False;c4life;Upgrade;Não informado;Servidores;Servidores;https://app.pipefy.com/open-cards/1348923910;Up;Não informado;Outros motivos descritos;Upgrade Servidor 2/4 - R$ 89,00 | 202605081749754;1;89.0;0.0;Upgrade;;;Não calculado
11/05/2026;2026;5;Mai.;maio;2026-05;Mai./26;82573565;Usuário inexistente;False;escritorioyg;Upgrade;Não informado;Servidores;Servidores;https://app.pipefy.com/open-cards/1348912516;Up;Não informado;Outros motivos descritos;Upgrade Servidor 2/4 - R$ 89,00 | 202605091749944;1;89.0;0.0;Upgrade;;;Não calculado
11/05/2026;2026;5;Mai.;maio;2026-05;Mai./26;82573565;Usuário inexistente;False;luizpedro;Upgrade;Não informado;Conexão Instagram Direct;Conexão Instagram Direct;https://app.pipefy.com/open-cards/1349316091;Up;Não informado;Outros motivos descritos;Upgrade Conexão de Instagram R$ 89,00;1;89.0;0.0;Upgrade;;;Não calculado
11/05/2026;2026;5;Mai.;maio;2026-05;Mai./26;Guilherme Virgilio Soares;Guilherme Virgilio Soares;True;garciaimobiliaria;Upgrade;Não informado;Pacotes SMS Disparo em Massa;Pacotes SMS Disparo em Massa;https://app.pipefy.com/open-cards/1349230699;Up;Não informado;Outros motivos descritos;- Upgrade: SMS - 5.000 créditos | R$ 500,00 |;1;500.0;0.0;Upgrade;;;Não calculado
11/05/2026;2026;5;Mai.;maio;2026-05;Mai./26;Guilherme Virgilio Soares;Guilherme Virgilio Soares;True;retipasso;Upgrade;Não informado;Servidores;Servidores;https://app.pipefy.com/open-cards/1348940285;Up;Não informado;Outros motivos descritos;- Upgrade: Servidor 2/4 | R$ 89,00 |;1;89.0;0.0;Upgrade;;;Não calculado
11/05/2026;2026;5;Mai.;maio;2026-05;Mai./26;Leticia Silva;Leticia Silva;True;bhcopiadora;Upgrade;Não informado;Primeira ativação de número oficial;Primeira ativação de número oficial;https://app.pipefy.com/open-cards/1349245206;Up;Não informado;Outros motivos descritos;Primeira ativação de número oficial;1;89.0;0.0;Upgrade;;;Não calculado
11/05/2026;2026;5;Mai.;maio;2026-05;Mai./26;Leticia Silva;Leticia Silva;True;drogariasaoleopoldo;Upgrade;Não informado;Primeira ativação de número oficial;Primeira ativação de número oficial;https://app.pipefy.com/open-cards/1349253116;Up;Não informado;Outros motivos descritos;Primeira ativação de número oficial;1;89.0;0.0;Upgrade;;;Não calculado
11/05/2026;2026;5;Mai.;maio;2026-05;Mai./26;Leticia Silva;Leticia Silva;True;netcompany;Upgrade;Não informado;Primeira ativação de número oficial;Primeira ativação de número oficial;https://app.pipefy.com/open-cards/1349066979;Up;Não informado;Outros motivos descritos;Primeira Ativação de Número Oficial;1;89.0;0.0;Upgrade;;;Não calculado
11/05/2026;2026;5;Mai.;maio;2026-05;Mai./26;Luis Siqueira;Luis Siqueira;True;finanamaralcarvalho;Upgrade;Não informado;Usuário adicional;Usuário adicional;https://app.pipefy.com/open-cards/1348967770;Up;Não informado;Redução de custo;Abaixo os itens que serão incluídos:  Licenças de usuários: Valor unitário: R$ 29,00  Quantidade: 8 usuários Subtotal: R$ 232,00  Conexão adicional: Valor: R$ 89,00   Valor total mensal atualizado: Total: R$ 321,00;1;321.0;0.0;Upgrade;;;Não calculado
11/05/2026;2026;5;Mai.;maio;2026-05;Mai./26;Tadiane Biason;Tadiane Biason;True;mixfinanceira4;Upgrade;Não informado;Usuário adicional;Usuário adicional;https://app.pipefy.com/open-cards/1349016756;Up;Não informado;Redução de custo;Tipo: Upgrade Produto: 5 usuáriarios Valor: Total: R$ 145,00 URL: mixfinanceira4 Protocolo: 202603111691100;1;145.0;0.0;Upgrade;;;Não calculado
11/05/2026;2026;5;Mai.;maio;2026-05;Mai./26;Vinicius Simões;Vinicius Simões;True;artcconnect;Upgrade;Não informado;Conexão adicional de WhatsApp - WABA;Conexão adicional de WhatsApp - WABA;https://app.pipefy.com/open-cards/1349096022;Up;Não informado;Outros motivos descritos;Upgrade: - 1x Conexão adicional de WhatsApp API Oficial - R$ 89,00;1;89.0;0.0;Upgrade;;;Não calculado
12/05/2026;2026;5;Mai.;maio;2026-05;Mai./26;82573565;Usuário inexistente;False;lelus;Upgrade;Não informado;Usuário adicional;Usuário adicional;https://app.pipefy.com/open-cards/1349875599;Up;Não informado;Redução de custo;Upgrade Usuário adicional - R$ 21,90. Ciente reforça condição comerical para contratação de novos usuários nesse valor - Maryhelp;1;21.9;0.0;Upgrade;;;Não calculado
12/05/2026;2026;5;Mai.;maio;2026-05;Mai./26;82573565;Usuário inexistente;False;octochat;Upgrade;Não informado;Funil de vendas;Funil de vendas;https://app.pipefy.com/open-cards/1349767078;Up;Não informado;Outros motivos descritos;Upgrade Funil de Vendas R$ 49,00;1;49.0;0.0;Upgrade;;;Não calculado
12/05/2026;2026;5;Mai.;maio;2026-05;Mai./26;82573565;Usuário inexistente;False;titusadvocacia;Upgrade;Não informado;Transcrição de Áudio;Transcrição de Áudio;https://app.pipefy.com/open-cards/1349815052;Up;Não informado;Outros motivos descritos;Upgrade - IA Transcrição de áudio - Plano 500 minutos - R$ 24,90 | 202605111750870;1;24.9;0.0;Upgrade;;;Não calculado
12/05/2026;2026;5;Mai.;maio;2026-05;Mai./26;82573565;Usuário inexistente;False;worldtravelviagens1;Upgrade;Não informado;Servidores;Servidores;https://app.pipefy.com/open-cards/1349845164;Up;Não informado;Outros motivos descritos;Upgrade Servidor 2/4 R$ 89,00 | 202605121751858;1;89.0;0.0;Upgrade;;;Não calculado
12/05/2026;2026;5;Mai.;maio;2026-05;Mai./26;Guilherme Virgilio Soares;Guilherme Virgilio Soares;True;platviagens;Upgrade;Não informado;Servidores;Servidores;https://app.pipefy.com/open-cards/1349653663;Up;Não informado;Outros motivos descritos;- Upgrade: Servidor 2/4 | R$ 89,00 |;1;89.0;0.0;Upgrade;;;Não calculado
12/05/2026;2026;5;Mai.;maio;2026-05;Mai./26;Guilherme Virgilio Soares;Guilherme Virgilio Soares;True;vazbarbosa;Upgrade;Não informado;Funil de vendas;Funil de vendas;https://app.pipefy.com/open-cards/1349671583;Up;Não informado;Outros motivos descritos;- Upgrade: Funil de vendas | R$ 49,00 |;1;49.0;0.0;Upgrade;;;Não calculado
12/05/2026;2026;5;Mai.;maio;2026-05;Mai./26;Leticia Silva;Leticia Silva;True;clinicagioia;Upgrade;Não informado;Primeira ativação de número oficial;Primeira ativação de número oficial;https://app.pipefy.com/open-cards/1349524064;Up;Não informado;Outros motivos descritos;Primeira ativação de número oficial;1;89.0;0.0;Upgrade;;;Não calculado
12/05/2026;2026;5;Mai.;maio;2026-05;Mai./26;Leticia Silva;Leticia Silva;True;flytournovaprata;Upgrade;Não informado;Primeira ativação de número oficial;Primeira ativação de número oficial;https://app.pipefy.com/open-cards/1349528412;Up;Não informado;Outros motivos descritos;Primeira ativação de número oficial;1;89.0;0.0;Upgrade;;;Não calculado
12/05/2026;2026;5;Mai.;maio;2026-05;Mai./26;Leticia Silva;Leticia Silva;True;jorlandomingospassos;Upgrade;Não informado;Primeira ativação de número oficial;Primeira ativação de número oficial;https://app.pipefy.com/open-cards/1349856266;Up;Não informado;Outros motivos descritos;Primeira ativação de número oficial;1;89.0;0.0;Upgrade;;;Não calculado
12/05/2026;2026;5;Mai.;maio;2026-05;Mai./26;Leticia Silva;Leticia Silva;True;powerfitequipamentos;Upgrade;Não informado;"Primeira ativação de número oficial; Conexão adicional de WhatsApp";Primeira ativação de número oficial + outros;https://app.pipefy.com/open-cards/1349869126;Up;Não informado;Outros motivos descritos;Primeira ativação de número oficial;2;89.0;0.0;Upgrade;;;Não calculado
12/05/2026;2026;5;Mai.;maio;2026-05;Mai./26;Leticia Silva;Leticia Silva;True;tcconnectmarcas;Upgrade;Não informado;Primeira ativação de número oficial;Primeira ativação de número oficial;https://app.pipefy.com/open-cards/1349886158;Up;Não informado;Outros motivos descritos;Primeira ativação de número oficial;1;89.0;0.0;Upgrade;;;Não calculado
12/05/2026;2026;5;Mai.;maio;2026-05;Mai./26;Melissa Duarte;Melissa Duarte;True;mhbatendimento;Upgrade;Não informado;Funil de vendas;Funil de vendas;https://app.pipefy.com/open-cards/1349515538;Up;Não informado;Outros motivos descritos;UP Funil de Vendas R$49,00;1;49.0;0.0;Upgrade;;;Não calculado
12/05/2026;2026;5;Mai.;maio;2026-05;Mai./26;Melissa Duarte;Melissa Duarte;True;sonicflex;Upgrade;Não informado;Conexão adicional de WhatsApp - WABA;Conexão adicional de WhatsApp - WABA;https://app.pipefy.com/open-cards/1349657523;Up;Não informado;Outros motivos descritos;UP 2 conexões COEX 360dialog 11 98133-0485 11 98051-8121;1;178.0;0.0;Upgrade;;;Não calculado
12/05/2026;2026;5;Mai.;maio;2026-05;Mai./26;Vinicius Simões;Vinicius Simões;True;bomnegociopromotora;Upgrade;Não informado;Conexão adicional de WhatsApp - WABA;Conexão adicional de WhatsApp - WABA;https://app.pipefy.com/open-cards/1349527005;Up;Não informado;Outros motivos descritos;Upgrade: - 1x Conexão adicional de WhatsApp API Oficial - R$ 89,00;1;89.0;0.0;Upgrade;;;Não calculado
12/05/2026;2026;5;Mai.;maio;2026-05;Mai./26;Vinicius Simões;Vinicius Simões;True;fsprime;Upgrade;Não informado;Conexão adicional de WhatsApp - WABA;Conexão adicional de WhatsApp - WABA;https://app.pipefy.com/open-cards/1349904469;Up;Não informado;Outros motivos descritos;Upgrade: - 1x Conexão adicional de WhatsApp API Oficial - R$ 89,00;1;89.0;0.0;Upgrade;;;Não calculado
12/05/2026;2026;5;Mai.;maio;2026-05;Mai./26;Vinicius Simões;Vinicius Simões;True;infosete;Upgrade;Não informado;Primeira ativação de número oficial;Primeira ativação de número oficial;https://app.pipefy.com/open-cards/1349812094;Up;Não informado;Outros motivos descritos;Upgrade: - 1x Conexão de WhatsApp API Oficial - R$ 89,00;1;89.0;0.0;Upgrade;;;Não calculado
13/05/2026;2026;5;Mai.;maio;2026-05;Mai./26;82573565;Usuário inexistente;False;goistransportes13;Upgrade;Não informado;Servidores;Servidores;https://app.pipefy.com/open-cards/1350379818;Up;Não informado;Outros motivos descritos;Upgrade Servidor 2/4 - R$ 89,00 | 202605131753263;1;89.0;0.0;Upgrade;;;Não calculado
13/05/2026;2026;5;Mai.;maio;2026-05;Mai./26;82573565;Usuário inexistente;False;luiscavalcanteadv;Upgrade;Não informado;Funil de vendas;Funil de vendas;https://app.pipefy.com/open-cards/1350156971;Up;Não informado;Outros motivos descritos;Upgrade Funil de vendas - R$ 49,00 | 202605131753222**Cliente de teste**;1;49.0;0.0;Upgrade;;;Não calculado
13/05/2026;2026;5;Mai.;maio;2026-05;Mai./26;82573565;Usuário inexistente;False;pontodentes;Upgrade;Não informado;Chat interno;Chat interno;https://app.pipefy.com/open-cards/1350404882;Up;Não informado;Outros motivos descritos;Upgrade Chat interno R$ 89,00;1;89.0;0.0;Upgrade;;;Não calculado
13/05/2026;2026;5;Mai.;maio;2026-05;Mai./26;Guilherme Virgilio Soares;Guilherme Virgilio Soares;True;lcf;Upgrade;Não informado;Usuário adicional;Usuário adicional;https://app.pipefy.com/open-cards/1350166318;Up;Não informado;Outros motivos descritos;- Upgrade: 3x Usuários adicionais | x3 R$ 29,00 | R$ 87,00 |;1;87.0;0.0;Upgrade;;;Não calculado
13/05/2026;2026;5;Mai.;maio;2026-05;Mai./26;Leticia Silva;Leticia Silva;True;castrosistemas;Upgrade;Não informado;Usuário adicional;Usuário adicional;https://app.pipefy.com/open-cards/1350170612;Up;Não informado;Outros motivos descritos;UP Usuário adicional (R$29,00).;1;29.0;0.0;Upgrade;;;Não calculado
13/05/2026;2026;5;Mai.;maio;2026-05;Mai./26;Leticia Silva;Leticia Silva;True;gandaya;Upgrade;Não informado;IA Agent;IA Agent;https://app.pipefy.com/open-cards/1350254149;Up;Não informado;Outros motivos descritos;Up Agente IA 1000 créditos (R$112,0).;1;112.9;0.0;Upgrade;;;Não calculado
13/05/2026;2026;5;Mai.;maio;2026-05;Mai./26;Leticia Silva;Leticia Silva;True;labservicos;Upgrade;Não informado;Servidores;Servidores;https://app.pipefy.com/open-cards/1350232168;Up;Não informado;Outros motivos descritos;Up Servidor 2/4 (R$89,00).;1;89.0;0.0;Upgrade;;;Não calculado
13/05/2026;2026;5;Mai.;maio;2026-05;Mai./26;Luis Siqueira;Luis Siqueira;True;deltaglobalbank;Upgrade;Não informado;Conexão adicional de WhatsApp - WABA;Conexão adicional de WhatsApp - WABA;https://app.pipefy.com/open-cards/1350151163;Up;Não informado;Redução de custo;Cliente fez a contratação de uma conexão adicional no valor de R$ 89,00;1;89.0;0.0;Upgrade;;;Não calculado
13/05/2026;2026;5;Mai.;maio;2026-05;Mai./26;Luis Siqueira;Luis Siqueira;True;youcertificacaodigital1;Upgrade;Não informado;Transcrição de Áudio;Transcrição de Áudio;https://app.pipefy.com/open-cards/1350290486;Up;Não informado;Redução de custo;Contratação transcrição de 500 min, com um custo de R$ 24,90. - 202605111750154;1;24.9;0.0;Upgrade;;;Não calculado
13/05/2026;2026;5;Mai.;maio;2026-05;Mai./26;Tadiane Biason;Tadiane Biason;True;razonet;Upgrade;Não informado;Conexão adicional de WhatsApp - WABA;Conexão adicional de WhatsApp - WABA;https://app.pipefy.com/open-cards/1350117017;Up;Não informado;Redução de custo;Tipo: Upgrade Produto: 1 conexão WABA / 360Dialog / Ikatec Valor: R$ 109,00 URL: razonet Protocolo: 202605121752309 Novo n°: 49998115173;1;109.0;0.0;Upgrade;;;Não calculado
13/05/2026;2026;5;Mai.;maio;2026-05;Mai./26;Tadiane Biason;Tadiane Biason;True;redeideia;Upgrade;Não informado;Servidores;Servidores;https://app.pipefy.com/open-cards/1350130352;Up;Não informado;Redução de custo;Cliente fez a contratação do servidor 16/16 no valor de R$ 410,00;1;410.0;0.0;Upgrade;;;Não calculado
13/05/2026;2026;5;Mai.;maio;2026-05;Mai./26;Vinicius Simões;Vinicius Simões;True;capitalcredseguros;Upgrade;Não informado;Primeira ativação de número oficial;Primeira ativação de número oficial;https://app.pipefy.com/open-cards/1350195277;Up;Não informado;Outros motivos descritos;Upgrade: - 1x Conexão de WhatsApp API Oficial - R$ 79,00;1;79.0;0.0;Upgrade;;;Não calculado
13/05/2026;2026;5;Mai.;maio;2026-05;Mai./26;Vinicius Simões;Vinicius Simões;True;peresetiquetas;Upgrade;Não informado;Primeira ativação de número oficial;Primeira ativação de número oficial;https://app.pipefy.com/open-cards/1350365389;Up;Não informado;Outros motivos descritos;Upgrade: - 1x Conexão de WhatsApp API Oficial - R$ 89,00;1;89.0;0.0;Upgrade;;;Não calculado
13/05/2026;2026;5;Mai.;maio;2026-05;Mai./26;Vinicius Simões;Vinicius Simões;True;radscandiagnostico;Upgrade;Não informado;Primeira ativação de número oficial;Primeira ativação de número oficial;https://app.pipefy.com/open-cards/1350354996;Up;Não informado;Outros motivos descritos;Upgrade: - 1x Conexão de WhatsApp API Oficial - R$ 89,00;1;89.0;0.0;Upgrade;;;Não calculado
14/05/2026;2026;5;Mai.;maio;2026-05;Mai./26;82573565;Usuário inexistente;False;monaco;Upgrade;Não informado;Usuário adicional;Usuário adicional;https://app.pipefy.com/open-cards/1350747094;Up;Não informado;Outros motivos descritos;Upgrade 2 usuários R$ 58,00 (29,00 cada). Cliente WABA IKATEC (não possui meu plano)** | 202605131753970;1;58.0;0.0;Upgrade;;;Não calculado
14/05/2026;2026;5;Mai.;maio;2026-05;Mai./26;82573565;Usuário inexistente;False;neagency;Upgrade;Não informado;Pacotes SMS Disparo em Massa;Pacotes SMS Disparo em Massa;https://app.pipefy.com/open-cards/1350889889;Up;Não informado;Outros motivos descritos;Cliente solicitou pacote de 100 créditos de SMS - R$ 19,00*;1;19.0;0.0;Upgrade;;;Não calculado
14/05/2026;2026;5;Mai.;maio;2026-05;Mai./26;82573565;Usuário inexistente;False;neagency;Upgrade;Não informado;Usuário adicional;Usuário adicional;https://app.pipefy.com/open-cards/1350884303;Up;Não informado;Outros motivos descritos;Upgrade 2 usuários adicionais - US$ 12.00 ($ 6.00 cada). CLiente paga em dólar;1;58.0;0.0;Upgrade;;;Não calculado
14/05/2026;2026;5;Mai.;maio;2026-05;Mai./26;91351766;Usuário inexistente;False;liziaborello;Upgrade;Não informado;Conexão Instagram Direct;Conexão Instagram Direct;https://app.pipefy.com/open-cards/1350674730;Up;Não informado;Outros motivos descritos;Up: Contratação de conexão adicional de Instagram (Direct) | 89,00 EM DÓLAR;1;89.0;0.0;Upgrade;;;Não calculado
14/05/2026;2026;5;Mai.;maio;2026-05;Mai./26;Guilherme Virgilio Soares;Guilherme Virgilio Soares;True;agaxtur;Upgrade;Não informado;Combo Performance;Combo Performance;https://app.pipefy.com/open-cards/1350766547;Up;Não informado;Outros motivos descritos;- Upgrade: Combo Performance IA | R$ 544,90 |;1;544.9;0.0;Upgrade;;;Não calculado
14/05/2026;2026;5;Mai.;maio;2026-05;Mai./26;Guilherme Virgilio Soares;Guilherme Virgilio Soares;True;lojaplatobh;Upgrade;Não informado;Servidores;Servidores;https://app.pipefy.com/open-cards/1350802321;Up;Não informado;Outros motivos descritos;- Upgrade: Servidor 2/4 | R$ 89,00 |;1;89.0;0.0;Upgrade;;;Não calculado
14/05/2026;2026;5;Mai.;maio;2026-05;Mai./26;Guilherme Virgilio Soares;Guilherme Virgilio Soares;True;loteadorabellacasa;Upgrade;Não informado;"Texto Mágico; Resumo Inteligente; Transcrição de Áudio";Texto Mágico + outros;https://app.pipefy.com/open-cards/1350981983;Up;Não informado;Outros motivos descritos;- Upgrade: IA Texto Mágico – 1.000 créditos | R$19,90 IA Resumo Inteligente – Plano 1.000 créditos | R$55,90 IA Transcrição de áudio – Plano 1.000 minutos | R$49,90  Total = R$125,70;3;125.7;0.0;Upgrade;;;Não calculado
14/05/2026;2026;5;Mai.;maio;2026-05;Mai./26;Guilherme Virgilio Soares;Guilherme Virgilio Soares;True;seupod;Upgrade;Não informado;IA Agent;IA Agent;https://app.pipefy.com/open-cards/1350741127;Up;Não informado;Outros motivos descritos;- Upgrade: IA Agente Inteligente | R$ 112,90 |;1;112.9;0.0;Upgrade;;;Não calculado
14/05/2026;2026;5;Mai.;maio;2026-05;Mai./26;Leticia Silva;Leticia Silva;True;autoescolaraca;Upgrade;Não informado;Chat interno;Chat interno;https://app.pipefy.com/open-cards/1350680910;Up;Não informado;Redução de custo;Contratação do chat interno Protocolo: 202605141754483 Valor com desconto: de R$ 69,00;1;69.0;0.0;Upgrade;;;Não calculado
14/05/2026;2026;5;Mai.;maio;2026-05;Mai./26;Leticia Silva;Leticia Silva;True;ikasa;Upgrade;Não informado;Integração;Integração;https://app.pipefy.com/open-cards/1350813422;Up;Não informado;Outros motivos descritos;Não informado;1;69.99;0.0;Upgrade;;;Não calculado
14/05/2026;2026;5;Mai.;maio;2026-05;Mai./26;Priscila Pavani;Priscila Pavani;True;barcelossop1c;Upgrade;Não informado;Usuário adicional;Usuário adicional;https://app.pipefy.com/open-cards/1350800127;Up;Não informado;Redução de custo;Tipo: Upgrade Produto: 1 usuário (pago) + 1 conexão comum de WhatsApp BONIFICADA URL: barcelossop1c Valor: R$ 25,00 Protocolo: 202605141754574;1;25.0;0.0;Upgrade;;;Não calculado
14/05/2026;2026;5;Mai.;maio;2026-05;Mai./26;Priscila Pavani;Priscila Pavani;True;imobles;Upgrade;Não informado;Servidores;Servidores;https://app.pipefy.com/open-cards/1350994522;Up;Não informado;Redução de custo;Tipo: Upgrade Produto: Servidor 32/32 Valor: R$ 748,00 (aplicado desconto) URL: imobles Protocolo: 202605131754334;1;748.0;0.0;Upgrade;;;Não calculado
14/05/2026;2026;5;Mai.;maio;2026-05;Mai./26;Vinicius Simões;Vinicius Simões;True;agenciaabn;Upgrade;Não informado;Primeira ativação de número oficial;Primeira ativação de número oficial;https://app.pipefy.com/open-cards/1350839105;Up;Não informado;Outros motivos descritos;Upgrade: - 1x Conexão de WhatsApp API Oficial - R$ 89,00;1;89.0;0.0;Upgrade;;;Não calculado
14/05/2026;2026;5;Mai.;maio;2026-05;Mai./26;Vinicius Simões;Vinicius Simões;True;auxiliocontabil;Upgrade;Não informado;Conexão adicional de WhatsApp - WABA;Conexão adicional de WhatsApp - WABA;https://app.pipefy.com/open-cards/1350959077;Up;Não informado;Outros motivos descritos;Upgrade: - 2x Conexões adicionais de WhatsApp API Oficial - R$ 178,00;1;178.0;0.0;Upgrade;;;Não calculado
14/05/2026;2026;5;Mai.;maio;2026-05;Mai./26;Vinicius Simões;Vinicius Simões;True;drexamemc;Upgrade;Não informado;Conexão adicional de WhatsApp - WABA;Conexão adicional de WhatsApp - WABA;https://app.pipefy.com/open-cards/1350891453;Up;Não informado;Outros motivos descritos;Upgrade: - 1x Conexão adicional de WhatsApp API Oficial - R$ 89,00;1;89.0;0.0;Upgrade;;;Não calculado
14/05/2026;2026;5;Mai.;maio;2026-05;Mai./26;Vinicius Simões;Vinicius Simões;True;josianeadv;Upgrade;Não informado;Conexão adicional de WhatsApp - WABA;Conexão adicional de WhatsApp - WABA;https://app.pipefy.com/open-cards/1350966916;Up;Não informado;Outros motivos descritos;Upgrade: - 1x Conexão adicional de WhatsApp API Oficial - R$ 89,00;1;89.0;0.0;Upgrade;;;Não calculado
15/05/2026;2026;5;Mai.;maio;2026-05;Mai./26;82573565;Usuário inexistente;False;202605151756181;Upgrade;Não informado;Usuário adicional;Usuário adicional;https://app.pipefy.com/open-cards/1351331157;Up;Não informado;Problema técnico / limitação;Upgrade 1 usuário adicional, R$ 29,00. Erro no meu plano e ajuste realizado via agnus | 202605151756181;1;29.0;0.0;Upgrade;;;Não calculado
15/05/2026;2026;5;Mai.;maio;2026-05;Mai./26;82573565;Usuário inexistente;False;avivickassessoria;Upgrade;Não informado;"Resumo Inteligente; IA CSAT";"Resumo Inteligente; IA CSAT";https://app.pipefy.com/open-cards/1351519083;Up;Não informado;Outros motivos descritos;Upgrade IA Resumo Inteligente - Plano 500 créditos - R$ 29,90 e IA CSAT - Plano 500 créditos - R$ 14,90. Total -R$ 44,80 | 202605151756768;2;44.8;0.0;Upgrade;;;Não calculado
15/05/2026;2026;5;Mai.;maio;2026-05;Mai./26;82573565;Usuário inexistente;False;datasystem2;Upgrade;Não informado;Usuário adicional;Usuário adicional;https://app.pipefy.com/open-cards/1351273321;Up;Não informado;Outros motivos descritos;Upgrade 1 usuário adicional, R$ 29,00, para a url: datasystem2. Cliente não possui meu plano | 202605141755711;1;29.0;0.0;Upgrade;;;Não calculado
15/05/2026;2026;5;Mai.;maio;2026-05;Mai./26;82573565;Usuário inexistente;False;marcondesadvnascimento;Upgrade;Não informado;Servidores;Servidores;https://app.pipefy.com/open-cards/1351414022;Up;Não informado;Outros motivos descritos;Upgrade Servidor 2/4 - R$ 89,00. Resize ok | 202605151756344;1;89.0;0.0;Upgrade;;;Não calculado
15/05/2026;2026;5;Mai.;maio;2026-05;Mai./26;82573565;Usuário inexistente;False;orulosistemas;Upgrade;Não informado;Usuário adicional;Usuário adicional;https://app.pipefy.com/open-cards/1351285257;Up;Não informado;Outros motivos descritos;Upgrade 3 usuários adicionais R$ 87,00 (29,00 cada) | 202605151756036;1;87.0;0.0;Upgrade;;;Não calculado
15/05/2026;2026;5;Mai.;maio;2026-05;Mai./26;82573565;Usuário inexistente;False;supremaloteadora;Upgrade;Não informado;Usuário adicional;Usuário adicional;https://app.pipefy.com/open-cards/1351219105;Up;Não informado;Outros motivos descritos;Upgrade 4 usuários acidionais - R$ 116,00 (R$ 29,00 cada). Cliente não possui meu plano;1;116.0;0.0;Upgrade;;;Não calculado
15/05/2026;2026;5;Mai.;maio;2026-05;Mai./26;91351766;Usuário inexistente;False;dinamcorp;Upgrade;Não informado;Conexão adicional de WhatsApp;Conexão adicional de WhatsApp;https://app.pipefy.com/open-cards/1351382654;Up;Não informado;Problema técnico / limitação;Upgrade - Conexão adicional de Whatsapp (FEITO MANUALMENTE DEVIDO A FALHA NA FUNCIONALIDADE MEU PLANO) R$ 89,00;1;89.0;0.0;Upgrade;;;Não calculado
15/05/2026;2026;5;Mai.;maio;2026-05;Mai./26;91351766;Usuário inexistente;False;inovecomunicacao;Upgrade;Não informado;Usuário adicional;Usuário adicional;https://app.pipefy.com/open-cards/1351318671;Up;Não informado;Problema técnico / limitação;Upgrade - Usuário adicional R$ 29,00 (feito manualmente devido á problema na aba Meu Plano);1;29.0;0.0;Upgrade;;;Não calculado
15/05/2026;2026;5;Mai.;maio;2026-05;Mai./26;91351766;Usuário inexistente;False;leloimoveis;Upgrade;Não informado;"Resumo Inteligente; Texto Mágico";"Resumo Inteligente; Texto Mágico";https://app.pipefy.com/open-cards/1351265541;Up;Não informado;Outros motivos descritos;Upgrade: IA Texto Mágico – 2.000 créditos | R$29,90 IA Resumo Inteligente – Plano 2.000 créditos (com desconto) | R$75,90  Total = R$ 105,80;2;105.8;0.0;Upgrade;;;Não calculado
15/05/2026;2026;5;Mai.;maio;2026-05;Mai./26;91351766;Usuário inexistente;False;onehost;Upgrade;Não informado;Usuário adicional;Usuário adicional;https://app.pipefy.com/open-cards/1351370978;Up;Não informado;Problema técnico / limitação;Upgrade - usuário adicional (feito manualmente devido a falha na aba MEU PLANO) R$ 29,00;1;29.0;0.0;Upgrade;;;Não calculado
15/05/2026;2026;5;Mai.;maio;2026-05;Mai./26;Guilherme Virgilio Soares;Guilherme Virgilio Soares;True;acreditarbh;Upgrade;Não informado;Usuário adicional;Usuário adicional;https://app.pipefy.com/open-cards/1351358494;Up;Não informado;Outros motivos descritos;- Upgrade: 1x Usuário adicional | R$ 29,00 |;1;29.0;0.0;Upgrade;;;Não calculado
15/05/2026;2026;5;Mai.;maio;2026-05;Mai./26;Guilherme Virgilio Soares;Guilherme Virgilio Soares;True;asrepresentacoes;Upgrade;Não informado;IA Copiloto;IA Copiloto;https://app.pipefy.com/open-cards/1351963370;Up;Não informado;Outros motivos descritos;- Upgrade: IA Copiloto - 500 créditos | R$ 49,90 |;1;49.9;0.0;Upgrade;;;Não calculado
15/05/2026;2026;5;Mai.;maio;2026-05;Mai./26;Guilherme Virgilio Soares;Guilherme Virgilio Soares;True;cybercontador;Upgrade;Não informado;Usuário adicional;Usuário adicional;https://app.pipefy.com/open-cards/1351374662;Up;Não informado;Outros motivos descritos;- Upgrade: 1x Usuário adicional | R$ 29,00 |;1;29.0;0.0;Upgrade;;;Não calculado
15/05/2026;2026;5;Mai.;maio;2026-05;Mai./26;Guilherme Virgilio Soares;Guilherme Virgilio Soares;True;godinhoegodinho;Upgrade;Não informado;Usuário adicional;Usuário adicional;https://app.pipefy.com/open-cards/1351288890;Up;Não informado;Outros motivos descritos;- Upgrade: 2x Usuários adicionais | 2x R$ 29,00 | R$ 58,00 |;1;58.0;0.0;Upgrade;;;Não calculado
15/05/2026;2026;5;Mai.;maio;2026-05;Mai./26;Guilherme Virgilio Soares;Guilherme Virgilio Soares;True;malacara;Upgrade;Não informado;IA Agent;IA Agent;https://app.pipefy.com/open-cards/1351355873;Up;Não informado;Outros motivos descritos;- Upgrade: IA Agente Inteligente - 1.000 créditos | R$ 112,90 |;1;112.9;0.0;Upgrade;;;Não calculado
15/05/2026;2026;5;Mai.;maio;2026-05;Mai./26;Guilherme Virgilio Soares;Guilherme Virgilio Soares;True;martuccimelillo;Upgrade;Não informado;Distribuição automática;Distribuição automática;https://app.pipefy.com/open-cards/1351304280;Up;Não informado;Processo/uso operacional;- Upgrade: Distribuição automática | R$ 89,00 |;1;89.0;0.0;Upgrade;;;Não calculado
15/05/2026;2026;5;Mai.;maio;2026-05;Mai./26;Guilherme Virgilio Soares;Guilherme Virgilio Soares;True;paivafigueiredo;Upgrade;Não informado;Usuário adicional;Usuário adicional;https://app.pipefy.com/open-cards/1351295137;Up;Não informado;Outros motivos descritos;- Upgrade: 1x Usuário adicional | R$ 29,00 |;1;29.0;0.0;Upgrade;;;Não calculado
15/05/2026;2026;5;Mai.;maio;2026-05;Mai./26;Guilherme Virgilio Soares;Guilherme Virgilio Soares;True;stepupcontabilidade;Upgrade;Não informado;Usuário adicional;Usuário adicional;https://app.pipefy.com/open-cards/1351349170;Up;Não informado;Outros motivos descritos;- Upgrade: 1x Usuário adicional | R$ 29,00 |;1;29.0;0.0;Upgrade;;;Não calculado
15/05/2026;2026;5;Mai.;maio;2026-05;Mai./26;Guilherme Virgilio Soares;Guilherme Virgilio Soares;True;todeschinibauru;Upgrade;Não informado;Conexão Instagram Direct;Conexão Instagram Direct;https://app.pipefy.com/open-cards/1351506504;Up;Não informado;Outros motivos descritos;- Upgrade: Conexão adicional Instagram | R$ 89,00 |;1;89.0;0.0;Upgrade;;;Não calculado
15/05/2026;2026;5;Mai.;maio;2026-05;Mai./26;Guilherme Virgilio Soares;Guilherme Virgilio Soares;True;xnegocios;Upgrade;Não informado;Usuário adicional;Usuário adicional;https://app.pipefy.com/open-cards/1351362972;Up;Não informado;Outros motivos descritos;- Upgrade: 1x Usuário adicional | R$ 29,00 |;1;29.0;0.0;Upgrade;;;Não calculado
15/05/2026;2026;5;Mai.;maio;2026-05;Mai./26;Leticia Silva;Leticia Silva;True;autenticacondominios;Upgrade;Não informado;"Transcrição de Áudio; Texto Mágico";"Transcrição de Áudio; Texto Mágico";https://app.pipefy.com/open-cards/1351448570;Up;Não informado;Outros motivos descritos;Up IA Transcrição de Áudio + Texto Mágico (R$44,80).;2;44.8;0.0;Upgrade;;;Não calculado
15/05/2026;2026;5;Mai.;maio;2026-05;Mai./26;Leticia Silva;Leticia Silva;True;chslocadora;Upgrade;Não informado;Usuário adicional;Usuário adicional;https://app.pipefy.com/open-cards/1351248581;Up;Não informado;Outros motivos descritos;Up 1 usuário adicional (R$29,00).;1;29.0;0.0;Upgrade;;;Não calculado
15/05/2026;2026;5;Mai.;maio;2026-05;Mai./26;Leticia Silva;Leticia Silva;True;ecountonline;Upgrade;Não informado;Texto Mágico;Texto Mágico;https://app.pipefy.com/open-cards/1351464740;Up;Não informado;Outros motivos descritos;Up IA Texto Mágico 2000 créditos (R$29,90).;1;29.9;0.0;Upgrade;;;Não calculado
15/05/2026;2026;5;Mai.;maio;2026-05;Mai./26;Leticia Silva;Leticia Silva;True;gfctubos;Upgrade;Não informado;Usuário adicional;Usuário adicional;https://app.pipefy.com/open-cards/1351330963;Up;Não informado;Outros motivos descritos;Up 3 usuários adicionais (R$87,00).;1;87.0;0.0;Upgrade;;;Não calculado
15/05/2026;2026;5;Mai.;maio;2026-05;Mai./26;Luis Siqueira;Luis Siqueira;True;atendimentoava;Upgrade;Não informado;Usuário adicional;Usuário adicional;https://app.pipefy.com/open-cards/1351333908;Up;Não informado;Redução de custo;202605121751941 Cliente fez a contratação de mais 2 usuários na plataforma no valor de R$ 29,00 cada;1;58.0;0.0;Upgrade;;;Não calculado
15/05/2026;2026;5;Mai.;maio;2026-05;Mai./26;Marcela Medeiros;Marcela Medeiros;True;postnetmaringa;Upgrade;Não informado;Combo de IA's;Combo de IA's;https://app.pipefy.com/open-cards/1351330720;Up;Não informado;Outros motivos descritos;UP de Combo promocional IA ( Créditos: 1000 Texto Mágico + 1000 minutos de Transcrição de áudio + 1000 Resumo inteligente) - Protocolo 202605151755834;1;113.0;0.0;Upgrade;;;Não calculado
15/05/2026;2026;5;Mai.;maio;2026-05;Mai./26;Noemy Biazão;Noemy Biazão;True;abencoado2025;Upgrade;Não informado;Usuário adicional;Usuário adicional;https://app.pipefy.com/open-cards/1351255160;Up;Não informado;Redução de custo;Cliente contratou 1 usuario adicional valor de RS 29,00;1;29.0;0.0;Upgrade;;;Não calculado
15/05/2026;2026;5;Mai.;maio;2026-05;Mai./26;Noemy Biazão;Noemy Biazão;True;dominioms;Upgrade;Não informado;Resumo Inteligente;Resumo Inteligente;https://app.pipefy.com/open-cards/1351196509;Up;Não informado;Redução de custo;Cliente contratou resumo inteligente: de R$ 130,90 pelo valor de R$ 89,00 (Plano de 3000 mil creditos contratados, na descrição do produto na hubspot não existe o plano de 3000 mil.);1;89.0;0.0;Upgrade;;;Não calculado
15/05/2026;2026;5;Mai.;maio;2026-05;Mai./26;Noemy Biazão;Noemy Biazão;True;solutudo;Upgrade;Não informado;Conexão adicional de WhatsApp;Conexão adicional de WhatsApp;https://app.pipefy.com/open-cards/1351339221;Up;Não informado;Redução de custo;Up - Conexão de whatsapp normal Valor R$ 89,00;1;89.0;0.0;Upgrade;;;Não calculado
15/05/2026;2026;5;Mai.;maio;2026-05;Mai./26;Noemy Biazão;Noemy Biazão;True;solutudo;Upgrade;Não informado;Usuário adicional;Usuário adicional;https://app.pipefy.com/open-cards/1351448461;Up;Não informado;Redução de custo;Up - Conexão de whatsapp normal Valor R$ 89,00 Protocolo: 202605151756205 --- Correção do plano, acrescentei 3 conexões whatsapp standard que ele não estava pagando Cada conexão R$ 89,00 Protocolo: 202605151756205;1;356.0;0.0;Upgrade;;;Não calculado
15/05/2026;2026;5;Mai.;maio;2026-05;Mai./26;Priscila Pavani;Priscila Pavani;True;cobrar4;Upgrade;Não informado;Usuário adicional;Usuário adicional;https://app.pipefy.com/open-cards/1351326076;Up;Não informado;Redução de custo;Tipo: Upgrade Produto: 2 usuários Valor: R$ 58,00 URL: cobrar4 Protocolo: 202605141755799;1;58.0;0.0;Upgrade;;;Não calculado
15/05/2026;2026;5;Mai.;maio;2026-05;Mai./26;Vinicius Simões;Vinicius Simões;True;magodopismequipe;Upgrade;Não informado;Conexão adicional de WhatsApp - WABA;Conexão adicional de WhatsApp - WABA;https://app.pipefy.com/open-cards/1351465375;Up;Não informado;Outros motivos descritos;Upgrade: - 1x Conexão de WhatsApp API Oficial - R$ 89,00;1;89.0;0.0;Upgrade;;;Não calculado
15/05/2026;2026;5;Mai.;maio;2026-05;Mai./26;Vinicius Simões;Vinicius Simões;True;mjrecursosdemultas;Upgrade;Não informado;Conexão adicional de WhatsApp - WABA;Conexão adicional de WhatsApp - WABA;https://app.pipefy.com/open-cards/1351390309;Up;Não informado;Outros motivos descritos;Upgrade: - 1x Conexão adicional de WhatsApp API Oficial - R$ 89,00;1;89.0;0.0;Upgrade;;;Não calculado
15/05/2026;2026;5;Mai.;maio;2026-05;Mai./26;Vinicius Simões;Vinicius Simões;True;royaltripviagens;Upgrade;Não informado;Conexão adicional de WhatsApp - WABA;Conexão adicional de WhatsApp - WABA;https://app.pipefy.com/open-cards/1351313069;Up;Não informado;Outros motivos descritos;Upgrade: - 1x Conexão adicional de WhatsApp API Oficial - R$ 89,00;1;89.0;0.0;Upgrade;;;Não calculado
18/05/2026;2026;5;Mai.;maio;2026-05;Mai./26;82573565;Usuário inexistente;False;dpatrickseguross;Upgrade;Não informado;Conexão adicional de WhatsApp;Conexão adicional de WhatsApp;https://app.pipefy.com/open-cards/1352013590;Up;Não informado;Problema técnico / limitação;Upgrade Conexão de Whatsapp - R$ 89,00. Ajuste feito via agnus, pois meu plano ainda esta apresentando erro ao adicionar recursos;1;89.0;0.0;Upgrade;;;Não calculado
18/05/2026;2026;5;Mai.;maio;2026-05;Mai./26;82573565;Usuário inexistente;False;luckreceptivomaceio;Upgrade;Não informado;Distribuição automática;Distribuição automática;https://app.pipefy.com/open-cards/1352465778;Up;Não informado;Processo/uso operacional;Upgrade Distribuição Automática - R$ 89,00 | 202605181758414;1;89.0;0.0;Upgrade;;;Não calculado
18/05/2026;2026;5;Mai.;maio;2026-05;Mai./26;82573565;Usuário inexistente;False;tabelionatoicara;Upgrade;Não informado;Usuário adicional;Usuário adicional;https://app.pipefy.com/open-cards/1352429410;Up;Não informado;Outros motivos descritos;Upgrade usuário adicional R$ 29,00. Cliente não possui meu plano | 202605181757897;1;29.0;0.0;Upgrade;;;Não calculado
18/05/2026;2026;5;Mai.;maio;2026-05;Mai./26;Guilherme Virgilio Soares;Guilherme Virgilio Soares;True;almeidaadvogadosbsb;Upgrade;Não informado;Servidores;Servidores;https://app.pipefy.com/open-cards/1352205796;Up;Não informado;Outros motivos descritos;- Upgrade: Servidor 2/4 | R$ 89,00 |;1;89.0;0.0;Upgrade;;;Não calculado
18/05/2026;2026;5;Mai.;maio;2026-05;Mai./26;Guilherme Virgilio Soares;Guilherme Virgilio Soares;True;gomesribeiro;Upgrade;Não informado;Servidores;Servidores;https://app.pipefy.com/open-cards/1352325398;Up;Não informado;Outros motivos descritos;- Upgrade: Servidor 2/4 | R$ 89,00 |;1;89.0;0.0;Upgrade;;;Não calculado
18/05/2026;2026;5;Mai.;maio;2026-05;Mai./26;Leticia Silva;Leticia Silva;True;hengel;Upgrade;Não informado;Conexão adicional de WhatsApp;Conexão adicional de WhatsApp;https://app.pipefy.com/open-cards/1352431925;Up;Não informado;Outros motivos descritos;Up Conexão Adicional de WhatsApp na URL hengel (R$89,00).;1;89.0;0.0;Upgrade;;;Não calculado
18/05/2026;2026;5;Mai.;maio;2026-05;Mai./26;Leticia Silva;Leticia Silva;True;tondorfadv;Upgrade;Não informado;Texto Mágico;Texto Mágico;https://app.pipefy.com/open-cards/1352157781;Up;Não informado;Outros motivos descritos;Up IA Texto Mágico 1000 créditos (R$19,90).;1;19.9;0.0;Upgrade;;;Não calculado
18/05/2026;2026;5;Mai.;maio;2026-05;Mai./26;Noemy Biazão;Noemy Biazão;True;degonplay;Upgrade;Não informado;Pacotes SMS Disparo em Massa;Pacotes SMS Disparo em Massa;https://app.pipefy.com/open-cards/1352398916;Up;Não informado;Outros motivos descritos;Cliente quer contratar SMS 500, R$ 75,00 - Ele possui já 20 creditos de SMS;1;75.0;0.0;Upgrade;;;Não calculado
18/05/2026;2026;5;Mai.;maio;2026-05;Mai./26;Tadiane Biason;Tadiane Biason;True;mixfinanceira4;Upgrade;Não informado;Usuário adicional;Usuário adicional;https://app.pipefy.com/open-cards/1352094014;Up;Não informado;Redução de custo;Tipo: Upgrade Produto: 4 usuários (Total: R$ 116,00) URL: mixfinanceira4 Protocolo: 202603111691100;1;116.0;0.0;Upgrade;;;Não calculado
18/05/2026;2026;5;Mai.;maio;2026-05;Mai./26;Vinicius Simões;Vinicius Simões;True;apiz;Upgrade;Não informado;Conexão adicional de WhatsApp - WABA;Conexão adicional de WhatsApp - WABA;https://app.pipefy.com/open-cards/1352472672;Up;Não informado;Outros motivos descritos;Upgrade: - 1x Conexão adicional de WhatsApp API Oficial - R$ 79,00;1;79.0;0.0;Upgrade;;;Não calculado
18/05/2026;2026;5;Mai.;maio;2026-05;Mai./26;Vinicius Simões;Vinicius Simões;True;brincamundi;Upgrade;Não informado;Primeira ativação de número oficial;Primeira ativação de número oficial;https://app.pipefy.com/open-cards/1352364429;Up;Não informado;Outros motivos descritos;Upgrade: - 1x Conexão de WhatsApp API Oficial - R$ 89,00;1;89.0;0.0;Upgrade;;;Não calculado
18/05/2026;2026;5;Mai.;maio;2026-05;Mai./26;Vinicius Simões;Vinicius Simões;True;lissmodafeminina1;Upgrade;Não informado;Primeira ativação de número oficial;Primeira ativação de número oficial;https://app.pipefy.com/open-cards/1352423998;Up;Não informado;Outros motivos descritos;Upgrade: - 1x Conexão de WhatsApp API Oficial - R$ 89,00;1;89.0;0.0;Upgrade;;;Não calculado
18/05/2026;2026;5;Mai.;maio;2026-05;Mai./26;Vinicius Simões;Vinicius Simões;True;maryhelpsantoamaro;Upgrade;Não informado;Primeira ativação de número oficial;Primeira ativação de número oficial;https://app.pipefy.com/open-cards/1352399695;Up;Não informado;Outros motivos descritos;Upgrade: - 1x Conexão de WhatsApp API Oficial - R$ 89,00;1;89.0;0.0;Upgrade;;;Não calculado
19/05/2026;2026;5;Mai.;maio;2026-05;Mai./26;82573565;Usuário inexistente;False;camargoepinheiro;Upgrade;Não informado;Servidores;Servidores;https://app.pipefy.com/open-cards/1352899651;Up;Não informado;Outros motivos descritos;Upgrade Servidor 8/12 - R$ 270,00, indicado pelo suporte (Maycon Carminato) | 202605181758183;1;270.0;0.0;Upgrade;;;Não calculado
19/05/2026;2026;5;Mai.;maio;2026-05;Mai./26;82573565;Usuário inexistente;False;inovahcorretora;Upgrade;Não informado;Usuário adicional;Usuário adicional;https://app.pipefy.com/open-cards/1353002153;Up;Não informado;Outros motivos descritos;Upgrade usuário adicional R$ 29,00 | 202605191759994;1;29.0;0.0;Upgrade;;;Não calculado
19/05/2026;2026;5;Mai.;maio;2026-05;Mai./26;82573565;Usuário inexistente;False;r3viagens;Upgrade;Não informado;Servidores;Servidores;https://app.pipefy.com/open-cards/1352742899;Up;Não informado;Outros motivos descritos;Upgrade Servidor 2/4 - R$ 89,00 | 202605181757896;1;89.0;0.0;Upgrade;;;Não calculado
19/05/2026;2026;5;Mai.;maio;2026-05;Mai./26;Guilherme Virgilio Soares;Guilherme Virgilio Soares;True;coppmw;Upgrade;Não informado;Conexão Instagram Direct;Conexão Instagram Direct;https://app.pipefy.com/open-cards/1353005538;Up;Não informado;Outros motivos descritos;- Upgrade: Conexão adicional de Instagram | R$ 89,00 |;1;89.0;0.0;Upgrade;;;Não calculado
19/05/2026;2026;5;Mai.;maio;2026-05;Mai./26;Guilherme Virgilio Soares;Guilherme Virgilio Soares;True;goldpass;Upgrade;Não informado;Servidores;Servidores;https://app.pipefy.com/open-cards/1352717132;Up;Não informado;Outros motivos descritos;- Upgrade: Servidor 2/4 (com desconto) | R$ 69,00 |;1;69.0;0.0;Upgrade;;;Não calculado
19/05/2026;2026;5;Mai.;maio;2026-05;Mai./26;Guilherme Virgilio Soares;Guilherme Virgilio Soares;True;netcompany;Upgrade;Não informado;Chat interno;Chat interno;https://app.pipefy.com/open-cards/1352792690;Up;Não informado;Outros motivos descritos;- Upgrade: Chat interno | R$ 89,00 |;1;89.0;0.0;Upgrade;;;Não calculado
19/05/2026;2026;5;Mai.;maio;2026-05;Mai./26;Guilherme Virgilio Soares;Guilherme Virgilio Soares;True;realess2;Upgrade;Não informado;Servidores;Servidores;https://app.pipefy.com/open-cards/1352777843;Up;Não informado;Outros motivos descritos;-Upgrade: Servidor 4/8 | R$ 169,00 |;1;169.0;0.0;Upgrade;;;Não calculado
19/05/2026;2026;5;Mai.;maio;2026-05;Mai./26;Guilherme Virgilio Soares;Guilherme Virgilio Soares;True;vianflex;Upgrade;Não informado;Chat interno;Chat interno;https://app.pipefy.com/open-cards/1352798864;Up;Não informado;Outros motivos descritos;- Upgrade: Chat interno | R$ 89,00 |;1;89.0;0.0;Upgrade;;;Não calculado
19/05/2026;2026;5;Mai.;maio;2026-05;Mai./26;Guilherme Virgilio Soares;Guilherme Virgilio Soares;True;vidaloliveiraadv;Upgrade;Não informado;"Transcrição de Áudio; Resumo Inteligente";"Transcrição de Áudio; Resumo Inteligente";https://app.pipefy.com/open-cards/1352981676;Up;Não informado;Outros motivos descritos;- Upgrade: IA Transcrição de áudios - 500 créditos | R$ 24,90 |  IA Resumo Inteligente - 500 créditos | R$ 29,90 |   Total = R$54,80.;2;54.8;0.0;Upgrade;;;Não calculado
19/05/2026;2026;5;Mai.;maio;2026-05;Mai./26;Leticia Silva;Leticia Silva;True;cartaodetodossp;Upgrade;Não informado;Funil de vendas;Funil de vendas;https://app.pipefy.com/open-cards/1353007667;Up;Não informado;Outros motivos descritos;Up Funil de Vendas (R$49,90).;1;49.9;0.0;Upgrade;;;Não calculado
19/05/2026;2026;5;Mai.;maio;2026-05;Mai./26;Leticia Silva;Leticia Silva;True;iaux;Upgrade;Não informado;Transcrição de Áudio;Transcrição de Áudio;https://app.pipefy.com/open-cards/1352913857;Up;Não informado;Outros motivos descritos;Up IA Transcrição de áudio - Plano 500 minutos (R$24,90).;1;24.9;0.0;Upgrade;;;Não calculado
19/05/2026;2026;5;Mai.;maio;2026-05;Mai./26;Leticia Silva;Leticia Silva;True;itmbx;Upgrade;Não informado;Usuário adicional;Usuário adicional;https://app.pipefy.com/open-cards/1352669299;Up;Não informado;Outros motivos descritos;Up 1 usuário adicional (6$);1;6.0;0.0;Upgrade;;;Não calculado
19/05/2026;2026;5;Mai.;maio;2026-05;Mai./26;Leticia Silva;Leticia Silva;True;lojaconstroi;Upgrade;Não informado;Funil de vendas;Funil de vendas;https://app.pipefy.com/open-cards/1352933180;Up;Não informado;Outros motivos descritos;Up Funil de Vendas (R$49,90).;1;49.9;0.0;Upgrade;;;Não calculado
19/05/2026;2026;5;Mai.;maio;2026-05;Mai./26;Luis Siqueira;Luis Siqueira;True;accertipe;Upgrade;Não informado;"Conexão adicional de WhatsApp - WABA; Usuário adicional; Servidores";Conexão adicional de WhatsApp - WABA + outros;https://app.pipefy.com/open-cards/1352954023;Up;Não informado;Redução de custo;Seriam 20 usuários, no valor de R$ 29,00 cada.  R$ 580,00.  Conexão adicional WABA:  R$ 89,00.  E servidor 2/4:  R$ 89,00.  Total com todas adições: R$ 758,00.;3;758.0;0.0;Upgrade;;;Não calculado
19/05/2026;2026;5;Mai.;maio;2026-05;Mai./26;Marcela Medeiros;Marcela Medeiros;True;medis;Upgrade;Não informado;Primeira ativação de número oficial;Primeira ativação de número oficial;https://app.pipefy.com/open-cards/1352777801;Up;Não informado;Outros motivos descritos;Up de uma nova conexão para WhatsApp API Oficial, protocolo 202605191759344;1;89.0;0.0;Upgrade;;;Não calculado
19/05/2026;2026;5;Mai.;maio;2026-05;Mai./26;Noemy Biazão;Noemy Biazão;True;alexandrepiresadv;Upgrade;Não informado;Funil de vendas;Funil de vendas;https://app.pipefy.com/open-cards/1352985097;Up;Não informado;Outros motivos descritos;Funil de Vendas - R$ 49,00 Protocolo: 202605191760016 Cliente solicitou funil de vendas;1;49.0;0.0;Upgrade;;;Não calculado
19/05/2026;2026;5;Mai.;maio;2026-05;Mai./26;Vinicius Simões;Vinicius Simões;True;c3inteligenciafinan;Upgrade;Não informado;Chat interno;Chat interno;https://app.pipefy.com/open-cards/1352703937;Up;Não informado;Outros motivos descritos;Upgrade: - Chat Interno - R$ 89,00;1;89.0;0.0;Upgrade;;;Não calculado
19/05/2026;2026;5;Mai.;maio;2026-05;Mai./26;Vinicius Simões;Vinicius Simões;True;clinicagioia;Upgrade;Não informado;Conexão adicional de WhatsApp - WABA;Conexão adicional de WhatsApp - WABA;https://app.pipefy.com/open-cards/1352903258;Up;Não informado;Outros motivos descritos;Upgrade: - 1x Conexão adicional de WhatsApp API Oficial - R$ 89,00;1;89.0;0.0;Upgrade;;;Não calculado
19/05/2026;2026;5;Mai.;maio;2026-05;Mai./26;Vinicius Simões;Vinicius Simões;True;preventsaude;Upgrade;Não informado;Primeira ativação de número oficial;Primeira ativação de número oficial;https://app.pipefy.com/open-cards/1352899036;Up;Não informado;Outros motivos descritos;Upgrade: - 1x Conexão de WhatsApp API Oficial - R$ 89,00;1;89.0;0.0;Upgrade;;;Não calculado
20/05/2026;2026;5;Mai.;maio;2026-05;Mai./26;82573565;Usuário inexistente;False;3beer;Upgrade;Não informado;Chat interno;Chat interno;https://app.pipefy.com/open-cards/1353339137;Up;Não informado;Outros motivos descritos;Upgrade Chat Interno - R$ 89,00 | 202605201760319;1;89.0;0.0;Upgrade;;;Não calculado
20/05/2026;2026;5;Mai.;maio;2026-05;Mai./26;82573565;Usuário inexistente;False;singularodontologia;Upgrade;Não informado;Servidores;Servidores;https://app.pipefy.com/open-cards/1353427945;Up;Não informado;Outros motivos descritos;Upgrade Servidor 2/4 - R$ 89,00;1;89.0;0.0;Upgrade;;;Não calculado
20/05/2026;2026;5;Mai.;maio;2026-05;Mai./26;91351766;Usuário inexistente;False;advocaciamolina;Upgrade;Não informado;Resumo Inteligente;Resumo Inteligente;https://app.pipefy.com/open-cards/1353414493;Up;Não informado;Outros motivos descritos;Upgrade Resumo Inteligente - 500 créditos | R$ 29,90;1;29.9;0.0;Upgrade;;;Não calculado
20/05/2026;2026;5;Mai.;maio;2026-05;Mai./26;91351766;Usuário inexistente;False;comutafeformas;Upgrade;Não informado;Usuário adicional;Usuário adicional;https://app.pipefy.com/open-cards/1353487325;Up;Não informado;Outros motivos descritos;Upgrade  2 usuários adicionais | 2x R$ 29,00 | R$ 58,00 Ajuste de 1 usuário e inclusão de 1 usuário adicional;1;58.0;0.0;Upgrade;;;Não calculado
20/05/2026;2026;5;Mai.;maio;2026-05;Mai./26;91351766;Usuário inexistente;False;farmaciadogustavo;Upgrade;Não informado;Conexão Instagram Direct;Conexão Instagram Direct;https://app.pipefy.com/open-cards/1353356983;Up;Não informado;Outros motivos descritos;Upgrade Conexão de Instagram Direct - R$ 89,00;1;89.0;0.0;Upgrade;;;Não calculado
20/05/2026;2026;5;Mai.;maio;2026-05;Mai./26;Guilherme Virgilio Soares;Guilherme Virgilio Soares;True;intecsolutions;Upgrade;Não informado;Servidores;Servidores;https://app.pipefy.com/open-cards/1353637194;Up;Não informado;Outros motivos descritos;- Upgrade: Servidor 4/8 | R$ 169,00 |;1;169.0;0.0;Upgrade;;;Não calculado
20/05/2026;2026;5;Mai.;maio;2026-05;Mai./26;Guilherme Virgilio Soares;Guilherme Virgilio Soares;True;netcompany;Upgrade;Não informado;Conexão Instagram Direct;Conexão Instagram Direct;https://app.pipefy.com/open-cards/1353346632;Up;Não informado;Outros motivos descritos;- Upgrade: Conexão adicional de Instagram | R$ 89,00 |;1;89.0;0.0;Upgrade;;;Não calculado
20/05/2026;2026;5;Mai.;maio;2026-05;Mai./26;Leticia Silva;Leticia Silva;True;lelusacolas;Upgrade;Não informado;Primeira ativação de número oficial;Primeira ativação de número oficial;https://app.pipefy.com/open-cards/1353375812;Up;Não informado;Outros motivos descritos;Primeira Ativação de Número Oficial;1;89.0;0.0;Upgrade;;;Não calculado
20/05/2026;2026;5;Mai.;maio;2026-05;Mai./26;Leticia Silva;Leticia Silva;True;pimentaestetica;Upgrade;Não informado;Conexão adicional de WhatsApp - WABA;Conexão adicional de WhatsApp - WABA;https://app.pipefy.com/open-cards/1353347403;Up;Não informado;Outros motivos descritos;Up Conexão Adicional Oficial;1;89.0;0.0;Upgrade;;;Não calculado
20/05/2026;2026;5;Mai.;maio;2026-05;Mai./26;Marcela Medeiros;Marcela Medeiros;True;postnetmaringa;Upgrade;Não informado;IA Copiloto;IA Copiloto;https://app.pipefy.com/open-cards/1353368008;Up;Não informado;Outros motivos descritos;UP - IA COPILOTO 500 Créditos - Prot. 202605181758362;1;49.9;0.0;Upgrade;;;Não calculado
20/05/2026;2026;5;Mai.;maio;2026-05;Mai./26;Noemy Biazão;Noemy Biazão;True;aquerysuplementos;Upgrade;Não informado;Servidores;Servidores;https://app.pipefy.com/open-cards/1353445107;Up;Não informado;Redução de custo;Upgrade de Servidor 2/4 - Valor R$89,00;1;89.0;0.0;Upgrade;;;Não calculado
20/05/2026;2026;5;Mai.;maio;2026-05;Mai./26;Noemy Biazão;Noemy Biazão;True;conteles;Upgrade;Não informado;"Transcrição de Áudio; IA Copiloto";"Transcrição de Áudio; IA Copiloto";https://app.pipefy.com/open-cards/1353414413;Up;Não informado;Redução de custo;Protocolo: 202605201760615 - Upgrade de Copiloto + Transcrição Valor R$ 74,80 - Adicionados 500 créditos de cada funcionalidade;2;74.8;0.0;Upgrade;;;Não calculado
20/05/2026;2026;5;Mai.;maio;2026-05;Mai./26;Noemy Biazão;Noemy Biazão;True;domingosrequiaoba;Upgrade;Não informado;Conexão Instagram Direct;Conexão Instagram Direct;https://app.pipefy.com/open-cards/1353669843;Up;Não informado;Redução de custo;Upgrade de conexão de Instagram Valor R$89,00;1;89.0;0.0;Upgrade;;;Não calculado
20/05/2026;2026;5;Mai.;maio;2026-05;Mai./26;Priscila Pavani;Priscila Pavani;True;clubepremium;Upgrade;Não informado;Conexão adicional de WhatsApp - WABA;Conexão adicional de WhatsApp - WABA;https://app.pipefy.com/open-cards/1353390066;Up;Não informado;Redução de custo;Tipo: Upgrade Produto: 1 Conexão WABA / Gupshup / Direct Payment Valor: R$ 80,10 URL: clubepremium Protocolo: 202605201760825 O valor já foi atualizado no plano. O cliente pode adicionar as conexões gradualmente e, ao concluir essa ação, entra em contato para fornecer os dados dos números correspondentes.;1;80.1;0.0;Upgrade;;;Não calculado
20/05/2026;2026;5;Mai.;maio;2026-05;Mai./26;Vinicius Simões;Vinicius Simões;True;advocaciajoaopaulo;Upgrade;Não informado;Conexão adicional de WhatsApp - WABA;Conexão adicional de WhatsApp - WABA;https://app.pipefy.com/open-cards/1353681511;Up;Não informado;Outros motivos descritos;Upgrade: - 1x Conexão adicional de WhatsApp API Oficial - R$ 89,00;1;89.0;0.0;Upgrade;;;Não calculado
20/05/2026;2026;5;Mai.;maio;2026-05;Mai./26;Vinicius Simões;Vinicius Simões;True;atendimentocontareisp;Upgrade;Não informado;Primeira ativação de número oficial;Primeira ativação de número oficial;https://app.pipefy.com/open-cards/1353668148;Up;Não informado;Outros motivos descritos;Upgrae: - 1x Conexão de WhastApp API Oficial - R$ 89,00;1;89.0;0.0;Upgrade;;;Não calculado
20/05/2026;2026;5;Mai.;maio;2026-05;Mai./26;Vinicius Simões;Vinicius Simões;True;barucseguros2026;Upgrade;Não informado;Conexão adicional de WhatsApp - WABA;Conexão adicional de WhatsApp - WABA;https://app.pipefy.com/open-cards/1353338118;Up;Não informado;Outros motivos descritos;Upgrade: - 1x Conexão adicional de WhatsApp API Oficial - R$ 89,00;1;89.0;0.0;Upgrade;;;Não calculado
21/05/2026;2026;5;Mai.;maio;2026-05;Mai./26;82573565;Usuário inexistente;False;grupoflj;Upgrade;Não informado;Usuário adicional;Usuário adicional;https://app.pipefy.com/open-cards/1354089806;Up;Não informado;Outros motivos descritos;Upgrade 1 usuário, R$ 29,00 para a url grupofljcomercial. Não possui meu plano;1;29.0;0.0;Upgrade;;;Não calculado
21/05/2026;2026;5;Mai.;maio;2026-05;Mai./26;82573565;Usuário inexistente;False;marest;Upgrade;Não informado;"Usuário adicional; Conexão adicional de WhatsApp; Servidores";Usuário adicional + outros;https://app.pipefy.com/open-cards/1353934627;Up;Não informado;Outros motivos descritos;Upgrade 8 usuários adicionais - R$ 232,00 // 5 Conexões de Whatsapp - R$ 445,00 // Servidor 4/8 - R$ 169,00 // Total R$ 846,00;3;846.0;0.0;Upgrade;;;Não calculado
21/05/2026;2026;5;Mai.;maio;2026-05;Mai./26;82573565;Usuário inexistente;False;neyinforteknews;Upgrade;Não informado;Conexão Instagram Direct;Conexão Instagram Direct;https://app.pipefy.com/open-cards/1354318868;Up;Não informado;Outros motivos descritos;Upgrade Conexao de Instagram adicional - R4 89,00;1;89.0;0.0;Upgrade;;;Não calculado
21/05/2026;2026;5;Mai.;maio;2026-05;Mai./26;82573565;Usuário inexistente;False;nogueirapinto;Upgrade;Não informado;Integração;Integração;https://app.pipefy.com/open-cards/1354228861;Up;Não informado;Outros motivos descritos;Não informado;1;5.99;0.0;Upgrade;;;Não calculado
21/05/2026;2026;5;Mai.;maio;2026-05;Mai./26;Guilherme Virgilio Soares;Guilherme Virgilio Soares;True;infoluck;Upgrade;Não informado;Resumo Inteligente;Resumo Inteligente;https://app.pipefy.com/open-cards/1353985002;Up;Não informado;Outros motivos descritos;- Upgrade: IA Resumo Inteligente - 3.000 créditos | R$ 89,00 | (Incluído produto diferente, pois não consta o resumo de 3.000 créditos);1;89.0;0.0;Upgrade;;;Não calculado
21/05/2026;2026;5;Mai.;maio;2026-05;Mai./26;Leticia Silva;Leticia Silva;True;rosadesertofortaleza;Upgrade;Não informado;Conexão adicional de WhatsApp - WABA;Conexão adicional de WhatsApp - WABA;https://app.pipefy.com/open-cards/1354225450;Up;Não informado;Outros motivos descritos;Up conexão adicional oficial.;1;89.0;0.0;Upgrade;;;Não calculado
21/05/2026;2026;5;Mai.;maio;2026-05;Mai./26;Luis Siqueira;Luis Siqueira;True;praxis;Upgrade;Não informado;Conexão adicional de WhatsApp - WABA;Conexão adicional de WhatsApp - WABA;https://app.pipefy.com/open-cards/1353974998;Up;Não informado;Outros motivos descritos;Cliente fez a contratação de uma conexão adicional waba;1;89.0;0.0;Upgrade;;;Não calculado
21/05/2026;2026;5;Mai.;maio;2026-05;Mai./26;Luis Siqueira;Luis Siqueira;True;unix;Upgrade;Não informado;Conexão adicional de WhatsApp - WABA;Conexão adicional de WhatsApp - WABA;https://app.pipefy.com/open-cards/1354102421;Up;Não informado;Redução de custo;O cliente contratou mais dois novos números oficiais, sendo eles: 5521982313275 e 5521982313275.  Cada um pelo valor de R$ 89,00.  Total: R$ 178,00.;1;178.0;0.0;Upgrade;;;Não calculado
21/05/2026;2026;5;Mai.;maio;2026-05;Mai./26;Marcela Medeiros;Marcela Medeiros;True;nofiresistemas;Upgrade;Não informado;Chat interno;Chat interno;https://app.pipefy.com/open-cards/1354304054;Up;Não informado;Outros motivos descritos;Up chat interno;1;89.0;0.0;Upgrade;;;Não calculado
21/05/2026;2026;5;Mai.;maio;2026-05;Mai./26;Melissa Duarte;Melissa Duarte;True;auxiliocontabil;Upgrade;Não informado;Chat interno;Chat interno;https://app.pipefy.com/open-cards/1354047818;Up;Não informado;Outros motivos descritos;UP Chat Interno R$89,00;1;89.0;0.0;Upgrade;;;Não calculado
21/05/2026;2026;5;Mai.;maio;2026-05;Mai./26;Melissa Duarte;Melissa Duarte;True;bimbobrasil;Upgrade;Não informado;Usuário adicional;Usuário adicional;https://app.pipefy.com/open-cards/1354079676;Up;Não informado;Outros motivos descritos;UP 1 usuário adicional;1;29.0;0.0;Upgrade;;;Não calculado
21/05/2026;2026;5;Mai.;maio;2026-05;Mai./26;Melissa Duarte;Melissa Duarte;True;bonitoecotour;Upgrade;Não informado;Distribuição automática;Distribuição automática;https://app.pipefy.com/open-cards/1354231542;Up;Não informado;Redução de custo;UP Distribuição automatica - passei valor de desconto liberado pelo time comercial (Executivo de vendas Rodrigo Querobim;1;80.0;0.0;Upgrade;;;Não calculado
21/05/2026;2026;5;Mai.;maio;2026-05;Mai./26;Melissa Duarte;Melissa Duarte;True;santoscontabeismed;Upgrade;Não informado;Servidores;Servidores;https://app.pipefy.com/open-cards/1354300153;Up;Não informado;Outros motivos descritos;UP servidor 2/4 R$89,00;1;89.0;0.0;Upgrade;;;Não calculado
21/05/2026;2026;5;Mai.;maio;2026-05;Mai./26;Noemy Biazão;Noemy Biazão;True;mafraseguros;Upgrade;Não informado;Funil de vendas;Funil de vendas;https://app.pipefy.com/open-cards/1353938915;Up;Não informado;Redução de custo;Upgrade de Funil de vendas - Valor R$49,00;1;49.0;0.0;Upgrade;;;Não calculado
21/05/2026;2026;5;Mai.;maio;2026-05;Mai./26;Noemy Biazão;Noemy Biazão;True;maisbonitapormenos;Upgrade;Não informado;"Conexão adicional de WhatsApp; Conexão Facebook Messenger";Conexão adicional de WhatsApp + outros;https://app.pipefy.com/open-cards/1354152123;Up;Não informado;Outros motivos descritos;Upgrade de 1 Conexão whatspp R$89,00 + 1 Conexão de facebook R$89,00;2;178.0;0.0;Upgrade;;;Não calculado
21/05/2026;2026;5;Mai.;maio;2026-05;Mai./26;Noemy Biazão;Noemy Biazão;True;raulgouveia;Upgrade;Não informado;Distribuição automática;Distribuição automática;https://app.pipefy.com/open-cards/1354289794;Up;Não informado;Redução de custo;Upgrade de distribuição valor R$89,00;1;89.0;0.0;Upgrade;;;Não calculado
21/05/2026;2026;5;Mai.;maio;2026-05;Mai./26;Noemy Biazão;Noemy Biazão;True;wh1cloud;Upgrade;Não informado;Integração;Integração;https://app.pipefy.com/open-cards/1354310644;Up;Não informado;Outros motivos descritos;Não informado;1;59.99;0.0;Upgrade;;;Não calculado
21/05/2026;2026;5;Mai.;maio;2026-05;Mai./26;Priscila Pavani;Priscila Pavani;True;actioncsa;Upgrade;Não informado;Conexão adicional de WhatsApp - WABA;Conexão adicional de WhatsApp - WABA;https://app.pipefy.com/open-cards/1353921880;Up;Não informado;Redução de custo;Tipo: Upgrade Produto: 1 conexão WABA / 360Dialog / Ikatec Valor: R$ 109,00 URL: actioncsa Protocolo: 202605211761789;1;109.0;0.0;Upgrade;;;Não calculado
21/05/2026;2026;5;Mai.;maio;2026-05;Mai./26;Vinicius Simões;Vinicius Simões;True;digitalcertificadora;Upgrade;Não informado;Conexão adicional de WhatsApp - WABA;Conexão adicional de WhatsApp - WABA;https://app.pipefy.com/open-cards/1354273189;Up;Não informado;Outros motivos descritos;Upgrade: - 1x Conexão adicional de WhatsApp API Oficial - R$ 89,00;1;89.0;0.0;Upgrade;;;Não calculado
21/05/2026;2026;5;Mai.;maio;2026-05;Mai./26;Vinicius Simões;Vinicius Simões;True;drexamemc;Upgrade;Não informado;Conexão adicional de WhatsApp - WABA;Conexão adicional de WhatsApp - WABA;https://app.pipefy.com/open-cards/1354287130;Up;Não informado;Outros motivos descritos;Upgrade: - 2x Conexões adicionais de WhatsApp API Oficial - R$ 178,00;1;178.0;0.0;Upgrade;;;Não calculado
21/05/2026;2026;5;Mai.;maio;2026-05;Mai./26;Vinicius Simões;Vinicius Simões;True;oliveiraeantunes;Upgrade;Não informado;Primeira ativação de número oficial;Primeira ativação de número oficial;https://app.pipefy.com/open-cards/1354104213;Up;Não informado;Outros motivos descritos;Upgrade: - 1x Conexão de WhatsApp API Oficial - R$ 89,00;1;89.0;0.0;Upgrade;;;Não calculado
22/05/2026;2026;5;Mai.;maio;2026-05;Mai./26;82573565;Usuário inexistente;False;bethashield;Upgrade;Não informado;Servidores;Servidores;https://app.pipefy.com/open-cards/1354697967;Up;Não informado;Outros motivos descritos;Upgrade Servidor 2/4 - R$ 89,00;1;89.0;0.0;Upgrade;;;Não calculado
22/05/2026;2026;5;Mai.;maio;2026-05;Mai./26;82573565;Usuário inexistente;False;clinicaprotheus;Upgrade;Não informado;Servidores;Servidores;https://app.pipefy.com/open-cards/1354844307;Up;Não informado;Outros motivos descritos;Upgrade Servidor 4/8 - R$ 169,00;1;169.0;0.0;Upgrade;;;Não calculado
22/05/2026;2026;5;Mai.;maio;2026-05;Mai./26;82573565;Usuário inexistente;False;goldpass;Upgrade;Não informado;Chat interno;Chat interno;https://app.pipefy.com/open-cards/1355007419;Up;Não informado;Outros motivos descritos;Upgrade Chat interno - R$ 69,00 (desconto aplicado);1;69.0;0.0;Upgrade;;;Não calculado
22/05/2026;2026;5;Mai.;maio;2026-05;Mai./26;82573565;Usuário inexistente;False;pluimpressos;Upgrade;Não informado;Resumo Inteligente;Resumo Inteligente;https://app.pipefy.com/open-cards/1354630526;Up;Não informado;Outros motivos descritos;Upgrade IA Resumo Inteligente - Plano 500 créditos - R$ 29,90;1;29.9;0.0;Upgrade;;;Não calculado
22/05/2026;2026;5;Mai.;maio;2026-05;Mai./26;82573565;Usuário inexistente;False;sindicatosechorbs;Upgrade;Não informado;Pacotes SMS Disparo em Massa;Pacotes SMS Disparo em Massa;https://app.pipefy.com/open-cards/1354821441;Up;Não informado;Redução de custo;Upgrade Pacote de SMS - 5.000 créditos, no valor R$ 500,00 | Boleto ja esta pago // Antes: 20 - Agora: 5.020;1;500.0;0.0;Upgrade;;;Não calculado
22/05/2026;2026;5;Mai.;maio;2026-05;Mai./26;82573565;Usuário inexistente;False;triviapw;Upgrade;Não informado;Conexão Instagram Direct;Conexão Instagram Direct;https://app.pipefy.com/open-cards/1354643425;Up;Não informado;Outros motivos descritos;Upgrade Conexao de Instagram - R$ 89,00;1;89.0;0.0;Upgrade;;;Não calculado
22/05/2026;2026;5;Mai.;maio;2026-05;Mai./26;Guilherme Virgilio Soares;Guilherme Virgilio Soares;True;amorsaudecastanhalpa;Upgrade;Não informado;Usuário adicional;Usuário adicional;https://app.pipefy.com/open-cards/1354646413;Up;Não informado;Outros motivos descritos;- Upgrade: 5x Usuários adicionais (com desconto) | 5x R$21,90 | R$109,50 |;1;109.5;0.0;Upgrade;;;Não calculado
22/05/2026;2026;5;Mai.;maio;2026-05;Mai./26;Guilherme Virgilio Soares;Guilherme Virgilio Soares;True;bioqualityconsult;Upgrade;Não informado;"Chat interno; Texto Mágico";"Chat interno; Texto Mágico";https://app.pipefy.com/open-cards/1354952274;Up;Não informado;Outros motivos descritos;- Upgrade: Chat interno | R$ 89,00 |  IA Texto Mágico - 5.000 créditos | R$ 55,90 |   Total = R$144,90;2;144.9;0.0;Upgrade;;;Não calculado
22/05/2026;2026;5;Mai.;maio;2026-05;Mai./26;Guilherme Virgilio Soares;Guilherme Virgilio Soares;True;m3ta;Upgrade;Não informado;"Texto Mágico; IA Copiloto";"Texto Mágico; IA Copiloto";https://app.pipefy.com/open-cards/1354802759;Up;Não informado;Outros motivos descritos;- Upgrade: IA Texto mágico - 20.000 créditos | R$180,90 |  IA Copiloto - 3.000 créditos | R$R$ 135,90 |   Total: R$ 316,80;2;316.8;0.0;Upgrade;;;Não calculado
22/05/2026;2026;5;Mai.;maio;2026-05;Mai./26;Guilherme Virgilio Soares;Guilherme Virgilio Soares;True;turismolegal;Upgrade;Não informado;Usuário adicional;Usuário adicional;https://app.pipefy.com/open-cards/1354755287;Up;Não informado;Outros motivos descritos;- Upgrade: 10x Usuários adicionais | 10x R$ 29,00 | R$ 290,00 |;1;290.0;0.0;Upgrade;;;Não calculado
22/05/2026;2026;5;Mai.;maio;2026-05;Mai./26;Guilherme Virgilio Soares;Guilherme Virgilio Soares;True;vianflex;Upgrade;Não informado;"Conexão Instagram Direct; Conexão Facebook Messenger";Conexão Instagram Direct + outros;https://app.pipefy.com/open-cards/1354966473;Up;Não informado;Outros motivos descritos;- Upgrade: 1x Conexão adicional de Instagram | R$ 89,00 |  1x Conexão adicional de Facebook | R$ 89,00 |  Total = R$ 178,00;2;178.0;0.0;Upgrade;;;Não calculado
22/05/2026;2026;5;Mai.;maio;2026-05;Mai./26;Leticia Silva;Leticia Silva;True;trialseguros;Upgrade;Não informado;Conexão adicional de WhatsApp - WABA;Conexão adicional de WhatsApp - WABA;https://app.pipefy.com/open-cards/1354816918;Up;Não informado;Outros motivos descritos;Up conexão waba adicional;1;89.0;0.0;Upgrade;;;Não calculado
22/05/2026;2026;5;Mai.;maio;2026-05;Mai./26;Luis Siqueira;Luis Siqueira;True;conectiagora;Upgrade;Não informado;Conexão adicional de WhatsApp - WABA;Conexão adicional de WhatsApp - WABA;https://app.pipefy.com/open-cards/1354693632;Up;Não informado;Redução de custo;Contratação de uma conexão adicional no valor de R$ 89,00   Processo de ativação do numero > CLIENTE JÁ É WABA;1;89.0;0.0;Upgrade;;;Não calculado
22/05/2026;2026;5;Mai.;maio;2026-05;Mai./26;Vinicius Simões;Vinicius Simões;True;cartoriojk;Upgrade;Não informado;Conexão adicional de WhatsApp - WABA;Conexão adicional de WhatsApp - WABA;https://app.pipefy.com/open-cards/1354613971;Up;Não informado;Outros motivos descritos;Upgrade: - 1x Conexão adicional de WhatsApp API Oficial - R$ 109,00;1;109.0;0.0;Upgrade;;;Não calculado
22/05/2026;2026;5;Mai.;maio;2026-05;Mai./26;Vinicius Simões;Vinicius Simões;True;sosalimentos;Upgrade;Não informado;Conexão adicional de WhatsApp - WABA;Conexão adicional de WhatsApp - WABA;https://app.pipefy.com/open-cards/1354913056;Up;Não informado;Outros motivos descritos;Upgrade: - 1x Conexão adicional de WhatsApp API Oficial - R$ 89,00;1;89.0;0.0;Upgrade;;;Não calculado
25/05/2026;2026;5;Mai.;maio;2026-05;Mai./26;82573565;Usuário inexistente;False;okuyamaadvogados;Upgrade;Não informado;Servidores;Servidores;https://app.pipefy.com/open-cards/1355855165;Up;Não informado;Outros motivos descritos;Upgrade Servidor 4/8, R$ 169,00 . Downgrade 2/4(89,00) realizado;1;169.0;0.0;Upgrade;;;Não calculado
25/05/2026;2026;5;Mai.;maio;2026-05;Mai./26;82573565;Usuário inexistente;False;sqgtec;Upgrade;Não informado;Funil de vendas;Funil de vendas;https://app.pipefy.com/open-cards/1356086218;Up;Não informado;Outros motivos descritos;Upgrade Funil de Vendas - R$ 49,00;1;49.0;0.0;Upgrade;;;Não calculado
25/05/2026;2026;5;Mai.;maio;2026-05;Mai./26;Guilherme Virgilio Soares;Guilherme Virgilio Soares;True;certipiaui;Upgrade;Não informado;IA Agent;IA Agent;https://app.pipefy.com/open-cards/1355863183;Up;Não informado;Outros motivos descritos;- Upgrade: IA Agente inteligente - 1.000 créditos | R$ 112,90 |;1;112.9;0.0;Upgrade;;;Não calculado
25/05/2026;2026;5;Mai.;maio;2026-05;Mai./26;Guilherme Virgilio Soares;Guilherme Virgilio Soares;True;deliverup;Upgrade;Não informado;"IA CSAT; Combo de IA's";"IA CSAT; Combo de IA's";https://app.pipefy.com/open-cards/1355908166;Up;Não informado;Outros motivos descritos;- Upgrade: IA CSAT - 500 créditos | R$ 14,90 |  Combo IA Agente + Transcrição - 2.000 créditos cada | R$ 288,90 |;2;303.8;0.0;Upgrade;;;Não calculado
25/05/2026;2026;5;Mai.;maio;2026-05;Mai./26;Guilherme Virgilio Soares;Guilherme Virgilio Soares;True;imperiomini;Upgrade;Não informado;Conexão Instagram Direct;Conexão Instagram Direct;https://app.pipefy.com/open-cards/1356231302;Up;Não informado;Outros motivos descritos;- Upgrade: Conexão adicional Instagram | R$ 89,00 |;1;89.0;0.0;Upgrade;;;Não calculado
25/05/2026;2026;5;Mai.;maio;2026-05;Mai./26;Guilherme Virgilio Soares;Guilherme Virgilio Soares;True;jdngadv;Upgrade;Não informado;Usuário adicional;Usuário adicional;https://app.pipefy.com/open-cards/1356500694;Up;Não informado;Outros motivos descritos;- Upgrade: 2x Usuários adicionais | 2x R$ 29,00 | R$ 58,00 |;1;58.0;0.0;Upgrade;;;Não calculado
25/05/2026;2026;5;Mai.;maio;2026-05;Mai./26;Guilherme Virgilio Soares;Guilherme Virgilio Soares;True;xavieradvogados;Upgrade;Não informado;Funil de vendas;Funil de vendas;https://app.pipefy.com/open-cards/1356156635;Up;Não informado;Outros motivos descritos;- Upgrade: Funil de vendas | R$ 49,00 |;1;49.0;0.0;Upgrade;;;Não calculado
25/05/2026;2026;5;Mai.;maio;2026-05;Mai./26;Leticia Silva;Leticia Silva;True;clinicaprotheus;Upgrade;Não informado;Distribuição automática;Distribuição automática;https://app.pipefy.com/open-cards/1356016795;Up;Não informado;Processo/uso operacional;Up Distribuição Automática (R$89,00).;1;89.0;0.0;Upgrade;;;Não calculado
25/05/2026;2026;5;Mai.;maio;2026-05;Mai./26;Leticia Silva;Leticia Silva;True;controlefinanceiro;Upgrade;Não informado;Chat interno;Chat interno;https://app.pipefy.com/open-cards/1355896688;Up;Não informado;Outros motivos descritos;Up Chat Interno (R$89,00).;1;89.0;0.0;Upgrade;;;Não calculado
25/05/2026;2026;5;Mai.;maio;2026-05;Mai./26;Leticia Silva;Leticia Silva;True;gfcadvogados;Upgrade;Não informado;Servidores;Servidores;https://app.pipefy.com/open-cards/1356163512;Up;Não informado;Outros motivos descritos;- Up Servidor 2/4 (R$89,00).;1;89.0;0.0;Upgrade;;;Não calculado
25/05/2026;2026;5;Mai.;maio;2026-05;Mai./26;Leticia Silva;Leticia Silva;True;hoguanabara;Upgrade;Não informado;Primeira ativação de número oficial;Primeira ativação de número oficial;https://app.pipefy.com/open-cards/1356198819;Up;Não informado;Outros motivos descritos;Primeira ativação de número oficial.;1;89.0;0.0;Upgrade;;;Não calculado
25/05/2026;2026;5;Mai.;maio;2026-05;Mai./26;Leticia Silva;Leticia Silva;True;matosadv;Upgrade;Não informado;"Funil de vendas; IA Agent";"Funil de vendas; IA Agent";https://app.pipefy.com/open-cards/1355920201;Up;Não informado;Outros motivos descritos;Up Funil (R$49,00) + Agente IA 5 mil créditos (R$449,00).;2;49800.0;0.0;Upgrade;;;Não calculado
25/05/2026;2026;5;Mai.;maio;2026-05;Mai./26;Leticia Silva;Leticia Silva;True;matosadv;Upgrade;Não informado;Primeira ativação de número oficial;Primeira ativação de número oficial;https://app.pipefy.com/open-cards/1355915101;Up;Não informado;Outros motivos descritos;Primeira Ativação de Número Oficial;1;89.0;0.0;Upgrade;;;Não calculado
25/05/2026;2026;5;Mai.;maio;2026-05;Mai./26;Luis Siqueira;Luis Siqueira;True;medicalizando;Upgrade;Não informado;"Conexão adicional de WhatsApp - WABA; Conexão adicional de WhatsApp";Conexão adicional de WhatsApp - WABA + outros;https://app.pipefy.com/open-cards/1356501058;Up;Não informado;Outros motivos descritos;O cliente seguirá com a contratação de duas ferramentas: um WhatsApp oficial e um Standard (o Standard já foi adicionado na plataforma, somente o oficial que não).;2;178.0;0.0;Upgrade;;;Não calculado
25/05/2026;2026;5;Mai.;maio;2026-05;Mai./26;Mariana Nunes;Mariana Nunes;True;luentende;Upgrade;Não informado;Funil de vendas;Funil de vendas;https://app.pipefy.com/open-cards/1355804947;Up;Não informado;Redução de custo;Upgrade funil de vendas no valor de R$ 49,00;1;49.0;0.0;Upgrade;;;Não calculado
25/05/2026;2026;5;Mai.;maio;2026-05;Mai./26;Melissa Duarte;Melissa Duarte;True;angelicafalcaoadvogados;Upgrade;Não informado;Funil de vendas;Funil de vendas;https://app.pipefy.com/open-cards/1356117546;Up;Não informado;Outros motivos descritos;UP Funil de Vendas Digisac;1;49.0;0.0;Upgrade;;;Não calculado
25/05/2026;2026;5;Mai.;maio;2026-05;Mai./26;Noemy Biazão;Noemy Biazão;True;capper;Upgrade;Não informado;Conexão adicional de WhatsApp;Conexão adicional de WhatsApp;https://app.pipefy.com/open-cards/1356236364;Up;Não informado;Redução de custo;Upgrade de conexão nova whatsapp standard - Valor R$ 89,00;1;89.0;0.0;Upgrade;;;Não calculado
25/05/2026;2026;5;Mai.;maio;2026-05;Mai./26;Noemy Biazão;Noemy Biazão;True;copimaxima;Upgrade;Não informado;Chat interno;Chat interno;https://app.pipefy.com/open-cards/1356182057;Up;Não informado;Redução de custo;Upgrade do chat interno valor: R$89,00;1;89.0;0.0;Upgrade;;;Não calculado
25/05/2026;2026;5;Mai.;maio;2026-05;Mai./26;Noemy Biazão;Noemy Biazão;True;ottimizzasistemas;Upgrade;Não informado;Usuário adicional;Usuário adicional;https://app.pipefy.com/open-cards/1355730037;Up;Não informado;Redução de custo;Upgrade de 5 usuarios, Valor: 101,5 - URL: ottimizzasistemas - Cliente Jarbas jr;1;101.5;0.0;Upgrade;;;Não calculado
25/05/2026;2026;5;Mai.;maio;2026-05;Mai./26;Vinicius Simões;Vinicius Simões;True;grupobull;Upgrade;Não informado;Conexão adicional de WhatsApp - WABA;Conexão adicional de WhatsApp - WABA;https://app.pipefy.com/open-cards/1355966424;Up;Não informado;Outros motivos descritos;Upgrade: - 2x Conexões adicionais de WhatsApp API Oficial - R$ 178,00;1;178.0;0.0;Upgrade;;;Não calculado
26/05/2026;2026;5;Mai.;maio;2026-05;Mai./26;82573565;Usuário inexistente;False;acertocorretora;Upgrade;Não informado;"IA Copiloto; Texto Mágico";"IA Copiloto; Texto Mágico";https://app.pipefy.com/open-cards/1356598321;Up;Não informado;Outros motivos descritos;IA Copiloto - 1.500 créditos R$ 84,90 e IA Texto Mágico - 1.000 créditos R$ 19,90. Total: R$ 104,80;2;104.8;0.0;Upgrade;;;Não calculado
26/05/2026;2026;5;Mai.;maio;2026-05;Mai./26;82573565;Usuário inexistente;False;elodigital;Upgrade;Não informado;IA Agent;IA Agent;https://app.pipefy.com/open-cards/1356609237;Up;Não informado;Outros motivos descritos;Upgrade IA Agente - 1.000 créditos - R$ 112,90. Ciente do vencimento da próxima fatura e que período desse primeiro ciclo será menor;1;112.9;0.0;Upgrade;;;Não calculado
26/05/2026;2026;5;Mai.;maio;2026-05;Mai./26;82573565;Usuário inexistente;False;neagency;Upgrade;Não informado;Usuário adicional;Usuário adicional;https://app.pipefy.com/open-cards/1356745361;Up;Não informado;Outros motivos descritos;Upgrade 1 usuário adicional  - US$ 6.00. Card Hub e Pipe lançado em real, conforme orientação.;1;29.0;0.0;Upgrade;;;Não calculado
26/05/2026;2026;5;Mai.;maio;2026-05;Mai./26;82573565;Usuário inexistente;False;reval;Upgrade;Não informado;Servidores;Servidores;https://app.pipefy.com/open-cards/1356659418;Up;Não informado;Redução de custo;Upgrade Servidor 8/12, no valor de R$ 270,00;1;270.0;0.0;Upgrade;;;Não calculado
26/05/2026;2026;5;Mai.;maio;2026-05;Mai./26;82573565;Usuário inexistente;False;superzeloadministracaocondominio;Upgrade;Não informado;IA Agent;IA Agent;https://app.pipefy.com/open-cards/1356584166;Up;Não informado;Outros motivos descritos;Upgrade IA Agente - 1.000 créditos, R$ 112,90;1;112.9;0.0;Upgrade;;;Não calculado
26/05/2026;2026;5;Mai.;maio;2026-05;Mai./26;Guilherme Virgilio Soares;Guilherme Virgilio Soares;True;floresadvocacia;Upgrade;Não informado;Funil de vendas;Funil de vendas;https://app.pipefy.com/open-cards/1356480968;Up;Não informado;Outros motivos descritos;-Upgrade: Funil de vendas | R$ 49,00 |;1;49.0;0.0;Upgrade;;;Não calculado
26/05/2026;2026;5;Mai.;maio;2026-05;Mai./26;Guilherme Virgilio Soares;Guilherme Virgilio Soares;True;oxusfinance;Upgrade;Não informado;Conexão Instagram Direct;Conexão Instagram Direct;https://app.pipefy.com/open-cards/1356688757;Up;Não informado;Outros motivos descritos;- Upgrade: Conexão adicional de Instagram | R$ 89,00 |;1;89.0;0.0;Upgrade;;;Não calculado
26/05/2026;2026;5;Mai.;maio;2026-05;Mai./26;Guilherme Virgilio Soares;Guilherme Virgilio Soares;True;oxusfinance;Upgrade;Não informado;"Usuário adicional; Conexão adicional de WhatsApp";Usuário adicional + outros;https://app.pipefy.com/open-cards/1356552129;Up;Não informado;Outros motivos descritos;- Upgrade: 1x Usuário adicional | R$ 29,00 |  1x Conexão adicional WhatsApp | R$ 89,00 |;2;118.0;0.0;Upgrade;;;Não calculado
26/05/2026;2026;5;Mai.;maio;2026-05;Mai./26;Luis Siqueira;Luis Siqueira;True;clinicallsolutions;Upgrade;Não informado;Conexão adicional de WhatsApp - WABA;Conexão adicional de WhatsApp - WABA;https://app.pipefy.com/open-cards/1356893823;Up;Não informado;Redução de custo;Tipo: Upgrade Produto: 1 Conexão Oficial COEX / 360Dialog /Direct Payment Valor: R$ 89,00 URL: clinicallsolutions Protocolo: 202605261767508 Número: 11 4191 1258;1;89.0;0.0;Upgrade;;;Não calculado
26/05/2026;2026;5;Mai.;maio;2026-05;Mai./26;Marcela Medeiros;Marcela Medeiros;True;solutudo;Upgrade;Não informado;Conexão adicional de WhatsApp;Conexão adicional de WhatsApp;https://app.pipefy.com/open-cards/1356667082;Up;Não informado;Outros motivos descritos;UP de 1 conexão adicional de WhatsAPP Standard;1;89.0;0.0;Upgrade;;;Não calculado
26/05/2026;2026;5;Mai.;maio;2026-05;Mai./26;Noemy Biazão;Noemy Biazão;True;certipiaui;Upgrade;Não informado;Transcrição de Áudio;Transcrição de Áudio;https://app.pipefy.com/open-cards/1356697767;Up;Não informado;Redução de custo;Upgrade de IA Transcrição de áudio - Plano 500 - Valor R$24,90;1;24.9;0.0;Upgrade;;;Não calculado
26/05/2026;2026;5;Mai.;maio;2026-05;Mai./26;Noemy Biazão;Noemy Biazão;True;grupomednet;Upgrade;Não informado;Chat interno;Chat interno;https://app.pipefy.com/open-cards/1356834238;Up;Não informado;Redução de custo;Upgrade de chat interno valor R$ 89,00;1;89.0;0.0;Upgrade;;;Não calculado
26/05/2026;2026;5;Mai.;maio;2026-05;Mai./26;Vinicius Simões;Vinicius Simões;True;advocaciamolina;Upgrade;Não informado;Conexão adicional de WhatsApp - WABA;Conexão adicional de WhatsApp - WABA;https://app.pipefy.com/open-cards/1356554334;Up;Não informado;Outros motivos descritos;Upgrade: - 1x Conexão adicional de WhatsApp API Oficial - R$ 109,00;1;109.0;0.0;Upgrade;;;Não calculado
26/05/2026;2026;5;Mai.;maio;2026-05;Mai./26;Vinicius Simões;Vinicius Simões;True;cjeexpress;Upgrade;Não informado;Primeira ativação de número oficial;Primeira ativação de número oficial;https://app.pipefy.com/open-cards/1356712972;Up;Não informado;Outros motivos descritos;Upgrade: - 1x Conexão de WhatsApp API Oficial - R$ 89,00;1;89.0;0.0;Upgrade;;;Não calculado
26/05/2026;2026;5;Mai.;maio;2026-05;Mai./26;Vinicius Simões;Vinicius Simões;True;cjeexpress;Upgrade;Não informado;Primeira ativação de número oficial;Primeira ativação de número oficial;https://app.pipefy.com/open-cards/1356726637;Up;Não informado;Outros motivos descritos;Upgrade: - 1x Conexão de WhatsApp API Oficial - R$ 89,00;1;89.0;0.0;Upgrade;;;Não calculado
26/05/2026;2026;5;Mai.;maio;2026-05;Mai./26;Vinicius Simões;Vinicius Simões;True;ideiaeducacaovendas;Upgrade;Não informado;Conexão adicional de WhatsApp - WABA;Conexão adicional de WhatsApp - WABA;https://app.pipefy.com/open-cards/1356490828;Up;Não informado;Outros motivos descritos;Upgrade: - 2x Conexões adicionais de WhatsApp API Oficial - R$ 178,00;1;178.0;0.0;Upgrade;;;Não calculado
26/05/2026;2026;5;Mai.;maio;2026-05;Mai./26;Vinicius Simões;Vinicius Simões;True;mjrecursosdemultas;Upgrade;Não informado;Conexão adicional de WhatsApp - WABA;Conexão adicional de WhatsApp - WABA;https://app.pipefy.com/open-cards/1356806231;Up;Não informado;Outros motivos descritos;Upgrade: - 1x Conexão adicional de WhatsApp API Oficial - R$ 89,00;1;89.0;0.0;Upgrade;;;Não calculado
26/05/2026;2026;5;Mai.;maio;2026-05;Mai./26;Vinicius Simões;Vinicius Simões;True;sturmeritapema01;Upgrade;Não informado;Primeira ativação de número oficial;Primeira ativação de número oficial;https://app.pipefy.com/open-cards/1356624314;Up;Não informado;Outros motivos descritos;Upgrade: - 2x Conexões de WhatsApp API Oficial - R$ 178,00;1;178.0;0.0;Upgrade;;;Não calculado
26/05/2026;2026;5;Mai.;maio;2026-05;Mai./26;Vinicius Simões;Vinicius Simões;True;zpets;Upgrade;Não informado;Primeira ativação de número oficial;Primeira ativação de número oficial;https://app.pipefy.com/open-cards/1356863964;Up;Não informado;Outros motivos descritos;Upgrade: - 1x Conexão de WhatsApp API Oficial - R$ 89,00;1;89.0;0.0;Upgrade;;;Não calculado
27/05/2026;2026;5;Mai.;maio;2026-05;Mai./26;82573565;Usuário inexistente;False;digitalcertificadora;Upgrade;Não informado;Usuário adicional;Usuário adicional;https://app.pipefy.com/open-cards/1357135630;Up;Não informado;Outros motivos descritos;Upgrade 1 usuário adicional para a url: digitalcertificadora;1;29.0;0.0;Upgrade;;;Não calculado
27/05/2026;2026;5;Mai.;maio;2026-05;Mai./26;82573565;Usuário inexistente;False;mjc;Upgrade;Não informado;IA Copiloto;IA Copiloto;https://app.pipefy.com/open-cards/1357364716;Up;Não informado;Outros motivos descritos;Upgrade IA Copiloto - 500 créditos - R$ 49,90;1;49.9;0.0;Upgrade;;;Não calculado
27/05/2026;2026;5;Mai.;maio;2026-05;Mai./26;82573565;Usuário inexistente;False;mjc;Upgrade;Não informado;IA Copiloto;IA Copiloto;https://app.pipefy.com/open-cards/1357375211;Up;Não informado;Outros motivos descritos;Upgrade IA Copiloto - 500 créditos - R$ 49,90;1;49.9;0.0;Upgrade;;;Não calculado
27/05/2026;2026;5;Mai.;maio;2026-05;Mai./26;82573565;Usuário inexistente;False;regionalfiltros;Upgrade;Não informado;Servidores;Servidores;https://app.pipefy.com/open-cards/1357100691;Up;Não informado;Outros motivos descritos;Upgrade Servidor 2/4 - R$ 89,0;1;89.0;0.0;Upgrade;;;Não calculado
27/05/2026;2026;5;Mai.;maio;2026-05;Mai./26;Guilherme Virgilio Soares;Guilherme Virgilio Soares;True;opc;Upgrade;Não informado;Servidores;Servidores;https://app.pipefy.com/open-cards/1357182732;Up;Não informado;Outros motivos descritos;- Upgrade: Servidor 2/4 | R$ 89,00 |;1;89.0;0.0;Upgrade;;;Não calculado
27/05/2026;2026;5;Mai.;maio;2026-05;Mai./26;Guilherme Virgilio Soares;Guilherme Virgilio Soares;True;prospectacredit;Upgrade;Não informado;Conexão adicional de WhatsApp;Conexão adicional de WhatsApp;https://app.pipefy.com/open-cards/1357419595;Up;Não informado;Outros motivos descritos;- Upgrade: 3x Conexões adicionais WhatsApp Standard | 3x R$ 89,00 | R$ 267,00 |;1;267.0;0.0;Upgrade;;;Não calculado
27/05/2026;2026;5;Mai.;maio;2026-05;Mai./26;Guilherme Virgilio Soares;Guilherme Virgilio Soares;True;rapidin;Upgrade;Não informado;"Usuário adicional; Conexão Instagram Direct; Servidores; Conexão adicional de WhatsApp - WABA";Usuário adicional + outros;https://app.pipefy.com/open-cards/1357151916;Up;Não informado;Outros motivos descritos;- Upgrade: 31x Usuários adicionais | 31x R$ 29,00 | R$ 899,00 |  3x Usuários bonificados | R$ 0,00 | 1x Conexão de Instagram | R$ 89,00 |  Servidor 8/12 (com desconto) | R$ 200,00 |   Total = R$ 1.188,00;4;1188.0;0.0;Upgrade;;;Não calculado
27/05/2026;2026;5;Mai.;maio;2026-05;Mai./26;Guilherme Virgilio Soares;Guilherme Virgilio Soares;True;rubiacristine;Upgrade;Não informado;Integração;Integração;https://app.pipefy.com/open-cards/1357109160;Up;Não informado;Outros motivos descritos;Não informado;1;89.99;0.0;Upgrade;;;Não calculado
27/05/2026;2026;5;Mai.;maio;2026-05;Mai./26;Leticia Silva;Leticia Silva;True;contacomigob4;Upgrade;Não informado;"Texto Mágico; IA Copiloto";"Texto Mágico; IA Copiloto";https://app.pipefy.com/open-cards/1357348566;Up;Não informado;Outros motivos descritos;Up IA Texto Mágico - 1.000 créditos + IA Copiloto - 500 créditos (R$69,80).;2;69.8;0.0;Upgrade;;;Não calculado
27/05/2026;2026;5;Mai.;maio;2026-05;Mai./26;Leticia Silva;Leticia Silva;True;fsprime;Upgrade;Não informado;Conexão adicional de WhatsApp - WABA;Conexão adicional de WhatsApp - WABA;https://app.pipefy.com/open-cards/1357096939;Up;Não informado;Outros motivos descritos;Up Conexão Waba Adicional.;1;89.0;0.0;Upgrade;;;Não calculado
27/05/2026;2026;5;Mai.;maio;2026-05;Mai./26;Melissa Duarte;Melissa Duarte;True;grupodna4;Upgrade;Não informado;"Conexão Instagram Direct; Conexão Facebook Messenger; Conexão adicional de WhatsApp - WABA";Conexão Instagram Direct + outros;https://app.pipefy.com/open-cards/1357118741;Up;Não informado;Outros motivos descritos;UP Conexao de Instagram e Conexão de Facebook com desconto R$120,00 UP conexão adicional WABA R$89,00;3;209.0;0.0;Upgrade;;;Não calculado
27/05/2026;2026;5;Mai.;maio;2026-05;Mai./26;Noemy Biazão;Noemy Biazão;True;newpc;Upgrade;Não informado;Servidores;Servidores;https://app.pipefy.com/open-cards/1357166411;Up;Não informado;Redução de custo;Upgrade de servidor 2/4 - Valor 89,00;1;89.0;0.0;Upgrade;;;Não calculado
27/05/2026;2026;5;Mai.;maio;2026-05;Mai./26;Noemy Biazão;Noemy Biazão;True;unifarmamanipulacao;Upgrade;Não informado;Servidores;Servidores;https://app.pipefy.com/open-cards/1357089708;Up;Não informado;Redução de custo;Upgrade de servidor 2/4 - Valor 89,00;1;89.0;0.0;Upgrade;;;Não calculado
27/05/2026;2026;5;Mai.;maio;2026-05;Mai./26;Priscila Pavani;Priscila Pavani;True;clubepremium;Upgrade;Não informado;Conexão adicional de WhatsApp - WABA;Conexão adicional de WhatsApp - WABA;https://app.pipefy.com/open-cards/1357371690;Up;Não informado;Redução de custo;Tipo: Upgrade Produto: 1 Conexão WABA / Gupshup / Direct Payment Valor: R$ 80,10 URL: clubepremium Protocolo: 202605271768988;1;80.1;0.0;Upgrade;;;Não calculado
27/05/2026;2026;5;Mai.;maio;2026-05;Mai./26;Priscila Pavani;Priscila Pavani;True;clubepremium;Upgrade;Não informado;Conexão adicional de WhatsApp - WABA;Conexão adicional de WhatsApp - WABA;https://app.pipefy.com/open-cards/1357113606;Up;Não informado;Redução de custo;Tipo: Upgrade Produto: 2 Conexões WABA / Gupshup / Direct Payment  Valor: R$ 160,20 URL: clubepremium Protocolo: 202605271768045;1;178.0;0.0;Upgrade;;;Não calculado
27/05/2026;2026;5;Mai.;maio;2026-05;Mai./26;Priscila Pavani;Priscila Pavani;True;localcred5;Upgrade;Não informado;Conexão adicional de WhatsApp - WABA;Conexão adicional de WhatsApp - WABA;https://app.pipefy.com/open-cards/1357106428;Up;Não informado;Redução de custo;Tipo: Upgrade Produto: 2 conexões WABA / Gupshup / Direct Payment Valor: R$ 178,00 URL: localcred5 Protocolo: 202605271768028;1;178.0;0.0;Upgrade;;;Não calculado
27/05/2026;2026;5;Mai.;maio;2026-05;Mai./26;Vinicius Simões;Vinicius Simões;True;rapidin;Upgrade;Não informado;Conexão adicional de WhatsApp - WABA;Conexão adicional de WhatsApp - WABA;https://app.pipefy.com/open-cards/1357232488;Up;Não informado;Outros motivos descritos;Upgrade: - 10x Conexões adicionais de WhatsApp API Oficial - R$ 890,00;1;890.0;0.0;Upgrade;;;Não calculado
27/05/2026;2026;5;Mai.;maio;2026-05;Mai./26;Vinicius Simões;Vinicius Simões;True;rolamais;Upgrade;Não informado;Primeira ativação de número oficial;Primeira ativação de número oficial;https://app.pipefy.com/open-cards/1357243605;Up;Não informado;Outros motivos descritos;Upgrade: - 1x Conexão de WhastApp API Oficial - R$ 89,00;1;89.0;0.0;Upgrade;;;Não calculado
28/05/2026;2026;5;Mai.;maio;2026-05;Mai./26;82573565;Usuário inexistente;False;betodehon;Upgrade;Não informado;Usuário adicional;Usuário adicional;https://app.pipefy.com/open-cards/1357845887;Up;Não informado;Outros motivos descritos;Upgrade 4 usuários adicionais, R$ 116,00 (29,00 cada) para a URL: betodehon;1;116.0;0.0;Upgrade;;;Não calculado
28/05/2026;2026;5;Mai.;maio;2026-05;Mai./26;82573565;Usuário inexistente;False;capecce;Upgrade;Não informado;Servidores;Servidores;https://app.pipefy.com/open-cards/1357825528;Up;Não informado;Outros motivos descritos;Upgrade Servidor 2/4 - R$ 89,00;1;89.0;0.0;Upgrade;;;Não calculado
28/05/2026;2026;5;Mai.;maio;2026-05;Mai./26;82573565;Usuário inexistente;False;castelocapital;Upgrade;Não informado;Usuário adicional;Usuário adicional;https://app.pipefy.com/open-cards/1357920831;Up;Não informado;Outros motivos descritos;Upgrade 1 usuário adicional, R$ 29,00, para a url: castelocapital.digisac.co;1;29.0;0.0;Upgrade;;;Não calculado
28/05/2026;2026;5;Mai.;maio;2026-05;Mai./26;Guilherme Virgilio Soares;Guilherme Virgilio Soares;True;envisione;Upgrade;Não informado;IA Agent;IA Agent;https://app.pipefy.com/open-cards/1358107552;Up;Não informado;Outros motivos descritos;- Upgrade: IA Agente Inteligente - 1.000 créditos | R$ 112,90 |;1;112.9;0.0;Upgrade;;;Não calculado
28/05/2026;2026;5;Mai.;maio;2026-05;Mai./26;Guilherme Virgilio Soares;Guilherme Virgilio Soares;True;scotttributario;Upgrade;Não informado;Transcrição de Áudio;Transcrição de Áudio;https://app.pipefy.com/open-cards/1358140244;Up;Não informado;Outros motivos descritos;- Upgrade: IA Transcrição de áudios - 500 créditos | R$ 24,90 |;1;24.9;0.0;Upgrade;;;Não calculado
28/05/2026;2026;5;Mai.;maio;2026-05;Mai./26;Marcela Medeiros;Marcela Medeiros;True;puhlequipamentos;Upgrade;Não informado;Funil de vendas;Funil de vendas;https://app.pipefy.com/open-cards/1357950596;Up;Não informado;Outros motivos descritos;"Up: Funil de vendas; Protocolo: 202605281769855";1;49.0;0.0;Upgrade;;;Não calculado
28/05/2026;2026;5;Mai.;maio;2026-05;Mai./26;Noemy Biazão;Noemy Biazão;True;afbusinessconsultig;Upgrade;Não informado;Usuário adicional;Usuário adicional;https://app.pipefy.com/open-cards/1358101312;Up;Não informado;Redução de custo;upgrade de 2 usúarios valor de R$ 58,00;1;58.0;0.0;Upgrade;;;Não calculado
28/05/2026;2026;5;Mai.;maio;2026-05;Mai./26;Noemy Biazão;Noemy Biazão;True;costamar;Upgrade;Não informado;Funil de vendas;Funil de vendas;https://app.pipefy.com/open-cards/1357809816;Up;Não informado;Redução de custo;Upgrade funil de vendas valor R$ 49,00;1;49.0;0.0;Upgrade;;;Não calculado
28/05/2026;2026;5;Mai.;maio;2026-05;Mai./26;Noemy Biazão;Noemy Biazão;True;grechiinflada;Upgrade;Não informado;Usuário adicional;Usuário adicional;https://app.pipefy.com/open-cards/1357872898;Up;Não informado;Redução de custo;Upgrade de 1 usuario - valor: R$ 29,00;1;29.0;0.0;Upgrade;;;Não calculado
28/05/2026;2026;5;Mai.;maio;2026-05;Mai./26;Noemy Biazão;Noemy Biazão;True;smartcont;Upgrade;Não informado;Servidores;Servidores;https://app.pipefy.com/open-cards/1357912855;Up;Não informado;Redução de custo;Upgrade de servidor 2/4 - Valor R$ 89,00;1;89.0;0.0;Upgrade;;;Não calculado
28/05/2026;2026;5;Mai.;maio;2026-05;Mai./26;Noemy Biazão;Noemy Biazão;True;sofaseros;Upgrade;Não informado;Conexão adicional de WhatsApp;Conexão adicional de WhatsApp;https://app.pipefy.com/open-cards/1357933616;Up;Não informado;Redução de custo;Upgrade de conexão convecional whatsapp Valor: 89,00;1;89.0;0.0;Upgrade;;;Não calculado
28/05/2026;2026;5;Mai.;maio;2026-05;Mai./26;Priscila Pavani;Priscila Pavani;True;localcred5;Upgrade;Não informado;Conexão adicional de WhatsApp - WABA;Conexão adicional de WhatsApp - WABA;https://app.pipefy.com/open-cards/1357916245;Up;Não informado;Redução de custo;Tipo: Upgrade Produto: 1 conexão WABA / Gupshup / Direct Payment Valor: R$ 89,00 URL: localcred5 Protocolo: 202605271768028;1;89.0;0.0;Upgrade;;;Não calculado
28/05/2026;2026;5;Mai.;maio;2026-05;Mai./26;Vinicius Simões;Vinicius Simões;True;convencaobatista;Upgrade;Não informado;Primeira ativação de número oficial;Primeira ativação de número oficial;https://app.pipefy.com/open-cards/1358133814;Up;Não informado;Outros motivos descritos;Upgrade: - 1x Conexão de WhatsApp API Oficial - R$ 89,00;1;89.0;0.0;Upgrade;;;Não calculado
28/05/2026;2026;5;Mai.;maio;2026-05;Mai./26;Vinicius Simões;Vinicius Simões;True;corretoranascimento;Upgrade;Não informado;Primeira ativação de número oficial;Primeira ativação de número oficial;https://app.pipefy.com/open-cards/1358079745;Up;Não informado;Outros motivos descritos;Upgrade: - 1x Conexão de WhatsApp API Oficial - R$ 79,00;1;89.0;0.0;Upgrade;;;Não calculado
28/05/2026;2026;5;Mai.;maio;2026-05;Mai./26;Vinicius Simões;Vinicius Simões;True;defjoias;Upgrade;Não informado;Conexão adicional de WhatsApp - WABA;Conexão adicional de WhatsApp - WABA;https://app.pipefy.com/open-cards/1357858310;Up;Não informado;Outros motivos descritos;Upgrade: - 3x Conexões adicionais de WhatsApp API Oficial - R$ 267,00;1;267.0;0.0;Upgrade;;;Não calculado
28/05/2026;2026;5;Mai.;maio;2026-05;Mai./26;Vinicius Simões;Vinicius Simões;True;ferreiracontabilidade;Upgrade;Não informado;Primeira ativação de número oficial;Primeira ativação de número oficial;https://app.pipefy.com/open-cards/1357925786;Up;Não informado;Outros motivos descritos;Upgrade: - 1x Conexão adicional de WhatsApp API Oficial - R$ 89,00;1;89.0;0.0;Upgrade;;;Não calculado
29/05/2026;2026;5;Mai.;maio;2026-05;Mai./26;82573565;Usuário inexistente;False;distribuidoragamma;Upgrade;Não informado;Usuário adicional;Usuário adicional;https://app.pipefy.com/open-cards/1358596824;Up;Não informado;Outros motivos descritos;Upgrade 10 usuários R$ 290,00 (29,00 cada) Liberado um bonificado ao cliente;1;290.0;0.0;Upgrade;;;Não calculado
29/05/2026;2026;5;Mai.;maio;2026-05;Mai./26;82573565;Usuário inexistente;False;futuromed;Upgrade;Não informado;"Usuário adicional; Conexão adicional de WhatsApp; Servidores";Usuário adicional + outros;https://app.pipefy.com/open-cards/1358431203;Up;Não informado;Redução de custo;Upgrade 4 usuários R$ 116,00 (29,00 cada) // 2 Conexões de Whatsapp R$ 178,00 (89,00 cada) // Servidor 2/4 R$ 89,00. Valor total: 363,00;3;363.0;0.0;Upgrade;;;Não calculado
29/05/2026;2026;5;Mai.;maio;2026-05;Mai./26;82573565;Usuário inexistente;False;interip;Upgrade;Não informado;Funil de vendas;Funil de vendas;https://app.pipefy.com/open-cards/1358514398;Up;Não informado;Outros motivos descritos;Upgrade Funil de Vendas - R$ 49,00;1;49.0;0.0;Upgrade;;;Não calculado
29/05/2026;2026;5;Mai.;maio;2026-05;Mai./26;82573565;Usuário inexistente;False;la3mci;Upgrade;Não informado;URL;URL;https://app.pipefy.com/open-cards/1358646573;Migração/Outro;Não informado;Outros motivos descritos;Não informado;1;0.0;0.0;Upgrade;;;Não calculado
29/05/2026;2026;5;Mai.;maio;2026-05;Mai./26;82573565;Usuário inexistente;False;luanmazza;Upgrade;Não informado;Servidores;Servidores;https://app.pipefy.com/open-cards/1358558656;Up;Não informado;Outros motivos descritos;Upgrade Servidor 2/4 - R$ 89,00;1;89.0;0.0;Upgrade;;;Não calculado
29/05/2026;2026;5;Mai.;maio;2026-05;Mai./26;82573565;Usuário inexistente;False;unimedas;Upgrade;Não informado;Usuário adicional;Usuário adicional;https://app.pipefy.com/open-cards/1358345451;Up;Não informado;Outros motivos descritos;Upgrade 2 usuáros adicionais R$ 58,00 (29,00 cada). Cliente não possui meu plano;1;58.0;0.0;Upgrade;;;Não calculado
29/05/2026;2026;5;Mai.;maio;2026-05;Mai./26;Guilherme Virgilio Soares;Guilherme Virgilio Soares;True;jkd;Upgrade;Não informado;IA Agent;IA Agent;https://app.pipefy.com/open-cards/1358414097;Up;Não informado;Outros motivos descritos;- Upgrade: IA Agente Inteligente - 1.000 créditos | R$ 112,90 |;1;112.9;0.0;Upgrade;;;Não calculado
29/05/2026;2026;5;Mai.;maio;2026-05;Mai./26;Guilherme Virgilio Soares;Guilherme Virgilio Soares;True;royaleagleinsurance;Upgrade;Não informado;Usuário adicional;Usuário adicional;https://app.pipefy.com/open-cards/1358619169;Up;Não informado;Outros motivos descritos;- Upgrade: 1x Usuário adicional | R$ 29,00 | (USD 6,00);1;29.0;0.0;Upgrade;;;Não calculado
29/05/2026;2026;5;Mai.;maio;2026-05;Mai./26;Leticia Silva;Leticia Silva;True;flipboat;Upgrade;Não informado;Primeira ativação de número oficial;Primeira ativação de número oficial;https://app.pipefy.com/open-cards/1358450307;Up;Não informado;Outros motivos descritos;Primeira ativação de número oficial;1;89.0;0.0;Upgrade;;;Não calculado
29/05/2026;2026;5;Mai.;maio;2026-05;Mai./26;Noemy Biazão;Noemy Biazão;True;destakconsultoria;Upgrade;Não informado;Conexão Instagram Direct;Conexão Instagram Direct;https://app.pipefy.com/open-cards/1358481019;Up;Não informado;Redução de custo;Upgrade de conexão instagram valor: 89,00;1;89.0;0.0;Upgrade;;;Não calculado
29/05/2026;2026;5;Mai.;maio;2026-05;Mai./26;Noemy Biazão;Noemy Biazão;True;formulamais;Upgrade;Não informado;Usuário adicional;Usuário adicional;https://app.pipefy.com/open-cards/1358344950;Up;Não informado;Redução de custo;Upgrade de 1 usuario Valor de 29,00;1;29.0;0.0;Upgrade;;;Não calculado
29/05/2026;2026;5;Mai.;maio;2026-05;Mai./26;Noemy Biazão;Noemy Biazão;True;sturmerrecursosdemultas;Upgrade;Não informado;Servidores;Servidores;https://app.pipefy.com/open-cards/1358618080;Up;Não informado;Outros motivos descritos;Upgrade SERVIDOR 4/8 - R$ 169,00;1;169.0;0.0;Upgrade;;;Não calculado
29/05/2026;2026;5;Mai.;maio;2026-05;Mai./26;Noemy Biazão;Noemy Biazão;True;vitoriasantosadv;Upgrade;Não informado;Chat interno;Chat interno;https://app.pipefy.com/open-cards/1358596197;Up;Não informado;Redução de custo;Upgrade chat interno - Valor 89,00;1;89.0;0.0;Upgrade;;;Não calculado
29/05/2026;2026;5;Mai.;maio;2026-05;Mai./26;Tadiane Biason;Tadiane Biason;True;mixfinanceira4;Upgrade;Não informado;Conexão adicional de WhatsApp;Conexão adicional de WhatsApp;https://app.pipefy.com/open-cards/1358457820;Up;Não informado;Redução de custo;Tipo: Upgrade Produto: 4 conexões comuns Valor: R$ 359,00 URL: mixfinanceira4 Protocolo: 202605291771411;1;359.0;0.0;Upgrade;;;Não calculado
29/05/2026;2026;5;Mai.;maio;2026-05;Mai./26;Vinicius Simões;Vinicius Simões;True;advandereneto;Upgrade;Não informado;Primeira ativação de número oficial;Primeira ativação de número oficial;https://app.pipefy.com/open-cards/1360341220;Up;Não informado;Outros motivos descritos;Upgrade: - 1x Conexão de WhatsApp API Oficial - R$ 89,00;1;89.0;0.0;Upgrade;;;Não calculado
29/05/2026;2026;5;Mai.;maio;2026-05;Mai./26;Vinicius Simões;Vinicius Simões;True;extrajudicialnefadv;Upgrade;Não informado;Conexão adicional de WhatsApp - WABA;Conexão adicional de WhatsApp - WABA;https://app.pipefy.com/open-cards/1358373775;Up;Não informado;Outros motivos descritos;Upgrade: - 1x Conexão adicional de WhatsApp API Oficial - R$ 89,00;1;89.0;0.0;Upgrade;;;Não calculado
01/06/2026;2026;6;Jun.;junho;2026-06;Jun./26;82573565;Usuário inexistente;False;bitbarsc;Upgrade;Não informado;Servidores;Servidores;https://app.pipefy.com/open-cards/1360165173;Up;Não informado;Outros motivos descritos;Upgrade Servidor R$ 89,00;1;89.0;0.0;Upgrade;;;Não calculado
01/06/2026;2026;6;Jun.;junho;2026-06;Jun./26;82573565;Usuário inexistente;False;remaxlider;Upgrade;Não informado;Integração;Integração;https://app.pipefy.com/open-cards/1360696823;Up;Não informado;Outros motivos descritos;Não informado;1;69.99;0.0;Upgrade;;;Não calculado
01/06/2026;2026;6;Jun.;junho;2026-06;Jun./26;82573565;Usuário inexistente;False;woscontabilidade;Upgrade;Não informado;Usuário adicional;Usuário adicional;https://app.pipefy.com/open-cards/1360062412;Up;Não informado;Outros motivos descritos;Upgrade 1 usuário adicional R$ 29,00. Cliente não possui mais acesso a área meu plano;1;29.0;0.0;Upgrade;;;Não calculado
01/06/2026;2026;6;Jun.;junho;2026-06;Jun./26;Guilherme Virgilio Soares;Guilherme Virgilio Soares;True;facilti;Upgrade;Não informado;IA Copiloto;IA Copiloto;https://app.pipefy.com/open-cards/1360034251;Up;Não informado;Outros motivos descritos;- Upgrade: IA Copiloto - 500 créditos | R$49,90 |;1;49.9;0.0;Upgrade;;;Não calculado
01/06/2026;2026;6;Jun.;junho;2026-06;Jun./26;Leticia Silva;Leticia Silva;True;arqueclinica;Upgrade;Não informado;Primeira ativação de número oficial;Primeira ativação de número oficial;https://app.pipefy.com/open-cards/1361855482;Up;Não informado;Outros motivos descritos;Primeira ativação de número oficial;1;89.0;0.0;Upgrade;;;Não calculado
01/06/2026;2026;6;Jun.;junho;2026-06;Jun./26;Mariana Nunes;Mariana Nunes;True;dalaquaconsultoria;Upgrade;Não informado;Distribuição automática;Distribuição automática;https://app.pipefy.com/open-cards/1360324410;Up;Não informado;Processo/uso operacional;Upgrade distribuição automática, protocolo de atendimento 202606011772694;1;89.0;0.0;Upgrade;;;Não calculado
01/06/2026;2026;6;Jun.;junho;2026-06;Jun./26;Noemy Biazão;Noemy Biazão;True;capper;Upgrade;Não informado;Usuário adicional;Usuário adicional;https://app.pipefy.com/open-cards/1360179618;Up;Não informado;Redução de custo;Upgrade de 2 usuários - Valor R$ 29,00 cada;1;58.0;0.0;Upgrade;;;Não calculado
01/06/2026;2026;6;Jun.;junho;2026-06;Jun./26;Noemy Biazão;Noemy Biazão;True;imoboliariamapa;Upgrade;Não informado;Conexão adicional de WhatsApp;Conexão adicional de WhatsApp;https://app.pipefy.com/open-cards/1360710565;Up;Não informado;Redução de custo;Upgrade de Conexão Adicional de WhatsApp - Valor R$ 89,00;1;89.0;0.0;Upgrade;;;Não calculado
01/06/2026;2026;6;Jun.;junho;2026-06;Jun./26;Noemy Biazão;Noemy Biazão;True;royaleagleinsurance;Upgrade;Não informado;Usuário adicional;Usuário adicional;https://app.pipefy.com/open-cards/1360528530;Up;Não informado;Outros motivos descritos;Upgrade usuário adicional | R$ 29,00 | (USD 6,00);1;29.0;0.0;Upgrade;;;Não calculado
01/06/2026;2026;6;Jun.;junho;2026-06;Jun./26;Noemy Biazão;Noemy Biazão;True;unifacol;Upgrade;Não informado;Usuário adicional;Usuário adicional;https://app.pipefy.com/open-cards/1360148515;Up;Não informado;Redução de custo;Upgrade de 2 usuarios - Valor R$ 29,00 cada;1;58.0;0.0;Upgrade;;;Não calculado
01/06/2026;2026;6;Jun.;junho;2026-06;Jun./26;Tadiane Biason;Tadiane Biason;True;contassesc4;Upgrade;Não informado;Usuário adicional;Usuário adicional;https://app.pipefy.com/open-cards/1360208464;Up;Não informado;Redução de custo;Tipo: Upgrade Produto: 3 usuários URL: contasesc4 Valor: R$ 87,00 Protocolo: 202606011772589;1;87.0;0.0;Upgrade;;;Não calculado
01/06/2026;2026;6;Jun.;junho;2026-06;Jun./26;Tadiane Biason;Tadiane Biason;True;grupoi9digital;Upgrade;Não informado;Conexão adicional de WhatsApp - WABA;Conexão adicional de WhatsApp - WABA;https://app.pipefy.com/open-cards/1360078074;Up;Não informado;Redução de custo;Cliente fez a contratação de uma conexão adicional waba, no valor de R$ 89,00;1;89.0;0.0;Upgrade;;;Não calculado
02/06/2026;2026;6;Jun.;junho;2026-06;Jun./26;Gustavo Medeiros;Gustavo Medeiros;True;magodopismequipe;Upgrade;Não informado;Conexão adicional de WhatsApp - WABA;Conexão adicional de WhatsApp - WABA;https://app.pipefy.com/open-cards/1362375185;Up;Não informado;Outros motivos descritos;Contratação de conexão adicional oficial.;1;89.0;0.0;Upgrade;;;Não calculado
02/06/2026;2026;6;Jun.;junho;2026-06;Jun./26;Gustavo Medeiros;Gustavo Medeiros;True;seklasystems;Upgrade;Não informado;IA Copiloto;IA Copiloto;https://app.pipefy.com/open-cards/1361579609;Up;Não informado;Outros motivos descritos;contratação pacote de ia;1;114.0;0.0;Upgrade;;;Não calculado
02/06/2026;2026;6;Jun.;junho;2026-06;Jun./26;Gustavo Medeiros;Gustavo Medeiros;True;turismolegal;Upgrade;Não informado;Conexão adicional de WhatsApp - WABA;Conexão adicional de WhatsApp - WABA;https://app.pipefy.com/open-cards/1362174320;Up;Não informado;Outros motivos descritos;Contratação de conexão WhatsApp Business API oficial;1;89.0;0.0;Upgrade;;;Não calculado
02/06/2026;2026;6;Jun.;junho;2026-06;Jun./26;Leticia Silva;Leticia Silva;True;saudelivrejundiai;Upgrade;Não informado;Primeira ativação de número oficial;Primeira ativação de número oficial;https://app.pipefy.com/open-cards/1362345741;Up;Não informado;Outros motivos descritos;Primeira ativação de número oficial;1;89.0;0.0;Upgrade;;;Não calculado
02/06/2026;2026;6;Jun.;junho;2026-06;Jun./26;Mariana Nunes;Mariana Nunes;True;alfaiatariadeideias;Upgrade;Não informado;Conexão Instagram Direct;Conexão Instagram Direct;https://app.pipefy.com/open-cards/1361570322;Up;Não informado;Redução de custo;Upgrade conexão instagram no valor de R$ 89,00 | Protocolo 202606011773322;1;89.0;0.0;Upgrade;;;Não calculado
02/06/2026;2026;6;Jun.;junho;2026-06;Jun./26;Mariana Nunes;Mariana Nunes;True;auxiliocontabil;Upgrade;Não informado;Servidores;Servidores;https://app.pipefy.com/open-cards/1361869101;Up;Não informado;Outros motivos descritos;Upgrade servidor 4/8 R$ 169,00 | Protocolo 202606021773655;1;169.0;0.0;Upgrade;;;Não calculado
02/06/2026;2026;6;Jun.;junho;2026-06;Jun./26;Mariana Nunes;Mariana Nunes;True;drwendelluguetto;Upgrade;Não informado;Conexão Instagram Direct;Conexão Instagram Direct;https://app.pipefy.com/open-cards/1362379570;Up;Não informado;Outros motivos descritos;Upgrade conexão adicional de Instagram R$ 89,00 | Protocolo 202606011773428;1;89.0;0.0;Upgrade;;;Não calculado
02/06/2026;2026;6;Jun.;junho;2026-06;Jun./26;Mariana Nunes;Mariana Nunes;True;pontosystem;Upgrade;Não informado;Texto Mágico;Texto Mágico;https://app.pipefy.com/open-cards/1361793219;Up;Não informado;Outros motivos descritos;Upgrade IA Texto Mágico 1.000 créditos | Protocolo 202606021773834;1;19.9;0.0;Upgrade;;;Não calculado
02/06/2026;2026;6;Jun.;junho;2026-06;Jun./26;Mariana Nunes;Mariana Nunes;True;srodrigues;Upgrade;Não informado;Conexão adicional de WhatsApp;Conexão adicional de WhatsApp;https://app.pipefy.com/open-cards/1361626098;Up;Não informado;Outros motivos descritos;Upgrade conexão adicional de whatsapp;1;89.0;0.0;Upgrade;;;Não calculado
02/06/2026;2026;6;Jun.;junho;2026-06;Jun./26;Noemy Biazão;Noemy Biazão;True;anchieta;Upgrade;Não informado;Funil de vendas;Funil de vendas;https://app.pipefy.com/open-cards/1361533214;Up;Não informado;Redução de custo;Upgrade de funil de vendas - Valor 49,00;1;49.0;0.0;Upgrade;;;Não calculado
02/06/2026;2026;6;Jun.;junho;2026-06;Jun./26;Noemy Biazão;Noemy Biazão;True;apiabogados;Upgrade;Não informado;Usuário adicional;Usuário adicional;https://app.pipefy.com/open-cards/1361802567;Up;Não informado;Outros motivos descritos;Upgrade de 2 usuarios | USD 6,00 cada | Total: USD 12,00;1;60.0;0.0;Upgrade;;;Não calculado
02/06/2026;2026;6;Jun.;junho;2026-06;Jun./26;Noemy Biazão;Noemy Biazão;True;clinicperrella;Upgrade;Não informado;Funil de vendas;Funil de vendas;https://app.pipefy.com/open-cards/1361841265;Up;Não informado;Redução de custo;Upgrade Funil de vendas Valor 49,00;1;49.0;0.0;Upgrade;;;Não calculado
02/06/2026;2026;6;Jun.;junho;2026-06;Jun./26;Noemy Biazão;Noemy Biazão;True;doctorlive;Upgrade;Não informado;Funil de vendas;Funil de vendas;https://app.pipefy.com/open-cards/1361561150;Up;Não informado;Redução de custo;Upgrade de funil de vendas - Valor 49,00;1;49.0;0.0;Upgrade;;;Não calculado
02/06/2026;2026;6;Jun.;junho;2026-06;Jun./26;Noemy Biazão;Noemy Biazão;True;karinauchoaadvocacia;Upgrade;Não informado;Servidores;Servidores;https://app.pipefy.com/open-cards/1361591533;Up;Não informado;Redução de custo;Upgrade de Servidor 2/4 - Valor 89,00;1;89.0;0.0;Upgrade;;;Não calculado
02/06/2026;2026;6;Jun.;junho;2026-06;Jun./26;Noemy Biazão;Noemy Biazão;True;lbinsuranceagency;Upgrade;Não informado;Usuário adicional;Usuário adicional;https://app.pipefy.com/open-cards/1362235369;Up;Não informado;Outros motivos descritos;Upgrade de 2 usuários adicionais | R$ 58,00 | (USD 12,00);1;58.0;0.0;Upgrade;;;Não calculado
02/06/2026;2026;6;Jun.;junho;2026-06;Jun./26;Noemy Biazão;Noemy Biazão;True;sigasul;Upgrade;Não informado;Servidores;Servidores;https://app.pipefy.com/open-cards/1361875339;Up;Não informado;Redução de custo;Upgrade de Servidor 8/16 valor: 349,00;1;349.0;0.0;Upgrade;;;Não calculado
02/06/2026;2026;6;Jun.;junho;2026-06;Jun./26;Noemy Biazão;Noemy Biazão;True;tek;Upgrade;Não informado;Funil de vendas;Funil de vendas;https://app.pipefy.com/open-cards/1361720338;Up;Não informado;Outros motivos descritos;Upgrade Funil de vendas - R$ 49,00;1;49.0;0.0;Upgrade;;;Não calculado
02/06/2026;2026;6;Jun.;junho;2026-06;Jun./26;Priscila Pavani;Priscila Pavani;True;integralidademedica;Upgrade;Não informado;Conexão adicional de WhatsApp - WABA;Conexão adicional de WhatsApp - WABA;https://app.pipefy.com/open-cards/1362084137;Up;Não informado;Redução de custo;Tipo: Upgrade Produto: 1 conexão WABA / Gupshup / Direct Payment Valor: R$ 89,00 URL: integralidademedica Protocolo: 202606021773692;1;89.0;0.0;Upgrade;;;Não calculado
02/06/2026;2026;6;Jun.;junho;2026-06;Jun./26;Priscila Pavani;Priscila Pavani;True;localcred5;Upgrade;Não informado;Conexão adicional de WhatsApp - WABA;Conexão adicional de WhatsApp - WABA;https://app.pipefy.com/open-cards/1362306567;Up;Não informado;Redução de custo;Tipo: Upgrade  Produto: 1 conexão WABA / Gupshup / Direct Payment  Valor: R$ 89,00  URL: localcred5  Protocolo: 202605271768028;1;89.0;0.0;Upgrade;;;Não calculado
02/06/2026;2026;6;Jun.;junho;2026-06;Jun./26;Tadiane Biason;Tadiane Biason;True;dicave;Upgrade;Não informado;Primeira ativação de número oficial;Primeira ativação de número oficial;https://app.pipefy.com/open-cards/1361993347;Up;Não informado;Redução de custo;Tipo: Upagrade Produto: 1 conexao oficial Valor: 89,00 URL: dicave Protocolo: tudo tratado por e-mail;1;89.0;0.0;Upgrade;;;Não calculado
02/06/2026;2026;6;Jun.;junho;2026-06;Jun./26;Tadiane Biason;Tadiane Biason;True;grupoi9digital;Upgrade;Não informado;Conexão adicional de WhatsApp - WABA;Conexão adicional de WhatsApp - WABA;https://app.pipefy.com/open-cards/1362297466;Up;Não informado;Outros motivos descritos;Tipo: Upgrade Produto:1 conexão Oficial - GupShup - 89,00 URL: grupoi9digital Protocolo: 202605291771558;1;89.0;0.0;Upgrade;;;Não calculado
02/06/2026;2026;6;Jun.;junho;2026-06;Jun./26;Tadiane Biason;Tadiane Biason;True;mixfinanceira1;Upgrade;Não informado;Conexão adicional de WhatsApp - WABA;Conexão adicional de WhatsApp - WABA;https://app.pipefy.com/open-cards/1362082749;Up;Não informado;Redução de custo;Tipo: Upgrade  Produto: 2 conexoes oficiais  (Total: R$ 178,00)  URL: mixfinanceira1  Protocolo: 202606021774424;1;178.0;0.0;Upgrade;;;Não calculado
02/06/2026;2026;6;Jun.;junho;2026-06;Jun./26;Tadiane Biason;Tadiane Biason;True;mixfinanceira2;Upgrade;Não informado;Conexão adicional de WhatsApp - WABA;Conexão adicional de WhatsApp - WABA;https://app.pipefy.com/open-cards/1362088700;Up;Não informado;Redução de custo;Tipo: Upgrade  Produto: 2 conexoes oficiais (Total: R$ 178,00)  URL: mixfinanceira2  Protocolo: 202606021774424;1;178.0;0.0;Upgrade;;;Não calculado
02/06/2026;2026;6;Jun.;junho;2026-06;Jun./26;Tadiane Biason;Tadiane Biason;True;mixfinanceira3;Upgrade;Não informado;Conexão adicional de WhatsApp - WABA;Conexão adicional de WhatsApp - WABA;https://app.pipefy.com/open-cards/1362094502;Up;Não informado;Redução de custo;Tipo: Upgrade  Produto: 1 conexao oficiail (Total: R$ 89,00)  URL: mixfinanceira3 Protocolo: 202606021774424;1;89.0;0.0;Upgrade;;;Não calculado
03/06/2026;2026;6;Jun.;junho;2026-06;Jun./26;82573565;Usuário inexistente;False;ecotoner;Upgrade;Não informado;Servidores;Servidores;https://app.pipefy.com/open-cards/1363525843;Up;Não informado;Outros motivos descritos;Upgrade Servidor 2/4 - R$ 89,00;1;89.0;0.0;Upgrade;;;Não calculado
03/06/2026;2026;6;Jun.;junho;2026-06;Jun./26;82573565;Usuário inexistente;False;eldoradosabores1;Upgrade;Não informado;Conexão Instagram Direct;Conexão Instagram Direct;https://app.pipefy.com/open-cards/1363921505;Up;Não informado;Outros motivos descritos;Upgrade Conexão de Instagram, R$ 89,00;1;89.0;0.0;Upgrade;;;Não calculado
03/06/2026;2026;6;Jun.;junho;2026-06;Jun./26;82573565;Usuário inexistente;False;mfcertificados;Upgrade;Não informado;Conexão Instagram Direct;Conexão Instagram Direct;https://app.pipefy.com/open-cards/1363931003;Up;Não informado;Outros motivos descritos;Upgrade Conexão de Instagram R$ 89,00;1;89.0;0.0;Upgrade;;;Não calculado
03/06/2026;2026;6;Jun.;junho;2026-06;Jun./26;82573565;Usuário inexistente;False;pgconcursospoliciais;Upgrade;Não informado;Combo Start;Combo Start;https://app.pipefy.com/open-cards/1363898488;Up;Não informado;Outros motivos descritos;Upgrade Combo Start IA - R$ 173,90;1;173.9;0.0;Upgrade;;;Não calculado
03/06/2026;2026;6;Jun.;junho;2026-06;Jun./26;82573565;Usuário inexistente;False;valdirenecorretora;Upgrade;Não informado;IA Copiloto;IA Copiloto;https://app.pipefy.com/open-cards/1363736955;Up;Não informado;Outros motivos descritos;Upgrade IA Copiloto - 500 créditos, R$ 49,90;1;49.9;0.0;Upgrade;;;Não calculado
03/06/2026;2026;6;Jun.;junho;2026-06;Jun./26;Guilherme Virgilio Soares;Guilherme Virgilio Soares;True;dxmax;Upgrade;Não informado;Conexão adicional de WhatsApp;Conexão adicional de WhatsApp;https://app.pipefy.com/open-cards/1363946398;Up;Não informado;Outros motivos descritos;- Upgrade: 1x Conexão adicional WhatsApp standard | R$ 89,00 |;1;89.0;0.0;Upgrade;;;Não calculado
03/06/2026;2026;6;Jun.;junho;2026-06;Jun./26;Gustavo Medeiros;Gustavo Medeiros;True;lelispromotora;Upgrade;Não informado;Conexão adicional de WhatsApp - WABA;Conexão adicional de WhatsApp - WABA;https://app.pipefy.com/open-cards/1363284732;Up;Não informado;Outros motivos descritos;Contratação de conexão oficial;1;89.0;0.0;Upgrade;;;Não calculado
03/06/2026;2026;6;Jun.;junho;2026-06;Jun./26;Leticia Silva;Leticia Silva;True;andradas;Upgrade;Não informado;Primeira ativação de número oficial;Primeira ativação de número oficial;https://app.pipefy.com/open-cards/1363915397;Up;Não informado;Outros motivos descritos;Primeira ativação de número oficial;1;89.0;0.0;Upgrade;;;Não calculado
03/06/2026;2026;6;Jun.;junho;2026-06;Jun./26;Marcela Medeiros;Marcela Medeiros;True;castanimoveis;Upgrade;Não informado;URL;URL;https://app.pipefy.com/open-cards/1363218431;Migração/Outro;Não informado;Outros motivos descritos;Não informado;1;0.0;0.0;Upgrade;;;Não calculado
03/06/2026;2026;6;Jun.;junho;2026-06;Jun./26;Mariana Nunes;Mariana Nunes;True;escritorioferrari;Upgrade;Não informado;Chat interno;Chat interno;https://app.pipefy.com/open-cards/1363859003;Up;Não informado;Outros motivos descritos;Upgrade Chat Interno R$ 89,00 | Protocolo 202606031775041;1;89.0;0.0;Upgrade;;;Não calculado
03/06/2026;2026;6;Jun.;junho;2026-06;Jun./26;Noemy Biazão;Noemy Biazão;True;artevisualgrafica;Upgrade;Não informado;Servidores;Servidores;https://app.pipefy.com/open-cards/1363913561;Up;Não informado;Redução de custo;Upgrade de Servidor 2/4 - Valor: 89,00;1;89.0;0.0;Upgrade;;;Não calculado
03/06/2026;2026;6;Jun.;junho;2026-06;Jun./26;Noemy Biazão;Noemy Biazão;True;fiscallgestao;Upgrade;Não informado;Servidores;Servidores;https://app.pipefy.com/open-cards/1363262768;Up;Não informado;Redução de custo;Upgrade de servidor 4/8 - Valor R$169,00;1;169.0;0.0;Upgrade;;;Não calculado
03/06/2026;2026;6;Jun.;junho;2026-06;Jun./26;Priscila Pavani;Priscila Pavani;True;barcelossop1;Upgrade;Não informado;Usuário adicional;Usuário adicional;https://app.pipefy.com/open-cards/1363549519;Up;Não informado;Outros motivos descritos;Tipo: Upgrade Produto: 1 usuário R$ 25,00 URL: barcelossop1 Protocolo: 202606021774945;1;25.0;0.0;Upgrade;;;Não calculado
05/06/2026;2026;6;Jun.;junho;2026-06;Jun./26;82573565;Usuário inexistente;False;besaadv;Upgrade;Não informado;Funil de vendas;Funil de vendas;https://app.pipefy.com/open-cards/1366328211;Up;Não informado;Outros motivos descritos;Upgrade Funil de vendas, R$ 49,00;1;49.0;0.0;Upgrade;;;Não calculado
05/06/2026;2026;6;Jun.;junho;2026-06;Jun./26;82573565;Usuário inexistente;False;douglasamaraladv;Upgrade;Não informado;Servidores;Servidores;https://app.pipefy.com/open-cards/1366349233;Up;Não informado;Outros motivos descritos;Upgrade Servidor 2/4, R$ 89,00;1;89.0;0.0;Upgrade;;;Não calculado
05/06/2026;2026;6;Jun.;junho;2026-06;Jun./26;82573565;Usuário inexistente;False;jarepresentacoesfr;Upgrade;Não informado;Funil de vendas;Funil de vendas;https://app.pipefy.com/open-cards/1366003115;Up;Não informado;Outros motivos descritos;Upgrade Funil de vendas R$ 49,00;1;49.0;0.0;Upgrade;;;Não calculado
05/06/2026;2026;6;Jun.;junho;2026-06;Jun./26;82573565;Usuário inexistente;False;lmmedicina;Upgrade;Não informado;Integração;Integração;https://app.pipefy.com/open-cards/1366181761;Up;Não informado;Outros motivos descritos;Upgrade Integração Feegow x Digisac, R$ 59,99;1;59.99;0.0;Upgrade;;;Não calculado
05/06/2026;2026;6;Jun.;junho;2026-06;Jun./26;82573565;Usuário inexistente;False;phenix;Upgrade;Não informado;Transcrição de Áudio;Transcrição de Áudio;https://app.pipefy.com/open-cards/1366584807;Up;Não informado;Outros motivos descritos;Upgrade IA Transcrição de áudio - Plano 500 minutos, R$ 24,90;1;24.09;0.0;Upgrade;;;Não calculado
05/06/2026;2026;6;Jun.;junho;2026-06;Jun./26;82573565;Usuário inexistente;False;qsqualitysystem;Upgrade;Não informado;Servidores;Servidores;https://app.pipefy.com/open-cards/1366755036;Up;Não informado;Outros motivos descritos;Upgrade Servidor 2/4, R$ 89,00;1;89.0;0.0;Upgrade;;;Não calculado
05/06/2026;2026;6;Jun.;junho;2026-06;Jun./26;82573565;Usuário inexistente;False;safedigital;Upgrade;Não informado;Funil de vendas;Funil de vendas;https://app.pipefy.com/open-cards/1366113262;Up;Não informado;Outros motivos descritos;Upgrade Funil de vendas, R$ 49,00;1;49.0;0.0;Upgrade;;;Não calculado
05/06/2026;2026;6;Jun.;junho;2026-06;Jun./26;82573565;Usuário inexistente;False;wjassessoriacontabil;Upgrade;Não informado;Servidores;Servidores;https://app.pipefy.com/open-cards/1366084446;Up;Não informado;Outros motivos descritos;Upgrade Servidor 4/8, R$ 169,00;1;169.0;0.0;Upgrade;;;Não calculado
05/06/2026;2026;6;Jun.;junho;2026-06;Jun./26;Guilherme Virgilio Soares;Guilherme Virgilio Soares;True;garantia;Upgrade;Não informado;Distribuição automática;Distribuição automática;https://app.pipefy.com/open-cards/1366028418;Up;Não informado;Processo/uso operacional;- Upgrade: Distribuição automática | R$ 89,00 |;1;89.0;0.0;Upgrade;;;Não calculado
05/06/2026;2026;6;Jun.;junho;2026-06;Jun./26;Gustavo Medeiros;Gustavo Medeiros;True;aroppus;Upgrade;Não informado;Conexão adicional de WhatsApp - WABA;Conexão adicional de WhatsApp - WABA;https://app.pipefy.com/open-cards/1366820504;Up;Não informado;Outros motivos descritos;Troca de uma conexão standard por conexão ABA em cliente que já é cliente de conexão oficial.;1;89.0;0.0;Upgrade;;;Não calculado
05/06/2026;2026;6;Jun.;junho;2026-06;Jun./26;Leticia Silva;Leticia Silva;True;aloizmanipulacao;Upgrade;Não informado;Primeira ativação de número oficial;Primeira ativação de número oficial;https://app.pipefy.com/open-cards/1366700786;Up;Não informado;Outros motivos descritos;Primeira Ativação de Número Oficial;1;89.0;0.0;Upgrade;;;Não calculado
05/06/2026;2026;6;Jun.;junho;2026-06;Jun./26;Leticia Silva;Leticia Silva;True;unix;Upgrade;Não informado;Conexão adicional de WhatsApp - WABA;Conexão adicional de WhatsApp - WABA;https://app.pipefy.com/open-cards/1366380360;Up;Não informado;Outros motivos descritos;Up conexão adicional oficial;1;89.0;0.0;Upgrade;;;Não calculado
05/06/2026;2026;6;Jun.;junho;2026-06;Jun./26;Mariana Nunes;Mariana Nunes;True;odontomedsaojose;Upgrade;Não informado;Usuário adicional;Usuário adicional;https://app.pipefy.com/open-cards/1366289116;Up;Não informado;Outros motivos descritos;Upgrade 2x usuário adicional R$ 29,00 | Protocolo 202606031775271;1;58.0;0.0;Upgrade;;;Não calculado
05/06/2026;2026;6;Jun.;junho;2026-06;Jun./26;Mariana Nunes;Mariana Nunes;True;sampa;Upgrade;Não informado;Funil de vendas;Funil de vendas;https://app.pipefy.com/open-cards/1366275306;Up;Não informado;Outros motivos descritos;Upgrade funil de vendas R$ 49,00 | Protocolo 202606051776567;1;49.0;0.0;Upgrade;;;Não calculado
05/06/2026;2026;6;Jun.;junho;2026-06;Jun./26;Mariana Nunes;Mariana Nunes;True;urbanlocacaodeveiculos;Upgrade;Não informado;Servidores;Servidores;https://app.pipefy.com/open-cards/1366817819;Up;Não informado;Outros motivos descritos;Upgrade servidor 2/4 R$ 89,00 | Protocolo 202606051777177;1;89.0;0.0;Upgrade;;;Não calculado
05/06/2026;2026;6;Jun.;junho;2026-06;Jun./26;Noemy Biazão;Noemy Biazão;True;cresu;Upgrade;Não informado;Conexão Instagram Direct;Conexão Instagram Direct;https://app.pipefy.com/open-cards/1365998062;Up;Não informado;Redução de custo;Upgrade de conexão do instagram, valor: R$ 89,00;1;89.0;0.0;Upgrade;;;Não calculado
05/06/2026;2026;6;Jun.;junho;2026-06;Jun./26;Noemy Biazão;Noemy Biazão;True;previnemultas;Upgrade;Não informado;Distribuição automática;Distribuição automática;https://app.pipefy.com/open-cards/1366138932;Up;Não informado;Processo/uso operacional;Upgrade de Distribuição Automática R$: 89,00;1;89.0;0.0;Upgrade;;;Não calculado
05/06/2026;2026;6;Jun.;junho;2026-06;Jun./26;Noemy Biazão;Noemy Biazão;True;rbposgraduacao;Upgrade;Não informado;Conexão Instagram Direct;Conexão Instagram Direct;https://app.pipefy.com/open-cards/1366804859;Up;Não informado;Redução de custo;Upgrade de conexão do instagram - Valor R$ 89,00;1;89.0;0.0;Upgrade;;;Não calculado
05/06/2026;2026;6;Jun.;junho;2026-06;Jun./26;Noemy Biazão;Noemy Biazão;True;revonet;Upgrade;Não informado;Funil de vendas;Funil de vendas;https://app.pipefy.com/open-cards/1366644308;Up;Não informado;Redução de custo;Upgrade de funil de vendas após periodo de teste, Valor R$49,00;1;49.0;0.0;Upgrade;;;Não calculado
05/06/2026;2026;6;Jun.;junho;2026-06;Jun./26;Vinicius Simões;Vinicius Simões;True;assessoriasturmer;Upgrade;Não informado;Conexão adicional de WhatsApp - WABA;Conexão adicional de WhatsApp - WABA;https://app.pipefy.com/open-cards/1366719665;Up;Não informado;Outros motivos descritos;Upgrade: - 2x Conexões adicionais de WhatsApp API Oficial - R$ 178,00;1;178.0;0.0;Upgrade;;;Não calculado
05/06/2026;2026;6;Jun.;junho;2026-06;Jun./26;Vinicius Simões;Vinicius Simões;True;sigasul;Upgrade;Não informado;Conexão adicional de WhatsApp - WABA;Conexão adicional de WhatsApp - WABA;https://app.pipefy.com/open-cards/1366608567;Up;Não informado;Outros motivos descritos;Upgrade: - 1x Conexão adicional de WhatsApp API Oficial - R$ 89,00;1;89.0;0.0;Upgrade;;;Não calculado
05/06/2026;2026;6;Jun.;junho;2026-06;Jun./26;Vinicius Simões;Vinicius Simões;True;srodrigues;Upgrade;Não informado;Primeira ativação de número oficial;Primeira ativação de número oficial;https://app.pipefy.com/open-cards/1366282082;Up;Não informado;Outros motivos descritos;Upgrade: - 1x Conexão de WhatsApp API Oficial - R$ 89,00;1;89.0;0.0;Upgrade;;;Não calculado
05/06/2026;2026;6;Jun.;junho;2026-06;Jun./26;Vinicius Simões;Vinicius Simões;True;thmpipemais;Upgrade;Não informado;Conexão adicional de WhatsApp - WABA;Conexão adicional de WhatsApp - WABA;https://app.pipefy.com/open-cards/1366500928;Up;Não informado;Outros motivos descritos;Upgrade: - 1x Conexão adicional de WhatsApp API Oficial - R$ 89,00;1;89.0;0.0;Upgrade;;;Não calculado
08/06/2026;2026;6;Jun.;junho;2026-06;Jun./26;Daniel Almeida;Daniel Almeida;True;segurofeliz;Upgrade;Não informado;Usuário adicional;Usuário adicional;https://app.pipefy.com/open-cards/1370816059;Up;Não informado;Outros motivos descritos;Upgrade de usuário internacional.;1;9.0;0.0;Upgrade;;;Não calculado
08/06/2026;2026;6;Jun.;junho;2026-06;Jun./26;Leticia Silva;Leticia Silva;True;promenac;Upgrade;Não informado;Conexão adicional de WhatsApp - WABA;Conexão adicional de WhatsApp - WABA;https://app.pipefy.com/open-cards/1370663711;Up;Não informado;Redução de custo;Up Conexão Adicional Oficial (por ser pagamento Ikatec 360, o valor é de R$109,00 (alinhado com a Nathalia do financeiro).;1;109.0;0.0;Upgrade;;;Não calculado
08/06/2026;2026;6;Jun.;junho;2026-06;Jun./26;Luis Siqueira;Luis Siqueira;True;la3cefis;Upgrade;Não informado;Conexão adicional de WhatsApp - WABA;Conexão adicional de WhatsApp - WABA;https://app.pipefy.com/open-cards/1370403389;Up;Não informado;Redução de custo;Cliente fez a contratação de uma conexão adicional de whatsapp oficial, no valor de R$ 89,00;1;89.0;0.0;Upgrade;;;Não calculado
08/06/2026;2026;6;Jun.;junho;2026-06;Jun./26;Marcela Medeiros;Marcela Medeiros;True;jmnetworksolutions;Upgrade;Não informado;Primeira ativação de número oficial;Primeira ativação de número oficial;https://app.pipefy.com/open-cards/1370872466;Up;Não informado;Outros motivos descritos;UP - conexão oficial | Primeira ativção WABA;1;89.0;0.0;Upgrade;;;Não calculado
08/06/2026;2026;6;Jun.;junho;2026-06;Jun./26;Mariana Nunes;Mariana Nunes;True;botkoimobiliaria;Upgrade;Não informado;Chat interno;Chat interno;https://app.pipefy.com/open-cards/1370055747;Up;Não informado;Outros motivos descritos;Upgrade chat interno R$ 89,00 | Protocolo 202606041776456;1;89.0;0.0;Upgrade;;;Não calculado
08/06/2026;2026;6;Jun.;junho;2026-06;Jun./26;Mariana Nunes;Mariana Nunes;True;ferreirapires;Upgrade;Não informado;Servidores;Servidores;https://app.pipefy.com/open-cards/1370914409;Up;Não informado;Outros motivos descritos;Upgrade Servidor 2/4 R$ 89,00 | Protocolo 202606081777901;1;89.0;0.0;Upgrade;;;Não calculado
08/06/2026;2026;6;Jun.;junho;2026-06;Jun./26;Mariana Nunes;Mariana Nunes;True;livanceunidades;Upgrade;Não informado;Usuário adicional;Usuário adicional;https://app.pipefy.com/open-cards/1370532368;Up;Não informado;Outros motivos descritos;Upgrade 2x usuário adicional R$ 29,00  na url livanceunidades | Protocolo 202606081778243;1;58.0;0.0;Upgrade;;;Não calculado
08/06/2026;2026;6;Jun.;junho;2026-06;Jun./26;Mariana Nunes;Mariana Nunes;True;sfsolucoes;Upgrade;Não informado;Usuário adicional;Usuário adicional;https://app.pipefy.com/open-cards/1370467374;Up;Não informado;Outros motivos descritos;Upgrade usuário adicional R$ 29,00 | Protocolo 202606081778010;1;29.0;0.0;Upgrade;;;Não calculado
08/06/2026;2026;6;Jun.;junho;2026-06;Jun./26;Mariana Nunes;Mariana Nunes;True;soxcesscontabilidade;Upgrade;Não informado;"Funil de vendas; Conexão adicional de WhatsApp";"Funil de vendas; Conexão adicional de WhatsApp";https://app.pipefy.com/open-cards/1370448737;Up;Não informado;Outros motivos descritos;Upgrade 1 conexão adicional de WhatsApp (R$ 89,00/mês) e Funil de Vendas (R$ 49,00/mês) | Protocolo 202606081778052;2;138.0;0.0;Upgrade;;;Não calculado
08/06/2026;2026;6;Jun.;junho;2026-06;Jun./26;Mariana Nunes;Mariana Nunes;True;voandocomgv;Upgrade;Não informado;Conexão Instagram Direct;Conexão Instagram Direct;https://app.pipefy.com/open-cards/1370874609;Up;Não informado;Outros motivos descritos;Upgrade conexão adicional de Instagram R$ 89,00 | Protocolo 202606061777362;1;89.0;0.0;Upgrade;;;Não calculado
08/06/2026;2026;6;Jun.;junho;2026-06;Jun./26;Melissa Duarte;Melissa Duarte;True;colegiosouzabatista;Upgrade;Não informado;Usuário adicional;Usuário adicional;https://app.pipefy.com/open-cards/1370765716;Up;Não informado;Outros motivos descritos;UP 2 usuários adicionais R$29,00 cada Sendo total R$58,00;1;58.0;0.0;Upgrade;;;Não calculado
08/06/2026;2026;6;Jun.;junho;2026-06;Jun./26;Melissa Duarte;Melissa Duarte;True;tamarozzi;Upgrade;Não informado;Primeira ativação de número oficial;Primeira ativação de número oficial;https://app.pipefy.com/open-cards/1370850163;Up;Não informado;Outros motivos descritos;Upgrade conexão adicional API oficial;1;89.0;0.0;Upgrade;;;Não calculado
08/06/2026;2026;6;Jun.;junho;2026-06;Jun./26;Noemy Biazão;Noemy Biazão;True;bethashield;Upgrade;Não informado;Chat interno;Chat interno;https://app.pipefy.com/open-cards/1370120731;Up;Não informado;Redução de custo;Upgrade de chat interno valor 89,00R$;1;89.0;0.0;Upgrade;;;Não calculado
08/06/2026;2026;6;Jun.;junho;2026-06;Jun./26;Noemy Biazão;Noemy Biazão;True;cdcsaocristovao;Upgrade;Não informado;Conexão adicional de WhatsApp;Conexão adicional de WhatsApp;https://app.pipefy.com/open-cards/1370199330;Up;Não informado;Redução de custo;Upgrade de conexão, Valor R$ 49,00;1;49.0;0.0;Upgrade;;;Não calculado
08/06/2026;2026;6;Jun.;junho;2026-06;Jun./26;Noemy Biazão;Noemy Biazão;True;moschen;Upgrade;Não informado;Servidores;Servidores;https://app.pipefy.com/open-cards/1370229961;Up;Não informado;Redução de custo;Upgrade de servidor 2/4, valor R$89,00;1;89.0;0.0;Upgrade;;;Não calculado
08/06/2026;2026;6;Jun.;junho;2026-06;Jun./26;Vinicius Simões;Vinicius Simões;True;abraomkt;Upgrade;Não informado;Conexão adicional de WhatsApp - WABA;Conexão adicional de WhatsApp - WABA;https://app.pipefy.com/open-cards/1370316130;Up;Não informado;Outros motivos descritos;Upgrade: - 1x Conexão adicional de WhatsApp API Oficial - R$ 89,00;1;89.0;0.0;Upgrade;;;Não calculado
08/06/2026;2026;6;Jun.;junho;2026-06;Jun./26;Vinicius Simões;Vinicius Simões;True;avanth;Upgrade;Não informado;Conexão adicional de WhatsApp - WABA;Conexão adicional de WhatsApp - WABA;https://app.pipefy.com/open-cards/1370464200;Up;Não informado;Outros motivos descritos;Upgrade: - 1x Conexão adicional de WhatsApp API Oficial - R$ 89,00;1;89.0;0.0;Upgrade;;;Não calculado
08/06/2026;2026;6;Jun.;junho;2026-06;Jun./26;Vinicius Simões;Vinicius Simões;True;finaessencia;Upgrade;Não informado;Primeira ativação de número oficial;Primeira ativação de número oficial;https://app.pipefy.com/open-cards/1370099702;Up;Não informado;Outros motivos descritos;Upgrade: - 1x Conexão de WhatsApp API Oficial - R$ 79,00;1;79.0;0.0;Upgrade;;;Não calculado
08/06/2026;2026;6;Jun.;junho;2026-06;Jun./26;Vinicius Simões;Vinicius Simões;True;fit;Upgrade;Não informado;Primeira ativação de número oficial;Primeira ativação de número oficial;https://app.pipefy.com/open-cards/1370583980;Up;Não informado;Outros motivos descritos;Upgrade: - 1x Conexão de WhatsApp API Oficial - R$ 89,00;1;89.0;0.0;Upgrade;;;Não calculado
08/06/2026;2026;6;Jun.;junho;2026-06;Jun./26;Vinicius Simões;Vinicius Simões;True;masterrevestimentos;Upgrade;Não informado;Primeira ativação de número oficial;Primeira ativação de número oficial;https://app.pipefy.com/open-cards/1370629143;Up;Não informado;Outros motivos descritos;Upgrade: - 1x Conexão de WhatsApp API Oficial - R$ 89,00;1;89.0;0.0;Upgrade;;;Não calculado
08/06/2026;2026;6;Jun.;junho;2026-06;Jun./26;Vinicius Simões;Vinicius Simões;True;nobrecred;Upgrade;Não informado;Primeira ativação de número oficial;Primeira ativação de número oficial;https://app.pipefy.com/open-cards/1370796178;Up;Não informado;Outros motivos descritos;Upgrade: - 1x Conexão de WhatsApp API Oficial - R$ 89,00;1;89.0;0.0;Upgrade;;;Não calculado
08/06/2026;2026;6;Jun.;junho;2026-06;Jun./26;Vinicius Simões;Vinicius Simões;True;roosterassesoria;Upgrade;Não informado;Primeira ativação de número oficial;Primeira ativação de número oficial;https://app.pipefy.com/open-cards/1370517627;Up;Não informado;Outros motivos descritos;Uprade: - 1x Conexão de WhatsApp API Oficial - R$ 89,00;1;89.0;0.0;Upgrade;;;Não calculado
09/06/2026;2026;6;Jun.;junho;2026-06;Jun./26;Gustavo Medeiros;Gustavo Medeiros;True;euajudoaciencia;Upgrade;Não informado;"Usuário adicional; Conexão Instagram Direct; Conexão adicional de WhatsApp; Servidores";Usuário adicional + outros;https://app.pipefy.com/open-cards/1372539668;Up;Não informado;Redução de custo;*PROPOSTA COMERCIAL DIGISAC*  • Plano Base WABA (2 usuários / 1 conexão WhatsApp API) 1x R$ 177.00 = R$ 177.00 • Usuários Adicionais 16x R$ 29.00 = R$ 464.00 • Usuários Bonificados 2x R$ 0.00 = R$ 0.00 (Conforme a política vigente, as reduções são aplicadas primeiro nos usuários bonificados, independentemente do número de usuários pagantes ativos.) • Conexão Instagram bonificada 1x R$ 0.00 = R$ 0.00 • Conexão WhatsApp adicional 3x R$ 89.00 = R$ 267.00 • Servidor 4 VCPU / 8 RAM 1x R$ 169.00 = R$ 169.00  *RESUMO* *Total Mensal: R$ 1077.00*;4;811.0;0.0;Upgrade;;;Não calculado
09/06/2026;2026;6;Jun.;junho;2026-06;Jun./26;Leticia Silva;Leticia Silva;True;nuvem;Upgrade;Não informado;Primeira ativação de número oficial;Primeira ativação de número oficial;https://app.pipefy.com/open-cards/1372015507;Up;Não informado;Outros motivos descritos;Primeira Ativação de Número Oficial;1;89.0;0.0;Upgrade;;;Não calculado
09/06/2026;2026;6;Jun.;junho;2026-06;Jun./26;Luis Siqueira;Luis Siqueira;True;lelus;Upgrade;Não informado;Conexão adicional de WhatsApp - WABA;Conexão adicional de WhatsApp - WABA;https://app.pipefy.com/open-cards/1372537718;Up;Não informado;Outros motivos descritos;Cliente vai seguir com numeros adicionais waba, ele ja é oficial;1;89.0;0.0;Upgrade;;;Não calculado
09/06/2026;2026;6;Jun.;junho;2026-06;Jun./26;Mariana Nunes;Mariana Nunes;True;agnus;Upgrade;Não informado;Conexão Instagram Direct;Conexão Instagram Direct;https://app.pipefy.com/open-cards/1371939498;Up;Não informado;Outros motivos descritos;Upgrade conexão adicional de instagram R$ 89,00 | Protocolo 202606081778805;1;89.0;0.0;Upgrade;;;Não calculado
09/06/2026;2026;6;Jun.;junho;2026-06;Jun./26;Mariana Nunes;Mariana Nunes;True;doutorviagem;Upgrade;Não informado;Usuário adicional;Usuário adicional;https://app.pipefy.com/open-cards/1372020401;Up;Não informado;Outros motivos descritos;Downgrade conexão adicional de whatsapp R$ 89,00 e Upgrade 3 usuários (1 bonificado e 2 usuários cobrados, R$ 58,00) | Protocolo 202606091779212;1;58.0;0.0;Upgrade;;;Não calculado
09/06/2026;2026;6;Jun.;junho;2026-06;Jun./26;Mariana Nunes;Mariana Nunes;True;marchetibertoni;Upgrade;Não informado;Funil de vendas;Funil de vendas;https://app.pipefy.com/open-cards/1372433941;Up;Não informado;Outros motivos descritos;Upgrade funil de vendas R$ 49,00 | Protocolo 202606061777362;1;49.0;0.0;Upgrade;;;Não calculado
09/06/2026;2026;6;Jun.;junho;2026-06;Jun./26;Mariana Nunes;Mariana Nunes;True;samatosfin;Upgrade;Não informado;Conexão Instagram Direct;Conexão Instagram Direct;https://app.pipefy.com/open-cards/1372120813;Up;Não informado;Outros motivos descritos;Upgrade conexão adicional de Instagram R$ 89,00 | Protocolo 202606091778917;1;89.0;0.0;Upgrade;;;Não calculado
09/06/2026;2026;6;Jun.;junho;2026-06;Jun./26;Noemy Biazão;Noemy Biazão;True;aformula;Upgrade;Não informado;Usuário adicional;Usuário adicional;https://app.pipefy.com/open-cards/1371753180;Up;Não informado;Redução de custo;Upgrade de 3 usuarios - Valor R$ 87,00;1;87.0;0.0;Upgrade;;;Não calculado
09/06/2026;2026;6;Jun.;junho;2026-06;Jun./26;Noemy Biazão;Noemy Biazão;True;asselfis;Upgrade;Não informado;Usuário adicional;Usuário adicional;https://app.pipefy.com/open-cards/1371975998;Up;Não informado;Redução de custo;Upgrade de usuario, valor R$ 29,00;1;29.0;0.0;Upgrade;;;Não calculado
09/06/2026;2026;6;Jun.;junho;2026-06;Jun./26;Noemy Biazão;Noemy Biazão;True;fmgbrasil;Upgrade;Não informado;Transcrição de Áudio;Transcrição de Áudio;https://app.pipefy.com/open-cards/1371933575;Up;Não informado;Redução de custo;Upgrade de IA Transcrição de áudio - Plano 500 minutos, Valor R$ 24,90;1;24.9;0.0;Upgrade;;;Não calculado
09/06/2026;2026;6;Jun.;junho;2026-06;Jun./26;Noemy Biazão;Noemy Biazão;True;promotoraprospecta;Upgrade;Não informado;Usuário adicional;Usuário adicional;https://app.pipefy.com/open-cards/1372356932;Up;Não informado;Redução de custo;Upgrade de usuario, valor R$ 29,00;1;29.0;0.0;Upgrade;;;Não calculado
10/06/2026;2026;6;Jun.;junho;2026-06;Jun./26;Guilherme Virgilio Soares;Guilherme Virgilio Soares;True;ftferroeaco;Upgrade;Não informado;Distribuição automática;Distribuição automática;https://app.pipefy.com/open-cards/1374032903;Up;Não informado;Processo/uso operacional;- Upgrade: Distribuição automática | R$ 89,00 |;1;89.0;0.0;Upgrade;;;Não calculado
10/06/2026;2026;6;Jun.;junho;2026-06;Jun./26;Guilherme Virgilio Soares;Guilherme Virgilio Soares;True;girocontabil;Upgrade;Não informado;Servidores;Servidores;https://app.pipefy.com/open-cards/1373959700;Up;Não informado;Outros motivos descritos;- Upgrade: Servidor 2/4 | R$ 89,00 |;1;89.0;0.0;Upgrade;;;Não calculado
10/06/2026;2026;6;Jun.;junho;2026-06;Jun./26;Guilherme Virgilio Soares;Guilherme Virgilio Soares;True;humalimentar;Upgrade;Não informado;Servidores;Servidores;https://app.pipefy.com/open-cards/1374010698;Up;Não informado;Outros motivos descritos;- Upgrade: Servidor 2/4 | R$ 89,00 |;1;89.0;0.0;Upgrade;;;Não calculado
10/06/2026;2026;6;Jun.;junho;2026-06;Jun./26;Guilherme Virgilio Soares;Guilherme Virgilio Soares;True;sucessodoclientedev;Upgrade;Não informado;Usuário adicional;Usuário adicional;https://app.pipefy.com/open-cards/1373887581;Up;Não informado;Outros motivos descritos;- Upgrade: 1x Usuário adicional | R$ 29,00 |;1;29.0;0.0;Upgrade;;;Não calculado
10/06/2026;2026;6;Jun.;junho;2026-06;Jun./26;Gustavo Medeiros;Gustavo Medeiros;True;mercatus;Upgrade;Não informado;Distribuição automática;Distribuição automática;https://app.pipefy.com/open-cards/1375022677;Up;Não informado;Outros motivos descritos;up distribuição;1;89.0;0.0;Upgrade;;;Não calculado
10/06/2026;2026;6;Jun.;junho;2026-06;Jun./26;Leticia Silva;Leticia Silva;True;ofccertificadodigital;Upgrade;Não informado;Primeira ativação de número oficial;Primeira ativação de número oficial;https://app.pipefy.com/open-cards/1373535026;Up;Não informado;Outros motivos descritos;Prmeira Ativação de Número Oficial;1;89.0;0.0;Upgrade;;;Não calculado
10/06/2026;2026;6;Jun.;junho;2026-06;Jun./26;Leticia Silva;Leticia Silva;True;unione;Upgrade;Não informado;Primeira ativação de número oficial;Primeira ativação de número oficial;https://app.pipefy.com/open-cards/1373337280;Up;Não informado;Outros motivos descritos;Primeira Ativação de Número Oficial;1;89.0;0.0;Upgrade;;;Não calculado
10/06/2026;2026;6;Jun.;junho;2026-06;Jun./26;Marcela Medeiros;Marcela Medeiros;True;donizetegestaocontabil;Upgrade;Não informado;Servidores;Servidores;https://app.pipefy.com/open-cards/1374157609;Up;Não informado;Outros motivos descritos;UP servidor 2/4;1;89.0;0.0;Upgrade;;;Não calculado
10/06/2026;2026;6;Jun.;junho;2026-06;Jun./26;Marcela Medeiros;Marcela Medeiros;True;mrrefrigeracao;Upgrade;Não informado;Servidores;Servidores;https://app.pipefy.com/open-cards/1373699304;Up;Não informado;Outros motivos descritos;UP SERVIDOR 2/4;1;89.0;0.0;Upgrade;;;Não calculado
10/06/2026;2026;6;Jun.;junho;2026-06;Jun./26;Marcela Medeiros;Marcela Medeiros;True;palovaamissesadv;Upgrade;Não informado;Servidores;Servidores;https://app.pipefy.com/open-cards/1373428012;Up;Não informado;Outros motivos descritos;UP de servidor para 4/8;1;169.0;0.0;Upgrade;;;Não calculado
10/06/2026;2026;6;Jun.;junho;2026-06;Jun./26;Marcela Medeiros;Marcela Medeiros;True;plastplex;Upgrade;Não informado;Servidores;Servidores;https://app.pipefy.com/open-cards/1374107147;Up;Não informado;Outros motivos descritos;UP - SERVIDOR 2/4 - PROTOCOLO 202606101781336;1;89.0;0.0;Upgrade;;;Não calculado
10/06/2026;2026;6;Jun.;junho;2026-06;Jun./26;Mariana Nunes;Mariana Nunes;True;acsimao;Upgrade;Não informado;Usuário adicional;Usuário adicional;https://app.pipefy.com/open-cards/1373302856;Up;Não informado;Outros motivos descritos;Upgrade 2 usuários adicionais R$ 58,00 | Protocolo 202606091778915;1;58.0;0.0;Upgrade;;;Não calculado
10/06/2026;2026;6;Jun.;junho;2026-06;Jun./26;Mariana Nunes;Mariana Nunes;True;ccaagilizacred;Upgrade;Não informado;Servidores;Servidores;https://app.pipefy.com/open-cards/1373586027;Up;Não informado;Outros motivos descritos;Upgrade servidor 2/4 R$ 89,00 | Protocolo 202606101780620;1;89.0;0.0;Upgrade;;;Não calculado
10/06/2026;2026;6;Jun.;junho;2026-06;Jun./26;Mariana Nunes;Mariana Nunes;True;fococontadores;Upgrade;Não informado;Servidores;Servidores;https://app.pipefy.com/open-cards/1373786646;Up;Não informado;Outros motivos descritos;Upgrade Servidor 4/8 R$ 169,00 | Protocolo 202606101780607;1;169.0;0.0;Upgrade;;;Não calculado
10/06/2026;2026;6;Jun.;junho;2026-06;Jun./26;Mariana Nunes;Mariana Nunes;True;graficapersonalizei;Upgrade;Não informado;Servidores;Servidores;https://app.pipefy.com/open-cards/1373712556;Up;Não informado;Outros motivos descritos;Upgrade servidor 2/4 R$ 89,00 | Protocolo 202606101780715;1;89.0;0.0;Upgrade;;;Não calculado
10/06/2026;2026;6;Jun.;junho;2026-06;Jun./26;Mariana Nunes;Mariana Nunes;True;renovaengenharia;Upgrade;Não informado;Funil de vendas;Funil de vendas;https://app.pipefy.com/open-cards/1373726442;Up;Não informado;Outros motivos descritos;Upgrade funil de vendas R$ 49,00 | Protocolo 202606101780649;1;49.0;0.0;Upgrade;;;Não calculado
10/06/2026;2026;6;Jun.;junho;2026-06;Jun./26;Mariana Nunes;Mariana Nunes;True;sekai;Upgrade;Não informado;Funil de vendas;Funil de vendas;https://app.pipefy.com/open-cards/1374166070;Up;Não informado;Outros motivos descritos;Upgrade funil de vendas R$ 49,00 | Protocolo 202606101780997;1;49.0;0.0;Upgrade;;;Não calculado
10/06/2026;2026;6;Jun.;junho;2026-06;Jun./26;Mariana Nunes;Mariana Nunes;True;verors;Upgrade;Não informado;Chat interno;Chat interno;https://app.pipefy.com/open-cards/1373443165;Up;Não informado;Outros motivos descritos;Upgrade Chat Interno R$ 89,00 | Protocolo 202606091779761;1;89.0;0.0;Upgrade;;;Não calculado
10/06/2026;2026;6;Jun.;junho;2026-06;Jun./26;Melissa Duarte;Melissa Duarte;True;la3popturismo;Upgrade;Não informado;Usuário adicional;Usuário adicional;https://app.pipefy.com/open-cards/1374165899;Up;Não informado;Outros motivos descritos;UP Usuário adicional R$29,00;1;29.0;0.0;Upgrade;;;Não calculado
10/06/2026;2026;6;Jun.;junho;2026-06;Jun./26;Noemy Biazão;Noemy Biazão;True;galpaodesign1;Upgrade;Não informado;Conexão Instagram Direct;Conexão Instagram Direct;https://app.pipefy.com/open-cards/1374075535;Up;Não informado;Redução de custo;Upgrade de conexão de instagram, valor R$ 89,00;1;89.0;0.0;Upgrade;;;Não calculado
10/06/2026;2026;6;Jun.;junho;2026-06;Jun./26;Noemy Biazão;Noemy Biazão;True;marmorariacascudo;Upgrade;Não informado;IA Agent;IA Agent;https://app.pipefy.com/open-cards/1374120390;Up;Não informado;Redução de custo;Upgrade de IA Agente - 1.000 créditos valor: 112,90;1;112.9;0.0;Upgrade;;;Não calculado
10/06/2026;2026;6;Jun.;junho;2026-06;Jun./26;Noemy Biazão;Noemy Biazão;True;promotoraprospecta;Upgrade;Não informado;"Conexão adicional de WhatsApp; Usuário adicional";Conexão adicional de WhatsApp + outros;https://app.pipefy.com/open-cards/1373944660;Up;Não informado;Redução de custo;Upgrade de 5 conexões convencionais + 5 usuarios - valor total R$ 590,00;2;590.0;0.0;Upgrade;;;Não calculado
10/06/2026;2026;6;Jun.;junho;2026-06;Jun./26;Vinicius Simões;Vinicius Simões;True;clinicadermos;Upgrade;Não informado;Primeira ativação de número oficial;Primeira ativação de número oficial;https://app.pipefy.com/open-cards/1373622560;Up;Não informado;Outros motivos descritos;Upgrade: - 1x Conexão de WhatsApp API Oficial - R$ 89,00;1;89.0;0.0;Upgrade;;;Não calculado
10/06/2026;2026;6;Jun.;junho;2026-06;Jun./26;Vinicius Simões;Vinicius Simões;True;joinvillemaquinas;Upgrade;Não informado;Primeira ativação de número oficial;Primeira ativação de número oficial;https://app.pipefy.com/open-cards/1374024845;Up;Não informado;Outros motivos descritos;Upgrade: - 1x Conexão de WhatsApp API Oficial - R$ 89,00;1;89.0;0.0;Upgrade;;;Não calculado
10/06/2026;2026;6;Jun.;junho;2026-06;Jun./26;Vinicius Simões;Vinicius Simões;True;ticredspromotora;Upgrade;Não informado;Conexão adicional de WhatsApp - WABA;Conexão adicional de WhatsApp - WABA;https://app.pipefy.com/open-cards/1374140639;Up;Não informado;Outros motivos descritos;Upgrade: - 1x Conexão adicional de WhatsApp API Oficial - R$ 89,00;1;89.0;0.0;Upgrade;;;Não calculado
10/06/2026;2026;6;Jun.;junho;2026-06;Jun./26;Vinicius Simões;Vinicius Simões;True;useliviarafaelle;Upgrade;Não informado;Primeira ativação de número oficial;Primeira ativação de número oficial;https://app.pipefy.com/open-cards/1373552068;Up;Não informado;Outros motivos descritos;Upgrade: - 1x Conexão de WhatsApp API Oficial - R$ 89,00;1;89.0;0.0;Upgrade;;;Não calculado
11/06/2026;2026;6;Jun.;junho;2026-06;Jun./26;Guilherme Virgilio Soares;Guilherme Virgilio Soares;True;metoduscontabilltda;Upgrade;Não informado;Servidores;Servidores;https://app.pipefy.com/open-cards/1375673727;Up;Não informado;Outros motivos descritos;- Upgrade: Servidor 2/4 | R$ 89,00 |;1;89.0;0.0;Upgrade;;;Não calculado
11/06/2026;2026;6;Jun.;junho;2026-06;Jun./26;Gustavo Medeiros;Gustavo Medeiros;True;conexaocont;Upgrade;Não informado;Servidores;Servidores;https://app.pipefy.com/open-cards/1375797831;Up;Não informado;Outros motivos descritos;Contratação de servidor 2/4.;1;89.0;0.0;Upgrade;;;Não calculado
11/06/2026;2026;6;Jun.;junho;2026-06;Jun./26;Gustavo Medeiros;Gustavo Medeiros;True;jataiadvocacia;Upgrade;Não informado;Servidores;Servidores;https://app.pipefy.com/open-cards/1375734543;Up;Não informado;Outros motivos descritos;Contratação de servidor 2/4.;1;89.0;0.0;Upgrade;;;Não calculado
11/06/2026;2026;6;Jun.;junho;2026-06;Jun./26;Leticia Silva;Leticia Silva;True;escritoriolovatto;Upgrade;Não informado;Servidores;Servidores;https://app.pipefy.com/open-cards/1375840708;Up;Não informado;Outros motivos descritos;Up Servidor 2/4 (R$89,00).;1;89.0;0.0;Upgrade;;;Não calculado
11/06/2026;2026;6;Jun.;junho;2026-06;Jun./26;Leticia Silva;Leticia Silva;True;finanbankk;Upgrade;Não informado;Servidores;Servidores;https://app.pipefy.com/open-cards/1375776120;Up;Não informado;Outros motivos descritos;Up Servidor 4/8 (R$169,00).;1;169.0;0.0;Upgrade;;;Não calculado
11/06/2026;2026;6;Jun.;junho;2026-06;Jun./26;Leticia Silva;Leticia Silva;True;flywithusltda;Upgrade;Não informado;Transcrição de Áudio;Transcrição de Áudio;https://app.pipefy.com/open-cards/1375763754;Up;Não informado;Outros motivos descritos;Up transcrição de áudio (5000 créditos - R$225,90).;1;225.9;0.0;Upgrade;;;Não calculado
11/06/2026;2026;6;Jun.;junho;2026-06;Jun./26;Leticia Silva;Leticia Silva;True;hsturviagens;Upgrade;Não informado;Servidores;Servidores;https://app.pipefy.com/open-cards/1375812838;Up;Não informado;Outros motivos descritos;Up Servidor 2/4 (R$89,00).;1;89.0;0.0;Upgrade;;;Não calculado
11/06/2026;2026;6;Jun.;junho;2026-06;Jun./26;Leticia Silva;Leticia Silva;True;saborearte;Upgrade;Não informado;Conexão adicional de WhatsApp - WABA;Conexão adicional de WhatsApp - WABA;https://app.pipefy.com/open-cards/1374995373;Up;Não informado;Outros motivos descritos;Up 2 Conexões WABA adicionais (R$178,00).;1;178.0;0.0;Upgrade;;;Não calculado
11/06/2026;2026;6;Jun.;junho;2026-06;Jun./26;Marcela Medeiros;Marcela Medeiros;True;ensine;Upgrade;Não informado;Integração;Integração;https://app.pipefy.com/open-cards/1375347427;Up;Não informado;Outros motivos descritos;Não informado;1;59.99;0.0;Upgrade;;;Não calculado
11/06/2026;2026;6;Jun.;junho;2026-06;Jun./26;Marcela Medeiros;Marcela Medeiros;True;inttegracontabilidade;Upgrade;Não informado;Servidores;Servidores;https://app.pipefy.com/open-cards/1375816101;Up;Não informado;Outros motivos descritos;UP Servidor 2/4;1;89.0;0.0;Upgrade;;;Não calculado
11/06/2026;2026;6;Jun.;junho;2026-06;Jun./26;Marcela Medeiros;Marcela Medeiros;True;plenabeneficios;Upgrade;Não informado;Servidores;Servidores;https://app.pipefy.com/open-cards/1375887536;Up;Não informado;Outros motivos descritos;UP SERVIDOR 2/4 - protocolo 202606111781934;1;89.0;0.0;Upgrade;;;Não calculado
11/06/2026;2026;6;Jun.;junho;2026-06;Jun./26;Marcela Medeiros;Marcela Medeiros;True;stsolar;Upgrade;Não informado;Servidores;Servidores;https://app.pipefy.com/open-cards/1375232118;Up;Não informado;Outros motivos descritos;up sevidor 2/4 com desconto;1;59.0;0.0;Upgrade;;;Não calculado
11/06/2026;2026;6;Jun.;junho;2026-06;Jun./26;Mariana Nunes;Mariana Nunes;True;alliancejjlondrina;Upgrade;Não informado;Integração;Integração;https://app.pipefy.com/open-cards/1375689493;Up;Não informado;Outros motivos descritos;Upgrade integração Hubspot R$ 89,99 | Protocolo 202606101781803;1;89.99;0.0;Upgrade;;;Não calculado
11/06/2026;2026;6;Jun.;junho;2026-06;Jun./26;Mariana Nunes;Mariana Nunes;True;brunaveiga;Upgrade;Não informado;Usuário adicional;Usuário adicional;https://app.pipefy.com/open-cards/1375298991;Up;Não informado;Outros motivos descritos;Upgrade 1 conexão adicional de whatsapp R$ 89,00 | Protocolo 202606101781501;1;29.0;0.0;Upgrade;;;Não calculado
11/06/2026;2026;6;Jun.;junho;2026-06;Jun./26;Mariana Nunes;Mariana Nunes;True;kbscontabilidade;Upgrade;Não informado;Servidores;Servidores;https://app.pipefy.com/open-cards/1375569427;Up;Não informado;Outros motivos descritos;Upgrade servidor 2/4 R$ 89,00 | Protocolo 202606101781657;1;89.0;0.0;Upgrade;;;Não calculado
11/06/2026;2026;6;Jun.;junho;2026-06;Jun./26;Mariana Nunes;Mariana Nunes;True;machadodistribuidora;Upgrade;Não informado;Funil de vendas;Funil de vendas;https://app.pipefy.com/open-cards/1375843140;Up;Não informado;Outros motivos descritos;Upgrade funil de vendas R$ 49,00 | Protocolo 202606081778785;1;49.0;0.0;Upgrade;;;Não calculado
11/06/2026;2026;6;Jun.;junho;2026-06;Jun./26;Mariana Nunes;Mariana Nunes;True;rubyconect;Upgrade;Não informado;"Conexão Instagram Direct; Pacotes SMS Disparo em Massa";Conexão Instagram Direct + outros;https://app.pipefy.com/open-cards/1375812005;Up;Não informado;Outros motivos descritos;Upgrade conexão adicional Instagram R$ 89,00 e pacote SMS 1.000 créditos R$ 130,00 | Protocolo 202606081777781;2;219.0;0.0;Upgrade;;;Não calculado
11/06/2026;2026;6;Jun.;junho;2026-06;Jun./26;Melissa Duarte;Melissa Duarte;True;supportovirtual;Upgrade;Não informado;Servidores;Servidores;https://app.pipefy.com/open-cards/1375733677;Up;Não informado;Outros motivos descritos;UP Servidor 2/4;1;89.0;0.0;Upgrade;;;Não calculado
11/06/2026;2026;6;Jun.;junho;2026-06;Jun./26;Noemy Biazão;Noemy Biazão;True;avgomesadv;Upgrade;Não informado;"Chat interno; Funil de vendas";"Chat interno; Funil de vendas";https://app.pipefy.com/open-cards/1375836183;Up;Não informado;Outros motivos descritos;Upgrade de Chat Interno: R$89,00 e do Funil de vendas: R$49,00;2;138.0;0.0;Upgrade;;;Não calculado
11/06/2026;2026;6;Jun.;junho;2026-06;Jun./26;Noemy Biazão;Noemy Biazão;True;blueti;Upgrade;Não informado;Servidores;Servidores;https://app.pipefy.com/open-cards/1375092605;Up;Não informado;Outros motivos descritos;Upgrade de Servidor 2/4 - R$89,00;1;89.0;0.0;Upgrade;;;Não calculado
11/06/2026;2026;6;Jun.;junho;2026-06;Jun./26;Noemy Biazão;Noemy Biazão;True;cheirinhodepao;Upgrade;Não informado;IA Agent;IA Agent;https://app.pipefy.com/open-cards/1375229777;Up;Não informado;Redução de custo;Upgrade de IA Agente - 1.000 créditos - Valor: 112,90;1;112.9;0.0;Upgrade;;;Não calculado
11/06/2026;2026;6;Jun.;junho;2026-06;Jun./26;Noemy Biazão;Noemy Biazão;True;marciamoratelli;Upgrade;Não informado;Servidores;Servidores;https://app.pipefy.com/open-cards/1375062619;Up;Não informado;Outros motivos descritos;Upgrade de Servidor 2/4 - R$89,00;1;89.0;0.0;Upgrade;;;Não calculado
11/06/2026;2026;6;Jun.;junho;2026-06;Jun./26;Noemy Biazão;Noemy Biazão;True;metacontabil;Upgrade;Não informado;Servidores;Servidores;https://app.pipefy.com/open-cards/1375290839;Up;Não informado;Outros motivos descritos;Upgrade de Servidor 2/4 - R$89,00;1;89.0;0.0;Upgrade;;;Não calculado
11/06/2026;2026;6;Jun.;junho;2026-06;Jun./26;Noemy Biazão;Noemy Biazão;True;nathallymaquinas;Upgrade;Não informado;Funil de vendas;Funil de vendas;https://app.pipefy.com/open-cards/1375370837;Up;Não informado;Outros motivos descritos;Upgrade de funil de vendas - R$49,00;1;49.0;0.0;Upgrade;;;Não calculado
11/06/2026;2026;6;Jun.;junho;2026-06;Jun./26;Priscila Pavani;Priscila Pavani;True;barcelossop1;Upgrade;Não informado;"Usuário adicional; Conexão adicional de WhatsApp";Usuário adicional + outros;https://app.pipefy.com/open-cards/1375642879;Up;Não informado;Outros motivos descritos;Tipo: Upgrade  Produto: 2 usuários  R$ 25,00 cada = 50,00 / 1 conexão standard R$ 59,00 URL: barcelossop1  Protocolo: 202606091779063;2;109.0;0.0;Upgrade;;;Não calculado
11/06/2026;2026;6;Jun.;junho;2026-06;Jun./26;Tadiane Biason;Tadiane Biason;True;tactuscontabilidade;Upgrade;Não informado;Primeira ativação de número oficial;Primeira ativação de número oficial;https://app.pipefy.com/open-cards/1375229094;Up;Não informado;Outros motivos descritos;Conexão WhatsApp API (WABA) | R$89,00 Protocolo: 202606111782054 URL: tactuscontabilidade;1;89.0;0.0;Upgrade;;;Não calculado
11/06/2026;2026;6;Jun.;junho;2026-06;Jun./26;Vinicius Simões;Vinicius Simões;True;interip;Upgrade;Não informado;Primeira ativação de número oficial;Primeira ativação de número oficial;https://app.pipefy.com/open-cards/1375745034;Up;Não informado;Outros motivos descritos;Upgrade: - 1x Conexão de WhatsApp API Oficial - R$ 89,00;1;89.0;0.0;Upgrade;;;Não calculado
11/06/2026;2026;6;Jun.;junho;2026-06;Jun./26;Vinicius Simões;Vinicius Simões;True;interip;Upgrade;Não informado;Primeira ativação de número oficial;Primeira ativação de número oficial;https://app.pipefy.com/open-cards/1375755502;Up;Não informado;Outros motivos descritos;Upgrade: - 1x Conexão de WhatsApp API Oficial - R$ 89,00;1;89.0;0.0;Upgrade;;;Não calculado
12/06/2026;2026;6;Jun.;junho;2026-06;Jun./26;Guilherme Virgilio Soares;Guilherme Virgilio Soares;True;crrsolucoes;Upgrade;Não informado;Servidores;Servidores;https://app.pipefy.com/open-cards/1376812915;Up;Não informado;Outros motivos descritos;- Upgrade: Servidor 2/4 | R$ 89,00 |;1;89.0;0.0;Upgrade;;;Não calculado
12/06/2026;2026;6;Jun.;junho;2026-06;Jun./26;Guilherme Virgilio Soares;Guilherme Virgilio Soares;True;tabeelcontabilidade;Upgrade;Não informado;Servidores;Servidores;https://app.pipefy.com/open-cards/1376676051;Up;Não informado;Outros motivos descritos;- Upgrade: Servidor 2/4 | R$ 89,00 |;1;89.0;0.0;Upgrade;;;Não calculado
12/06/2026;2026;6;Jun.;junho;2026-06;Jun./26;Leticia Silva;Leticia Silva;True;aghouse;Upgrade;Não informado;Conexão adicional de WhatsApp;Conexão adicional de WhatsApp;https://app.pipefy.com/open-cards/1376761634;Up;Não informado;Outros motivos descritos;Up Servidor 4/8 (R$169,00).;1;169.0;0.0;Upgrade;;;Não calculado
12/06/2026;2026;6;Jun.;junho;2026-06;Jun./26;Leticia Silva;Leticia Silva;True;analiseassessoria;Upgrade;Não informado;Servidores;Servidores;https://app.pipefy.com/open-cards/1376898772;Up;Não informado;Outros motivos descritos;Up Servidor 2/4 (R$89,00).;1;89.0;0.0;Upgrade;;;Não calculado
12/06/2026;2026;6;Jun.;junho;2026-06;Jun./26;Leticia Silva;Leticia Silva;True;apiz;Upgrade;Não informado;Conexão adicional de WhatsApp - WABA;Conexão adicional de WhatsApp - WABA;https://app.pipefy.com/open-cards/1376790667;Up;Não informado;Outros motivos descritos;Conexão adicional oficial;1;89.0;0.0;Upgrade;;;Não calculado
12/06/2026;2026;6;Jun.;junho;2026-06;Jun./26;Leticia Silva;Leticia Silva;True;cruzeirofortaleza;Upgrade;Não informado;Conexão adicional de WhatsApp - WABA;Conexão adicional de WhatsApp - WABA;https://app.pipefy.com/open-cards/1377322347;Up;Não informado;Outros motivos descritos;Up conexão oficial adicional;1;89.0;0.0;Upgrade;;;Não calculado
12/06/2026;2026;6;Jun.;junho;2026-06;Jun./26;Leticia Silva;Leticia Silva;True;turismolegal;Upgrade;Não informado;Conexão adicional de WhatsApp;Conexão adicional de WhatsApp;https://app.pipefy.com/open-cards/1377251609;Up;Não informado;Outros motivos descritos;Up Conexão de WhatsApp Adicional na URL turismolegal.;1;89.0;0.0;Upgrade;;;Não calculado
12/06/2026;2026;6;Jun.;junho;2026-06;Jun./26;Noemy Biazão;Noemy Biazão;True;cartorio1morrinhos;Upgrade;Não informado;Servidores;Servidores;https://app.pipefy.com/open-cards/1376938038;Up;Não informado;Outros motivos descritos;upgrade de servidor 2/4 - R$ 89,00;1;89.0;0.0;Upgrade;;;Não calculado
12/06/2026;2026;6;Jun.;junho;2026-06;Jun./26;Noemy Biazão;Noemy Biazão;True;imedcontabil;Upgrade;Não informado;Servidores;Servidores;https://app.pipefy.com/open-cards/1376832141;Up;Não informado;Outros motivos descritos;Upgrade de servidor 2/4 - R$ 89,00;1;89.0;0.0;Upgrade;;;Não calculado
12/06/2026;2026;6;Jun.;junho;2026-06;Jun./26;Noemy Biazão;Noemy Biazão;True;marf;Upgrade;Não informado;Servidores;Servidores;https://app.pipefy.com/open-cards/1376730444;Up;Não informado;Outros motivos descritos;upgrade de servidor 2/4 - R$ 89,00;1;89.0;0.0;Upgrade;;;Não calculado
12/06/2026;2026;6;Jun.;junho;2026-06;Jun./26;Noemy Biazão;Noemy Biazão;True;tabelionatovenancio;Upgrade;Não informado;Servidores;Servidores;https://app.pipefy.com/open-cards/1376845551;Up;Não informado;Outros motivos descritos;upgrade de servidor 2/4 - R$ 89,00;1;89.0;0.0;Upgrade;;;Não calculado
12/06/2026;2026;6;Jun.;junho;2026-06;Jun./26;Noemy Biazão;Noemy Biazão;True;topobioprecision;Upgrade;Não informado;Servidores;Servidores;https://app.pipefy.com/open-cards/1376695016;Up;Não informado;Outros motivos descritos;upgrade de servidor 2/4 - R$ 89,00;1;89.0;0.0;Upgrade;;;Não calculado
12/06/2026;2026;6;Jun.;junho;2026-06;Jun./26;Vinicius Simões;Vinicius Simões;True;hagcontabilidade;Upgrade;Não informado;"Usuário adicional; Conexão adicional de WhatsApp - WABA; Conexão adicional de WhatsApp";Usuário adicional + outros;https://app.pipefy.com/open-cards/1377386195;Up;Não informado;Outros motivos descritos;Upgrade: - 25x Usuários adicionais - R$ 725,00 - 1x Conexão adicional de WhatsApp Standard - R$ 89,00 - 1x Conexão adicional de WhatsApp API Oficial - R$ 89,00 Total: R$ 903,00;3;903.0;0.0;Upgrade;;;Não calculado
12/06/2026;2026;6;Jun.;junho;2026-06;Jun./26;Vinicius Simões;Vinicius Simões;True;hoguanabara;Upgrade;Não informado;Conexão adicional de WhatsApp - WABA;Conexão adicional de WhatsApp - WABA;https://app.pipefy.com/open-cards/1376778413;Up;Não informado;Outros motivos descritos;Upgrade: - 1x Conexão adicional de WhatsApp API Oficial - R$ 89,00;1;89.0;0.0;Upgrade;;;Não calculado
12/06/2026;2026;6;Jun.;junho;2026-06;Jun./26;Vinicius Simões;Vinicius Simões;True;leveraged;Upgrade;Não informado;Chat interno;Chat interno;https://app.pipefy.com/open-cards/1376809502;Up;Não informado;Outros motivos descritos;Upgrade: - Chat Interno - R$ 89,00;1;89.0;0.0;Upgrade;;;Não calculado
12/06/2026;2026;6;Jun.;junho;2026-06;Jun./26;Vinicius Simões;Vinicius Simões;True;mscredflex;Upgrade;Não informado;Conexão adicional de WhatsApp - WABA;Conexão adicional de WhatsApp - WABA;https://app.pipefy.com/open-cards/1376647209;Up;Não informado;Outros motivos descritos;Upgrade: - 1x Conexão adicional de WhatsApp API Oficial - R$ 89,00;1;89.0;0.0;Upgrade;;;Não calculado
12/06/2026;2026;6;Jun.;junho;2026-06;Jun./26;Vinicius Simões;Vinicius Simões;True;nefadv;Upgrade;Não informado;Conexão adicional de WhatsApp - WABA;Conexão adicional de WhatsApp - WABA;https://app.pipefy.com/open-cards/1377434196;Up;Não informado;Outros motivos descritos;Upgrade: - 1x Conexão adicional de WhatsApp API Oficial - R$ 89,00;1;89.0;0.0;Upgrade;;;Não calculado
12/06/2026;2026;6;Jun.;junho;2026-06;Jun./26;Vinicius Simões;Vinicius Simões;True;wolfprates;Upgrade;Não informado;Conexão adicional de WhatsApp - WABA;Conexão adicional de WhatsApp - WABA;https://app.pipefy.com/open-cards/1377248246;Up;Não informado;Outros motivos descritos;Upgrade: - 1x Conexão adicional de WhatsApp API Oficial - R$ 89,00;1;89.0;0.0;Upgrade;;;Não calculado
15/06/2026;2026;6;Jun.;junho;2026-06;Jun./26;Guilherme Virgilio Soares;Guilherme Virgilio Soares;True;cnt;Upgrade;Não informado;Chat interno;Chat interno;https://app.pipefy.com/open-cards/1381444809;Up;Não informado;Outros motivos descritos;- Upgrade: Chat interno | R$ 89,00 |;1;89.0;0.0;Upgrade;;;Não calculado
15/06/2026;2026;6;Jun.;junho;2026-06;Jun./26;Gustavo Medeiros;Gustavo Medeiros;True;noraholding;Upgrade;Não informado;Conexão adicional de WhatsApp - WABA;Conexão adicional de WhatsApp - WABA;https://app.pipefy.com/open-cards/1381592308;Up;Não informado;Outros motivos descritos;duas conexões oficiais;1;178.0;0.0;Upgrade;;;Não calculado
15/06/2026;2026;6;Jun.;junho;2026-06;Jun./26;Leticia Silva;Leticia Silva;True;grupopandolfi;Upgrade;Não informado;Servidores;Servidores;https://app.pipefy.com/open-cards/1380640947;Up;Não informado;Outros motivos descritos;Up Servidor 2/4 (R$89,00).;1;89.0;0.0;Upgrade;;;Não calculado
15/06/2026;2026;6;Jun.;junho;2026-06;Jun./26;Leticia Silva;Leticia Silva;True;vieiraxavier;Upgrade;Não informado;Conexão adicional de WhatsApp - WABA;Conexão adicional de WhatsApp - WABA;https://app.pipefy.com/open-cards/1381544520;Up;Não informado;Outros motivos descritos;up conexão oficial adicional;1;89.0;0.0;Upgrade;;;Não calculado
15/06/2026;2026;6;Jun.;junho;2026-06;Jun./26;Marcela Medeiros;Marcela Medeiros;True;zavicon;Upgrade;Não informado;Servidores;Servidores;https://app.pipefy.com/open-cards/1381014588;Up;Não informado;Outros motivos descritos;UP SERVIDOR 2/4;1;89.0;0.0;Upgrade;;;Não calculado
15/06/2026;2026;6;Jun.;junho;2026-06;Jun./26;Mariana Nunes;Mariana Nunes;True;acheiveiculospt;Upgrade;Não informado;Usuário adicional;Usuário adicional;https://app.pipefy.com/open-cards/1380619322;Up;Não informado;Outros motivos descritos;Contrato Internacional na moeda: US$ (USD) | Upgrade 2 usuários adicionais | Protocolo 202606121784793;1;6.0;0.0;Upgrade;;;Não calculado
15/06/2026;2026;6;Jun.;junho;2026-06;Jun./26;Mariana Nunes;Mariana Nunes;True;acheiveiculospt;Upgrade;Não informado;"Usuário adicional; Conexão Instagram Direct";"Usuário adicional; Conexão Instagram Direct";https://app.pipefy.com/open-cards/1380865175;Up;Não informado;Outros motivos descritos;Upgrade conexão adicional de Instagram e 2 usuários | Protocolo 202606121784793 | CONTRATO EM DÓLAR;2;24.0;0.0;Upgrade;;;Não calculado
15/06/2026;2026;6;Jun.;junho;2026-06;Jun./26;Mariana Nunes;Mariana Nunes;True;araconcontabilidade;Upgrade;Não informado;Servidores;Servidores;https://app.pipefy.com/open-cards/1380876382;Up;Não informado;Outros motivos descritos;Upgrade servidor 2/4 R$ 89,00 | Protocolo 202606121783510;1;89.0;0.0;Upgrade;;;Não calculado
15/06/2026;2026;6;Jun.;junho;2026-06;Jun./26;Mariana Nunes;Mariana Nunes;True;bioessenciamaringa;Upgrade;Não informado;Distribuição automática;Distribuição automática;https://app.pipefy.com/open-cards/1381064982;Up;Não informado;Processo/uso operacional;Upgrade Distribuição Automática R$ 89,00 | Protocolo 202606151785822;1;89.0;0.0;Upgrade;;;Não calculado
15/06/2026;2026;6;Jun.;junho;2026-06;Jun./26;Mariana Nunes;Mariana Nunes;True;crcacontabilidade;Upgrade;Não informado;Integração;Integração;https://app.pipefy.com/open-cards/1381015742;Up;Não informado;Outros motivos descritos;Não informado;1;59.99;0.0;Upgrade;;;Não calculado
15/06/2026;2026;6;Jun.;junho;2026-06;Jun./26;Mariana Nunes;Mariana Nunes;True;lcf;Upgrade;Não informado;Usuário adicional;Usuário adicional;https://app.pipefy.com/open-cards/1381163441;Up;Não informado;Outros motivos descritos;Upgrade: 2x Usuários adicionais | x2 R$ 29,00 | R$ 58,00 | Protocolo: 202606151786186;1;58.0;0.0;Upgrade;;;Não calculado
15/06/2026;2026;6;Jun.;junho;2026-06;Jun./26;Mariana Nunes;Mariana Nunes;True;mjc;Upgrade;Não informado;Texto Mágico;Texto Mágico;https://app.pipefy.com/open-cards/1381040871;Up;Não informado;Outros motivos descritos;Upgrade IA Texto mágico - 2.000 créditos - R$ 29,90 | 202606121784746;1;29.9;0.0;Upgrade;;;Não calculado
15/06/2026;2026;6;Jun.;junho;2026-06;Jun./26;Mariana Nunes;Mariana Nunes;True;sjadv2;Upgrade;Não informado;Funil de vendas;Funil de vendas;https://app.pipefy.com/open-cards/1381427713;Up;Não informado;Outros motivos descritos;Upgrade Funil de Vendas R$ 49,00 | Protocolo 202606151786363;1;49.0;0.0;Upgrade;;;Não calculado
15/06/2026;2026;6;Jun.;junho;2026-06;Jun./26;Melissa Duarte;Melissa Duarte;True;jrv;Upgrade;Não informado;"IA Copiloto; Transcrição de Áudio; Resumo Inteligente; IA CSAT";IA Copiloto + outros;https://app.pipefy.com/open-cards/1380677194;Up;Não informado;Outros motivos descritos;UP Plano Start IA's Copiloto 1000 Transcrição de audio 1000 Resumo Inteligente 1000 CSAT 500;4;173.9;0.0;Upgrade;;;Não calculado
15/06/2026;2026;6;Jun.;junho;2026-06;Jun./26;Melissa Duarte;Melissa Duarte;True;nap;Upgrade;Não informado;Funil de vendas;Funil de vendas;https://app.pipefy.com/open-cards/1381514652;Up;Não informado;Outros motivos descritos;UP Funil de vendas;1;49.0;0.0;Upgrade;;;Não calculado
15/06/2026;2026;6;Jun.;junho;2026-06;Jun./26;Melissa Duarte;Melissa Duarte;True;ottimizzasistemas;Upgrade;Não informado;Usuário adicional;Usuário adicional;https://app.pipefy.com/open-cards/1381410226;Up;Não informado;Outros motivos descritos;Up 4 usuários adicinais R$81,2;1;81.2;0.0;Upgrade;;;Não calculado
15/06/2026;2026;6;Jun.;junho;2026-06;Jun./26;Priscila Pavani;Priscila Pavani;True;actioncsa;Upgrade;Não informado;Conexão adicional de WhatsApp - WABA;Conexão adicional de WhatsApp - WABA;https://app.pipefy.com/open-cards/1380693726;Up;Não informado;Redução de custo;Tipo: Upgrade  Produto: 3 Conexçoes WABA / 360Dialog / Ikatec Valor: R$ 327,00  URL: actioncsa  Protocolo: 202606151785836;1;327.0;0.0;Upgrade;;;Não calculado
15/06/2026;2026;6;Jun.;junho;2026-06;Jun./26;Sabrina Soares;Sabrina Soares;True;cartoriodecampinas;Upgrade;Não informado;Chat interno;Chat interno;https://app.pipefy.com/open-cards/1380991475;Up;Não informado;Redução de custo;Contratação de chat interno no valor de R$89.;1;89.0;0.0;Upgrade;;;Não calculado
15/06/2026;2026;6;Jun.;junho;2026-06;Jun./26;Sabrina Soares;Sabrina Soares;True;okuyamaealves;Upgrade;Não informado;Conexão Instagram Direct;Conexão Instagram Direct;https://app.pipefy.com/open-cards/1380919722;Up;Não informado;Outros motivos descritos;Contratação de conexão adicional de Instagram por R$89.;1;89.0;0.0;Upgrade;;;Não calculado
15/06/2026;2026;6;Jun.;junho;2026-06;Jun./26;Sabrina Soares;Sabrina Soares;True;rochacert;Upgrade;Não informado;Usuário adicional;Usuário adicional;https://app.pipefy.com/open-cards/1381505370;Up;Não informado;Outros motivos descritos;Upgrade de usuário adicional R$29.;1;29.0;0.0;Upgrade;;;Não calculado
15/06/2026;2026;6;Jun.;junho;2026-06;Jun./26;Sabrina Soares;Sabrina Soares;True;viladecorfestas;Upgrade;Não informado;Funil de vendas;Funil de vendas;https://app.pipefy.com/open-cards/1380784607;Up;Não informado;Outros motivos descritos;Contratação de Funil de Vendas por R$49.;1;49.0;0.0;Upgrade;;;Não calculado
15/06/2026;2026;6;Jun.;junho;2026-06;Jun./26;Sabrina Soares;Sabrina Soares;True;visaocomunicacao;Upgrade;Não informado;Funil de vendas;Funil de vendas;https://app.pipefy.com/open-cards/1381351021;Up;Não informado;Redução de custo;Cliente realizou a contratação de um funil de vendas no valor de 49.;1;49.0;0.0;Upgrade;;;Não calculado
15/06/2026;2026;6;Jun.;junho;2026-06;Jun./26;Tadiane Biason;Tadiane Biason;True;razonet;Upgrade;Não informado;Conexão Instagram Direct;Conexão Instagram Direct;https://app.pipefy.com/open-cards/1380825844;Up;Não informado;Redução de custo;Tipo: Upgrade Produto: Conexao Instagram Valor: 89,00 URL: razonet Protocolo:202606151785935;1;89.0;0.0;Upgrade;;;Não calculado
15/06/2026;2026;6;Jun.;junho;2026-06;Jun./26;Vinicius Simões;Vinicius Simões;True;endogastrus;Upgrade;Não informado;Conexão adicional de WhatsApp - WABA;Conexão adicional de WhatsApp - WABA;https://app.pipefy.com/open-cards/1380855569;Up;Não informado;Outros motivos descritos;Upgrade: - 1x Conexão adicional de WhatsApp API Oficial - R$ 89,00;1;89.0;0.0;Upgrade;;;Não calculado
15/06/2026;2026;6;Jun.;junho;2026-06;Jun./26;Yemuri Teodoro;Yemuri Teodoro;True;servicon;Upgrade;Não informado;Usuário adicional;Usuário adicional;https://app.pipefy.com/open-cards/1380760257;Up;Não informado;Outros motivos descritos;Cliente retido. Contratando 3 usuários adicionais TOTAL do Upgrade: R$87,00;1;87.0;0.0;Upgrade;;;Não calculado
16/06/2026;2026;6;Jun.;junho;2026-06;Jun./26;Guilherme Virgilio Soares;Guilherme Virgilio Soares;True;la3drogavet;Upgrade;Não informado;Usuário adicional;Usuário adicional;https://app.pipefy.com/open-cards/1382585159;Up;Não informado;Outros motivos descritos;- Upgrade: 1x Usuário adicional | R$ 29,00 |;1;29.0;0.0;Upgrade;;;Não calculado
16/06/2026;2026;6;Jun.;junho;2026-06;Jun./26;Leticia Silva;Leticia Silva;True;coelhosantana;Upgrade;Não informado;Primeira ativação de número oficial;Primeira ativação de número oficial;https://app.pipefy.com/open-cards/1383208494;Up;Não informado;Outros motivos descritos;Primeira ativação de número oficial;1;89.0;0.0;Upgrade;;;Não calculado
16/06/2026;2026;6;Jun.;junho;2026-06;Jun./26;Leticia Silva;Leticia Silva;True;goldcertificadora;Upgrade;Não informado;Conexão adicional de WhatsApp - WABA;Conexão adicional de WhatsApp - WABA;https://app.pipefy.com/open-cards/1382946505;Up;Não informado;Outros motivos descritos;Up conexão adicional oficial (R$89,00);1;89.0;0.0;Upgrade;;;Não calculado
16/06/2026;2026;6;Jun.;junho;2026-06;Jun./26;Leticia Silva;Leticia Silva;True;sigasul;Upgrade;Não informado;Conexão adicional de WhatsApp - WABA;Conexão adicional de WhatsApp - WABA;https://app.pipefy.com/open-cards/1382947924;Up;Não informado;Outros motivos descritos;Up conexão adicional oficial (R$89,00);1;89.0;0.0;Upgrade;;;Não calculado
16/06/2026;2026;6;Jun.;junho;2026-06;Jun./26;Mariana Nunes;Mariana Nunes;True;andrecavichio;Upgrade;Não informado;Integração;Integração;https://app.pipefy.com/open-cards/1382976763;Up;Não informado;Outros motivos descritos;Não informado;1;59.99;0.0;Upgrade;;;Não calculado
16/06/2026;2026;6;Jun.;junho;2026-06;Jun./26;Mariana Nunes;Mariana Nunes;True;familyshopperusa1;Upgrade;Não informado;Servidores;Servidores;https://app.pipefy.com/open-cards/1382642246;Up;Não informado;Outros motivos descritos;Upgrade servidor 2/4 R$ 89,00 | Protocolo 202606161787140;1;89.0;0.0;Upgrade;;;Não calculado
16/06/2026;2026;6;Jun.;junho;2026-06;Jun./26;Noemy Biazão;Noemy Biazão;True;datenmoveis;Upgrade;Não informado;Integração;Integração;https://app.pipefy.com/open-cards/1383244911;Up;Não informado;Outros motivos descritos;Não informado;1;59.99;0.0;Upgrade;;;Não calculado
16/06/2026;2026;6;Jun.;junho;2026-06;Jun./26;Noemy Biazão;Noemy Biazão;True;promotoraprospecta;Upgrade;Não informado;Servidores;Servidores;https://app.pipefy.com/open-cards/1382712332;Up;Não informado;Outros motivos descritos;Upgrade - substiruição do SERVIDOR 16/16 R$ 410,00 para o Servidor 16/32 R$549,00;1;549.0;0.0;Upgrade;;;Não calculado
16/06/2026;2026;6;Jun.;junho;2026-06;Jun./26;Noemy Biazão;Noemy Biazão;True;vetcare;Upgrade;Não informado;Servidores;Servidores;https://app.pipefy.com/open-cards/1383153677;Up;Não informado;Redução de custo;Upgrade de Servidor 2/4 - Valor:89,00;1;89.0;0.0;Upgrade;;;Não calculado
16/06/2026;2026;6;Jun.;junho;2026-06;Jun./26;Sabrina Soares;Sabrina Soares;True;belcorseguros;Upgrade;Não informado;Conexão adicional de WhatsApp;Conexão adicional de WhatsApp;https://app.pipefy.com/open-cards/1382930517;Up;Não informado;Redução de custo;Cliente solicitou upgrade de 7 conexões adicionais de WhatsApp Standard, no valor de R$79 cada.;1;553.0;0.0;Upgrade;;;Não calculado
16/06/2026;2026;6;Jun.;junho;2026-06;Jun./26;Sabrina Soares;Sabrina Soares;True;projetounicodigital;Upgrade;Não informado;Funil de vendas;Funil de vendas;https://app.pipefy.com/open-cards/1382671479;Up;Não informado;Outros motivos descritos;Cliente solicitou a contratação do Funil de vendas por 49.;1;49.0;0.0;Upgrade;;;Não calculado
16/06/2026;2026;6;Jun.;junho;2026-06;Jun./26;Sabrina Soares;Sabrina Soares;True;vidacotidiana;Upgrade;Não informado;Servidores;Servidores;https://app.pipefy.com/open-cards/1383110849;Up;Não informado;Redução de custo;Cliente realizou o resize para o servidor 8/12 e subimos o valor conforme inormado no agnus.;1;270.0;0.0;Upgrade;;;Não calculado
16/06/2026;2026;6;Jun.;junho;2026-06;Jun./26;Vinicius Simões;Vinicius Simões;True;shoppingdoaviao;Upgrade;Não informado;Conexão adicional de WhatsApp - WABA;Conexão adicional de WhatsApp - WABA;https://app.pipefy.com/open-cards/1383129168;Up;Não informado;Outros motivos descritos;Upgrade: - 1x Conexão adicional de WhatsApp API Oficial - R$ 89,00;1;89.0;0.0;Upgrade;;;Não calculado
16/06/2026;2026;6;Jun.;junho;2026-06;Jun./26;Vinicius Simões;Vinicius Simões;True;soulareletromoveis;Upgrade;Não informado;"Conexão Facebook Messenger; Conexão Instagram Direct";Conexão Facebook Messenger + outros;https://app.pipefy.com/open-cards/1383241436;Up;Não informado;Outros motivos descritos;Upgrade: - 1x Conexão de Facebook - R$ 65,00 - 1x Conexão de Instagram - R$ 65,00;2;130.0;0.0;Upgrade;;;Não calculado
17/06/2026;2026;6;Jun.;junho;2026-06;Jun./26;Gustavo Medeiros;Gustavo Medeiros;True;leandrovitta;Upgrade;Não informado;Conexão adicional de WhatsApp - WABA;Conexão adicional de WhatsApp - WABA;https://app.pipefy.com/open-cards/1383916487;Up;Não informado;Outros motivos descritos;Upgrade de duas conexões WhatsApp oficial.;1;178.0;0.0;Upgrade;;;Não calculado
17/06/2026;2026;6;Jun.;junho;2026-06;Jun./26;Leticia Silva;Leticia Silva;True;grafelseguros;Upgrade;Não informado;Primeira ativação de número oficial;Primeira ativação de número oficial;https://app.pipefy.com/open-cards/1383750926;Up;Não informado;Outros motivos descritos;Primeira ativação de número oficial;1;89.0;0.0;Upgrade;;;Não calculado
17/06/2026;2026;6;Jun.;junho;2026-06;Jun./26;Leticia Silva;Leticia Silva;True;mhrecife;Upgrade;Não informado;Primeira ativação de número oficial;Primeira ativação de número oficial;https://app.pipefy.com/open-cards/1383641412;Up;Não informado;Outros motivos descritos;Primeira Ativação de Número Oficial;1;89.0;0.0;Upgrade;;;Não calculado
17/06/2026;2026;6;Jun.;junho;2026-06;Jun./26;Leticia Silva;Leticia Silva;True;upliftfitness;Upgrade;Não informado;Primeira ativação de número oficial;Primeira ativação de número oficial;https://app.pipefy.com/open-cards/1383896751;Up;Não informado;Outros motivos descritos;Primeira ativação de número oficial;1;89.0;0.0;Upgrade;;;Não calculado
17/06/2026;2026;6;Jun.;junho;2026-06;Jun./26;Mariana Nunes;Mariana Nunes;True;alvoradasolucoes;Upgrade;Não informado;Conexão adicional de WhatsApp;Conexão adicional de WhatsApp;https://app.pipefy.com/open-cards/1383493072;Up;Não informado;Outros motivos descritos;Upgrade conexão adicional de whatsapp R$ 89,00 | Protocolo 202606151785996;1;89.0;0.0;Upgrade;;;Não calculado
17/06/2026;2026;6;Jun.;junho;2026-06;Jun./26;Mariana Nunes;Mariana Nunes;True;cristinaflores;Upgrade;Não informado;Conexão Instagram Direct;Conexão Instagram Direct;https://app.pipefy.com/open-cards/1384015463;Up;Não informado;Redução de custo;Upgrade conexão adicional Instagram (já possuia uma conexão com desconto, no valor de R$ 65,00) | Protocolo 202606171789310;1;65.0;0.0;Upgrade;;;Não calculado
17/06/2026;2026;6;Jun.;junho;2026-06;Jun./26;Mariana Nunes;Mariana Nunes;True;gicont;Upgrade;Não informado;Usuário adicional;Usuário adicional;https://app.pipefy.com/open-cards/1383783767;Up;Não informado;Outros motivos descritos;Upgrade 1 usuário adicional R$ 29,00 + 1 usuário bonificado | Protocolo 202606161788154;1;29.0;0.0;Upgrade;;;Não calculado
17/06/2026;2026;6;Jun.;junho;2026-06;Jun./26;Mariana Nunes;Mariana Nunes;True;tcmcontabilidade;Upgrade;Não informado;Servidores;Servidores;https://app.pipefy.com/open-cards/1384056466;Up;Não informado;Outros motivos descritos;Upgrade servidor 4/8 R$ 169,00 | Protocolo 202606121784545;1;169.0;0.0;Upgrade;;;Não calculado
17/06/2026;2026;6;Jun.;junho;2026-06;Jun./26;Melissa Duarte;Melissa Duarte;True;nepuga;Upgrade;Não informado;Servidores;Servidores;https://app.pipefy.com/open-cards/1383936978;Up;Não informado;Redução de custo;Upgrade SERVIDOR 32/32 R$ 960,00 redução servidor 10/60 R$199,00;1;935.76;0.0;Upgrade;;;Não calculado
17/06/2026;2026;6;Jun.;junho;2026-06;Jun./26;Melissa Duarte;Melissa Duarte;True;youcertificacaodigital1;Upgrade;Não informado;Conexão adicional de WhatsApp - WABA;Conexão adicional de WhatsApp - WABA;https://app.pipefy.com/open-cards/1383841117;Up;Não informado;Outros motivos descritos;UP 1 conexão adicional whatsapp;1;89.0;0.0;Upgrade;;;Não calculado
17/06/2026;2026;6;Jun.;junho;2026-06;Jun./26;Noemy Biazão;Noemy Biazão;True;apoteka;Upgrade;Não informado;"Conexão Instagram Direct; Conexão Facebook Messenger";Conexão Instagram Direct + outros;https://app.pipefy.com/open-cards/1383898901;Up;Não informado;Redução de custo;Upgrade de conexão instagram e facebook, valor R$130,00;2;130.0;0.0;Upgrade;;;Não calculado
17/06/2026;2026;6;Jun.;junho;2026-06;Jun./26;Noemy Biazão;Noemy Biazão;True;cdcitirapina;Upgrade;Não informado;Servidores;Servidores;https://app.pipefy.com/open-cards/1383512036;Up;Não informado;Redução de custo;Upgrade - Servidor 4/8, valor:169,00;1;169.0;0.0;Upgrade;;;Não calculado
17/06/2026;2026;6;Jun.;junho;2026-06;Jun./26;Noemy Biazão;Noemy Biazão;True;dubaitransportes;Upgrade;Não informado;Servidores;Servidores;https://app.pipefy.com/open-cards/1383571698;Up;Não informado;Redução de custo;Upgrade Servidor 2/4 - Valor: 89,00;1;89.0;0.0;Upgrade;;;Não calculado
17/06/2026;2026;6;Jun.;junho;2026-06;Jun./26;Noemy Biazão;Noemy Biazão;True;institutogabilheri;Upgrade;Não informado;Funil de vendas;Funil de vendas;https://app.pipefy.com/open-cards/1383802444;Up;Não informado;Redução de custo;Upgrade de funil de vendas, valor: 49,00;1;49.0;0.0;Upgrade;;;Não calculado
17/06/2026;2026;6;Jun.;junho;2026-06;Jun./26;Noemy Biazão;Noemy Biazão;True;mercadodochico;Upgrade;Não informado;Chat interno;Chat interno;https://app.pipefy.com/open-cards/1383827285;Up;Não informado;Redução de custo;Upgrade de chat interno, valor R$89,00;1;89.0;0.0;Upgrade;;;Não calculado
17/06/2026;2026;6;Jun.;junho;2026-06;Jun./26;Sabrina Soares;Sabrina Soares;True;agaxtursaopaulo;Upgrade;Não informado;Combo de IA's;Combo de IA's;https://app.pipefy.com/open-cards/1383593827;Up;Não informado;Outros motivos descritos;Cliente contratou o combo de Agente IA + Transcrição (2.000 créditos e 2.000 minutos) por R$288,80.;1;288.8;0.0;Upgrade;;;Não calculado
17/06/2026;2026;6;Jun.;junho;2026-06;Jun./26;Sabrina Soares;Sabrina Soares;True;atendimentomegadtf;Upgrade;Não informado;Servidores;Servidores;https://app.pipefy.com/open-cards/1384012113;Up;Não informado;Outros motivos descritos;UPGRADE SERVIDOR 2/4 POR 89;1;89.0;0.0;Upgrade;;;Não calculado
17/06/2026;2026;6;Jun.;junho;2026-06;Jun./26;Sabrina Soares;Sabrina Soares;True;comunicacaorm;Upgrade;Não informado;Usuário adicional;Usuário adicional;https://app.pipefy.com/open-cards/1383483845;Up;Não informado;Outros motivos descritos;Solicitou o upgrade de 10 usuários adicionais. Realizei o up pois o cliente caiu na fila do up e down e o Luis Siqueira está em viagem.;1;290.0;0.0;Upgrade;;;Não calculado
17/06/2026;2026;6;Jun.;junho;2026-06;Jun./26;Sabrina Soares;Sabrina Soares;True;financeiroadv;Upgrade;Não informado;Usuário adicional;Usuário adicional;https://app.pipefy.com/open-cards/1383493448;Up;Não informado;Outros motivos descritos;Realizei o upgrade de 10 usuários para o cliente. Luis siqueira ciente.;1;290.0;0.0;Upgrade;;;Não calculado
17/06/2026;2026;6;Jun.;junho;2026-06;Jun./26;Sabrina Soares;Sabrina Soares;True;fridescnf;Upgrade;Não informado;Funil de vendas;Funil de vendas;https://app.pipefy.com/open-cards/1383924444;Up;Não informado;Outros motivos descritos;Cliente estava com o funil a meses, pois não desabilitaram no final do teste. Seguimos com a contratação.;1;49.0;0.0;Upgrade;;;Não calculado
17/06/2026;2026;6;Jun.;junho;2026-06;Jun./26;Sabrina Soares;Sabrina Soares;True;revendasgrafica2;Upgrade;Não informado;Funil de vendas;Funil de vendas;https://app.pipefy.com/open-cards/1383950430;Up;Não informado;Outros motivos descritos;Contratou o funil de vendas por R$49.;1;49.0;0.0;Upgrade;;;Não calculado
17/06/2026;2026;6;Jun.;junho;2026-06;Jun./26;Sabrina Soares;Sabrina Soares;True;simplescred1;Upgrade;Não informado;Transcrição de Áudio;Transcrição de Áudio;https://app.pipefy.com/open-cards/1383929657;Up;Não informado;Outros motivos descritos;Cliente contratou a transcrição de 500 minutos por 24,90.;1;24.9;0.0;Upgrade;;;Não calculado
17/06/2026;2026;6;Jun.;junho;2026-06;Jun./26;Sabrina Soares;Sabrina Soares;True;talaskimsp;Upgrade;Não informado;IA Agent;IA Agent;https://app.pipefy.com/open-cards/1383638551;Up;Não informado;Outros motivos descritos;Cliente contratou 1.000 créditos no Agente IA para conhecer o produto.;1;112.9;0.0;Upgrade;;;Não calculado
17/06/2026;2026;6;Jun.;junho;2026-06;Jun./26;Sabrina Soares;Sabrina Soares;True;zinq;Upgrade;Não informado;Servidores;Servidores;https://app.pipefy.com/open-cards/1384004090;Up;Não informado;Outros motivos descritos;Contratou servidor 2/4 por R$89.;1;89.0;0.0;Upgrade;;;Não calculado
17/06/2026;2026;6;Jun.;junho;2026-06;Jun./26;Tadiane Biason;Tadiane Biason;True;suportepremium;Upgrade;Não informado;Usuário adicional;Usuário adicional;https://app.pipefy.com/open-cards/1383812816;Up;Não informado;Redução de custo;Tipo: Upgrade Produto: 2 usuarios adicionais - 25,00 cada Valor: 50,00 URL: suportepremium Protocolo: 202606171788776;1;50.0;0.0;Upgrade;;;Não calculado
17/06/2026;2026;6;Jun.;junho;2026-06;Jun./26;Vinicius Simões;Vinicius Simões;True;atendimentoparseint;Upgrade;Não informado;Conexão adicional de WhatsApp - WABA;Conexão adicional de WhatsApp - WABA;https://app.pipefy.com/open-cards/1383641637;Up;Não informado;Outros motivos descritos;Upgrade: - 1x Conexão adicional de WhatsApp API Oficial - R$ 89,00;1;89.0;0.0;Upgrade;;;Não calculado
17/06/2026;2026;6;Jun.;junho;2026-06;Jun./26;Vinicius Simões;Vinicius Simões;True;lepetsante;Upgrade;Não informado;Conexão adicional de WhatsApp - WABA;Conexão adicional de WhatsApp - WABA;https://app.pipefy.com/open-cards/1383891585;Up;Não informado;Outros motivos descritos;Upgrade: - 3x Conexões adicionais de WhatsApp API Oficial - R$ 267,00;1;267.0;0.0;Upgrade;;;Não calculado
18/06/2026;2026;6;Jun.;junho;2026-06;Jun./26;Gustavo Medeiros;Gustavo Medeiros;True;bg7engenharia1;Upgrade;Não informado;Funil de vendas;Funil de vendas;https://app.pipefy.com/open-cards/1385233935;Up;Não informado;Outros motivos descritos;up funil;1;49.9;0.0;Upgrade;;;Não calculado
18/06/2026;2026;6;Jun.;junho;2026-06;Jun./26;Keren Garcia;Keren Garcia;True;massasgiani;Upgrade;Não informado;Servidores;Servidores;https://app.pipefy.com/open-cards/1385734766;Up;Não informado;Outros motivos descritos;UP de servidor 2/4;1;89.0;0.0;Upgrade;;;Não calculado
18/06/2026;2026;6;Jun.;junho;2026-06;Jun./26;Leticia Silva;Leticia Silva;True;perelax;Upgrade;Não informado;Primeira ativação de número oficial;Primeira ativação de número oficial;https://app.pipefy.com/open-cards/1385145137;Up;Não informado;Outros motivos descritos;Primeira Ativação de Número Oficial;1;89.0;0.0;Upgrade;;;Não calculado
18/06/2026;2026;6;Jun.;junho;2026-06;Jun./26;Leticia Silva;Leticia Silva;True;renovacaodesmont;Upgrade;Não informado;Primeira ativação de número oficial;Primeira ativação de número oficial;https://app.pipefy.com/open-cards/1385683926;Up;Não informado;Outros motivos descritos;Primeira ativação de número oficial;1;89.0;0.0;Upgrade;;;Não calculado
18/06/2026;2026;6;Jun.;junho;2026-06;Jun./26;Mariana Nunes;Mariana Nunes;True;biancobarbosa;Upgrade;Não informado;Servidores;Servidores;https://app.pipefy.com/open-cards/1385077879;Up;Não informado;Outros motivos descritos;Upgrade servidor 2/4 R$ 89,00 | Protocolo 202606171789492;1;89.0;0.0;Upgrade;;;Não calculado
18/06/2026;2026;6;Jun.;junho;2026-06;Jun./26;Mariana Nunes;Mariana Nunes;True;italineacontinente;Upgrade;Não informado;Funil de vendas;Funil de vendas;https://app.pipefy.com/open-cards/1385153825;Up;Não informado;Outros motivos descritos;Upgrade Funil de Vendas R$ 49,00 | Protocolo 202606161787393;1;49.0;0.0;Upgrade;;;Não calculado
18/06/2026;2026;6;Jun.;junho;2026-06;Jun./26;Mariana Nunes;Mariana Nunes;True;webbytelecom;Upgrade;Não informado;Distribuição automática;Distribuição automática;https://app.pipefy.com/open-cards/1385165488;Up;Não informado;Processo/uso operacional;Upgrade distribuição automática R$ 89,00 | Protocolo 202606171789716;1;89.0;0.0;Upgrade;;;Não calculado
18/06/2026;2026;6;Jun.;junho;2026-06;Jun./26;Melissa Duarte;Melissa Duarte;True;triviapw;Upgrade;Não informado;Conexão adicional de WhatsApp - WABA;Conexão adicional de WhatsApp - WABA;https://app.pipefy.com/open-cards/1384980286;Up;Não informado;Outros motivos descritos;UP 1 conexão adicional waba;1;89.0;0.0;Upgrade;;;Não calculado
18/06/2026;2026;6;Jun.;junho;2026-06;Jun./26;Noemy Biazão;Noemy Biazão;True;baden;Upgrade;Não informado;"Usuário adicional; Conexão adicional de WhatsApp";Usuário adicional + outros;https://app.pipefy.com/open-cards/1385804853;Up;Não informado;Redução de custo;Upgrade de 1 Conexão Adicional de WhatsApp Valor:R$89,00 e 4 Usuarios, R$116,00;2;205.0;0.0;Upgrade;;;Não calculado
18/06/2026;2026;6;Jun.;junho;2026-06;Jun./26;Noemy Biazão;Noemy Biazão;True;flytournovaprata;Upgrade;Não informado;Servidores;Servidores;https://app.pipefy.com/open-cards/1385508913;Up;Não informado;Redução de custo;Upgrade de Servidor do 2/4, R$101,00 para o 4/8 Valor: 169,00;1;169.0;0.0;Upgrade;;;Não calculado
18/06/2026;2026;6;Jun.;junho;2026-06;Jun./26;Noemy Biazão;Noemy Biazão;True;maryhelptijucario;Upgrade;Não informado;Funil de vendas;Funil de vendas;https://app.pipefy.com/open-cards/1384896258;Up;Não informado;Redução de custo;UP de funil de vendas, valor R$49,00;1;49.0;0.0;Upgrade;;;Não calculado
18/06/2026;2026;6;Jun.;junho;2026-06;Jun./26;Noemy Biazão;Noemy Biazão;True;sistemanudik;Upgrade;Não informado;Conexão Instagram Direct;Conexão Instagram Direct;https://app.pipefy.com/open-cards/1384910807;Up;Não informado;Redução de custo;UP de Conexao de Instagram - valor: R$89,00;1;89.0;0.0;Upgrade;;;Não calculado
18/06/2026;2026;6;Jun.;junho;2026-06;Jun./26;Sabrina Soares;Sabrina Soares;True;aerocontabilidade;Upgrade;Não informado;Servidores;Servidores;https://app.pipefy.com/open-cards/1385619196;Up;Não informado;Redução de custo;Upgrade de servidor 2/4 no valor de R$89;1;89.0;0.0;Upgrade;;;Não calculado
18/06/2026;2026;6;Jun.;junho;2026-06;Jun./26;Sabrina Soares;Sabrina Soares;True;andrelimaadv;Upgrade;Não informado;Conexão adicional de WhatsApp;Conexão adicional de WhatsApp;https://app.pipefy.com/open-cards/1385656153;Up;Não informado;Redução de custo;Upgrde de conexão no valor de R$89;1;89.0;0.0;Upgrade;;;Não calculado
18/06/2026;2026;6;Jun.;junho;2026-06;Jun./26;Sabrina Soares;Sabrina Soares;True;assessoriasturmer;Upgrade;Não informado;Funil de vendas;Funil de vendas;https://app.pipefy.com/open-cards/1385216091;Up;Não informado;Outros motivos descritos;Realizou o up de funil por R$49;1;49.0;0.0;Upgrade;;;Não calculado
18/06/2026;2026;6;Jun.;junho;2026-06;Jun./26;Sabrina Soares;Sabrina Soares;True;clinicadradaniely;Upgrade;Não informado;Funil de vendas;Funil de vendas;https://app.pipefy.com/open-cards/1385744897;Up;Não informado;Redução de custo;Upgrade de funil de vendas no valor de R$49;1;49.0;0.0;Upgrade;;;Não calculado
18/06/2026;2026;6;Jun.;junho;2026-06;Jun./26;Sabrina Soares;Sabrina Soares;True;diasdocantofarrapos;Upgrade;Não informado;Servidores;Servidores;https://app.pipefy.com/open-cards/1385375341;Up;Não informado;Outros motivos descritos;Cliente realizou o up de servidor para o 2/4.;1;89.0;0.0;Upgrade;;;Não calculado
18/06/2026;2026;6;Jun.;junho;2026-06;Jun./26;Sabrina Soares;Sabrina Soares;True;econodent;Upgrade;Não informado;Funil de vendas;Funil de vendas;https://app.pipefy.com/open-cards/1385017685;Up;Não informado;Outros motivos descritos;Upgrade de funil de vendas por 49;1;49.0;0.0;Upgrade;;;Não calculado
18/06/2026;2026;6;Jun.;junho;2026-06;Jun./26;Sabrina Soares;Sabrina Soares;True;hwrochaadvocacia;Upgrade;Não informado;Funil de vendas;Funil de vendas;https://app.pipefy.com/open-cards/1384999750;Up;Não informado;Outros motivos descritos;Cliente contratou o funil de vendas por R$49.;1;49.0;0.0;Upgrade;;;Não calculado
18/06/2026;2026;6;Jun.;junho;2026-06;Jun./26;Sabrina Soares;Sabrina Soares;True;iamultas;Upgrade;Não informado;Funil de vendas;Funil de vendas;https://app.pipefy.com/open-cards/1385785043;Up;Não informado;Redução de custo;Upgrade de Funil de vendas no valor de R$49.;1;49.0;0.0;Upgrade;;;Não calculado
18/06/2026;2026;6;Jun.;junho;2026-06;Jun./26;Sabrina Soares;Sabrina Soares;True;luckreceptivomaceio;Upgrade;Não informado;Funil de vendas;Funil de vendas;https://app.pipefy.com/open-cards/1385710441;Up;Não informado;Outros motivos descritos;Upgrade de funil de vendas por 49;1;49.0;0.0;Upgrade;;;Não calculado
18/06/2026;2026;6;Jun.;junho;2026-06;Jun./26;Sabrina Soares;Sabrina Soares;True;lunaterra;Upgrade;Não informado;Conexão adicional de WhatsApp;Conexão adicional de WhatsApp;https://app.pipefy.com/open-cards/1384878694;Up;Não informado;Outros motivos descritos;Upgrade de WhatsApp Standard por 59.;1;59.0;0.0;Upgrade;;;Não calculado
18/06/2026;2026;6;Jun.;junho;2026-06;Jun./26;Sabrina Soares;Sabrina Soares;True;mjc;Upgrade;Não informado;Transcrição de Áudio;Transcrição de Áudio;https://app.pipefy.com/open-cards/1385145822;Up;Não informado;Redução de custo;Cliente solicitou upgrade de transcrição por 500 minutos, no valor de 24,90.;1;24.9;0.0;Upgrade;;;Não calculado
18/06/2026;2026;6;Jun.;junho;2026-06;Jun./26;Sabrina Soares;Sabrina Soares;True;neurocenterkids;Upgrade;Não informado;Funil de vendas;Funil de vendas;https://app.pipefy.com/open-cards/1385775467;Up;Não informado;Redução de custo;Upgrade de Funil de vendas no valor de R$49.;1;49.0;0.0;Upgrade;;;Não calculado
18/06/2026;2026;6;Jun.;junho;2026-06;Jun./26;Sabrina Soares;Sabrina Soares;True;nortesulonline;Upgrade;Não informado;Distribuição automática;Distribuição automática;https://app.pipefy.com/open-cards/1385174784;Up;Não informado;Redução de custo;Upgrade de distribuição de chamados no valor de R$89;1;89.0;0.0;Upgrade;;;Não calculado
18/06/2026;2026;6;Jun.;junho;2026-06;Jun./26;Sabrina Soares;Sabrina Soares;True;sublimacaototal;Upgrade;Não informado;Servidores;Servidores;https://app.pipefy.com/open-cards/1385205696;Up;Não informado;Outros motivos descritos;Upgrade de servidor 2/4.;1;89.0;0.0;Upgrade;;;Não calculado
18/06/2026;2026;6;Jun.;junho;2026-06;Jun./26;Tadiane Biason;Tadiane Biason;True;carloscruzadvocacia;Upgrade;Não informado;Servidores;Servidores;https://app.pipefy.com/open-cards/1386755098;Up;Não informado;Outros motivos descritos;Tipo: Upgrade Produto: Servidor 2/4 - 89,00 URL: carloscruzadvocacia Protocolo: 202606181789938;1;89.0;0.0;Upgrade;;;Não calculado
19/06/2026;2026;6;Jun.;junho;2026-06;Jun./26;Guilherme Virgilio Soares;Guilherme Virgilio Soares;True;azoup;Upgrade;Não informado;Servidores;Servidores;https://app.pipefy.com/open-cards/1387362649;Up;Não informado;Outros motivos descritos;- Upgrade: Servidor 2/4 | R$ 89,00 |;1;89.0;0.0;Upgrade;;;Não calculado
19/06/2026;2026;6;Jun.;junho;2026-06;Jun./26;Gustavo Medeiros;Gustavo Medeiros;True;palomaksperandio;Upgrade;Não informado;"Usuário adicional; Conexão adicional de WhatsApp; Servidores";Usuário adicional + outros;https://app.pipefy.com/open-cards/1387489898;Up;Não informado;Outros motivos descritos;Unificação de conta com upgrade.;3;1916.0;0.0;Upgrade;;;Não calculado
19/06/2026;2026;6;Jun.;junho;2026-06;Jun./26;Gustavo Medeiros;Gustavo Medeiros;True;starcorretoradeseguros;Upgrade;Não informado;IA Agent;IA Agent;https://app.pipefy.com/open-cards/1386850832;Up;Não informado;Outros motivos descritos;up agente 1000 créd;1;112.9;0.0;Upgrade;;;Não calculado
19/06/2026;2026;6;Jun.;junho;2026-06;Jun./26;Leticia Silva;Leticia Silva;True;jukcattanicomercial;Upgrade;Não informado;Conexão adicional de WhatsApp - WABA;Conexão adicional de WhatsApp - WABA;https://app.pipefy.com/open-cards/1387473382;Up;Não informado;Outros motivos descritos;Up conexão adicional oficial;1;89.0;0.0;Upgrade;;;Não calculado
19/06/2026;2026;6;Jun.;junho;2026-06;Jun./26;Mariana Nunes;Mariana Nunes;True;evidencieb2c;Upgrade;Não informado;Distribuição automática;Distribuição automática;https://app.pipefy.com/open-cards/1387571833;Up;Não informado;Processo/uso operacional;Upgrade distribuição automática R$ 89,00 | Protocolo 202606191791706;1;89.0;0.0;Upgrade;;;Não calculado
19/06/2026;2026;6;Jun.;junho;2026-06;Jun./26;Mariana Nunes;Mariana Nunes;True;lfreitasadvocacia;Upgrade;Não informado;Chat interno;Chat interno;https://app.pipefy.com/open-cards/1387583744;Up;Não informado;Outros motivos descritos;Upgrade chat interno R$ 89,00 | Protocolo 202606191791543;1;89.0;0.0;Upgrade;;;Não calculado
19/06/2026;2026;6;Jun.;junho;2026-06;Jun./26;Noemy Biazão;Noemy Biazão;True;lunaportasejanelas;Upgrade;Não informado;IA CSAT;IA CSAT;https://app.pipefy.com/open-cards/1386807476;Up;Não informado;Redução de custo;UP de IA CSAT - Plano 3.000 créditos valor: 59,90;1;59.9;0.0;Upgrade;;;Não calculado
19/06/2026;2026;6;Jun.;junho;2026-06;Jun./26;Noemy Biazão;Noemy Biazão;True;maximusgestao;Upgrade;Não informado;IA CSAT;IA CSAT;https://app.pipefy.com/open-cards/1386793334;Up;Não informado;Redução de custo;UP de IA CSAT - Plano 3.000 créditos valor: 59,90;1;59.9;0.0;Upgrade;;;Não calculado
19/06/2026;2026;6;Jun.;junho;2026-06;Jun./26;Noemy Biazão;Noemy Biazão;True;ribeiroveil;Upgrade;Não informado;Conexão adicional de WhatsApp - WABA;Conexão adicional de WhatsApp - WABA;https://app.pipefy.com/open-cards/1387074852;Up;Não informado;Redução de custo;UP, Contratação de conexão WABA Gupshup Valor: R$89,00;1;89.0;0.0;Upgrade;;;Não calculado
19/06/2026;2026;6;Jun.;junho;2026-06;Jun./26;Noemy Biazão;Noemy Biazão;True;silveirasolucoes;Upgrade;Não informado;"IA Agent; Transcrição de Áudio; Resumo Inteligente";IA Agent + outros;https://app.pipefy.com/open-cards/1387517966;Up;Não informado;Redução de custo;Upgrade: IA Agente – 1.000 créditos 1.000 valor: R$ 112,90 / IA Transcrição de áudio – Plano 1.000 minutos 1.000 valor: R$49,9 / IA Resumo Inteligente – Plano 1.000 créditos 1.000 valor: R$55,90;3;218.7;0.0;Upgrade;;;Não calculado
19/06/2026;2026;6;Jun.;junho;2026-06;Jun./26;Priscila Pavani;Priscila Pavani;True;hcorrepasse;Upgrade;Não informado;Usuário adicional;Usuário adicional;https://app.pipefy.com/open-cards/1386972117;Up;Não informado;Outros motivos descritos;Tipo: Upgrade Produto: 1 usuário - 29,00 URL: hcorrepasse Protocolo: e-mail;1;29.0;0.0;Upgrade;;;Não calculado
19/06/2026;2026;6;Jun.;junho;2026-06;Jun./26;Sabrina Soares;Sabrina Soares;True;advocaciajoaopaulo;Upgrade;Não informado;Funil de vendas;Funil de vendas;https://app.pipefy.com/open-cards/1387457242;Up;Não informado;Redução de custo;Upgrade de Funil de vendas no valor de R$49;1;49.0;0.0;Upgrade;;;Não calculado
19/06/2026;2026;6;Jun.;junho;2026-06;Jun./26;Sabrina Soares;Sabrina Soares;True;advocaciarodella;Upgrade;Não informado;Funil de vendas;Funil de vendas;https://app.pipefy.com/open-cards/1387409994;Up;Não informado;Redução de custo;Upgrade de funil de vendas no valor de R$49;1;49.0;0.0;Upgrade;;;Não calculado
19/06/2026;2026;6;Jun.;junho;2026-06;Jun./26;Sabrina Soares;Sabrina Soares;True;assessoriajuridicama;Upgrade;Não informado;Resumo Inteligente;Resumo Inteligente;https://app.pipefy.com/open-cards/1387326245;Up;Não informado;Outros motivos descritos;CLiente solicitou upgrade de resumo inteligente 500 créditos por 29,90.;1;29.9;0.0;Upgrade;;;Não calculado
19/06/2026;2026;6;Jun.;junho;2026-06;Jun./26;Sabrina Soares;Sabrina Soares;True;crbm7;Upgrade;Não informado;Servidores;Servidores;https://app.pipefy.com/open-cards/1386967151;Up;Não informado;Outros motivos descritos;Upgrade de servidor 2/4 por R$89.;1;89.0;0.0;Upgrade;;;Não calculado
19/06/2026;2026;6;Jun.;junho;2026-06;Jun./26;Sabrina Soares;Sabrina Soares;True;crbm7;Upgrade;Não informado;Servidores;Servidores;https://app.pipefy.com/open-cards/1386978106;Up;Não informado;Outros motivos descritos;Upgrade de servidor 2/4 por R$89.;1;89.0;0.0;Upgrade;;;Não calculado
19/06/2026;2026;6;Jun.;junho;2026-06;Jun./26;Sabrina Soares;Sabrina Soares;True;criarimoveis;Upgrade;Não informado;Servidores;Servidores;https://app.pipefy.com/open-cards/1387421048;Up;Não informado;Redução de custo;Upgrade de servidor 2/4 no valor de R$89.;1;89.0;0.0;Upgrade;;;Não calculado
19/06/2026;2026;6;Jun.;junho;2026-06;Jun./26;Sabrina Soares;Sabrina Soares;True;despachanteribeiro;Upgrade;Não informado;Usuário adicional;Usuário adicional;https://app.pipefy.com/open-cards/1387308185;Up;Não informado;Outros motivos descritos;Upgrade de um usuário por 26,10.;1;26.1;0.0;Upgrade;;;Não calculado
19/06/2026;2026;6;Jun.;junho;2026-06;Jun./26;Sabrina Soares;Sabrina Soares;True;maissaudeplano;Upgrade;Não informado;Servidores;Servidores;https://app.pipefy.com/open-cards/1387445387;Up;Não informado;Redução de custo;Upgrade de servidor 8/12 no valor de R$270;1;270.0;0.0;Upgrade;;;Não calculado
19/06/2026;2026;6;Jun.;junho;2026-06;Jun./26;Sabrina Soares;Sabrina Soares;True;monteiroadvogados;Upgrade;Não informado;Servidores;Servidores;https://app.pipefy.com/open-cards/1387345074;Up;Não informado;Outros motivos descritos;Cliente solicitou upgrade de resumo inteligente 500 créditos por 29,90;1;29.9;0.0;Upgrade;;;Não calculado
19/06/2026;2026;6;Jun.;junho;2026-06;Jun./26;Sabrina Soares;Sabrina Soares;True;oriteccontabil;Upgrade;Não informado;Servidores;Servidores;https://app.pipefy.com/open-cards/1387387443;Up;Não informado;Redução de custo;Servidor 2/4 incluso na conta do cliente no valor de R$89.;1;89.0;0.0;Upgrade;;;Não calculado
19/06/2026;2026;6;Jun.;junho;2026-06;Jun./26;Sabrina Soares;Sabrina Soares;True;promoservice;Upgrade;Não informado;Conexão Instagram Direct;Conexão Instagram Direct;https://app.pipefy.com/open-cards/1387482864;Up;Não informado;Outros motivos descritos;Upgrade de uma conexão de Instagram por R$89.;1;89.0;0.0;Upgrade;;;Não calculado
19/06/2026;2026;6;Jun.;junho;2026-06;Jun./26;Sabrina Soares;Sabrina Soares;True;sierratubarao;Upgrade;Não informado;Servidores;Servidores;https://app.pipefy.com/open-cards/1387552425;Up;Não informado;Outros motivos descritos;Upgrade de servidor 2/4;1;89.0;0.0;Upgrade;;;Não calculado
19/06/2026;2026;6;Jun.;junho;2026-06;Jun./26;Sabrina Soares;Sabrina Soares;True;wbdigital;Upgrade;Não informado;Reclame Aqui;Reclame Aqui;https://app.pipefy.com/open-cards/1386935761;Up;Não informado;Outros motivos descritos;Cliente realizou o up de duas conexões de reclame aqui, totalizando R$98.;1;98.0;0.0;Upgrade;;;Não calculado
19/06/2026;2026;6;Jun.;junho;2026-06;Jun./26;Vinicius Simões;Vinicius Simões;True;rubyconect;Upgrade;Não informado;Conexão adicional de WhatsApp - WABA;Conexão adicional de WhatsApp - WABA;https://app.pipefy.com/open-cards/1386967983;Up;Não informado;Outros motivos descritos;Upgrade: - 1x Conexão adicional de WhatsApp API Oficial - R$ 89,00;1;89.0;0.0;Upgrade;;;Não calculado
19/06/2026;2026;6;Jun.;junho;2026-06;Jun./26;Vinicius Simões;Vinicius Simões;True;sitiodamontanha;Upgrade;Não informado;Primeira ativação de número oficial;Primeira ativação de número oficial;https://app.pipefy.com/open-cards/1387300387;Up;Não informado;Outros motivos descritos;Upgrade: - 1x Conexão de WhatsApp API Oficial - R$ 89,00;1;89.0;0.0;Upgrade;;;Não calculado
19/06/2026;2026;6;Jun.;junho;2026-06;Jun./26;Vinicius Simões;Vinicius Simões;True;vidmed2;Upgrade;Não informado;Conexão adicional de WhatsApp - WABA;Conexão adicional de WhatsApp - WABA;https://app.pipefy.com/open-cards/1386855844;Up;Não informado;Outros motivos descritos;Upgrade: - 1x Conexão adicional de WhatsApp API Oficial - R$ 89,00;1;89.0;0.0;Upgrade;;;Não calculado
22/06/2026;2026;6;Jun.;junho;2026-06;Jun./26;Leticia Silva;Leticia Silva;True;advbeatrizquirol;Upgrade;Não informado;Conexão adicional de WhatsApp - WABA;Conexão adicional de WhatsApp - WABA;https://app.pipefy.com/open-cards/1391134300;Up;Não informado;Outros motivos descritos;Conexão Waba Adicional;1;89.0;0.0;Upgrade;;;Não calculado
22/06/2026;2026;6;Jun.;junho;2026-06;Jun./26;Mariana Nunes;Mariana Nunes;True;abex;Upgrade;Não informado;IA Agent;IA Agent;https://app.pipefy.com/open-cards/1391495257;Up;Não informado;Outros motivos descritos;Upgrade IA Agente 1.000 créditos | Protocolo 202606221792981;1;112.9;0.0;Upgrade;;;Não calculado
22/06/2026;2026;6;Jun.;junho;2026-06;Jun./26;Mariana Nunes;Mariana Nunes;True;grizoniimobiliaria;Upgrade;Não informado;Transcrição de Áudio;Transcrição de Áudio;https://app.pipefy.com/open-cards/1391485574;Up;Não informado;Outros motivos descritos;Upgrade IA Transcrição de Áudio Plano 500 minutos R$ 24,90 | Protocolo 202606221792837;1;24.9;0.0;Upgrade;;;Não calculado
22/06/2026;2026;6;Jun.;junho;2026-06;Jun./26;Mariana Nunes;Mariana Nunes;True;prospectacredit;Upgrade;Não informado;Conexão adicional de WhatsApp;Conexão adicional de WhatsApp;https://app.pipefy.com/open-cards/1391205719;Up;Não informado;Outros motivos descritos;Upgrade 2x conexão adicional de whatsapp | Protocolo 202606221792573;1;178.0;0.0;Upgrade;;;Não calculado
22/06/2026;2026;6;Jun.;junho;2026-06;Jun./26;Mariana Nunes;Mariana Nunes;True;solartopservicos;Upgrade;Não informado;Usuário adicional;Usuário adicional;https://app.pipefy.com/open-cards/1391316147;Up;Não informado;Outros motivos descritos;Upgrade 1x usuário adicional R$ 29,00 | Protocolo 202606221792309;1;29.0;0.0;Upgrade;;;Não calculado
22/06/2026;2026;6;Jun.;junho;2026-06;Jun./26;Noemy Biazão;Noemy Biazão;True;bpgestaofinanceira;Upgrade;Não informado;Funil de vendas;Funil de vendas;https://app.pipefy.com/open-cards/1391011331;Up;Não informado;Redução de custo;UP funil de vendas, valor: R$49,00;1;49.0;0.0;Upgrade;;;Não calculado
22/06/2026;2026;6;Jun.;junho;2026-06;Jun./26;Noemy Biazão;Noemy Biazão;True;cmgrafica;Upgrade;Não informado;Servidores;Servidores;https://app.pipefy.com/open-cards/1391550546;Up;Não informado;Redução de custo;Upgrade de Servidor 2/4, Valor: 89,00;1;89.0;0.0;Upgrade;;;Não calculado
22/06/2026;2026;6;Jun.;junho;2026-06;Jun./26;Noemy Biazão;Noemy Biazão;True;jansoadv;Upgrade;Não informado;Funil de vendas;Funil de vendas;https://app.pipefy.com/open-cards/1391733042;Up;Não informado;Redução de custo;"UP de Funil de Vendas, valor; R$49,00";1;49.0;0.0;Upgrade;;;Não calculado
22/06/2026;2026;6;Jun.;junho;2026-06;Jun./26;Noemy Biazão;Noemy Biazão;True;maestercontabilidade;Upgrade;Não informado;Chat interno;Chat interno;https://app.pipefy.com/open-cards/1391027499;Up;Não informado;Redução de custo;UP chat interno, valor: R$89,00;1;89.0;0.0;Upgrade;;;Não calculado
22/06/2026;2026;6;Jun.;junho;2026-06;Jun./26;Noemy Biazão;Noemy Biazão;True;mfcadvconsultoria;Upgrade;Não informado;Funil de vendas;Funil de vendas;https://app.pipefy.com/open-cards/1391138148;Up;Não informado;Redução de custo;UP funil de vendas, valor R$ 49,00;1;49.0;0.0;Upgrade;;;Não calculado
22/06/2026;2026;6;Jun.;junho;2026-06;Jun./26;Noemy Biazão;Noemy Biazão;True;patriciasotero;Upgrade;Não informado;"Plano Acelera para Plano Base; Usuário adicional; Servidores; Conexão adicional de WhatsApp";Plano Acelera para Plano Base + outros;https://app.pipefy.com/open-cards/1391085708;Up;Não informado;Outros motivos descritos;Troca de plano acelera para UPgrade de: Plano Base: R$ 197,00 / 2 Usuários adicionais| 3 x R$29,00 | R$58,00 / 3 Conexões de WhatsApp adicionais| 3 x R$89,00 | R$267,00 / 1 Servidor 2/4 bonificado / Total: R$522,00;4;522.0;0.0;Upgrade;;;Não calculado
22/06/2026;2026;6;Jun.;junho;2026-06;Jun./26;Noemy Biazão;Noemy Biazão;True;semlimite;Upgrade;Não informado;Usuário adicional;Usuário adicional;https://app.pipefy.com/open-cards/1391191783;Up;Não informado;Redução de custo;Upgrade de 5 usuarios, Valor: R$145,00;1;145.0;0.0;Upgrade;;;Não calculado
22/06/2026;2026;6;Jun.;junho;2026-06;Jun./26;Sabrina Soares;Sabrina Soares;True;advhgadvogados;Upgrade;Não informado;Conexão Instagram Direct;Conexão Instagram Direct;https://app.pipefy.com/open-cards/1391737206;Up;Não informado;Outros motivos descritos;Upgrade de conexão instagram por R$89.;1;89.0;0.0;Upgrade;;;Não calculado
22/06/2026;2026;6;Jun.;junho;2026-06;Jun./26;Sabrina Soares;Sabrina Soares;True;captix;Upgrade;Não informado;"Plano Acelera para Plano Base; Funil de vendas";"Plano Acelera para Plano Base; Funil de vendas";https://app.pipefy.com/open-cards/1391419222;Up;Não informado;Outros motivos descritos;UP Mudança de acelera para o base R$197,00 e Funil de vendas R$49,00;2;246.0;0.0;Upgrade;;;Não calculado
22/06/2026;2026;6;Jun.;junho;2026-06;Jun./26;Sabrina Soares;Sabrina Soares;True;lavezzi;Upgrade;Não informado;Distribuição automática;Distribuição automática;https://app.pipefy.com/open-cards/1391648495;Up;Não informado;Outros motivos descritos;Upgrade de distribuição por R$89;1;89.0;0.0;Upgrade;;;Não calculado
22/06/2026;2026;6;Jun.;junho;2026-06;Jun./26;Sabrina Soares;Sabrina Soares;True;promoservice;Upgrade;Não informado;Conexão Instagram Direct;Conexão Instagram Direct;https://app.pipefy.com/open-cards/1391280696;Up;Não informado;Outros motivos descritos;Upgrade de conexão adicional de instagram por 89.;1;89.0;0.0;Upgrade;;;Não calculado
22/06/2026;2026;6;Jun.;junho;2026-06;Jun./26;Sabrina Soares;Sabrina Soares;True;servancgr;Upgrade;Não informado;Servidores;Servidores;https://app.pipefy.com/open-cards/1391326328;Up;Não informado;Redução de custo;Upgrade de servidor 2/4 no valor de R$89.;1;89.0;0.0;Upgrade;;;Não calculado
22/06/2026;2026;6;Jun.;junho;2026-06;Jun./26;Sabrina Soares;Sabrina Soares;True;startellecom;Upgrade;Não informado;Integração;Integração;https://app.pipefy.com/open-cards/1391207953;Up;Não informado;Redução de custo;Integração com a IXC no valor de R$69,99;1;69.99;0.0;Upgrade;;;Não calculado
22/06/2026;2026;6;Jun.;junho;2026-06;Jun./26;Vinicius Simões;Vinicius Simões;True;itsbrain;Upgrade;Não informado;Primeira ativação de número oficial;Primeira ativação de número oficial;https://app.pipefy.com/open-cards/1391620542;Up;Não informado;Outros motivos descritos;Upgrade: - 1x Conexão de WhatsApp API Oficial - R$ 89,00;1;89.0;0.0;Upgrade;;;Não calculado
23/06/2026;2026;6;Jun.;junho;2026-06;Jun./26;Leticia Silva;Leticia Silva;True;cepedcursos;Upgrade;Não informado;Conexão adicional de WhatsApp - WABA;Conexão adicional de WhatsApp - WABA;https://app.pipefy.com/open-cards/1393656047;Up;Não informado;Outros motivos descritos;up waba adicional;1;89.0;0.0;Upgrade;;;Não calculado
23/06/2026;2026;6;Jun.;junho;2026-06;Jun./26;Leticia Silva;Leticia Silva;True;royal;Upgrade;Não informado;Conexão adicional de WhatsApp - WABA;Conexão adicional de WhatsApp - WABA;https://app.pipefy.com/open-cards/1393081512;Up;Não informado;Outros motivos descritos;conexão waba adicional;1;89.0;0.0;Upgrade;;;Não calculado
23/06/2026;2026;6;Jun.;junho;2026-06;Jun./26;Mariana Nunes;Mariana Nunes;True;avancecontab;Upgrade;Não informado;Servidores;Servidores;https://app.pipefy.com/open-cards/1393707842;Up;Não informado;Outros motivos descritos;Upgrade servidor 2/4 R$ 89,00 | Protocolo 202606231794472;1;89.0;0.0;Upgrade;;;Não calculado
23/06/2026;2026;6;Jun.;junho;2026-06;Jun./26;Noemy Biazão;Noemy Biazão;True;cteccontabilidade;Upgrade;Não informado;Conexão adicional de WhatsApp;Conexão adicional de WhatsApp;https://app.pipefy.com/open-cards/1393496020;Up;Não informado;Redução de custo;Upgrade de 1 Conexão Adicional de WhatsApp - Valor: 89,00;1;89.0;0.0;Upgrade;;;Não calculado
23/06/2026;2026;6;Jun.;junho;2026-06;Jun./26;Noemy Biazão;Noemy Biazão;True;ftxagroatendimento;Upgrade;Não informado;Funil de vendas;Funil de vendas;https://app.pipefy.com/open-cards/1392879278;Up;Não informado;Redução de custo;Upgrade de funil de vendas, valor 49,00;1;49.0;0.0;Upgrade;;;Não calculado
23/06/2026;2026;6;Jun.;junho;2026-06;Jun./26;Noemy Biazão;Noemy Biazão;True;reiki;Upgrade;Não informado;Servidores;Servidores;https://app.pipefy.com/open-cards/1393087821;Up;Não informado;Redução de custo;Upgrade de Servidor 2/4, valor: 89,00;1;89.0;0.0;Upgrade;;;Não calculado
23/06/2026;2026;6;Jun.;junho;2026-06;Jun./26;Noemy Biazão;Noemy Biazão;True;scotttributario;Upgrade;Não informado;Servidores;Servidores;https://app.pipefy.com/open-cards/1393115633;Up;Não informado;Redução de custo;Upgrade de Servidor 2/4, valor: 89,00;1;89.0;0.0;Upgrade;;;Não calculado
23/06/2026;2026;6;Jun.;junho;2026-06;Jun./26;Noemy Biazão;Noemy Biazão;True;serrana0754;Upgrade;Não informado;Usuário adicional;Usuário adicional;https://app.pipefy.com/open-cards/1392861558;Up;Não informado;Redução de custo;Upgrade de 2 usuarios, Valor: R$58,00;1;58.0;0.0;Upgrade;;;Não calculado
23/06/2026;2026;6;Jun.;junho;2026-06;Jun./26;Noemy Biazão;Noemy Biazão;True;unimedas;Upgrade;Não informado;Usuário adicional;Usuário adicional;https://app.pipefy.com/open-cards/1393519588;Up;Não informado;Redução de custo;UP de 1 usuario, valor: 29,00;1;29.0;0.0;Upgrade;;;Não calculado
23/06/2026;2026;6;Jun.;junho;2026-06;Jun./26;Noemy Biazão;Noemy Biazão;True;viagemnamente;Upgrade;Não informado;Servidores;Servidores;https://app.pipefy.com/open-cards/1392996162;Up;Não informado;Redução de custo;Upgrade de Servidor 2/4, valor: 89,00;1;89.0;0.0;Upgrade;;;Não calculado
23/06/2026;2026;6;Jun.;junho;2026-06;Jun./26;Sabrina Soares;Sabrina Soares;True;cartoriojk;Upgrade;Não informado;Usuário adicional;Usuário adicional;https://app.pipefy.com/open-cards/1393160695;Up;Não informado;Outros motivos descritos;UPGRADE de 5 usuários.;1;145.0;0.0;Upgrade;;;Não calculado
23/06/2026;2026;6;Jun.;junho;2026-06;Jun./26;Sabrina Soares;Sabrina Soares;True;descomcontabil;Upgrade;Não informado;Transcrição de Áudio;Transcrição de Áudio;https://app.pipefy.com/open-cards/1393241134;Up;Não informado;Outros motivos descritos;Upgrade de transcrição 500 minutos.;1;24.9;0.0;Upgrade;;;Não calculado
23/06/2026;2026;6;Jun.;junho;2026-06;Jun./26;Sabrina Soares;Sabrina Soares;True;financiarimobiliaria;Upgrade;Não informado;Servidores;Servidores;https://app.pipefy.com/open-cards/1392816651;Up;Não informado;Outros motivos descritos;Cliente realizou o upgrade de servidor 2/4.;1;89.0;0.0;Upgrade;;;Não calculado
23/06/2026;2026;6;Jun.;junho;2026-06;Jun./26;Sabrina Soares;Sabrina Soares;True;steinbergadvogados;Upgrade;Não informado;Conexão adicional de WhatsApp;Conexão adicional de WhatsApp;https://app.pipefy.com/open-cards/1393202822;Up;Não informado;Outros motivos descritos;Upgrade de uma conexão de WhatsApp;1;89.0;0.0;Upgrade;;;Não calculado
23/06/2026;2026;6;Jun.;junho;2026-06;Jun./26;Vinicius Simões;Vinicius Simões;True;atcred2;Upgrade;Não informado;Conexão adicional de WhatsApp - WABA;Conexão adicional de WhatsApp - WABA;https://app.pipefy.com/open-cards/1393573571;Up;Não informado;Outros motivos descritos;Upgrade: - 1x Conexão adicional de WhatsApp API Oficial - R$ 89,00;1;89.0;0.0;Upgrade;;;Não calculado
23/06/2026;2026;6;Jun.;junho;2026-06;Jun./26;Vinicius Simões;Vinicius Simões;True;realizacredltda;Upgrade;Não informado;Conexão adicional de WhatsApp - WABA;Conexão adicional de WhatsApp - WABA;https://app.pipefy.com/open-cards/1393350457;Up;Não informado;Outros motivos descritos;Upgrade: - 1x Conexão adicional de WhatsApp API Oficial - R$ 89,00;1;89.0;0.0;Upgrade;;;Não calculado
24/06/2026;2026;6;Jun.;junho;2026-06;Jun./26;Leticia Silva;Leticia Silva;True;prospes;Upgrade;Não informado;Funil de vendas;Funil de vendas;https://app.pipefy.com/open-cards/1394926510;Up;Não informado;Redução de custo;Up Funil de vendas pelo valor de R$49,90;1;49.0;0.0;Upgrade;;;Não calculado
24/06/2026;2026;6;Jun.;junho;2026-06;Jun./26;Luis Siqueira;Luis Siqueira;True;extrajudicialnefadv;Upgrade;Não informado;Conexão adicional de WhatsApp - WABA;Conexão adicional de WhatsApp - WABA;https://app.pipefy.com/open-cards/1394891706;Up;Não informado;Outros motivos descritos;Numero adicional waba;1;89.0;0.0;Upgrade;;;Não calculado
24/06/2026;2026;6;Jun.;junho;2026-06;Jun./26;Mariana Nunes;Mariana Nunes;True;renatamenegassiadv;Upgrade;Não informado;Usuário adicional;Usuário adicional;https://app.pipefy.com/open-cards/1395050006;Up;Não informado;Outros motivos descritos;Upgrade 4x usuário adicional R$ 29,00 | Protocolo 202606241795924;1;116.0;0.0;Upgrade;;;Não calculado
24/06/2026;2026;6;Jun.;junho;2026-06;Jun./26;Maurele Soares;Maurele Soares;True;atendimentojuridico;Upgrade;Não informado;Servidores;Servidores;https://app.pipefy.com/open-cards/1395372648;Up;Não informado;Outros motivos descritos;UP - cliente contratou o servidor 4/8. Protocolo: 202606241796146.;1;169.0;0.0;Upgrade;;;Não calculado
24/06/2026;2026;6;Jun.;junho;2026-06;Jun./26;Maurele Soares;Maurele Soares;True;icc;Upgrade;Não informado;Conexão adicional de WhatsApp;Conexão adicional de WhatsApp;https://app.pipefy.com/open-cards/1394697617;Up;Não informado;Outros motivos descritos;202606241795445;1;89.0;0.0;Upgrade;;;Não calculado
24/06/2026;2026;6;Jun.;junho;2026-06;Jun./26;Maurele Soares;Maurele Soares;True;martinscostaadv;Upgrade;Não informado;"Usuário adicional; Conexão adicional de WhatsApp; Servidores";Usuário adicional + outros;https://app.pipefy.com/open-cards/1395337770;Up;Não informado;Outros motivos descritos;UP - Cliente contratou 5 usuários, 1 conexão de WhatsApp e demos 45 reais de desconto no servidor. Protocolo: 202606231793692;3;234.0;0.0;Upgrade;;;Não calculado
24/06/2026;2026;6;Jun.;junho;2026-06;Jun./26;Melissa Duarte;Melissa Duarte;True;obesidadeendovale;Upgrade;Não informado;Funil de vendas;Funil de vendas;https://app.pipefy.com/open-cards/1394851027;Up;Não informado;Outros motivos descritos;UP Funil de Vendas;1;49.0;0.0;Upgrade;;;Não calculado
24/06/2026;2026;6;Jun.;junho;2026-06;Jun./26;Noemy Biazão;Noemy Biazão;True;finanbank;Upgrade;Não informado;Servidores;Servidores;https://app.pipefy.com/open-cards/1394846813;Up;Não informado;Redução de custo;UP de servidor 2/4. valor: R$89,00;1;89.0;0.0;Upgrade;;;Não calculado
24/06/2026;2026;6;Jun.;junho;2026-06;Jun./26;Noemy Biazão;Noemy Biazão;True;moramassa;Upgrade;Não informado;"Conexão Instagram Direct; Conexão Facebook Messenger";Conexão Instagram Direct + outros;https://app.pipefy.com/open-cards/1395195952;Up;Não informado;Redução de custo;Upgrade de conexão com instagram e facebook, valor R$130,00;2;130.0;0.0;Upgrade;;;Não calculado
24/06/2026;2026;6;Jun.;junho;2026-06;Jun./26;Priscila Pavani;Priscila Pavani;True;localcred4;Upgrade;Não informado;Servidores;Servidores;https://app.pipefy.com/open-cards/1394890165;Up;Não informado;Redução de custo;Tipo: Upgrade Produto: 1 servidor 32/32 Valor: R$ 935,76 URL: localcred4 Protocolo: 202606231794482;1;935.76;0.0;Upgrade;;;Não calculado
24/06/2026;2026;6;Jun.;junho;2026-06;Jun./26;Priscila Pavani;Priscila Pavani;True;localcred5;Upgrade;Não informado;Servidores;Servidores;https://app.pipefy.com/open-cards/1395127633;Up;Não informado;Redução de custo;Tipo: Upgrade Produto: 1 servidor 32/32 Valor: R$ 935,76 URL: localcred4 Protocolo: 202606231794482;1;935.76;0.0;Upgrade;;;Não calculado
24/06/2026;2026;6;Jun.;junho;2026-06;Jun./26;Priscila Pavani;Priscila Pavani;True;localcred6;Upgrade;Não informado;Servidores;Servidores;https://app.pipefy.com/open-cards/1394902753;Up;Não informado;Redução de custo;Tipo: Upgrade Produto: 1 servidor 32/32 Valor: R$ 935,76 URL: localcred6 Protocolo: 202606231794482;1;935.76;0.0;Upgrade;;;Não calculado
24/06/2026;2026;6;Jun.;junho;2026-06;Jun./26;Priscila Pavani;Priscila Pavani;True;localcred7;Upgrade;Não informado;Servidores;Servidores;https://app.pipefy.com/open-cards/1395228400;Up;Não informado;Redução de custo;Tipo: Upgrade Produto: 1 servidor 32/32 Valor: R$ 935,76 URL: localcred7 Protocolo: 202606231794482;1;935.76;0.0;Upgrade;;;Não calculado
24/06/2026;2026;6;Jun.;junho;2026-06;Jun./26;Sabrina Soares;Sabrina Soares;True;centerfort;Upgrade;Não informado;Servidores;Servidores;https://app.pipefy.com/open-cards/1395181624;Up;Não informado;Redução de custo;Upgrade de servidor 2/4 no valor de R$89.;1;89.0;0.0;Upgrade;;;Não calculado
24/06/2026;2026;6;Jun.;junho;2026-06;Jun./26;Sabrina Soares;Sabrina Soares;True;evolucao;Upgrade;Não informado;Funil de vendas;Funil de vendas;https://app.pipefy.com/open-cards/1395318119;Up;Não informado;Redução de custo;Upgrade de funil de vendas no valor de R$49.;1;49.0;0.0;Upgrade;;;Não calculado
24/06/2026;2026;6;Jun.;junho;2026-06;Jun./26;Sabrina Soares;Sabrina Soares;True;evolucaocontabil;Upgrade;Não informado;Servidores;Servidores;https://app.pipefy.com/open-cards/1395224712;Up;Não informado;Redução de custo;Upgrade de servidor 2/4 no valor de R$89;1;89.0;0.0;Upgrade;;;Não calculado
24/06/2026;2026;6;Jun.;junho;2026-06;Jun./26;Sabrina Soares;Sabrina Soares;True;primeiraimpressao;Upgrade;Não informado;IA Agent;IA Agent;https://app.pipefy.com/open-cards/1395332721;Up;Não informado;Redução de custo;Upgrade de Agente IA 1.000 no valor de R$112,90;1;112.9;0.0;Upgrade;;;Não calculado
24/06/2026;2026;6;Jun.;junho;2026-06;Jun./26;Sabrina Soares;Sabrina Soares;True;quanton3dd;Upgrade;Não informado;Funil de vendas;Funil de vendas;https://app.pipefy.com/open-cards/1395116543;Up;Não informado;Redução de custo;Upgrade de Funil de vendas no valor de R$49;1;49.0;0.0;Upgrade;;;Não calculado
24/06/2026;2026;6;Jun.;junho;2026-06;Jun./26;Sabrina Soares;Sabrina Soares;True;spacecont;Upgrade;Não informado;Conexão adicional de WhatsApp;Conexão adicional de WhatsApp;https://app.pipefy.com/open-cards/1395236734;Up;Não informado;Redução de custo;Upgrade de conexão realizada no valor de R$89.;1;89.0;0.0;Upgrade;;;Não calculado
24/06/2026;2026;6;Jun.;junho;2026-06;Jun./26;Vinicius Simões;Vinicius Simões;True;freitasebiagiadv;Upgrade;Não informado;Conexão adicional de WhatsApp - WABA;Conexão adicional de WhatsApp - WABA;https://app.pipefy.com/open-cards/1394818116;Up;Não informado;Outros motivos descritos;Upgrade: - 1x Conexão adicional de WhatsApp API Oficial - R$ 89,00;1;89.0;0.0;Upgrade;;;Não calculado
24/06/2026;2026;6;Jun.;junho;2026-06;Jun./26;Vinicius Simões;Vinicius Simões;True;icc;Upgrade;Não informado;Primeira ativação de número oficial;Primeira ativação de número oficial;https://app.pipefy.com/open-cards/1395354741;Up;Não informado;Outros motivos descritos;89,00;1;89.0;0.0;Upgrade;;;Não calculado
24/06/2026;2026;6;Jun.;junho;2026-06;Jun./26;Vitoria Sabadin;Vitoria Sabadin;True;ezra;Upgrade;Não informado;Usuário adicional;Usuário adicional;https://app.pipefy.com/open-cards/1395353383;Up;Não informado;Outros motivos descritos;Upgrade 1 usuário adicional R$29,00;1;29.0;0.0;Upgrade;;;Não calculado
24/06/2026;2026;6;Jun.;junho;2026-06;Jun./26;Vitoria Sabadin;Vitoria Sabadin;True;rltur;Upgrade;Não informado;Usuário adicional;Usuário adicional;https://app.pipefy.com/open-cards/1395392341;Up;Não informado;Outros motivos descritos;Up 1 usuário;1;29.0;0.0;Upgrade;;;Não calculado
25/06/2026;2026;6;Jun.;junho;2026-06;Jun./26;Leticia Silva;Leticia Silva;True;conplus;Upgrade;Não informado;Primeira ativação de número oficial;Primeira ativação de número oficial;https://app.pipefy.com/open-cards/1396573749;Up;Não informado;Outros motivos descritos;Primeira Ativação de Número Oficial;1;89.0;0.0;Upgrade;;;Não calculado
25/06/2026;2026;6;Jun.;junho;2026-06;Jun./26;Leticia Silva;Leticia Silva;True;educacionalhalley;Upgrade;Não informado;Conexão adicional de WhatsApp - WABA;Conexão adicional de WhatsApp - WABA;https://app.pipefy.com/open-cards/1396558103;Up;Não informado;Outros motivos descritos;up conexão waba adicional;1;89.0;0.0;Upgrade;;;Não calculado
25/06/2026;2026;6;Jun.;junho;2026-06;Jun./26;Mariana Nunes;Mariana Nunes;True;amorsaudecastanhal;Upgrade;Não informado;Usuário adicional;Usuário adicional;https://app.pipefy.com/open-cards/1396695365;Up;Não informado;Outros motivos descritos;Upgrade: 5x Usuários adicionais (com desconto) | 5x R$21,90 | R$109,50 | Protocolo: 202606251796914;1;109.5;0.0;Upgrade;;;Não calculado
25/06/2026;2026;6;Jun.;junho;2026-06;Jun./26;Maurele Soares;Maurele Soares;True;comprasumuarama;Upgrade;Não informado;Usuário adicional;Usuário adicional;https://app.pipefy.com/open-cards/1397013209;Up;Não informado;Outros motivos descritos;UP - 1 usuário adicional. Protocolo: 202606251797243.;1;29.0;0.0;Upgrade;;;Não calculado
25/06/2026;2026;6;Jun.;junho;2026-06;Jun./26;Maurele Soares;Maurele Soares;True;dpatrickseguross;Upgrade;Não informado;Servidores;Servidores;https://app.pipefy.com/open-cards/1396637524;Up;Não informado;Outros motivos descritos;UP de servidor - 4/8 para 8/12. Protocolo: 202606241795734;1;220.0;0.0;Upgrade;;;Não calculado
25/06/2026;2026;6;Jun.;junho;2026-06;Jun./26;Maurele Soares;Maurele Soares;True;jukcattaniadv;Upgrade;Não informado;Conexão adicional de WhatsApp;Conexão adicional de WhatsApp;https://app.pipefy.com/open-cards/1396537242;Up;Não informado;Outros motivos descritos;UP - nova conexão de WhatsApp. Protocolo: 202606241796381.;1;89.0;0.0;Upgrade;;;Não calculado
25/06/2026;2026;6;Jun.;junho;2026-06;Jun./26;Maurele Soares;Maurele Soares;True;liziaborello;Upgrade;Não informado;Funil de vendas;Funil de vendas;https://app.pipefy.com/open-cards/1396717962;Up;Não informado;Outros motivos descritos;UP - funil de vendas. Protocolo: 202606251796781. - o cliente realiza pagamento em US$;1;9.0;0.0;Upgrade;;;Não calculado
25/06/2026;2026;6;Jun.;junho;2026-06;Jun./26;Melissa Duarte;Melissa Duarte;True;portaldocredito;Upgrade;Não informado;Conexão adicional de WhatsApp - WABA;Conexão adicional de WhatsApp - WABA;https://app.pipefy.com/open-cards/1396950589;Up;Não informado;Outros motivos descritos;up 3 conexões  waba adicionais;1;177.0;0.0;Upgrade;;;Não calculado
25/06/2026;2026;6;Jun.;junho;2026-06;Jun./26;Noemy Biazão;Noemy Biazão;True;adl;Upgrade;Não informado;Servidores;Servidores;https://app.pipefy.com/open-cards/1396491908;Up;Não informado;Redução de custo;Upgrade de servidor 2/4 - valor R$89,00;1;89.0;0.0;Upgrade;;;Não calculado
25/06/2026;2026;6;Jun.;junho;2026-06;Jun./26;Noemy Biazão;Noemy Biazão;True;devmaster;Upgrade;Não informado;Servidores;Servidores;https://app.pipefy.com/open-cards/1397051827;Up;Não informado;Redução de custo;UP de Servidor 4/8 - valor: R$169,00;1;169.0;0.0;Upgrade;;;Não calculado
25/06/2026;2026;6;Jun.;junho;2026-06;Jun./26;Noemy Biazão;Noemy Biazão;True;i7host;Upgrade;Não informado;"IA Copiloto; Transcrição de Áudio";"IA Copiloto; Transcrição de Áudio";https://app.pipefy.com/open-cards/1396455964;Up;Não informado;Redução de custo;Upgrade de IA Transcrição de áudio - Plano 500 minutos, valor: 24,90 e IA Copiloto - 500 créditos valor: 49,90;2;74.8;0.0;Upgrade;;;Não calculado
25/06/2026;2026;6;Jun.;junho;2026-06;Jun./26;Noemy Biazão;Noemy Biazão;True;ideodias;Upgrade;Não informado;Servidores;Servidores;https://app.pipefy.com/open-cards/1397105892;Up;Não informado;Outros motivos descritos;Upgrade do Servidor 4/8, R$169,00 para o Servidor 8/12, R$270,00;1;270.0;0.0;Upgrade;;;Não calculado
25/06/2026;2026;6;Jun.;junho;2026-06;Jun./26;Noemy Biazão;Noemy Biazão;True;lldias;Upgrade;Não informado;Servidores;Servidores;https://app.pipefy.com/open-cards/1396595557;Up;Não informado;Redução de custo;Upgrade de servidor 2/4 - valor R$89,00;1;89.0;0.0;Upgrade;;;Não calculado
25/06/2026;2026;6;Jun.;junho;2026-06;Jun./26;Noemy Biazão;Noemy Biazão;True;wbdigital;Upgrade;Não informado;Servidores;Servidores;https://app.pipefy.com/open-cards/1396350444;Up;Não informado;Redução de custo;Upgrade de Servidor 4/8 valor: 169,00;1;169.0;0.0;Upgrade;;;Não calculado
25/06/2026;2026;6;Jun.;junho;2026-06;Jun./26;Priscila Pavani;Priscila Pavani;True;barcelossop1c;Upgrade;Não informado;Conexão adicional de WhatsApp - WABA;Conexão adicional de WhatsApp - WABA;https://app.pipefy.com/open-cards/1396575429;Up;Não informado;Redução de custo;Tipo: Upgrade  Produto: 2 conexões Conexão WABA / Gupshup / Direct Payment URL: barcelossop1c  Valor: 2 x R$ 89,00 = R$ 178,00 Protocolo: 202604141726551;1;178.0;0.0;Upgrade;;;Não calculado
25/06/2026;2026;6;Jun.;junho;2026-06;Jun./26;Sabrina Soares;Sabrina Soares;True;andrecavichio;Upgrade;Não informado;Servidores;Servidores;https://app.pipefy.com/open-cards/1396634763;Up;Não informado;Outros motivos descritos;Upgrade de servidor 2/4.;1;89.0;0.0;Upgrade;;;Não calculado
25/06/2026;2026;6;Jun.;junho;2026-06;Jun./26;Sabrina Soares;Sabrina Soares;True;chamagauchaextintores;Upgrade;Não informado;Texto Mágico;Texto Mágico;https://app.pipefy.com/open-cards/1396592904;Up;Não informado;Redução de custo;Upgrade de texto mágico 1.000, no valor de R$19,90;1;19.9;0.0;Upgrade;;;Não calculado
25/06/2026;2026;6;Jun.;junho;2026-06;Jun./26;Sabrina Soares;Sabrina Soares;True;leibniz;Upgrade;Não informado;IA Agent;IA Agent;https://app.pipefy.com/open-cards/1396525684;Up;Não informado;Outros motivos descritos;Upgrade de Agente Inteligente - 1.000.;1;112.9;0.0;Upgrade;;;Não calculado
25/06/2026;2026;6;Jun.;junho;2026-06;Jun./26;Sabrina Soares;Sabrina Soares;True;leveraged;Upgrade;Não informado;Servidores;Servidores;https://app.pipefy.com/open-cards/1396928528;Up;Não informado;Redução de custo;Upgrade de servidor no valor de R$89.;1;89.0;0.0;Upgrade;;;Não calculado
25/06/2026;2026;6;Jun.;junho;2026-06;Jun./26;Sabrina Soares;Sabrina Soares;True;tecservicelocadora;Upgrade;Não informado;IA Agent;IA Agent;https://app.pipefy.com/open-cards/1396449235;Up;Não informado;Outros motivos descritos;UPGRADE IA Agente - 1.000 créditos.;1;112.9;0.0;Upgrade;;;Não calculado
26/06/2026;2026;6;Jun.;junho;2026-06;Jun./26;Leticia Silva;Leticia Silva;True;triadeco;Upgrade;Não informado;Conexão adicional de WhatsApp - WABA;Conexão adicional de WhatsApp - WABA;https://app.pipefy.com/open-cards/1398706073;Up;Não informado;Outros motivos descritos;up 2 conexões adicionais oficiais;1;178.0;0.0;Upgrade;;;Não calculado
26/06/2026;2026;6;Jun.;junho;2026-06;Jun./26;Luis Siqueira;Luis Siqueira;True;prosed1;Upgrade;Não informado;Conexão adicional de WhatsApp - WABA;Conexão adicional de WhatsApp - WABA;https://app.pipefy.com/open-cards/1398106705;Up;Não informado;Outros motivos descritos;Upgrade de conexão adicional waba - seguindo com a ativação;1;89.0;0.0;Upgrade;;;Não calculado
26/06/2026;2026;6;Jun.;junho;2026-06;Jun./26;Maurele Soares;Maurele Soares;True;casadoconstrutorrecife2;Upgrade;Não informado;Conexão adicional de WhatsApp;Conexão adicional de WhatsApp;https://app.pipefy.com/open-cards/1398342190;Up;Não informado;Outros motivos descritos;UP - 1 conexão WhatsApp Standard. Protocolo: 202606261798349;1;49.0;0.0;Upgrade;;;Não calculado
26/06/2026;2026;6;Jun.;junho;2026-06;Jun./26;Maurele Soares;Maurele Soares;True;getcredpromotora;Upgrade;Não informado;Usuário adicional;Usuário adicional;https://app.pipefy.com/open-cards/1398763656;Up;Não informado;Redução de custo;UP - 21 usuários no valor de 25,50 unitário. Protocolo: 202606241796180.;1;535.5;0.0;Upgrade;;;Não calculado
26/06/2026;2026;6;Jun.;junho;2026-06;Jun./26;Maurele Soares;Maurele Soares;True;malima;Upgrade;Não informado;Transcrição de Áudio;Transcrição de Áudio;https://app.pipefy.com/open-cards/1398638925;Up;Não informado;Outros motivos descritos;UP - Transcrição de áudio 500. Protocolo: 202606261798116.;1;24.9;0.0;Upgrade;;;Não calculado
26/06/2026;2026;6;Jun.;junho;2026-06;Jun./26;Maurele Soares;Maurele Soares;True;omnichannelmoedacerta;Upgrade;Não informado;"Conexão adicional de WhatsApp; Pacotes SMS Disparo em Massa";Conexão adicional de WhatsApp + outros;https://app.pipefy.com/open-cards/1398228449;Up;Não informado;Outros motivos descritos;UP - 1 conexão WhatsApp Standard e SMS 1000  Protocolo: 202606261798121;2;219.0;0.0;Upgrade;;;Não calculado
26/06/2026;2026;6;Jun.;junho;2026-06;Jun./26;Maurele Soares;Maurele Soares;True;projetosemear;Upgrade;Não informado;Conexão adicional de WhatsApp;Conexão adicional de WhatsApp;https://app.pipefy.com/open-cards/1398439469;Up;Não informado;Outros motivos descritos;UP conexão adicional WhatsApp. Protocolo: 202606251797588;1;89.0;0.0;Upgrade;;;Não calculado
26/06/2026;2026;6;Jun.;junho;2026-06;Jun./26;Maurele Soares;Maurele Soares;True;saintgermain;Upgrade;Não informado;Conexão adicional de WhatsApp;Conexão adicional de WhatsApp;https://app.pipefy.com/open-cards/1398121017;Up;Não informado;Outros motivos descritos;UP - 2 conexões adicionais WhatsApp. Protocolo: 202606261797978;1;178.0;0.0;Upgrade;;;Não calculado
26/06/2026;2026;6;Jun.;junho;2026-06;Jun./26;Noemy Biazão;Noemy Biazão;True;atendimentofolha;Upgrade;Não informado;Distribuição automática;Distribuição automática;https://app.pipefy.com/open-cards/1398601669;Up;Não informado;Processo/uso operacional;Upgrade de Distribuição Automática R$: 89,00;1;89.0;0.0;Upgrade;;;Não calculado
26/06/2026;2026;6;Jun.;junho;2026-06;Jun./26;Noemy Biazão;Noemy Biazão;True;floravetbalcao;Upgrade;Não informado;Servidores;Servidores;https://app.pipefy.com/open-cards/1398264576;Up;Não informado;Redução de custo;UP de Servidor 2/4 valor: R$89,00;1;89.0;0.0;Upgrade;;;Não calculado
26/06/2026;2026;6;Jun.;junho;2026-06;Jun./26;Noemy Biazão;Noemy Biazão;True;tecservicelocadora;Upgrade;Não informado;Transcrição de Áudio;Transcrição de Áudio;https://app.pipefy.com/open-cards/1398247653;Up;Não informado;Outros motivos descritos;Upgrade de IA Transcrição de áudio - Plano 1.000 minutos R$49,90;1;49.9;0.0;Upgrade;;;Não calculado
26/06/2026;2026;6;Jun.;junho;2026-06;Jun./26;Sabrina Soares;Sabrina Soares;True;armazensgerais;Upgrade;Não informado;"Servidores; Conexão adicional de WhatsApp";"Servidores; Conexão adicional de WhatsApp";https://app.pipefy.com/open-cards/1398029151;Up;Não informado;Outros motivos descritos;Upgrade para o servidor 2/4 e conexão adicional de WhatsApp;2;178.0;0.0;Upgrade;;;Não calculado
26/06/2026;2026;6;Jun.;junho;2026-06;Jun./26;Sabrina Soares;Sabrina Soares;True;contvoocontabilidade;Upgrade;Não informado;Chat interno;Chat interno;https://app.pipefy.com/open-cards/1398041062;Up;Não informado;Redução de custo;Upgrade de chat interno no valor de R$89;1;89.0;0.0;Upgrade;;;Não calculado
26/06/2026;2026;6;Jun.;junho;2026-06;Jun./26;Sabrina Soares;Sabrina Soares;True;postnetmaringa;Upgrade;Não informado;IA Agent;IA Agent;https://app.pipefy.com/open-cards/1398125040;Up;Não informado;Redução de custo;Upgrade de IA agente no valor de R$112,90;1;112.9;0.0;Upgrade;;;Não calculado
29/06/2026;2026;6;Jun.;junho;2026-06;Jun./26;Guilherme Virgilio Soares;Guilherme Virgilio Soares;True;formulaexatacm;Upgrade;Não informado;Distribuição automática;Distribuição automática;https://app.pipefy.com/open-cards/1402424803;Up;Não informado;Processo/uso operacional;- Upgrade: Distribuição automática | R$ 89,00 |;1;89.0;0.0;Upgrade;;;Não calculado
29/06/2026;2026;6;Jun.;junho;2026-06;Jun./26;Luis Siqueira;Luis Siqueira;True;deltaglobalbank;Upgrade;Não informado;Conexão adicional de WhatsApp - WABA;Conexão adicional de WhatsApp - WABA;https://app.pipefy.com/open-cards/1403100107;Up;Não informado;Redução de custo;Tipo: Upgrade Produto: 1 Conexão WABA / Gupshup / Direct Payment Valor: R$ 86,03 URL: deltaglobalbank Protocolo: 202606291799921;1;86.03;0.0;Upgrade;;;Não calculado
29/06/2026;2026;6;Jun.;junho;2026-06;Jun./26;Marcela Medeiros;Marcela Medeiros;True;silvaetorranoadv;Upgrade;Não informado;Servidores;Servidores;https://app.pipefy.com/open-cards/1402713224;Up;Não informado;Outros motivos descritos;UP Servidor 2/4;1;89.0;0.0;Upgrade;;;Não calculado
29/06/2026;2026;6;Jun.;junho;2026-06;Jun./26;Maurele Soares;Maurele Soares;True;unionnetwork;Upgrade;Não informado;Servidores;Servidores;https://app.pipefy.com/open-cards/1402483520;Up;Não informado;Outros motivos descritos;UP - Servidor 2/4. Protocolo: 202606291799041;1;89.0;0.0;Upgrade;;;Não calculado
29/06/2026;2026;6;Jun.;junho;2026-06;Jun./26;Melissa Duarte;Melissa Duarte;True;cfckm;Upgrade;Não informado;Conexão adicional de WhatsApp - WABA;Conexão adicional de WhatsApp - WABA;https://app.pipefy.com/open-cards/1402572475;Up;Não informado;Outros motivos descritos;Up Conexão API oficial;1;89.0;0.0;Upgrade;;;Não calculado
29/06/2026;2026;6;Jun.;junho;2026-06;Jun./26;Noemy Biazão;Noemy Biazão;True;agenciabrz;Upgrade;Não informado;Plano Acelera para Plano Base;Plano Acelera para Plano Base;https://app.pipefy.com/open-cards/1402826736;Up;Não informado;Outros motivos descritos;Mudança do Plano Acelera R$99,00 para o Plano base R$197,00;1;197.0;0.0;Upgrade;;;Não calculado
29/06/2026;2026;6;Jun.;junho;2026-06;Jun./26;Noemy Biazão;Noemy Biazão;True;arcertfoz;Upgrade;Não informado;Servidores;Servidores;https://app.pipefy.com/open-cards/1402612766;Up;Não informado;Outros motivos descritos;Upgrade de Servidor 2/4 R$89,00;1;89.0;0.0;Upgrade;;;Não calculado
29/06/2026;2026;6;Jun.;junho;2026-06;Jun./26;Noemy Biazão;Noemy Biazão;True;assessoriasturmer;Upgrade;Não informado;Servidores;Servidores;https://app.pipefy.com/open-cards/1402601460;Up;Não informado;Outros motivos descritos;Upgrade de Servidor 8/16 R$349,00 para o SERVIDOR 16/16 R$410,00;1;410.0;0.0;Upgrade;;;Não calculado
29/06/2026;2026;6;Jun.;junho;2026-06;Jun./26;Noemy Biazão;Noemy Biazão;True;bpx;Upgrade;Não informado;Conexão Instagram Direct;Conexão Instagram Direct;https://app.pipefy.com/open-cards/1402842634;Up;Não informado;Redução de custo;Upgrade de conexão do Instagram valor R$89,00;1;89.0;0.0;Upgrade;;;Não calculado
29/06/2026;2026;6;Jun.;junho;2026-06;Jun./26;Noemy Biazão;Noemy Biazão;True;interip;Upgrade;Não informado;Conexão Instagram Direct;Conexão Instagram Direct;https://app.pipefy.com/open-cards/1402950710;Up;Não informado;Redução de custo;UP de conexão do instagram valor: 89,00;1;89.0;0.0;Upgrade;;;Não calculado
29/06/2026;2026;6;Jun.;junho;2026-06;Jun./26;Noemy Biazão;Noemy Biazão;True;promoservice;Upgrade;Não informado;Conexão Instagram Direct;Conexão Instagram Direct;https://app.pipefy.com/open-cards/1403041634;Up;Não informado;Outros motivos descritos;Upgrade de uma conexão de Instagram por R$89,00;1;89.0;0.0;Upgrade;;;Não calculado
29/06/2026;2026;6;Jun.;junho;2026-06;Jun./26;Noemy Biazão;Noemy Biazão;True;unimedas;Upgrade;Não informado;Usuário adicional;Usuário adicional;https://app.pipefy.com/open-cards/1402911899;Up;Não informado;Redução de custo;UP de 1 usuario, valor: 29,00;1;29.0;0.0;Upgrade;;;Não calculado
29/06/2026;2026;6;Jun.;junho;2026-06;Jun./26;Sabrina Soares;Sabrina Soares;True;apptasistemas;Upgrade;Não informado;IA Agent;IA Agent;https://app.pipefy.com/open-cards/1403020473;Up;Não informado;Outros motivos descritos;Upgrade de Agente IA 1.000, por R$112,90.;1;112.9;0.0;Upgrade;;;Não calculado
29/06/2026;2026;6;Jun.;junho;2026-06;Jun./26;Sabrina Soares;Sabrina Soares;True;cardosocontabilidade;Upgrade;Não informado;Servidores;Servidores;https://app.pipefy.com/open-cards/1402581927;Up;Não informado;Outros motivos descritos;upgrade de servidor 2/4;1;89.0;0.0;Upgrade;;;Não calculado
29/06/2026;2026;6;Jun.;junho;2026-06;Jun./26;Sabrina Soares;Sabrina Soares;True;matheusassisadvocacia;Upgrade;Não informado;IA Agent;IA Agent;https://app.pipefy.com/open-cards/1402827086;Up;Não informado;Outros motivos descritos;Upgrade de IA Agente 1.000.;1;112.9;0.0;Upgrade;;;Não calculado
29/06/2026;2026;6;Jun.;junho;2026-06;Jun./26;Sabrina Soares;Sabrina Soares;True;myflowacc;Upgrade;Não informado;Usuário adicional;Usuário adicional;https://app.pipefy.com/open-cards/1402852052;Up;Não informado;Outros motivos descritos;Cliente internacional, paga em USD. Fez o upgrade de 1 usuáio.;1;29.0;0.0;Upgrade;;;Não calculado
29/06/2026;2026;6;Jun.;junho;2026-06;Jun./26;Vinicius Simões;Vinicius Simões;True;criodacleide;Upgrade;Não informado;Primeira ativação de número oficial;Primeira ativação de número oficial;https://app.pipefy.com/open-cards/1402958331;Up;Não informado;Outros motivos descritos;Upgrade: - 1x Conexão de WhatsApp API Oficial - R$ 89,00;1;89.0;0.0;Upgrade;;;Não calculado
29/06/2026;2026;6;Jun.;junho;2026-06;Jun./26;Vinicius Simões;Vinicius Simões;True;hwrochaadvocacia;Upgrade;Não informado;Primeira ativação de número oficial;Primeira ativação de número oficial;https://app.pipefy.com/open-cards/1403112071;Up;Não informado;Outros motivos descritos;Upgrade: - 1x Conexão de WhatsApp API Oficial - R$ 89,00;1;89.0;0.0;Upgrade;;;Não calculado
29/06/2026;2026;6;Jun.;junho;2026-06;Jun./26;Vinicius Simões;Vinicius Simões;True;ontimelogistica;Upgrade;Não informado;Conexão adicional de WhatsApp - WABA;Conexão adicional de WhatsApp - WABA;https://app.pipefy.com/open-cards/1402712794;Up;Não informado;Outros motivos descritos;Upgrade: - 1x Conexão adicional de WhatsApp API Oficial - R$ 89,00;1;89.0;0.0;Upgrade;;;Não calculado
30/06/2026;2026;6;Jun.;junho;2026-06;Jun./26;Leticia Silva;Leticia Silva;True;mgbcontabilsg;Upgrade;Não informado;Primeira ativação de número oficial;Primeira ativação de número oficial;https://app.pipefy.com/open-cards/1403973853;Up;Não informado;Outros motivos descritos;Primeira ativação de número oficial;1;89.0;0.0;Upgrade;;;Não calculado
30/06/2026;2026;6;Jun.;junho;2026-06;Jun./26;Luis Siqueira;Luis Siqueira;True;clinicallsolutions;Upgrade;Não informado;Conexão adicional de WhatsApp - WABA;Conexão adicional de WhatsApp - WABA;https://app.pipefy.com/open-cards/1404732812;Up;Não informado;Outros motivos descritos;Cliente vai seguir com a questão da ativação de mais um coex;1;89.0;0.0;Upgrade;;;Não calculado
30/06/2026;2026;6;Jun.;junho;2026-06;Jun./26;Mariana Nunes;Mariana Nunes;True;prismaconsultoria;Upgrade;Não informado;Servidores;Servidores;https://app.pipefy.com/open-cards/1404430857;Up;Não informado;Outros motivos descritos;Upgrade servidor 4/8 R$ 169,00 | Protocolo: 202606301800369;1;169.0;0.0;Upgrade;;;Não calculado
30/06/2026;2026;6;Jun.;junho;2026-06;Jun./26;Maurele Soares;Maurele Soares;True;sarar;Upgrade;Não informado;Servidores;Servidores;https://app.pipefy.com/open-cards/1404761138;Up;Não informado;Outros motivos descritos;UP - Servidor 2/4. Protocolo: 202606301801562;1;89.0;0.0;Upgrade;;;Não calculado
30/06/2026;2026;6;Jun.;junho;2026-06;Jun./26;Maurele Soares;Maurele Soares;True;supremaloteadora;Upgrade;Não informado;Conexão Instagram Direct;Conexão Instagram Direct;https://app.pipefy.com/open-cards/1404370637;Up;Não informado;Outros motivos descritos;Up - conexão de Instagram (89,00). Protocolo: 202606301800837.;1;89.0;0.0;Upgrade;;;Não calculado
30/06/2026;2026;6;Jun.;junho;2026-06;Jun./26;Maurele Soares;Maurele Soares;True;vivrasst;Upgrade;Não informado;"Usuário adicional; Conexão Instagram Direct";"Usuário adicional; Conexão Instagram Direct";https://app.pipefy.com/open-cards/1404672288;Up;Não informado;Outros motivos descritos;UP - 1 usuário (29,00) e 1 conexão Instagram (89,00). Protocolo: 202606301800200;2;118.0;0.0;Upgrade;;;Não calculado
30/06/2026;2026;6;Jun.;junho;2026-06;Jun./26;Noemy Biazão;Noemy Biazão;True;hengel;Upgrade;Não informado;Conexão adicional de WhatsApp;Conexão adicional de WhatsApp;https://app.pipefy.com/open-cards/1404779343;Up;Não informado;Redução de custo;Upgrade de 2 conexões valor: R$178,00;1;178.0;0.0;Upgrade;;;Não calculado
30/06/2026;2026;6;Jun.;junho;2026-06;Jun./26;Noemy Biazão;Noemy Biazão;True;megaprint;Upgrade;Não informado;"Transcrição de Áudio; IA Agent";"Transcrição de Áudio; IA Agent";https://app.pipefy.com/open-cards/1404183432;Up;Não informado;Outros motivos descritos;Upgrade de IA Agente - 2.000 créditos R$219,90 e IA Transcrição de áudio - Plano 500 minutos R$24,90;2;244.8;0.0;Upgrade;;;Não calculado
30/06/2026;2026;6;Jun.;junho;2026-06;Jun./26;Sabrina Soares;Sabrina Soares;True;apoiocontabil;Upgrade;Não informado;Chat interno;Chat interno;https://app.pipefy.com/open-cards/1404686295;Up;Não informado;Outros motivos descritos;Upgrade de chat interno por R$89;1;89.0;0.0;Upgrade;;;Não calculado
30/06/2026;2026;6;Jun.;junho;2026-06;Jun./26;Sabrina Soares;Sabrina Soares;True;c2con;Upgrade;Não informado;Combo Start;Combo Start;https://app.pipefy.com/open-cards/1404295684;Up;Não informado;Redução de custo;Upgrade de Combo Start: Copiloto 1.000, transcrição 1.000 minutos, resumos 1.000 créditos, IA csat 500 créditos, no valor de R$173,90.;1;173.9;0.0;Upgrade;;;Não calculado
30/06/2026;2026;6;Jun.;junho;2026-06;Jun./26;Sabrina Soares;Sabrina Soares;True;locmoveis;Upgrade;Não informado;Servidores;Servidores;https://app.pipefy.com/open-cards/1404309030;Up;Não informado;Outros motivos descritos;Upgrade de servidor 2/4;1;89.0;0.0;Upgrade;;;Não calculado
30/06/2026;2026;6;Jun.;junho;2026-06;Jun./26;Sabrina Soares;Sabrina Soares;True;noraholding;Upgrade;Não informado;Usuário adicional;Usuário adicional;https://app.pipefy.com/open-cards/1404768232;Up;Não informado;Outros motivos descritos;Up - 2 Usuário - 6 dólares;1;62.0;0.0;Upgrade;;;Não calculado
30/06/2026;2026;6;Jun.;junho;2026-06;Jun./26;Sabrina Soares;Sabrina Soares;True;vcaadvocacia;Upgrade;Não informado;Transcrição de Áudio;Transcrição de Áudio;https://app.pipefy.com/open-cards/1404133420;Up;Não informado;Outros motivos descritos;Upgrade de transcrição 500min, R$24,90.;1;24.9;0.0;Upgrade;;;Não calculado
30/06/2026;2026;6;Jun.;junho;2026-06;Jun./26;Vinicius Simões;Vinicius Simões;True;azvmaringa;Upgrade;Não informado;Primeira ativação de número oficial;Primeira ativação de número oficial;https://app.pipefy.com/open-cards/1404091662;Up;Não informado;Outros motivos descritos;Upgrade: - 1x Conexão de WhatsApp API Oficial - R$ 89,00;1;89.0;0.0;Upgrade;;;Não calculado
30/06/2026;2026;6;Jun.;junho;2026-06;Jun./26;Vinicius Simões;Vinicius Simões;True;cemefisclinica;Upgrade;Não informado;Primeira ativação de número oficial;Primeira ativação de número oficial;https://app.pipefy.com/open-cards/1404356298;Up;Não informado;Outros motivos descritos;Upgrade: - 1x Conexão de WhatsApp API Oficial - R$ 89,00;1;89.0;0.0;Upgrade;;;Não calculado
30/06/2026;2026;6;Jun.;junho;2026-06;Jun./26;Vinicius Simões;Vinicius Simões;True;endogastrus;Upgrade;Não informado;Conexão adicional de WhatsApp - WABA;Conexão adicional de WhatsApp - WABA;https://app.pipefy.com/open-cards/1404317014;Up;Não informado;Outros motivos descritos;Upgrade: - 1x Conexão adicional de WhatsApp API Oficial - R$ 89,00;1;89.0;0.0;Upgrade;;;Não calculado
30/06/2026;2026;6;Jun.;junho;2026-06;Jun./26;Vinicius Simões;Vinicius Simões;True;senhadigital;Upgrade;Não informado;Conexão adicional de WhatsApp - WABA;Conexão adicional de WhatsApp - WABA;https://app.pipefy.com/open-cards/1404114116;Up;Não informado;Outros motivos descritos;Upgrade: - 1x Conexão adicional de WhatsApp API Oficial - R$ 89,00;1;89.0;0.0;Upgrade;;;Não calculado
01/07/2026;2026;7;Jul.;julho;2026-07;Jul./26;Luis Siqueira;Luis Siqueira;True;clinicallsolutions;Upgrade;Não informado;Conexão adicional de WhatsApp - WABA;Conexão adicional de WhatsApp - WABA;https://app.pipefy.com/open-cards/1405690355;Up;Não informado;Outros motivos descritos;UP CONEXÃO OFICIAL - COEX;1;89.0;0.0;Upgrade;;;Não calculado
01/07/2026;2026;7;Jul.;julho;2026-07;Jul./26;Luis Siqueira;Luis Siqueira;True;enferamaralcarvalho;Upgrade;Não informado;Usuário adicional;Usuário adicional;https://app.pipefy.com/open-cards/1405477991;Up;Não informado;Redução de custo;Contratação de mais 3x usuarios, no valor de R$ 29,00 CADA totalizando um valor de R$ 87,00 de investimentos - seguir com o aditivo ao time de backoffice, enviar ao e-mail - ti.luciana@amaralcarvalho.org.br;1;87.0;0.0;Upgrade;;;Não calculado
01/07/2026;2026;7;Jul.;julho;2026-07;Jul./26;Mariana Nunes;Mariana Nunes;True;sucessodoclientedev;Upgrade;Não informado;Usuário adicional;Usuário adicional;https://app.pipefy.com/open-cards/1405765687;Up;Não informado;Outros motivos descritos;Upgrade: 1x Usuário adicional | R$ 29,00 | URL: sucessodoclientedev | Protocolo: 202607011802334;1;29.0;0.0;Upgrade;;;Não calculado
01/07/2026;2026;7;Jul.;julho;2026-07;Jul./26;Mariana Nunes;Mariana Nunes;True;vivipasseri;Upgrade;Não informado;Chat interno;Chat interno;https://app.pipefy.com/open-cards/1405733944;Up;Não informado;Redução de custo;Upgrade do Chat Interno realizado pelo valor de **R$ 69,00**, concedido em caráter de exceção, conforme alinhado com a Marcela | Protocolo: 202607011801854;1;69.0;0.0;Upgrade;;;Não calculado
01/07/2026;2026;7;Jul.;julho;2026-07;Jul./26;Maurele Soares;Maurele Soares;True;ald;Upgrade;Não informado;Conexão adicional de WhatsApp;Conexão adicional de WhatsApp;https://app.pipefy.com/open-cards/1405626914;Up;Não informado;Outros motivos descritos;Up - 1 conexão WhatsApp (89,00) Protocolo: 202606301801708;1;89.0;0.0;Upgrade;;;Não calculado
01/07/2026;2026;7;Jul.;julho;2026-07;Jul./26;Maurele Soares;Maurele Soares;True;auxiliocontabil;Upgrade;Não informado;Conexão Instagram Direct;Conexão Instagram Direct;https://app.pipefy.com/open-cards/1405548768;Up;Não informado;Outros motivos descritos;Up - conexão de Instagram, com 30 reais de desconto (59,00). Protocolo: 202607011801934;1;59.0;0.0;Upgrade;;;Não calculado
01/07/2026;2026;7;Jul.;julho;2026-07;Jul./26;Maurele Soares;Maurele Soares;True;drogariacarvalho;Upgrade;Não informado;Servidores;Servidores;https://app.pipefy.com/open-cards/1405501496;Up;Não informado;Outros motivos descritos;Up servidor 4/8. Protocolo: 202606301801675;1;169.0;0.0;Upgrade;;;Não calculado
01/07/2026;2026;7;Jul.;julho;2026-07;Jul./26;Maurele Soares;Maurele Soares;True;gestaoopme2;Upgrade;Não informado;Usuário adicional;Usuário adicional;https://app.pipefy.com/open-cards/1405717889;Up;Não informado;Outros motivos descritos;Up - 5 usuários adicionais. Protocolo: 202607011802554;1;145.0;0.0;Upgrade;;;Não calculado
01/07/2026;2026;7;Jul.;julho;2026-07;Jul./26;Maurele Soares;Maurele Soares;True;magnasolucoescontabeis;Upgrade;Não informado;Usuário adicional;Usuário adicional;https://app.pipefy.com/open-cards/1405555959;Up;Não informado;Outros motivos descritos;Up - 2 usuários adicionais (29,00 cada). Protocolo: 202607011801790;1;58.0;0.0;Upgrade;;;Não calculado
01/07/2026;2026;7;Jul.;julho;2026-07;Jul./26;Noemy Biazão;Noemy Biazão;True;clubdoplatinum;Upgrade;Não informado;Servidores;Servidores;https://app.pipefy.com/open-cards/1405899591;Up;Não informado;Redução de custo;Upgrade de Servidor 2/4 valor: R$89,00;1;89.0;0.0;Upgrade;;;Não calculado
01/07/2026;2026;7;Jul.;julho;2026-07;Jul./26;Noemy Biazão;Noemy Biazão;True;elevadados;Upgrade;Não informado;Servidores;Servidores;https://app.pipefy.com/open-cards/1405956938;Up;Não informado;Redução de custo;Upgrade de Servidor 8/12 - Valor: R$270,00;1;270.0;0.0;Upgrade;;;Não calculado
01/07/2026;2026;7;Jul.;julho;2026-07;Jul./26;Noemy Biazão;Noemy Biazão;True;imobiliariawachter;Upgrade;Não informado;Chat interno;Chat interno;https://app.pipefy.com/open-cards/1405778640;Up;Não informado;Outros motivos descritos;Upgrade de Chat Interno R$ 89,00;1;89.0;0.0;Upgrade;;;Não calculado
01/07/2026;2026;7;Jul.;julho;2026-07;Jul./26;Noemy Biazão;Noemy Biazão;True;liberdmeta;Upgrade;Não informado;Servidores;Servidores;https://app.pipefy.com/open-cards/1405599087;Up;Não informado;Redução de custo;Upgrade de Servidor 8/12 Valor: R$270,00;1;270.0;0.0;Upgrade;;;Não calculado
01/07/2026;2026;7;Jul.;julho;2026-07;Jul./26;Vinicius Simões;Vinicius Simões;True;amoresaudepara;Upgrade;Não informado;Primeira ativação de número oficial;Primeira ativação de número oficial;https://app.pipefy.com/open-cards/1405596566;Up;Não informado;Outros motivos descritos;Upgrade: - 1x Conexão de WhatsApp API Oficial - R$ 89,00;1;89.0;0.0;Upgrade;;;Não calculado
02/07/2026;2026;7;Jul.;julho;2026-07;Jul./26;Mariana Nunes;Mariana Nunes;True;descomplicando;Upgrade;Não informado;Funil de vendas;Funil de vendas;https://app.pipefy.com/open-cards/1406590486;Up;Não informado;Outros motivos descritos;Upgrade funil de vendas R$ 49,00 | Protocolo: 202607011801781;1;49.0;0.0;Upgrade;;;Não calculado
02/07/2026;2026;7;Jul.;julho;2026-07;Jul./26;Mariana Nunes;Mariana Nunes;True;inquanta;Upgrade;Não informado;Transcrição de Áudio;Transcrição de Áudio;https://app.pipefy.com/open-cards/1406205751;Up;Não informado;Outros motivos descritos;Upgrade IA Transcrição de áudio (500 minutos) R$ 24,90 | Protocolo: 202607011802263;1;24.9;0.0;Upgrade;;;Não calculado
02/07/2026;2026;7;Jul.;julho;2026-07;Jul./26;Maurele Soares;Maurele Soares;True;advalmeidaecarmo;Upgrade;Não informado;Servidores;Servidores;https://app.pipefy.com/open-cards/1406389194;Up;Não informado;Outros motivos descritos;Up servidor - 2/4 (60,00). Protocolo: 202607021803600;1;60.0;0.0;Upgrade;;;Não calculado
02/07/2026;2026;7;Jul.;julho;2026-07;Jul./26;Maurele Soares;Maurele Soares;True;lojarrmoveis;Upgrade;Não informado;Servidores;Servidores;https://app.pipefy.com/open-cards/1406194771;Migração/Outro;Não informado;Outros motivos descritos;Servidor 2/4 bonificado para o cliente. Utilizou a regra dos 20% alinhado entre o Paulo, Vivi e Medice. Protocolo: 202607011802110;1;0.0;0.0;Upgrade;;;Não calculado
02/07/2026;2026;7;Jul.;julho;2026-07;Jul./26;Maurele Soares;Maurele Soares;True;paisajeurbano;Upgrade;Não informado;Servidores;Servidores;https://app.pipefy.com/open-cards/1406220923;Up;Não informado;Redução de custo;Up - servidor 4/8 no valor de USD 31. Protocolo: paisajeurbano.;1;31.0;0.0;Upgrade;;;Não calculado
02/07/2026;2026;7;Jul.;julho;2026-07;Jul./26;Melissa Duarte;Melissa Duarte;True;vitoriaadvocacia;Upgrade;Não informado;Funil de vendas;Funil de vendas;https://app.pipefy.com/open-cards/1406258864;Up;Não informado;Outros motivos descritos;UP Funil de Vendas R$49,00;1;49.0;0.0;Upgrade;;;Não calculado
02/07/2026;2026;7;Jul.;julho;2026-07;Jul./26;Noemy Biazão;Noemy Biazão;True;advogadaluizamendes;Upgrade;Não informado;Funil de vendas;Funil de vendas;https://app.pipefy.com/open-cards/1406460783;Up;Não informado;Outros motivos descritos;UP de Funil de Vendas - R$49,00;1;49.0;0.0;Upgrade;;;Não calculado
02/07/2026;2026;7;Jul.;julho;2026-07;Jul./26;Noemy Biazão;Noemy Biazão;True;gregorioeognibeneadv;Upgrade;Não informado;Servidores;Servidores;https://app.pipefy.com/open-cards/1406568034;Up;Não informado;Outros motivos descritos;UP de Servidor 2/4 R$89,00;1;89.0;0.0;Upgrade;;;Não calculado
02/07/2026;2026;7;Jul.;julho;2026-07;Jul./26;Noemy Biazão;Noemy Biazão;True;medgynmedicamentos;Upgrade;Não informado;Servidores;Servidores;https://app.pipefy.com/open-cards/1406224932;Up;Não informado;Redução de custo;UP de Servidor 2/4 valor: R$89,00;1;89.0;0.0;Upgrade;;;Não calculado
02/07/2026;2026;7;Jul.;julho;2026-07;Jul./26;Noemy Biazão;Noemy Biazão;True;redemaisz;Upgrade;Não informado;Usuário adicional;Usuário adicional;https://app.pipefy.com/open-cards/1406268791;Up;Não informado;Outros motivos descritos;UP de 5 Usuarios adicionais R$130,5 / URL: redemaisz;1;130.5;0.0;Upgrade;;;Não calculado
02/07/2026;2026;7;Jul.;julho;2026-07;Jul./26;Sabrina Soares;Sabrina Soares;True;jlboitainfoonsistemas;Upgrade;Não informado;Transcrição de Áudio;Transcrição de Áudio;https://app.pipefy.com/open-cards/1406291529;Up;Não informado;Outros motivos descritos;Upgrade de 500min de transcrição de áudio;1;24.9;0.0;Upgrade;;;Não calculado
02/07/2026;2026;7;Jul.;julho;2026-07;Jul./26;Sabrina Soares;Sabrina Soares;True;novasupri;Upgrade;Não informado;Servidores;Servidores;https://app.pipefy.com/open-cards/1406491448;Up;Não informado;Redução de custo;Upgrade de servidor 2/4 no valor de R$89;1;89.0;0.0;Upgrade;;;Não calculado
02/07/2026;2026;7;Jul.;julho;2026-07;Jul./26;Tadiane Biason;Tadiane Biason;True;imobles;Upgrade;Não informado;Conexão adicional de WhatsApp - WABA;Conexão adicional de WhatsApp - WABA;https://app.pipefy.com/open-cards/1406228696;Up;Não informado;Redução de custo;Tipo: Upgrade Produto: 5 Conexões WABA / Gupshup / Direct Payment Valor: R$ 445,00 URL: imobles Protocolo: 202607021803580;1;445.0;0.0;Upgrade;;;Não calculado
02/07/2026;2026;7;Jul.;julho;2026-07;Jul./26;Vinicius Simões;Vinicius Simões;True;buddhachacara;Upgrade;Não informado;Primeira ativação de número oficial;Primeira ativação de número oficial;https://app.pipefy.com/open-cards/1406396557;Up;Não informado;Outros motivos descritos;Upgrade: - 1x Conexão de WhatsApp API Oficial - R$ 89,00;1;89.0;0.0;Upgrade;;;Não calculado
02/07/2026;2026;7;Jul.;julho;2026-07;Jul./26;Vinicius Simões;Vinicius Simões;True;itsbrain;Upgrade;Não informado;Conexão adicional de WhatsApp - WABA;Conexão adicional de WhatsApp - WABA;https://app.pipefy.com/open-cards/1406429903;Up;Não informado;Outros motivos descritos;Upgrade: - 1x Conexão adicional de WhatsApp API Oficial - R$ 89,00;1;89.0;0.0;Upgrade;;;Não calculado
02/07/2026;2026;7;Jul.;julho;2026-07;Jul./26;Vinicius Simões;Vinicius Simões;True;vilamascoteadm;Upgrade;Não informado;Primeira ativação de número oficial;Primeira ativação de número oficial;https://app.pipefy.com/open-cards/1406400024;Up;Não informado;Outros motivos descritos;Upgrade: - 1x Conexão de WhatsApp API Oficial - R$ 89,00;1;89.0;0.0;Upgrade;;;Não calculado
03/07/2026;2026;7;Jul.;julho;2026-07;Jul./26;Leticia Silva;Leticia Silva;True;getecma;Upgrade;Não informado;Conexão adicional de WhatsApp - WABA;Conexão adicional de WhatsApp - WABA;https://app.pipefy.com/open-cards/1406878524;Up;Não informado;Outros motivos descritos;Up Conexão Adicional Waba Coex 360.;1;89.0;0.0;Upgrade;;;Não calculado
03/07/2026;2026;7;Jul.;julho;2026-07;Jul./26;Luis Siqueira;Luis Siqueira;True;ostengroupoficial;Upgrade;Não informado;Funil de vendas;Funil de vendas;https://app.pipefy.com/open-cards/1406986610;Up;Não informado;Redução de custo;Cliente fez a contratação do funil de vendas no valor de R$ 49,00 - gerar pagamento  junto da nota fiscal com para 10 dias;1;49.0;0.0;Upgrade;;;Não calculado
03/07/2026;2026;7;Jul.;julho;2026-07;Jul./26;Mariana Nunes;Mariana Nunes;True;quanton3dd;Upgrade;Não informado;Integração;Integração;https://app.pipefy.com/open-cards/1407117425;Up;Não informado;Outros motivos descritos;Upgrade RD CRM R$ 59,99 | Protocolo: 202607031805036;1;59.99;0.0;Upgrade;;;Não calculado
03/07/2026;2026;7;Jul.;julho;2026-07;Jul./26;Maurele Soares;Maurele Soares;True;fjsign2;Upgrade;Não informado;Servidores;Servidores;https://app.pipefy.com/open-cards/1406861466;Up;Não informado;Outros motivos descritos;Up - servidor 2/4 (89). Protocolo: 202607021804014;1;89.0;0.0;Upgrade;;;Não calculado
03/07/2026;2026;7;Jul.;julho;2026-07;Jul./26;Melissa Duarte;Melissa Duarte;True;veloseguro;Upgrade;Não informado;IA Agent;IA Agent;https://app.pipefy.com/open-cards/1407306644;Up;Não informado;Outros motivos descritos;Up IA Agente 1000 creditos R$112,90;1;112.9;0.0;Upgrade;;;Não calculado
03/07/2026;2026;7;Jul.;julho;2026-07;Jul./26;Noemy Biazão;Noemy Biazão;True;ev5solucoes;Upgrade;Não informado;Integração;Integração;https://app.pipefy.com/open-cards/1406947753;Up;Não informado;Outros motivos descritos;Não informado;1;89.99;0.0;Upgrade;;;Não calculado
03/07/2026;2026;7;Jul.;julho;2026-07;Jul./26;Noemy Biazão;Noemy Biazão;True;thamizaviagens;Upgrade;Não informado;Servidores;Servidores;https://app.pipefy.com/open-cards/1407390858;Up;Não informado;Outros motivos descritos;UP de Servidor 2/4 - R$89,00;1;89.0;0.0;Upgrade;;;Não calculado
03/07/2026;2026;7;Jul.;julho;2026-07;Jul./26;Vinicius Simões;Vinicius Simões;True;crsadvocacia;Upgrade;Não informado;Conexão adicional de WhatsApp - WABA;Conexão adicional de WhatsApp - WABA;https://app.pipefy.com/open-cards/1407007958;Up;Não informado;Outros motivos descritos;Upgrade: - 1x Conexão adicional de WhatsApp API Oficial - R$ 89,00;1;89.0;0.0;Upgrade;;;Não calculado
03/07/2026;2026;7;Jul.;julho;2026-07;Jul./26;Vinicius Simões;Vinicius Simões;True;ensine;Upgrade;Não informado;Conexão adicional de WhatsApp - WABA;Conexão adicional de WhatsApp - WABA;https://app.pipefy.com/open-cards/1407245696;Up;Não informado;Outros motivos descritos;Upgrade: - 1x Conexão adicional de WhatsApp API Oficial - R$ 79,00;1;79.0;0.0;Upgrade;;;Não calculado
03/07/2026;2026;7;Jul.;julho;2026-07;Jul./26;Vinicius Simões;Vinicius Simões;True;essencialcertificado;Upgrade;Não informado;Primeira ativação de número oficial;Primeira ativação de número oficial;https://app.pipefy.com/open-cards/1407370075;Up;Não informado;Outros motivos descritos;Upgrade: - 1x Conexão de WhatsApp API Oficial - R$ 89,00;1;89.0;0.0;Upgrade;;;Não calculado
03/07/2026;2026;7;Jul.;julho;2026-07;Jul./26;Vinicius Simões;Vinicius Simões;True;getcredpromotora;Upgrade;Não informado;"Conexão adicional de WhatsApp - WABA; Usuário adicional";Conexão adicional de WhatsApp - WABA + outros;https://app.pipefy.com/open-cards/1407262636;Up;Não informado;Outros motivos descritos;Upgrade: - 3x Usuários adicionais - R$ 75,00 - 5x Conexões adicionais de WhatsApp API Oficial - R$ 445,00;2;520.0;0.0;Upgrade;;;Não calculado
06/07/2026;2026;7;Jul.;julho;2026-07;Jul./26;Leticia Silva;Leticia Silva;True;belladoctorscrubs;Upgrade;Não informado;Conexão adicional de WhatsApp - WABA;Conexão adicional de WhatsApp - WABA;https://app.pipefy.com/open-cards/1408572293;Up;Não informado;Outros motivos descritos;Up conexão adicional oficial;1;89.0;0.0;Upgrade;;;Não calculado
06/07/2026;2026;7;Jul.;julho;2026-07;Jul./26;Leticia Silva;Leticia Silva;True;grupotaizcampbell;Upgrade;Não informado;Primeira ativação de número oficial;Primeira ativação de número oficial;https://app.pipefy.com/open-cards/1408591754;Up;Não informado;Outros motivos descritos;Primeira ativação de número oficial;1;89.0;0.0;Upgrade;;;Não calculado
06/07/2026;2026;7;Jul.;julho;2026-07;Jul./26;Luis Siqueira;Luis Siqueira;True;vitalcredito;Upgrade;Não informado;URL;URL;https://app.pipefy.com/open-cards/1408785345;Up;Não informado;Outros motivos descritos;Não informado;1;2099.0;0.0;Upgrade;;;Não calculado
06/07/2026;2026;7;Jul.;julho;2026-07;Jul./26;Maurele Soares;Maurele Soares;True;lhcassessoria1;Upgrade;Não informado;Conexão adicional de WhatsApp;Conexão adicional de WhatsApp;https://app.pipefy.com/open-cards/1408409452;Up;Não informado;Outros motivos descritos;UP - CONEXÃO DE WHATS URL: lhcassessoria1. Protocolo: 202606301800205;1;89.04;0.0;Upgrade;;;Não calculado
06/07/2026;2026;7;Jul.;julho;2026-07;Jul./26;Noemy Biazão;Noemy Biazão;True;bmex;Upgrade;Não informado;Servidores;Servidores;https://app.pipefy.com/open-cards/1408549173;Up;Não informado;Redução de custo;UP de Servidor 2/4 valor R$89,00;1;89.0;0.0;Upgrade;;;Não calculado
06/07/2026;2026;7;Jul.;julho;2026-07;Jul./26;Noemy Biazão;Noemy Biazão;True;cercontabilidade;Upgrade;Não informado;Usuário adicional;Usuário adicional;https://app.pipefy.com/open-cards/1408531744;Up;Não informado;Outros motivos descritos;UP de um usuario: R$29,00 na URL: cercontabilidadeexpediente;1;29.0;0.0;Upgrade;;;Não calculado
06/07/2026;2026;7;Jul.;julho;2026-07;Jul./26;Noemy Biazão;Noemy Biazão;True;fjsign2;Upgrade;Não informado;Servidores;Servidores;https://app.pipefy.com/open-cards/1408723611;Up;Não informado;Redução de custo;Upgrade de servidor - Servidor 2/4 valor: R$30,00;1;30.0;0.0;Upgrade;;;Não calculado
06/07/2026;2026;7;Jul.;julho;2026-07;Jul./26;Noemy Biazão;Noemy Biazão;True;paulospielmannadv;Upgrade;Não informado;Servidores;Servidores;https://app.pipefy.com/open-cards/1408456691;Up;Não informado;Outros motivos descritos;Upgrade de Servidor 2/4 R$89,00;1;89.0;0.0;Upgrade;;;Não calculado
06/07/2026;2026;7;Jul.;julho;2026-07;Jul./26;Noemy Biazão;Noemy Biazão;True;portorealimb;Upgrade;Não informado;Integração;Integração;https://app.pipefy.com/open-cards/1408490552;Up;Não informado;Outros motivos descritos;Não informado;1;69.99;0.0;Upgrade;;;Não calculado
06/07/2026;2026;7;Jul.;julho;2026-07;Jul./26;Priscila Pavani;Priscila Pavani;True;iwnet;Upgrade;Não informado;Servidores;Servidores;https://app.pipefy.com/open-cards/1408359124;Up;Não informado;Redução de custo;Tipo: Upgrade Produt:o: 1 servidor 8/12 Valor: R$ 270,00 URL: iwnet Protocolo: 202607061806077;1;270.0;0.0;Upgrade;;;Não calculado
06/07/2026;2026;7;Jul.;julho;2026-07;Jul./26;Tadiane Biason;Tadiane Biason;True;imobles;Upgrade;Não informado;Conexão adicional de WhatsApp - WABA;Conexão adicional de WhatsApp - WABA;https://app.pipefy.com/open-cards/1408666000;Up;Não informado;Redução de custo;Tipo: Upgrade Produto: 1 conexão Oficial Valor: R$ 89,00) URL: imobles Protocolo: 202607061807025;1;89.0;0.0;Upgrade;;;Não calculado
06/07/2026;2026;7;Jul.;julho;2026-07;Jul./26;Vinicius Simões;Vinicius Simões;True;gmxsolutions;Upgrade;Não informado;Primeira ativação de número oficial;Primeira ativação de número oficial;https://app.pipefy.com/open-cards/1408659735;Up;Não informado;Outros motivos descritos;Upgrade: - 1x Conexão de WhatsApp API Oficial - R$ 89,00;1;89.0;0.0;Upgrade;;;Não calculado
06/07/2026;2026;7;Jul.;julho;2026-07;Jul./26;Vinicius Simões;Vinicius Simões;True;plenamedeodontologia;Upgrade;Não informado;Conexão adicional de WhatsApp - WABA;Conexão adicional de WhatsApp - WABA;https://app.pipefy.com/open-cards/1408773387;Up;Não informado;Outros motivos descritos;Upgrade: - 1x Conexão adicional de WhatsApp API Oficial - R$ 89,00;1;89.0;0.0;Upgrade;;;Não calculado
06/07/2026;2026;7;Jul.;julho;2026-07;Jul./26;Vinicius Simões;Vinicius Simões;True;sousaemaciel;Upgrade;Não informado;Conexão adicional de WhatsApp - WABA;Conexão adicional de WhatsApp - WABA;https://app.pipefy.com/open-cards/1408778193;Up;Não informado;Outros motivos descritos;Upgrade: - 1x Conexão adicional de WhatsApp API Oficial - R$ 89,00;1;89.0;0.0;Upgrade;;;Não calculado
07/07/2026;2026;7;Jul.;julho;2026-07;Jul./26;Leticia Silva;Leticia Silva;True;cartaoexame;Upgrade;Não informado;Conexão adicional de WhatsApp - WABA;Conexão adicional de WhatsApp - WABA;https://app.pipefy.com/open-cards/1409235931;Up;Não informado;Outros motivos descritos;Up 2 conexões adicionais oficiais.;1;178.0;0.0;Upgrade;;;Não calculado
07/07/2026;2026;7;Jul.;julho;2026-07;Jul./26;Leticia Silva;Leticia Silva;True;clinicamaterdei;Upgrade;Não informado;Primeira ativação de número oficial;Primeira ativação de número oficial;https://app.pipefy.com/open-cards/1409133566;Up;Não informado;Outros motivos descritos;Primeira ativação de número oficial;1;89.0;0.0;Upgrade;;;Não calculado
07/07/2026;2026;7;Jul.;julho;2026-07;Jul./26;Mariana Nunes;Mariana Nunes;True;casadoconstrutorrecife2;Upgrade;Não informado;Servidores;Servidores;https://app.pipefy.com/open-cards/1409294122;Up;Não informado;Outros motivos descritos;Upgrade servidor 8/16 R$ 349,00 | 202607071807756;1;349.0;0.0;Upgrade;;;Não calculado
07/07/2026;2026;7;Jul.;julho;2026-07;Jul./26;Mariana Nunes;Mariana Nunes;True;cfbuffet;Upgrade;Não informado;Servidores;Servidores;https://app.pipefy.com/open-cards/1409510787;Up;Não informado;Outros motivos descritos;Upgrade servidor 2/4 R$ 89,00 | Protocolo 202607061807265;1;89.0;0.0;Upgrade;;;Não calculado
07/07/2026;2026;7;Jul.;julho;2026-07;Jul./26;Mariana Nunes;Mariana Nunes;True;datasystem;Upgrade;Não informado;Usuário adicional;Usuário adicional;https://app.pipefy.com/open-cards/1409284001;Up;Não informado;Outros motivos descritos;Upgrade de 1 usuário, R$ 29,00, para a url datasystem | 202607071807959;1;29.0;0.0;Upgrade;;;Não calculado
07/07/2026;2026;7;Jul.;julho;2026-07;Jul./26;Mariana Nunes;Mariana Nunes;True;rbadvocacia;Upgrade;Não informado;Distribuição automática;Distribuição automática;https://app.pipefy.com/open-cards/1409499195;Up;Não informado;Processo/uso operacional;Upgrade distribuição automática R$ 89,00 | Protocolo 202607071808047;1;89.0;0.0;Upgrade;;;Não calculado
07/07/2026;2026;7;Jul.;julho;2026-07;Jul./26;Maurele Soares;Maurele Soares;True;4unetwork;Upgrade;Não informado;Servidores;Servidores;https://app.pipefy.com/open-cards/1409423956;Up;Não informado;Outros motivos descritos;Up - servidor 2/4 (89) - Protocolo: 202607071807858;1;89.0;0.0;Upgrade;;;Não calculado
07/07/2026;2026;7;Jul.;julho;2026-07;Jul./26;Maurele Soares;Maurele Soares;True;borelliadv;Upgrade;Não informado;Servidores;Servidores;https://app.pipefy.com/open-cards/1409297320;Up;Não informado;Outros motivos descritos;Up - servidor 2/4 (89). Protocolo: 202607071807995;1;89.0;0.0;Upgrade;;;Não calculado
07/07/2026;2026;7;Jul.;julho;2026-07;Jul./26;Maurele Soares;Maurele Soares;True;i9contadores;Upgrade;Não informado;Servidores;Servidores;https://app.pipefy.com/open-cards/1409244138;Up;Não informado;Outros motivos descritos;"Up - servidor 2/4 (89). Protocolo; 202607071807859";1;89.0;0.0;Upgrade;;;Não calculado
07/07/2026;2026;7;Jul.;julho;2026-07;Jul./26;Maurele Soares;Maurele Soares;True;jdngadv;Upgrade;Não informado;Usuário adicional;Usuário adicional;https://app.pipefy.com/open-cards/1409482684;Up;Não informado;Outros motivos descritos;Up - 1 usuário (29,00). URL: jdngadv. Protocolo: 202607071808440.;1;29.0;0.0;Upgrade;;;Não calculado
07/07/2026;2026;7;Jul.;julho;2026-07;Jul./26;Noemy Biazão;Noemy Biazão;True;fellnner;Upgrade;Não informado;Servidores;Servidores;https://app.pipefy.com/open-cards/1409165176;Up;Não informado;Redução de custo;Upgrade de Servidor 4/8 valor: R$169,00;1;169.0;0.0;Upgrade;;;Não calculado
07/07/2026;2026;7;Jul.;julho;2026-07;Jul./26;Noemy Biazão;Noemy Biazão;True;francoadvocacia;Upgrade;Não informado;Servidores;Servidores;https://app.pipefy.com/open-cards/1409150176;Up;Não informado;Redução de custo;Upgrade de Servidor 4/8 valor: R$169,00;1;169.0;0.0;Upgrade;;;Não calculado
07/07/2026;2026;7;Jul.;julho;2026-07;Jul./26;Noemy Biazão;Noemy Biazão;True;imobi;Upgrade;Não informado;Servidores;Servidores;https://app.pipefy.com/open-cards/1409128109;Up;Não informado;Redução de custo;Upgrade de Servidor 2/4 valor: R$89,00;1;89.0;0.0;Upgrade;;;Não calculado
07/07/2026;2026;7;Jul.;julho;2026-07;Jul./26;Noemy Biazão;Noemy Biazão;True;inteligenciaassessoria;Upgrade;Não informado;Servidores;Servidores;https://app.pipefy.com/open-cards/1409326089;Up;Não informado;Redução de custo;UP de servidor 2/4 valor de R$89,00;1;89.0;0.0;Upgrade;;;Não calculado
07/07/2026;2026;7;Jul.;julho;2026-07;Jul./26;Noemy Biazão;Noemy Biazão;True;odontomaismed;Upgrade;Não informado;Servidores;Servidores;https://app.pipefy.com/open-cards/1409433481;Up;Não informado;Redução de custo;UP de Servidor 2/4 valor: R$89,00;1;89.0;0.0;Upgrade;;;Não calculado
07/07/2026;2026;7;Jul.;julho;2026-07;Jul./26;Sabrina Soares;Sabrina Soares;True;artcconnect;Upgrade;Não informado;Servidores;Servidores;https://app.pipefy.com/open-cards/1409369348;Up;Não informado;Outros motivos descritos;Upgrade de servidor 2/4 R$89.;1;89.0;0.0;Upgrade;;;Não calculado
07/07/2026;2026;7;Jul.;julho;2026-07;Jul./26;Sabrina Soares;Sabrina Soares;True;costaesa;Upgrade;Não informado;Integração;Integração;https://app.pipefy.com/open-cards/1409353318;Up;Não informado;Outros motivos descritos;Upgrade Integração Superlogica Condominios R$69,99.;1;69.99;0.0;Upgrade;;;Não calculado
07/07/2026;2026;7;Jul.;julho;2026-07;Jul./26;Sabrina Soares;Sabrina Soares;True;rebechisilva;Upgrade;Não informado;Usuário adicional;Usuário adicional;https://app.pipefy.com/open-cards/1409428306;Up;Não informado;Outros motivos descritos;Upgrade de 1 usuário adicional.;1;29.0;0.0;Upgrade;;;Não calculado
07/07/2026;2026;7;Jul.;julho;2026-07;Jul./26;Tadiane Biason;Tadiane Biason;True;razonet;Upgrade;Não informado;Integração;Integração;https://app.pipefy.com/open-cards/1409370171;Up;Não informado;Redução de custo;Tipo: Upgrade Produto: Integração de prateleiras - Asaas Valor:178,00 URL: razonet Protocolo:202607071808519;1;178.0;0.0;Upgrade;;;Não calculado
07/07/2026;2026;7;Jul.;julho;2026-07;Jul./26;Vinicius Simões;Vinicius Simões;True;dgassessoriacontabil;Upgrade;Não informado;Primeira ativação de número oficial;Primeira ativação de número oficial;https://app.pipefy.com/open-cards/1409254908;Up;Não informado;Outros motivos descritos;Upgrade: - 1x Conexão de WhatsApp API Oficial - R$ 89,00;1;89.0;0.0;Upgrade;;;Não calculado
07/07/2026;2026;7;Jul.;julho;2026-07;Jul./26;Vinicius Simões;Vinicius Simões;True;samatosfin;Upgrade;Não informado;Conexão adicional de WhatsApp - WABA;Conexão adicional de WhatsApp - WABA;https://app.pipefy.com/open-cards/1409359509;Up;Não informado;Outros motivos descritos;Upgrade: - 2x Conexões adicionais de WhatsApp API Oficial - R$ 178,00;1;178.0;0.0;Upgrade;;;Não calculado
08/07/2026;2026;7;Jul.;julho;2026-07;Jul./26;Leticia Silva;Leticia Silva;True;orulosistemas;Upgrade;Não informado;Conexão adicional de WhatsApp - WABA;Conexão adicional de WhatsApp - WABA;https://app.pipefy.com/open-cards/1409989234;Up;Não informado;Outros motivos descritos;Up conexão waba adicional  (11) 52950391;1;89.0;0.0;Upgrade;;;Não calculado
08/07/2026;2026;7;Jul.;julho;2026-07;Jul./26;Leticia Silva;Leticia Silva;True;shoppingdoaviao;Upgrade;Não informado;Conexão adicional de WhatsApp - WABA;Conexão adicional de WhatsApp - WABA;https://app.pipefy.com/open-cards/1409993891;Up;Não informado;Outros motivos descritos;Up conexão waba adicional;1;89.0;0.0;Upgrade;;;Não calculado
08/07/2026;2026;7;Jul.;julho;2026-07;Jul./26;Mariana Nunes;Mariana Nunes;True;rcfmachado;Upgrade;Não informado;Usuário adicional;Usuário adicional;https://app.pipefy.com/open-cards/1409987953;Up;Não informado;Outros motivos descritos;Upgrade 1x usuário adicional R$ 29,00 | Protocolo 202607081809426;1;29.0;0.0;Upgrade;;;Não calculado
08/07/2026;2026;7;Jul.;julho;2026-07;Jul./26;Mariana Nunes;Mariana Nunes;True;soaresservicoadm;Upgrade;Não informado;Usuário adicional;Usuário adicional;https://app.pipefy.com/open-cards/1410223237;Up;Não informado;Outros motivos descritos;Upgrade 4x usuário adicional R$ 29,00 | Protocolo 202607061807213;1;116.0;0.0;Upgrade;;;Não calculado
08/07/2026;2026;7;Jul.;julho;2026-07;Jul./26;Maurele Soares;Maurele Soares;True;innovaprime;Upgrade;Não informado;Integração;Integração;https://app.pipefy.com/open-cards/1410032578;Up;Não informado;Outros motivos descritos;UP - Integração pipefy (59,99). Protocolo: 202607081809590;1;59.99;0.0;Upgrade;;;Não calculado
08/07/2026;2026;7;Jul.;julho;2026-07;Jul./26;Maurele Soares;Maurele Soares;True;lcconsultiva;Upgrade;Não informado;Servidores;Servidores;https://app.pipefy.com/open-cards/1409969490;Up;Não informado;Outros motivos descritos;Up - servidor 2/4 (89,00). Protocolo: 202607081809242.;1;89.0;0.0;Upgrade;;;Não calculado
08/07/2026;2026;7;Jul.;julho;2026-07;Jul./26;Maurele Soares;Maurele Soares;True;luiscavalcanteadv;Upgrade;Não informado;Servidores;Servidores;https://app.pipefy.com/open-cards/1410235431;Up;Não informado;Outros motivos descritos;UP - Servidor 2/4 (89). Protocolo: 202607081810286.;1;89.0;0.0;Upgrade;;;Não calculado
08/07/2026;2026;7;Jul.;julho;2026-07;Jul./26;Maurele Soares;Maurele Soares;True;pecinidespachante;Upgrade;Não informado;Robô personalizado;Robô personalizado;https://app.pipefy.com/open-cards/1410059402;Up;Não informado;Outros motivos descritos;Cliente fez um robo de 29 páginas. Cobramos as 14 páginas adicionais por 40 reais cada (560 no total). Protocolo: 202607081809442;1;560.0;0.0;Upgrade;;;Não calculado
08/07/2026;2026;7;Jul.;julho;2026-07;Jul./26;Maurele Soares;Maurele Soares;True;suasorte;Upgrade;Não informado;Pacotes SMS Disparo em Massa;Pacotes SMS Disparo em Massa;https://app.pipefy.com/open-cards/1410076940;Up;Não informado;Redução de custo;Up - sms 2500 (valor 250). Protocolo: 202607081809846;1;250.0;0.0;Upgrade;;;Não calculado
08/07/2026;2026;7;Jul.;julho;2026-07;Jul./26;Maurele Soares;Maurele Soares;True;wlcontabilidade;Upgrade;Não informado;Conexão adicional de WhatsApp;Conexão adicional de WhatsApp;https://app.pipefy.com/open-cards/1410028434;Up;Não informado;Outros motivos descritos;UP - Conexão adicional para a url: wlcontabilidade. Protocolo: 202607071807881;1;89.0;0.0;Upgrade;;;Não calculado
08/07/2026;2026;7;Jul.;julho;2026-07;Jul./26;Noemy Biazão;Noemy Biazão;True;centerlabvet;Upgrade;Não informado;Usuário adicional;Usuário adicional;https://app.pipefy.com/open-cards/1410153646;Up;Não informado;Redução de custo;Upgrade de um usuario valor: R$29,00;1;29.0;0.0;Upgrade;;;Não calculado
08/07/2026;2026;7;Jul.;julho;2026-07;Jul./26;Noemy Biazão;Noemy Biazão;True;futurehouse;Upgrade;Não informado;Servidores;Servidores;https://app.pipefy.com/open-cards/1410193711;Up;Não informado;Redução de custo;Upgrade de Servidor 2/4 valor:R$89,00;1;89.0;0.0;Upgrade;;;Não calculado
08/07/2026;2026;7;Jul.;julho;2026-07;Jul./26;Noemy Biazão;Noemy Biazão;True;grupomoura;Upgrade;Não informado;Servidores;Servidores;https://app.pipefy.com/open-cards/1410219516;Up;Não informado;Outros motivos descritos;Upgrade de Servidor 2/4 R$89,00 para o Servidor 4/8 R$169,00;1;169.0;0.0;Upgrade;;;Não calculado
08/07/2026;2026;7;Jul.;julho;2026-07;Jul./26;Noemy Biazão;Noemy Biazão;True;mdnadvocacia;Upgrade;Não informado;Servidores;Servidores;https://app.pipefy.com/open-cards/1410165207;Up;Não informado;Redução de custo;Upgrade de Servidor 2/4 valor:R$89,00;1;89.0;0.0;Upgrade;;;Não calculado
08/07/2026;2026;7;Jul.;julho;2026-07;Jul./26;Noemy Biazão;Noemy Biazão;True;paivafigueiredo;Upgrade;Não informado;Integração;Integração;https://app.pipefy.com/open-cards/1409992461;Up;Não informado;Outros motivos descritos;Não informado;1;10.9;0.0;Upgrade;;;Não calculado
08/07/2026;2026;7;Jul.;julho;2026-07;Jul./26;Noemy Biazão;Noemy Biazão;True;paivafigueiredo;Upgrade;Não informado;IA Agent;IA Agent;https://app.pipefy.com/open-cards/1410095804;Up;Não informado;Outros motivos descritos;Upgrade de IA Agente - 1.000 créditos R$112,90;1;112.9;0.0;Upgrade;;;Não calculado
08/07/2026;2026;7;Jul.;julho;2026-07;Jul./26;Noemy Biazão;Noemy Biazão;True;woodfort;Upgrade;Não informado;Servidores;Servidores;https://app.pipefy.com/open-cards/1409969355;Up;Não informado;Outros motivos descritos;Upgrade de Servidor 2/4 R$89,00 para o Servidor 4/8 R$169,00;1;169.0;0.0;Upgrade;;;Não calculado
08/07/2026;2026;7;Jul.;julho;2026-07;Jul./26;Sabrina Soares;Sabrina Soares;True;desbravandojoaopessoa;Upgrade;Não informado;Servidores;Servidores;https://app.pipefy.com/open-cards/1410211327;Up;Não informado;Redução de custo;Upgrade de servidor 2/4 no valor de R$89;1;89.0;0.0;Upgrade;;;Não calculado
08/07/2026;2026;7;Jul.;julho;2026-07;Jul./26;Sabrina Soares;Sabrina Soares;True;devco;Upgrade;Não informado;Servidores;Servidores;https://app.pipefy.com/open-cards/1409882878;Up;Não informado;Outros motivos descritos;Upgrade de servidor 2/4 R$89;1;89.0;0.0;Upgrade;;;Não calculado
08/07/2026;2026;7;Jul.;julho;2026-07;Jul./26;Sabrina Soares;Sabrina Soares;True;idealmarcasepatentes;Upgrade;Não informado;Transcrição de Áudio;Transcrição de Áudio;https://app.pipefy.com/open-cards/1410013242;Up;Não informado;Outros motivos descritos;Upgrade de 500min de transcrição de áudio por R$24,90;1;24.9;0.0;Upgrade;;;Não calculado
08/07/2026;2026;7;Jul.;julho;2026-07;Jul./26;Sabrina Soares;Sabrina Soares;True;jefersonsilvaadv;Upgrade;Não informado;Servidores;Servidores;https://app.pipefy.com/open-cards/1410144835;Up;Não informado;Outros motivos descritos;Upgrade de servidor 2/4 R$89;1;89.0;0.0;Upgrade;;;Não calculado
08/07/2026;2026;7;Jul.;julho;2026-07;Jul./26;Sabrina Soares;Sabrina Soares;True;masterrh;Upgrade;Não informado;Servidores;Servidores;https://app.pipefy.com/open-cards/1410174437;Up;Não informado;Redução de custo;Upgrade de servidor 2/4 no valor de R$89;1;89.0;0.0;Upgrade;;;Não calculado
08/07/2026;2026;7;Jul.;julho;2026-07;Jul./26;Sabrina Soares;Sabrina Soares;True;projetosemear;Upgrade;Não informado;Servidores;Servidores;https://app.pipefy.com/open-cards/1409958544;Up;Não informado;Redução de custo;Upgrade de servidor 4/8 no valor de R$89;1;169.0;0.0;Upgrade;;;Não calculado
08/07/2026;2026;7;Jul.;julho;2026-07;Jul./26;Sabrina Soares;Sabrina Soares;True;vitorsousa;Upgrade;Não informado;Servidores;Servidores;https://app.pipefy.com/open-cards/1410020567;Up;Não informado;Outros motivos descritos;Upgrade de servidor 2/4 R$89;1;89.0;0.0;Upgrade;;;Não calculado
09/07/2026;2026;7;Jul.;julho;2026-07;Jul./26;Mariana Nunes;Mariana Nunes;True;condogold;Upgrade;Não informado;Servidores;Servidores;https://app.pipefy.com/open-cards/1410540867;Up;Não informado;Outros motivos descritos;Upgrade servidor 4/8 R$ 169,00 | Protocolo 202607091810984;1;169.0;0.0;Upgrade;;;Não calculado
09/07/2026;2026;7;Jul.;julho;2026-07;Jul./26;Mariana Nunes;Mariana Nunes;True;fsprime;Upgrade;Não informado;Funil de vendas;Funil de vendas;https://app.pipefy.com/open-cards/1410533766;Up;Não informado;Outros motivos descritos;Upgrade funil de vendas R$ 49,00 | Protocolo 202607071807521;1;49.0;0.0;Upgrade;;;Não calculado
09/07/2026;2026;7;Jul.;julho;2026-07;Jul./26;Mariana Nunes;Mariana Nunes;True;souzaeugenioconsul;Upgrade;Não informado;Conexão adicional de WhatsApp;Conexão adicional de WhatsApp;https://app.pipefy.com/open-cards/1410474945;Up;Não informado;Outros motivos descritos;Upgrade conexão adicional de whatsapp R$ 89,00 | Protocolo 202607081810561;1;89.0;0.0;Upgrade;;;Não calculado
09/07/2026;2026;7;Jul.;julho;2026-07;Jul./26;Mariana Nunes;Mariana Nunes;True;yumesjdr;Upgrade;Não informado;Servidores;Servidores;https://app.pipefy.com/open-cards/1410556632;Up;Não informado;Outros motivos descritos;Upgrade servidor 2/4 R$ 89,00 | Protocolo 202607091810727;1;89.0;0.0;Upgrade;;;Não calculado
09/07/2026;2026;7;Jul.;julho;2026-07;Jul./26;Mariana Nunes;Mariana Nunes;True;zenithfinanceira;Upgrade;Não informado;Servidores;Servidores;https://app.pipefy.com/open-cards/1410454058;Up;Não informado;Outros motivos descritos;Upgrade servidor 2/4 R$ 89,00 | Protocolo 202607081810445;1;89.0;0.0;Upgrade;;;Não calculado
09/07/2026;2026;7;Jul.;julho;2026-07;Jul./26;Maurele Soares;Maurele Soares;True;alpop;Upgrade;Não informado;Usuário adicional;Usuário adicional;https://app.pipefy.com/open-cards/1410438234;Up;Não informado;Outros motivos descritos;Up - conexão (89). Protocolo: 202607081810544;1;89.0;0.0;Upgrade;;;Não calculado
09/07/2026;2026;7;Jul.;julho;2026-07;Jul./26;Maurele Soares;Maurele Soares;True;cweberadv;Upgrade;Não informado;Servidores;Servidores;https://app.pipefy.com/open-cards/1410527195;Up;Não informado;Outros motivos descritos;Up - servidor 2/4 (89). Protocolo: 202607081810645.;1;89.0;0.0;Upgrade;;;Não calculado
09/07/2026;2026;7;Jul.;julho;2026-07;Jul./26;Maurele Soares;Maurele Soares;True;peb;Upgrade;Não informado;Servidores;Servidores;https://app.pipefy.com/open-cards/1410560541;Up;Não informado;Outros motivos descritos;UP -Servidor 2/4 (89). Protocolo: 202607081810471;1;89.0;0.0;Upgrade;;;Não calculado
09/07/2026;2026;7;Jul.;julho;2026-07;Jul./26;Maurele Soares;Maurele Soares;True;vivianebragaadv;Upgrade;Não informado;"Conexão adicional de WhatsApp; Usuário adicional; Funil de vendas";Conexão adicional de WhatsApp + outros;https://app.pipefy.com/open-cards/1410491962;Up;Não informado;Outros motivos descritos;UP - 1 conexão Whats, 1 usuário, funil de vendas (167). Protocolo: 202607081810553.;3;167.0;0.0;Upgrade;;;Não calculado
09/07/2026;2026;7;Jul.;julho;2026-07;Jul./26;Priscila Pavani;Priscila Pavani;True;integralidademedica;Upgrade;Não informado;Conexão adicional de WhatsApp - WABA;Conexão adicional de WhatsApp - WABA;https://app.pipefy.com/open-cards/1410455498;Up;Não informado;Outros motivos descritos;up de conexão oficial;1;89.0;0.0;Upgrade;;;Não calculado
09/07/2026;2026;7;Jul.;julho;2026-07;Jul./26;Sabrina Soares;Sabrina Soares;True;spm1;Upgrade;Não informado;Servidores;Servidores;https://app.pipefy.com/open-cards/1410679743;Up;Não informado;Outros motivos descritos;Upgrade: - Servidor 8/16 - 349,00 Protocolo: 202607091811034;1;349.0;0.0;Upgrade;;;Não calculado
09/07/2026;2026;7;Jul.;julho;2026-07;Jul./26;Sabrina Soares;Sabrina Soares;True;wsalugueldecarros;Upgrade;Não informado;Servidores;Servidores;https://app.pipefy.com/open-cards/1410715336;Up;Não informado;Outros motivos descritos;Upgrade de servidor 2/4;1;89.0;0.0;Upgrade;;;Não calculado
09/07/2026;2026;7;Jul.;julho;2026-07;Jul./26;Vinicius Simões;Vinicius Simões;True;fulliot;Upgrade;Não informado;Primeira ativação de número oficial;Primeira ativação de número oficial;https://app.pipefy.com/open-cards/1410557697;Up;Não informado;Outros motivos descritos;Upgrade: - 1x Conexão de WhatsApp API Oficial - R$ 89,00;1;89.0;0.0;Upgrade;;;Não calculado
09/07/2026;2026;7;Jul.;julho;2026-07;Jul./26;Vinicius Simões;Vinicius Simões;True;getcredpromotora;Upgrade;Não informado;Conexão adicional de WhatsApp - WABA;Conexão adicional de WhatsApp - WABA;https://app.pipefy.com/open-cards/1410688957;Up;Não informado;Outros motivos descritos;Upgrade: - 2x Conexões adicionais de WhatsApp API Oficial - R$ 178,00;1;178.0;0.0;Upgrade;;;Não calculado
09/07/2026;2026;7;Jul.;julho;2026-07;Jul./26;Vinicius Simões;Vinicius Simões;True;jrcredito;Upgrade;Não informado;Conexão adicional de WhatsApp - WABA;Conexão adicional de WhatsApp - WABA;https://app.pipefy.com/open-cards/1410421465;Up;Não informado;Outros motivos descritos;Upgrade: - 5x Conexões adicionais de WhatsApp API Oficial - R$ 445,00;1;445.0;0.0;Upgrade;;;Não calculado
09/07/2026;2026;7;Jul.;julho;2026-07;Jul./26;Vinicius Simões;Vinicius Simões;True;magodopismequipe;Upgrade;Não informado;Conexão adicional de WhatsApp - WABA;Conexão adicional de WhatsApp - WABA;https://app.pipefy.com/open-cards/1410426242;Up;Não informado;Outros motivos descritos;Upgrade: - 1x Conexão adicional de WhatsApp API Oficial - R$ 89,00;1;89.0;0.0;Upgrade;;;Não calculado
09/07/2026;2026;7;Jul.;julho;2026-07;Jul./26;Vinicius Simões;Vinicius Simões;True;rapidin;Upgrade;Não informado;Conexão adicional de WhatsApp - WABA;Conexão adicional de WhatsApp - WABA;https://app.pipefy.com/open-cards/1410712496;Up;Não informado;Outros motivos descritos;Upgrade: - 1x Conexão adicional de WhatsApp API Oficial - R$ 89,00;1;89.0;0.0;Upgrade;;;Não calculado
10/07/2026;2026;7;Jul.;julho;2026-07;Jul./26;Leticia Silva;Leticia Silva;True;freitasebiagiadv;Upgrade;Não informado;Conexão adicional de WhatsApp - WABA;Conexão adicional de WhatsApp - WABA;https://app.pipefy.com/open-cards/1411382403;Up;Não informado;Outros motivos descritos;Up conexão adicional oficial;1;89.0;0.0;Upgrade;;;Não calculado
10/07/2026;2026;7;Jul.;julho;2026-07;Jul./26;Leticia Silva;Leticia Silva;True;plusaprendizagens;Upgrade;Não informado;Primeira ativação de número oficial;Primeira ativação de número oficial;https://app.pipefy.com/open-cards/1411261743;Up;Não informado;Outros motivos descritos;Primeira Ativação de Número Oficial;1;89.0;0.0;Upgrade;;;Não calculado
10/07/2026;2026;7;Jul.;julho;2026-07;Jul./26;Luis Siqueira;Luis Siqueira;True;cursoasb;Upgrade;Não informado;Conexão adicional de WhatsApp - WABA;Conexão adicional de WhatsApp - WABA;https://app.pipefy.com/open-cards/1411202984;Up;Não informado;Outros motivos descritos;Cliente vai desarquivar uma conexão oficial em sua plataforma;1;89.0;0.0;Upgrade;;;Não calculado
10/07/2026;2026;7;Jul.;julho;2026-07;Jul./26;Mariana Nunes;Mariana Nunes;True;ftxagroatendimento;Upgrade;Não informado;IA Agent;IA Agent;https://app.pipefy.com/open-cards/1411280571;Up;Não informado;Outros motivos descritos;Upgrade IA Agente – 1.000 créditos R$ 112,90 | Protocolo 202606111783374;1;112.9;0.0;Upgrade;;;Não calculado
10/07/2026;2026;7;Jul.;julho;2026-07;Jul./26;Mariana Nunes;Mariana Nunes;True;lank;Upgrade;Não informado;Chat interno;Chat interno;https://app.pipefy.com/open-cards/1411140047;Up;Não informado;Outros motivos descritos;Upgrade chat interno R$ 89,00 | Protocolo 202607101811738;1;89.0;0.0;Upgrade;;;Não calculado
10/07/2026;2026;7;Jul.;julho;2026-07;Jul./26;Maurele Soares;Maurele Soares;True;atendimentoraster;Upgrade;Não informado;Servidores;Servidores;https://app.pipefy.com/open-cards/1411400351;Up;Não informado;Outros motivos descritos;Up - servidor 16/16 (410,00). Protocolo: 202607101812544.;1;410.0;0.0;Upgrade;;;Não calculado
10/07/2026;2026;7;Jul.;julho;2026-07;Jul./26;Maurele Soares;Maurele Soares;True;clinicasaudecampinas;Upgrade;Não informado;Servidores;Servidores;https://app.pipefy.com/open-cards/1411379924;Up;Não informado;Outros motivos descritos;Up - servidor 2/4 (89,00). Protocolo: 202607101811936;1;89.0;0.0;Upgrade;;;Não calculado
10/07/2026;2026;7;Jul.;julho;2026-07;Jul./26;Maurele Soares;Maurele Soares;True;getcredpromotora;Upgrade;Não informado;"Chat interno; Distribuição automática";"Chat interno; Distribuição automática";https://app.pipefy.com/open-cards/1411106597;Up;Não informado;Processo/uso operacional;Up - chat interno e distribuição automática, desconto de 20 reais em cada produto. 69,00 cada. Total 138,00. Protocolo: 202607101811538;2;138.0;0.0;Upgrade;;;Não calculado
10/07/2026;2026;7;Jul.;julho;2026-07;Jul./26;Noemy Biazão;Noemy Biazão;True;baruffi;Upgrade;Não informado;Servidores;Servidores;https://app.pipefy.com/open-cards/1411279839;Up;Não informado;Redução de custo;Upgrade de Servidor 2/4 valor: R$89,00;1;89.0;0.0;Upgrade;;;Não calculado
10/07/2026;2026;7;Jul.;julho;2026-07;Jul./26;Noemy Biazão;Noemy Biazão;True;castroadvocacia;Upgrade;Não informado;Servidores;Servidores;https://app.pipefy.com/open-cards/1411372228;Up;Não informado;Redução de custo;Upgrade de Servidor 4/8 valor: R$169,00;1;169.0;0.0;Upgrade;;;Não calculado
10/07/2026;2026;7;Jul.;julho;2026-07;Jul./26;Noemy Biazão;Noemy Biazão;True;centromedicolinda;Upgrade;Não informado;Servidores;Servidores;https://app.pipefy.com/open-cards/1411321430;Up;Não informado;Redução de custo;Upgrade de Servidor 2/4 valor: R$89,00;1;89.0;0.0;Upgrade;;;Não calculado
10/07/2026;2026;7;Jul.;julho;2026-07;Jul./26;Noemy Biazão;Noemy Biazão;True;italineasalapronta;Upgrade;Não informado;Funil de vendas;Funil de vendas;https://app.pipefy.com/open-cards/1411387734;Up;Não informado;Outros motivos descritos;Upgrade de Funil de Vendas R$ 49,00;1;49.0;0.0;Upgrade;;;Não calculado
10/07/2026;2026;7;Jul.;julho;2026-07;Jul./26;Noemy Biazão;Noemy Biazão;True;magalhaesgomes;Upgrade;Não informado;Servidores;Servidores;https://app.pipefy.com/open-cards/1411384093;Up;Não informado;Redução de custo;Upgrade de Servidor 2/4 valor: R$89,00;1;89.0;0.0;Upgrade;;;Não calculado
10/07/2026;2026;7;Jul.;julho;2026-07;Jul./26;Noemy Biazão;Noemy Biazão;True;radioclin;Upgrade;Não informado;Conexão Facebook Messenger;Conexão Facebook Messenger;https://app.pipefy.com/open-cards/1411207269;Up;Não informado;Outros motivos descritos;Upgrade de Conexão de Messenger Facebook R$89,00;1;89.0;0.0;Upgrade;;;Não calculado
10/07/2026;2026;7;Jul.;julho;2026-07;Jul./26;Sabrina Soares;Sabrina Soares;True;brencanadores;Upgrade;Não informado;Integração;Integração;https://app.pipefy.com/open-cards/1411104438;Up;Não informado;Outros motivos descritos;Não informado;1;32.7;0.0;Upgrade;;;Não calculado
10/07/2026;2026;7;Jul.;julho;2026-07;Jul./26;Sabrina Soares;Sabrina Soares;True;donamariadobolo;Upgrade;Não informado;Usuário adicional;Usuário adicional;https://app.pipefy.com/open-cards/1411118059;Up;Não informado;Outros motivos descritos;Up de 1 usuário adicional R$29 via ligação.;1;29.0;0.0;Upgrade;;;Não calculado
10/07/2026;2026;7;Jul.;julho;2026-07;Jul./26;Vinicius Simões;Vinicius Simões;True;anfitrioesdealuguel;Upgrade;Não informado;Conexão adicional de WhatsApp - WABA;Conexão adicional de WhatsApp - WABA;https://app.pipefy.com/open-cards/1411153335;Up;Não informado;Outros motivos descritos;Upgrade: - 1x Conexão adicional de WhatsApp API Oficial - R$ 49,00;1;49.0;0.0;Upgrade;;;Não calculado
10/07/2026;2026;7;Jul.;julho;2026-07;Jul./26;Vinicius Simões;Vinicius Simões;True;brandaosuporte;Upgrade;Não informado;Primeira ativação de número oficial;Primeira ativação de número oficial;https://app.pipefy.com/open-cards/1411124688;Up;Não informado;Outros motivos descritos;Upgrade: - 1x Conexão de WhatsApp API Oficial - R$ 89,00 URL: brandaosuporte;1;89.0;0.0;Upgrade;;;Não calculado
10/07/2026;2026;7;Jul.;julho;2026-07;Jul./26;Vinicius Simões;Vinicius Simões;True;doutorexamesaomateus;Upgrade;Não informado;Conexão adicional de WhatsApp - WABA;Conexão adicional de WhatsApp - WABA;https://app.pipefy.com/open-cards/1411346554;Up;Não informado;Outros motivos descritos;Upgrade: - 1x Conexão adicional de WhatsApp API Oficial - R$ 59,00;1;59.0;0.0;Upgrade;;;Não calculado
10/07/2026;2026;7;Jul.;julho;2026-07;Jul./26;Vinicius Simões;Vinicius Simões;True;drexamesantoamaro;Upgrade;Não informado;Conexão adicional de WhatsApp - WABA;Conexão adicional de WhatsApp - WABA;https://app.pipefy.com/open-cards/1411351417;Up;Não informado;Outros motivos descritos;Upgrade: - 1x Conexão adicional de WhatsApp API Oficial - R$ 59,00;1;59.0;0.0;Upgrade;;;Não calculado
10/07/2026;2026;7;Jul.;julho;2026-07;Jul./26;Vinicius Simões;Vinicius Simões;True;godoicontabilidade;Upgrade;Não informado;Primeira ativação de número oficial;Primeira ativação de número oficial;https://app.pipefy.com/open-cards/1411259850;Up;Não informado;Outros motivos descritos;Upgrade: - 1x Conexão de WhatsApp API Oficial - R$ 89,00;1;89.0;0.0;Upgrade;;;Não calculado
10/07/2026;2026;7;Jul.;julho;2026-07;Jul./26;Vinicius Simões;Vinicius Simões;True;mundogekos;Upgrade;Não informado;Primeira ativação de número oficial;Primeira ativação de número oficial;https://app.pipefy.com/open-cards/1411381599;Up;Não informado;Outros motivos descritos;Upgrade: - 1x Conexão de WhatsApp API Oficial - R$ 79,00;1;79.0;0.0;Upgrade;;;Não calculado
10/07/2026;2026;7;Jul.;julho;2026-07;Jul./26;Vinicius Simões;Vinicius Simões;True;zepneus;Upgrade;Não informado;Conexão adicional de WhatsApp - WABA;Conexão adicional de WhatsApp - WABA;https://app.pipefy.com/open-cards/1411262811;Up;Não informado;Outros motivos descritos;Upgrade: - 1x Conexão adicional de WhatsApp API Oficial - R$ 109,00;1;109.0;0.0;Upgrade;;;Não calculado
13/07/2026;2026;7;Jul.;julho;2026-07;Jul./26;Leticia Silva;Leticia Silva;True;clavegroup;Upgrade;Não informado;Primeira ativação de número oficial;Primeira ativação de número oficial;https://app.pipefy.com/open-cards/1412705419;Up;Não informado;Outros motivos descritos;Primeira Ativação de Número Oficial;1;89.0;0.0;Upgrade;;;Não calculado
13/07/2026;2026;7;Jul.;julho;2026-07;Jul./26;Leticia Silva;Leticia Silva;True;oliveiraeantunes;Upgrade;Não informado;Conexão adicional de WhatsApp - WABA;Conexão adicional de WhatsApp - WABA;https://app.pipefy.com/open-cards/1412709368;Up;Não informado;Outros motivos descritos;Up conexão adicional oficial;1;89.0;0.0;Upgrade;;;Não calculado
13/07/2026;2026;7;Jul.;julho;2026-07;Jul./26;Mariana Nunes;Mariana Nunes;True;abex;Upgrade;Não informado;Servidores;Servidores;https://app.pipefy.com/open-cards/1412533451;Up;Não informado;Outros motivos descritos;Upgrade servidor 2/4 R$ 79,00 (desconto concedido) | Protocolo 202607131813098;1;79.0;0.0;Upgrade;;;Não calculado
13/07/2026;2026;7;Jul.;julho;2026-07;Jul./26;Mariana Nunes;Mariana Nunes;True;amatuzzisilva;Upgrade;Não informado;Servidores;Servidores;https://app.pipefy.com/open-cards/1412522605;Up;Não informado;Outros motivos descritos;Upgrade servidor 2/4 R$ 89,00 | Protocolo 202607131813286;1;89.0;0.0;Upgrade;;;Não calculado
13/07/2026;2026;7;Jul.;julho;2026-07;Jul./26;Mariana Nunes;Mariana Nunes;True;rotaveiculos;Upgrade;Não informado;Distribuição automática;Distribuição automática;https://app.pipefy.com/open-cards/1412472286;Up;Não informado;Processo/uso operacional;Upgrade distribuição automática R$ 89,00 | Protocolo 202607101812588;1;89.0;0.0;Upgrade;;;Não calculado
13/07/2026;2026;7;Jul.;julho;2026-07;Jul./26;Maurele Soares;Maurele Soares;True;alanreisadvocacia;Upgrade;Não informado;Conexão Instagram Direct;Conexão Instagram Direct;https://app.pipefy.com/open-cards/1412533073;Up;Não informado;Outros motivos descritos;Up - conexão Instagram (89,00). Protocolo: 202607131813527;1;89.0;0.0;Upgrade;;;Não calculado
13/07/2026;2026;7;Jul.;julho;2026-07;Jul./26;Maurele Soares;Maurele Soares;True;asselfis;Upgrade;Não informado;Conexão adicional de WhatsApp;Conexão adicional de WhatsApp;https://app.pipefy.com/open-cards/1412694871;Up;Não informado;Outros motivos descritos;Up- Conexão adicional WhatsApp (89,00) - Protocolo: 202607131813722;1;89.0;0.0;Upgrade;;;Não calculado
13/07/2026;2026;7;Jul.;julho;2026-07;Jul./26;Maurele Soares;Maurele Soares;True;inovahcorretora;Upgrade;Não informado;Servidores;Servidores;https://app.pipefy.com/open-cards/1412518684;Up;Não informado;Outros motivos descritos;Up - servidor 2/4 (89). Protocolo: 202607131813076.;1;89.0;0.0;Upgrade;;;Não calculado
13/07/2026;2026;7;Jul.;julho;2026-07;Jul./26;Maurele Soares;Maurele Soares;True;lepetsante;Upgrade;Não informado;Funil de vendas;Funil de vendas;https://app.pipefy.com/open-cards/1412721696;Up;Não informado;Outros motivos descritos;Up - funil de vendas (49,00). Protocolo: 202607131813636;1;49.0;0.0;Upgrade;;;Não calculado
13/07/2026;2026;7;Jul.;julho;2026-07;Jul./26;Maurele Soares;Maurele Soares;True;martanmediacoes;Upgrade;Não informado;Servidores;Servidores;https://app.pipefy.com/open-cards/1412354677;Up;Não informado;Outros motivos descritos;Up servidor 2/4 (89). Protocolo: 202607101812236;1;89.0;0.0;Upgrade;;;Não calculado
13/07/2026;2026;7;Jul.;julho;2026-07;Jul./26;Maurele Soares;Maurele Soares;True;tjcontabilidade;Upgrade;Não informado;Servidores;Servidores;https://app.pipefy.com/open-cards/1412350981;Up;Não informado;Outros motivos descritos;Up servidor 2/4 (89). Protocolo: 202607101812450;1;89.0;0.0;Upgrade;;;Não calculado
13/07/2026;2026;7;Jul.;julho;2026-07;Jul./26;Maurele Soares;Maurele Soares;True;vidaodontomed;Upgrade;Não informado;Servidores;Servidores;https://app.pipefy.com/open-cards/1412703684;Up;Não informado;Outros motivos descritos;Up - servidor 2/4 (89). Protocolo: 202607131812950;1;89.0;0.0;Upgrade;;;Não calculado
13/07/2026;2026;7;Jul.;julho;2026-07;Jul./26;Sabrina Soares;Sabrina Soares;True;advazevedoemesquita;Upgrade;Não informado;Integração;Integração;https://app.pipefy.com/open-cards/1412564068;Up;Não informado;Outros motivos descritos;Up de integração com a Net2phone R$89,99.;1;89.99;0.0;Upgrade;;;Não calculado
13/07/2026;2026;7;Jul.;julho;2026-07;Jul./26;Sabrina Soares;Sabrina Soares;True;argennti;Upgrade;Não informado;Conexão Instagram Direct;Conexão Instagram Direct;https://app.pipefy.com/open-cards/1412679834;Up;Não informado;Outros motivos descritos;Upgrade de conexão de Instagram R$89.;1;89.0;0.0;Upgrade;;;Não calculado
13/07/2026;2026;7;Jul.;julho;2026-07;Jul./26;Sabrina Soares;Sabrina Soares;True;bdscondominios;Upgrade;Não informado;Chat interno;Chat interno;https://app.pipefy.com/open-cards/1412359728;Up;Não informado;Outros motivos descritos;Upgrade de chat interno R$89.;1;89.0;0.0;Upgrade;;;Não calculado
13/07/2026;2026;7;Jul.;julho;2026-07;Jul./26;Sabrina Soares;Sabrina Soares;True;carpodonto;Upgrade;Não informado;Servidores;Servidores;https://app.pipefy.com/open-cards/1412704279;Up;Não informado;Outros motivos descritos;UP de servidor 2/4 R$89.;1;89.0;0.0;Upgrade;;;Não calculado
13/07/2026;2026;7;Jul.;julho;2026-07;Jul./26;Sabrina Soares;Sabrina Soares;True;dgfacademia;Upgrade;Não informado;Conexão Instagram Direct;Conexão Instagram Direct;https://app.pipefy.com/open-cards/1412696206;Up;Não informado;Outros motivos descritos;Upgrade de conexões Instagram e Facebook por R$69 cada.;1;138.0;0.0;Upgrade;;;Não calculado
13/07/2026;2026;7;Jul.;julho;2026-07;Jul./26;Sabrina Soares;Sabrina Soares;True;engelming;Upgrade;Não informado;Usuário adicional;Usuário adicional;https://app.pipefy.com/open-cards/1412406555;Up;Não informado;Outros motivos descritos;Upgrade de um usuário adicional R$29;1;29.0;0.0;Upgrade;;;Não calculado
13/07/2026;2026;7;Jul.;julho;2026-07;Jul./26;Sabrina Soares;Sabrina Soares;True;memoriumtech;Upgrade;Não informado;Pacotes SMS Disparo em Massa;Pacotes SMS Disparo em Massa;https://app.pipefy.com/open-cards/1412478251;Up;Não informado;Outros motivos descritos;Up de 2500 SMS - R$ 250,00.;1;250.0;0.0;Upgrade;;;Não calculado
13/07/2026;2026;7;Jul.;julho;2026-07;Jul./26;Sabrina Soares;Sabrina Soares;True;vivaacorrida;Upgrade;Não informado;Servidores;Servidores;https://app.pipefy.com/open-cards/1412715902;Up;Não informado;Outros motivos descritos;UP de servidor 2/4 R$89.;1;89.0;0.0;Upgrade;;;Não calculado
13/07/2026;2026;7;Jul.;julho;2026-07;Jul./26;Sabrina Soares;Sabrina Soares;True;volpenfragrancias;Upgrade;Não informado;Servidores;Servidores;https://app.pipefy.com/open-cards/1412447984;Up;Não informado;Outros motivos descritos;Upgrade de servidor 2/4 R$89;1;89.0;0.0;Upgrade;;;Não calculado
13/07/2026;2026;7;Jul.;julho;2026-07;Jul./26;Sabrina Soares;Sabrina Soares;True;zepneus;Upgrade;Não informado;Funil de vendas;Funil de vendas;https://app.pipefy.com/open-cards/1412616828;Up;Não informado;Outros motivos descritos;Upgrade de funil de vendas por R$49.;1;49.0;0.0;Upgrade;;;Não calculado
14/07/2026;2026;7;Jul.;julho;2026-07;Jul./26;Leticia Silva;Leticia Silva;True;claytonmarquesadv;Upgrade;Não informado;Conexão adicional de WhatsApp - WABA;Conexão adicional de WhatsApp - WABA;https://app.pipefy.com/open-cards/1413346549;Up;Não informado;Outros motivos descritos;up 2 conexões oficiais com coex;1;178.0;0.0;Upgrade;;;Não calculado
14/07/2026;2026;7;Jul.;julho;2026-07;Jul./26;Leticia Silva;Leticia Silva;True;edralcobrancas;Upgrade;Não informado;Primeira ativação de número oficial;Primeira ativação de número oficial;https://app.pipefy.com/open-cards/1413114555;Up;Não informado;Outros motivos descritos;Primeira Ativação de Número Oficial;1;89.0;0.0;Upgrade;;;Não calculado
14/07/2026;2026;7;Jul.;julho;2026-07;Jul./26;Leticia Silva;Leticia Silva;True;primorcontabil;Upgrade;Não informado;Primeira ativação de número oficial;Primeira ativação de número oficial;https://app.pipefy.com/open-cards/1413011001;Up;Não informado;Outros motivos descritos;Primeira Ativação de Número Oficial na URL primorcontabil;1;89.0;0.0;Upgrade;;;Não calculado
14/07/2026;2026;7;Jul.;julho;2026-07;Jul./26;Leticia Silva;Leticia Silva;True;santuu;Upgrade;Não informado;Primeira ativação de número oficial;Primeira ativação de número oficial;https://app.pipefy.com/open-cards/1413348581;Up;Não informado;Outros motivos descritos;Primeira Ativação de Número Oficial;1;89.0;0.0;Upgrade;;;Não calculado
14/07/2026;2026;7;Jul.;julho;2026-07;Jul./26;Luis Siqueira;Luis Siqueira;True;deltaglobalbank;Upgrade;Não informado;Conexão adicional de WhatsApp - WABA;Conexão adicional de WhatsApp - WABA;https://app.pipefy.com/open-cards/1413022687;Up;Não informado;Outros motivos descritos;UPGRADE DE NUMERO OFICIAL;1;89.0;0.0;Upgrade;;;Não calculado
14/07/2026;2026;7;Jul.;julho;2026-07;Jul./26;Luis Siqueira;Luis Siqueira;True;gestaoopme2;Upgrade;Não informado;Conexão adicional de WhatsApp;Conexão adicional de WhatsApp;https://app.pipefy.com/open-cards/1413188733;Up;Não informado;Outros motivos descritos;Cliente fez a contratação de mais 3 conexões standards, cliente waba ikatec;1;267.0;0.0;Upgrade;;;Não calculado
14/07/2026;2026;7;Jul.;julho;2026-07;Jul./26;Mariana Nunes;Mariana Nunes;True;equipeodonto;Upgrade;Não informado;Servidores;Servidores;https://app.pipefy.com/open-cards/1413041929;Up;Não informado;Outros motivos descritos;Upgrade servidor 2/4 R$ 89,00 | Protocolo 202607131814027;1;89.0;0.0;Upgrade;;;Não calculado
14/07/2026;2026;7;Jul.;julho;2026-07;Jul./26;Mariana Nunes;Mariana Nunes;True;francoadvocacia;Upgrade;Não informado;Integração;Integração;https://app.pipefy.com/open-cards/1413182390;Up;Não informado;Outros motivos descritos;Não informado;1;59.99;0.0;Upgrade;;;Não calculado
14/07/2026;2026;7;Jul.;julho;2026-07;Jul./26;Mariana Nunes;Mariana Nunes;True;tigispaes;Upgrade;Não informado;Usuário adicional;Usuário adicional;https://app.pipefy.com/open-cards/1413414663;Up;Não informado;Outros motivos descritos;Upgrade usuário adicional R$ 29,00 | Protocolo 202607141815143;1;29.0;0.0;Upgrade;;;Não calculado
14/07/2026;2026;7;Jul.;julho;2026-07;Jul./26;Maurele Soares;Maurele Soares;True;masterrh;Upgrade;Não informado;"Usuário adicional; Conexão adicional de WhatsApp";Usuário adicional + outros;https://app.pipefy.com/open-cards/1413211929;Up;Não informado;Outros motivos descritos;Up - 1 conexão (69,00) e um usuário (24,00). Protocolo: 202607141814765;2;93.04;0.0;Upgrade;;;Não calculado
14/07/2026;2026;7;Jul.;julho;2026-07;Jul./26;Maurele Soares;Maurele Soares;True;upinternet;Upgrade;Não informado;Servidores;Servidores;https://app.pipefy.com/open-cards/1413414044;Up;Não informado;Outros motivos descritos;Up - servidor 4/8 (169). Protocolo: 202607141814441.;1;169.0;0.0;Upgrade;;;Não calculado
14/07/2026;2026;7;Jul.;julho;2026-07;Jul./26;Priscila Pavani;Priscila Pavani;True;nefadv;Upgrade;Não informado;Conexão adicional de WhatsApp - WABA;Conexão adicional de WhatsApp - WABA;https://app.pipefy.com/open-cards/1413397069;Up;Não informado;Redução de custo;Tipo: Upgrade URL: nefadv Produto: 1 Conexão WABA / Gupshup / Direct Payment Valor: R$ 89,00 Protocolo: 202607141815241;1;89.0;0.0;Upgrade;;;Não calculado
14/07/2026;2026;7;Jul.;julho;2026-07;Jul./26;Priscila Pavani;Priscila Pavani;True;nefadv;Upgrade;Não informado;Conexão adicional de WhatsApp - WABA;Conexão adicional de WhatsApp - WABA;https://app.pipefy.com/open-cards/1413401880;Up;Não informado;Redução de custo;Tipo: Upgrade URL: nefadv Produto: 1 Conexão WABA / Gupshup / Direct Payment Valor: R$ 89,00 Protocolo: 202607141815241;1;89.0;0.0;Upgrade;;;Não calculado
14/07/2026;2026;7;Jul.;julho;2026-07;Jul./26;Sabrina Soares;Sabrina Soares;True;formulaanimalsa;Upgrade;Não informado;Chat interno;Chat interno;https://app.pipefy.com/open-cards/1413390757;Up;Não informado;Outros motivos descritos;Upgrade de chat interno por R$89.;1;89.0;0.0;Upgrade;;;Não calculado
14/07/2026;2026;7;Jul.;julho;2026-07;Jul./26;Sabrina Soares;Sabrina Soares;True;institutogabilheri;Upgrade;Não informado;Servidores;Servidores;https://app.pipefy.com/open-cards/1413373076;Up;Não informado;Outros motivos descritos;Upgrade de servidor 2/4 R$89.;1;89.0;0.0;Upgrade;;;Não calculado
14/07/2026;2026;7;Jul.;julho;2026-07;Jul./26;Sabrina Soares;Sabrina Soares;True;maisimoveispalhoca;Upgrade;Não informado;Chat interno;Chat interno;https://app.pipefy.com/open-cards/1413214544;Up;Não informado;Outros motivos descritos;Upgrade de chat interno R$89.;1;89.0;0.0;Upgrade;;;Não calculado
14/07/2026;2026;7;Jul.;julho;2026-07;Jul./26;Vinicius Simões;Vinicius Simões;True;npcertmatriz;Upgrade;Não informado;Conexão adicional de WhatsApp - WABA;Conexão adicional de WhatsApp - WABA;https://app.pipefy.com/open-cards/1413006914;Up;Não informado;Outros motivos descritos;Upgrade: - 1x Conexão adicional de WhatsApp API Oficial - R$ 89,00;1;89.0;0.0;Upgrade;;;Não calculado
14/07/2026;2026;7;Jul.;julho;2026-07;Jul./26;Vinicius Simões;Vinicius Simões;True;samatosfin;Upgrade;Não informado;Conexão adicional de WhatsApp - WABA;Conexão adicional de WhatsApp - WABA;https://app.pipefy.com/open-cards/1413270978;Up;Não informado;Outros motivos descritos;Upgrade: - 1x Conexão adicional de WhatsApp API Oficial - R$ 89,00;1;89.0;0.0;Upgrade;;;Não calculado
15/07/2026;2026;7;Jul.;julho;2026-07;Jul./26;Gustavo Medeiros;Gustavo Medeiros;True;ema;Upgrade;Não informado;IA CSAT;IA CSAT;https://app.pipefy.com/open-cards/1413991478;Up;Não informado;Redução de custo;Contratação de IA CSAT: 1000 créditos no valor de R$ 25,90.;1;25.9;0.0;Upgrade;;;Não calculado
15/07/2026;2026;7;Jul.;julho;2026-07;Jul./26;Mariana Nunes;Mariana Nunes;True;empresaimbativel;Upgrade;Não informado;Servidores;Servidores;https://app.pipefy.com/open-cards/1414065232;Up;Não informado;Outros motivos descritos;Upgrade servidor 2/4 R$ 89,00 | Protocolo 202607151816843;1;89.0;0.0;Upgrade;;;Não calculado
15/07/2026;2026;7;Jul.;julho;2026-07;Jul./26;Mariana Nunes;Mariana Nunes;True;illuminerodonto;Upgrade;Não informado;Chat interno;Chat interno;https://app.pipefy.com/open-cards/1413744869;Up;Não informado;Outros motivos descritos;Upgrade chat interno R$ 89,00 | Protocolo 202607151815798;1;89.0;0.0;Upgrade;;;Não calculado
15/07/2026;2026;7;Jul.;julho;2026-07;Jul./26;Mariana Nunes;Mariana Nunes;True;rincal;Upgrade;Não informado;Distribuição automática;Distribuição automática;https://app.pipefy.com/open-cards/1413710311;Up;Não informado;Processo/uso operacional;Upgrade distribuição automática R$ 89,00 | Protocolo 202607151815797;1;89.0;0.0;Upgrade;;;Não calculado
15/07/2026;2026;7;Jul.;julho;2026-07;Jul./26;Mariana Nunes;Mariana Nunes;True;zenitus;Upgrade;Não informado;Servidores;Servidores;https://app.pipefy.com/open-cards/1414053466;Up;Não informado;Outros motivos descritos;Upgrade servidor 2/4 R$ 89,00 | Protocolo 202607151816827;1;89.0;0.0;Upgrade;;;Não calculado
15/07/2026;2026;7;Jul.;julho;2026-07;Jul./26;Maurele Soares;Maurele Soares;True;efflua;Upgrade;Não informado;Servidores;Servidores;https://app.pipefy.com/open-cards/1413751924;Up;Não informado;Outros motivos descritos;Up servidor 2/4 (89,00). Protocolo: 202607141815553;1;89.0;0.0;Upgrade;;;Não calculado
15/07/2026;2026;7;Jul.;julho;2026-07;Jul./26;Maurele Soares;Maurele Soares;True;x3imobiliaria;Upgrade;Não informado;Usuário adicional;Usuário adicional;https://app.pipefy.com/open-cards/1413790238;Up;Não informado;Outros motivos descritos;Up - 1 usuário adicional (29,00). Protocolo: 202607151816119;1;29.0;0.0;Upgrade;;;Não calculado
15/07/2026;2026;7;Jul.;julho;2026-07;Jul./26;Sabrina Soares;Sabrina Soares;True;adrianacolombo;Upgrade;Não informado;Integração;Integração;https://app.pipefy.com/open-cards/1413801099;Up;Não informado;Outros motivos descritos;Não informado;1;59.99;0.0;Upgrade;;;Não calculado
15/07/2026;2026;7;Jul.;julho;2026-07;Jul./26;Sabrina Soares;Sabrina Soares;True;advogadoscostta;Upgrade;Não informado;Conexão Facebook Messenger;Conexão Facebook Messenger;https://app.pipefy.com/open-cards/1413807904;Up;Não informado;Outros motivos descritos;Upgrade de 1 conexão Facebook R$89.;1;89.0;0.0;Upgrade;;;Não calculado
15/07/2026;2026;7;Jul.;julho;2026-07;Jul./26;Sabrina Soares;Sabrina Soares;True;advogadoscostta;Upgrade;Não informado;"Usuário adicional; Distribuição automática";"Usuário adicional; Distribuição automática";https://app.pipefy.com/open-cards/1413775250;Up;Não informado;Processo/uso operacional;Upgrade de 1 usuario adicional R$29 + distribuição automática R$89.;2;118.0;0.0;Upgrade;;;Não calculado
15/07/2026;2026;7;Jul.;julho;2026-07;Jul./26;Sabrina Soares;Sabrina Soares;True;aplusviagens;Upgrade;Não informado;Servidores;Servidores;https://app.pipefy.com/open-cards/1413710683;Up;Não informado;Outros motivos descritos;Upgrade de servidor 2/4 R$89;1;89.0;0.0;Upgrade;;;Não calculado
15/07/2026;2026;7;Jul.;julho;2026-07;Jul./26;Sabrina Soares;Sabrina Soares;True;dprz;Upgrade;Não informado;Servidores;Servidores;https://app.pipefy.com/open-cards/1413903662;Up;Não informado;Outros motivos descritos;Upgrade de servidor 2/4 R$89.;1;89.0;0.0;Upgrade;;;Não calculado
15/07/2026;2026;7;Jul.;julho;2026-07;Jul./26;Sabrina Soares;Sabrina Soares;True;gestaoopme2;Upgrade;Não informado;Usuário adicional;Usuário adicional;https://app.pipefy.com/open-cards/1413704657;Up;Não informado;Outros motivos descritos;Upgrade de 10 usuários adicionais R$290.;1;290.0;0.0;Upgrade;;;Não calculado
15/07/2026;2026;7;Jul.;julho;2026-07;Jul./26;Sabrina Soares;Sabrina Soares;True;graficanovaconquista;Upgrade;Não informado;IA Agent;IA Agent;https://app.pipefy.com/open-cards/1413936362;Up;Não informado;Outros motivos descritos;Upgrade: 1.000 créditos Agente IA;1;112.9;0.0;Upgrade;;;Não calculado
15/07/2026;2026;7;Jul.;julho;2026-07;Jul./26;Sabrina Soares;Sabrina Soares;True;hoteisprospar;Upgrade;Não informado;Integração;Integração;https://app.pipefy.com/open-cards/1414066802;Up;Não informado;Outros motivos descritos;Não informado;1;43.6;0.0;Upgrade;;;Não calculado
15/07/2026;2026;7;Jul.;julho;2026-07;Jul./26;Sabrina Soares;Sabrina Soares;True;lxtelecom;Upgrade;Não informado;Pacotes SMS Disparo em Massa;Pacotes SMS Disparo em Massa;https://app.pipefy.com/open-cards/1413990113;Up;Não informado;Outros motivos descritos;Upgrade pacote de 2.500 créditos de SMS, R$ 250,00;1;250.0;0.0;Upgrade;;;Não calculado
15/07/2026;2026;7;Jul.;julho;2026-07;Jul./26;Sabrina Soares;Sabrina Soares;True;paraprevi;Upgrade;Não informado;"IA Agent; Conexão adicional de WhatsApp";"IA Agent; Conexão adicional de WhatsApp";https://app.pipefy.com/open-cards/1413657918;Up;Não informado;Outros motivos descritos;Upgrade de IA Agente 5.000 + 1 conexão WPP - R$538,90.;2;538.9;0.0;Upgrade;;;Não calculado
15/07/2026;2026;7;Jul.;julho;2026-07;Jul./26;Sabrina Soares;Sabrina Soares;True;pipocaepituxa;Upgrade;Não informado;Funil de vendas;Funil de vendas;https://app.pipefy.com/open-cards/1413641614;Up;Não informado;Outros motivos descritos;Funil de vendas liberado R$49.;1;49.0;0.0;Upgrade;;;Não calculado
15/07/2026;2026;7;Jul.;julho;2026-07;Jul./26;Sabrina Soares;Sabrina Soares;True;sabbagseguros1;Upgrade;Não informado;Servidores;Servidores;https://app.pipefy.com/open-cards/1413931917;Up;Não informado;Outros motivos descritos;Upgrade de servidor 2/4 R$89.;1;89.0;0.0;Upgrade;;;Não calculado
15/07/2026;2026;7;Jul.;julho;2026-07;Jul./26;Sabrina Soares;Sabrina Soares;True;sg;Upgrade;Não informado;Servidores;Servidores;https://app.pipefy.com/open-cards/1413791752;Up;Não informado;Outros motivos descritos;Upgrade de servidor 2/4 R$89.;1;89.0;0.0;Upgrade;;;Não calculado
15/07/2026;2026;7;Jul.;julho;2026-07;Jul./26;Sabrina Soares;Sabrina Soares;True;siqueiraadvocacia;Upgrade;Não informado;Servidores;Servidores;https://app.pipefy.com/open-cards/1413919185;Up;Não informado;Outros motivos descritos;Upgrade de servidor 2/4 R$89;1;89.0;0.0;Upgrade;;;Não calculado
15/07/2026;2026;7;Jul.;julho;2026-07;Jul./26;Sabrina Soares;Sabrina Soares;True;sonicflex;Upgrade;Não informado;Distribuição automática;Distribuição automática;https://app.pipefy.com/open-cards/1413645467;Up;Não informado;Processo/uso operacional;Liberado a distribuição automática de chamados por R$49. Cliente não estava com a funcionalidade no plano mas estava ativa na Digisac;1;49.0;0.0;Upgrade;;;Não calculado
15/07/2026;2026;7;Jul.;julho;2026-07;Jul./26;Tadiane Biason;Tadiane Biason;True;mixifinanceira4;Upgrade;Não informado;Usuário adicional;Usuário adicional;https://app.pipefy.com/open-cards/1413699216;Up;Não informado;Redução de custo;Tipo: Upgrade  Produto: 1 usuário - 29,00  URL: mixfinanceira4  Protocolo: 202607151816174;1;29.0;0.0;Upgrade;;;Não calculado
15/07/2026;2026;7;Jul.;julho;2026-07;Jul./26;Tadiane Biason;Tadiane Biason;True;nepuga;Upgrade;Não informado;Conexão adicional de WhatsApp - WABA;Conexão adicional de WhatsApp - WABA;https://app.pipefy.com/open-cards/1413804324;Up;Não informado;Redução de custo;Tipo: Upgrade Produto: 3 conexões WABA / Gupshup / Direct Payment Valor: R$ 267,00  URL: nepuga Protocolo: 202607151816361;1;267.0;0.0;Upgrade;;;Não calculado
15/07/2026;2026;7;Jul.;julho;2026-07;Jul./26;Vinicius Simões;Vinicius Simões;True;folladorzuanon2;Upgrade;Não informado;Conexão adicional de WhatsApp - WABA;Conexão adicional de WhatsApp - WABA;https://app.pipefy.com/open-cards/1414048133;Up;Não informado;Outros motivos descritos;Upgrade: - 1x Conexão adicional de WhatsApp API Oficial - R$ 89,00;1;89.0;0.0;Upgrade;;;Não calculado
15/07/2026;2026;7;Jul.;julho;2026-07;Jul./26;Vinicius Simões;Vinicius Simões;True;mavszak;Upgrade;Não informado;Primeira ativação de número oficial;Primeira ativação de número oficial;https://app.pipefy.com/open-cards/1413874560;Up;Não informado;Outros motivos descritos;Upgrade: - 1x Conexão de WhatsApp Standard - R$ 89,00;1;89.0;0.0;Upgrade;;;Não calculado
16/07/2026;2026;7;Jul.;julho;2026-07;Jul./26;Guilherme Virgilio Soares;Guilherme Virgilio Soares;True;leticiasociedadeadv;Upgrade;Não informado;"IA Agent; IA Copiloto; Resumo Inteligente; Texto Mágico; Transcrição de Áudio";IA Agent + outros;https://app.pipefy.com/open-cards/1414494764;Up;Não informado;Outros motivos descritos;- Upgrade: IA Agente - 1.000 créditos | R$112,90 | IA Copiloto - 500 créditos | R$49,90 | IA Resumo - 500 créditos | R$29,90 | IA Texto Mágico – 1.000 créditos | R$19,90 | IA Transcrição de áudio – 500 minutos | R$24,90 |;5;237.5;0.0;Upgrade;;;Não calculado
16/07/2026;2026;7;Jul.;julho;2026-07;Jul./26;Leticia Silva;Leticia Silva;True;centromedicommdc1;Upgrade;Não informado;Primeira ativação de número oficial;Primeira ativação de número oficial;https://app.pipefy.com/open-cards/1414525388;Up;Não informado;Outros motivos descritos;Primeira Ativação de Número Oficial;1;89.0;0.0;Upgrade;;;Não calculado
16/07/2026;2026;7;Jul.;julho;2026-07;Jul./26;Leticia Silva;Leticia Silva;True;fidelityturismo;Upgrade;Não informado;Primeira ativação de número oficial;Primeira ativação de número oficial;https://app.pipefy.com/open-cards/1414546936;Up;Não informado;Outros motivos descritos;Primeira Ativação de Número Oficial;1;89.0;0.0;Upgrade;;;Não calculado
16/07/2026;2026;7;Jul.;julho;2026-07;Jul./26;Luis Siqueira;Luis Siqueira;True;maryhelpflorianopolis;Upgrade;Não informado;Conexão adicional de WhatsApp - WABA;Conexão adicional de WhatsApp - WABA;https://app.pipefy.com/open-cards/1414585233;Up;Não informado;Redução de custo;Conexão adicional de waba no valor de R$ 89,00;1;89.0;0.0;Upgrade;;;Não calculado
16/07/2026;2026;7;Jul.;julho;2026-07;Jul./26;Mariana Nunes;Mariana Nunes;True;advgoesguimaraes;Upgrade;Não informado;Resumo Inteligente;Resumo Inteligente;https://app.pipefy.com/open-cards/1414527935;Up;Não informado;Outros motivos descritos;Upgrade: IA Resumo Inteligente – Plano Mensal (500 créditos) | R$ 29,90 | Observação: foi concedido um desconto de R$ 5,00, pois o Agnus não possui o plano mensal cadastrado, apenas a opção de compra avulsa de 500 créditos | Protocolo: 20260715181640;1;29.9;0.0;Upgrade;;;Não calculado
16/07/2026;2026;7;Jul.;julho;2026-07;Jul./26;Mariana Nunes;Mariana Nunes;True;assebel;Upgrade;Não informado;Servidores;Servidores;https://app.pipefy.com/open-cards/1414903722;Up;Não informado;Outros motivos descritos;Upgrade servidor 2/4 R$ 89,00 | Protocolo 202607161818054;1;89.0;0.0;Upgrade;;;Não calculado
16/07/2026;2026;7;Jul.;julho;2026-07;Jul./26;Mariana Nunes;Mariana Nunes;True;goesedurradv;Upgrade;Não informado;Servidores;Servidores;https://app.pipefy.com/open-cards/1414406790;Up;Não informado;Outros motivos descritos;Upgrade servidor 2/4 R$ 89,00 | Protocolo 202607151816661;1;89.0;0.0;Upgrade;;;Não calculado
16/07/2026;2026;7;Jul.;julho;2026-07;Jul./26;Mariana Nunes;Mariana Nunes;True;grupomednet;Upgrade;Não informado;Funil de vendas;Funil de vendas;https://app.pipefy.com/open-cards/1414642956;Up;Não informado;Outros motivos descritos;Upgrade funil de vendas R$ 49,00 | Protocolo 202607151816794;1;49.0;0.0;Upgrade;;;Não calculado
16/07/2026;2026;7;Jul.;julho;2026-07;Jul./26;Maurele Soares;Maurele Soares;True;grupolynm;Upgrade;Não informado;Chat interno;Chat interno;https://app.pipefy.com/open-cards/1414397718;Up;Não informado;Cancelamento / encerramento;Up - chat interno (89,00). Cliente havia cancelado há alguns dias. Sentiu o impacto e decidiu voltar com o recurso. Na última fatura já está faturado o chat interno, não será necessário boleto a parte. Protocolo: email.;1;89.0;0.0;Upgrade;;;Não calculado
16/07/2026;2026;7;Jul.;julho;2026-07;Jul./26;Melissa Duarte;Melissa Duarte;True;voiseguros;Upgrade;Não informado;Funil de vendas;Funil de vendas;https://app.pipefy.com/open-cards/1414761550;Up;Não informado;Outros motivos descritos;Upgrade Funil de Vendas R$49,00;1;49.0;0.0;Upgrade;;;Não calculado
16/07/2026;2026;7;Jul.;julho;2026-07;Jul./26;Sabrina Soares;Sabrina Soares;True;cacheou;Upgrade;Não informado;Servidores;Servidores;https://app.pipefy.com/open-cards/1414821388;Up;Não informado;Outros motivos descritos;Upgrade de servidor 2/4 R$89.;1;89.0;0.0;Upgrade;;;Não calculado
16/07/2026;2026;7;Jul.;julho;2026-07;Jul./26;Sabrina Soares;Sabrina Soares;True;escritoriokallmaxadv;Upgrade;Não informado;Servidores;Servidores;https://app.pipefy.com/open-cards/1414399232;Up;Não informado;Outros motivos descritos;Upgrade de servidor 2/4 R$89.;1;89.0;0.0;Upgrade;;;Não calculado
16/07/2026;2026;7;Jul.;julho;2026-07;Jul./26;Sabrina Soares;Sabrina Soares;True;futuroerp;Upgrade;Não informado;Servidores;Servidores;https://app.pipefy.com/open-cards/1414426923;Up;Não informado;Outros motivos descritos;Up de servidor 2/4 R$89;1;89.0;0.0;Upgrade;;;Não calculado
16/07/2026;2026;7;Jul.;julho;2026-07;Jul./26;Sabrina Soares;Sabrina Soares;True;pantanalgardenn;Upgrade;Não informado;Servidores;Servidores;https://app.pipefy.com/open-cards/1414762370;Up;Não informado;Outros motivos descritos;UP de servidor 2/4 R$89.;1;89.0;0.0;Upgrade;;;Não calculado
16/07/2026;2026;7;Jul.;julho;2026-07;Jul./26;Sabrina Soares;Sabrina Soares;True;penseperto;Upgrade;Não informado;"Conexão Instagram Direct; Conexão Facebook Messenger";Conexão Instagram Direct + outros;https://app.pipefy.com/open-cards/1414815250;Up;Não informado;Outros motivos descritos;Upgrade de conexão Instagram (R$69) e conexão Facebook (R$69) - R$138;2;138.0;0.0;Upgrade;;;Não calculado
16/07/2026;2026;7;Jul.;julho;2026-07;Jul./26;Sabrina Soares;Sabrina Soares;True;postnetmaringa;Upgrade;Não informado;Chat interno;Chat interno;https://app.pipefy.com/open-cards/1414524909;Up;Não informado;Outros motivos descritos;Upgrade de chat interno R$89;1;89.0;0.0;Upgrade;;;Não calculado
16/07/2026;2026;7;Jul.;julho;2026-07;Jul./26;Sabrina Soares;Sabrina Soares;True;postnetmaringa;Upgrade;Não informado;Conexão adicional de WhatsApp - WABA;Conexão adicional de WhatsApp - WABA;https://app.pipefy.com/open-cards/1414621606;Up;Não informado;Outros motivos descritos;Cliente já é Waba COEX e fez o up de mais duas conexões. R$178.;1;178.0;0.0;Upgrade;;;Não calculado
16/07/2026;2026;7;Jul.;julho;2026-07;Jul./26;Sabrina Soares;Sabrina Soares;True;tfcadv;Upgrade;Não informado;Funil de vendas;Funil de vendas;https://app.pipefy.com/open-cards/1414749966;Up;Não informado;Outros motivos descritos;Up de funil de vendas R$49;1;49.0;0.0;Upgrade;;;Não calculado
16/07/2026;2026;7;Jul.;julho;2026-07;Jul./26;Vinicius Simões;Vinicius Simões;True;shoppingdoaviao;Upgrade;Não informado;Conexão adicional de WhatsApp - WABA;Conexão adicional de WhatsApp - WABA;https://app.pipefy.com/open-cards/1414421446;Up;Não informado;Outros motivos descritos;Upgrade: - 1x Conexão adicional de WhatsApp API Oficial - R$ 89,00;1;89.0;0.0;Upgrade;;;Não calculado
16/07/2026;2026;7;Jul.;julho;2026-07;Jul./26;Vinicius Simões;Vinicius Simões;True;valsasaudecentral;Upgrade;Não informado;Primeira ativação de número oficial;Primeira ativação de número oficial;https://app.pipefy.com/open-cards/1414860088;Up;Não informado;Outros motivos descritos;Upgrade: - 1x Conexão de WhatsApp API Oficial - R$ 89,00;1;89.0;0.0;Upgrade;;;Não calculado
17/07/2026;2026;7;Jul.;julho;2026-07;Jul./26;Leticia Silva;Leticia Silva;True;unimedcapivari2;Upgrade;Não informado;Usuário adicional;Usuário adicional;https://app.pipefy.com/open-cards/1415387599;Up;Não informado;Outros motivos descritos;Liberação de 1 usuário adicional na URL unimedcapivari2 (R$26,10).;1;26.1;0.0;Upgrade;;;Não calculado
17/07/2026;2026;7;Jul.;julho;2026-07;Jul./26;Mariana Nunes;Mariana Nunes;True;ajupm;Upgrade;Não informado;Usuário adicional;Usuário adicional;https://app.pipefy.com/open-cards/1415285599;Up;Não informado;Outros motivos descritos;UP 3 usuários (R$ 26,10) | Protocolo 202607161817711;1;78.3;0.0;Upgrade;;;Não calculado
17/07/2026;2026;7;Jul.;julho;2026-07;Jul./26;Mariana Nunes;Mariana Nunes;True;detalhescontabil;Upgrade;Não informado;Servidores;Servidores;https://app.pipefy.com/open-cards/1415344480;Up;Não informado;Outros motivos descritos;Upgrade servidor 2/4 R$ 89,00 | Protocolo 202607171818605;1;89.0;0.0;Upgrade;;;Não calculado
17/07/2026;2026;7;Jul.;julho;2026-07;Jul./26;Mariana Nunes;Mariana Nunes;True;lineaplas2;Upgrade;Não informado;Servidores;Servidores;https://app.pipefy.com/open-cards/1415566478;Up;Não informado;Outros motivos descritos;Upgrade servidor 4/8 R$ 169,00 | Protocolo 202607171818582;1;169.0;0.0;Upgrade;;;Não calculado
17/07/2026;2026;7;Jul.;julho;2026-07;Jul./26;Mariana Nunes;Mariana Nunes;True;odontokurita;Upgrade;Não informado;Servidores;Servidores;https://app.pipefy.com/open-cards/1415552799;Up;Não informado;Outros motivos descritos;Upgrade servidor 2/4 R$ 89,00 | Protocolo 202607161818503;1;89.0;0.0;Upgrade;;;Não calculado
17/07/2026;2026;7;Jul.;julho;2026-07;Jul./26;Mariana Nunes;Mariana Nunes;True;raquelandreattaadv;Upgrade;Não informado;Combo Essencial;Combo Essencial;https://app.pipefy.com/open-cards/1415572183;Up;Não informado;Outros motivos descritos;Upgrade Combo de IA Essencial R$ 355,90 | Protocolo 202607171819135;1;355.9;0.0;Upgrade;;;Não calculado
17/07/2026;2026;7;Jul.;julho;2026-07;Jul./26;Maurele Soares;Maurele Soares;True;acessamedmais;Upgrade;Não informado;Funil de vendas;Funil de vendas;https://app.pipefy.com/open-cards/1415290797;Up;Não informado;Outros motivos descritos;Up - Funil de vendas (49,00). Protocolo: 202607171818936.;1;49.0;0.0;Upgrade;;;Não calculado
17/07/2026;2026;7;Jul.;julho;2026-07;Jul./26;Maurele Soares;Maurele Soares;True;coneccta;Upgrade;Não informado;Servidores;Servidores;https://app.pipefy.com/open-cards/1415244384;Up;Não informado;Outros motivos descritos;Up - servidor 2/4 (89,00). Protocolo: 202607161818142;1;89.0;0.0;Upgrade;;;Não calculado
17/07/2026;2026;7;Jul.;julho;2026-07;Jul./26;Maurele Soares;Maurele Soares;True;sgexconsulting;Upgrade;Não informado;"Conexão adicional de WhatsApp; Usuário adicional; Servidores";Conexão adicional de WhatsApp + outros;https://app.pipefy.com/open-cards/1415387773;Up;Não informado;Redução de custo;Up - 2 conexões (178,00), 14 usuários adicionais (406,00), servidor 2/4 bonificado e 1 usuários bonificado. Valor Up final - (584,00);3;584.0;0.0;Upgrade;;;Não calculado
17/07/2026;2026;7;Jul.;julho;2026-07;Jul./26;Priscila Pavani;Priscila Pavani;True;nefadv;Upgrade;Não informado;Conexão adicional de WhatsApp - WABA;Conexão adicional de WhatsApp - WABA;https://app.pipefy.com/open-cards/1415226376;Up;Não informado;Redução de custo;Tipo: Upgrade URL: nefadv Produto: 1 Conexão WABA Gupshup Direct Payment Valor: R$ 89,00 Protocolo: 202607161818472;1;89.0;0.0;Upgrade;;;Não calculado
17/07/2026;2026;7;Jul.;julho;2026-07;Jul./26;Sabrina Soares;Sabrina Soares;True;bbcservicos;Upgrade;Não informado;"Usuário adicional; Servidores";"Usuário adicional; Servidores";https://app.pipefy.com/open-cards/1415386134;Up;Não informado;Outros motivos descritos;Up de servidor 2/4 e 1 usuário adicional.;2;118.0;0.0;Upgrade;;;Não calculado
17/07/2026;2026;7;Jul.;julho;2026-07;Jul./26;Sabrina Soares;Sabrina Soares;True;cacheou;Upgrade;Não informado;Conexão Instagram Direct;Conexão Instagram Direct;https://app.pipefy.com/open-cards/1415210154;Up;Não informado;Outros motivos descritos;Upgrade de instagram R$89.;1;89.0;0.0;Upgrade;;;Não calculado
17/07/2026;2026;7;Jul.;julho;2026-07;Jul./26;Sabrina Soares;Sabrina Soares;True;institutoneuros;Upgrade;Não informado;Funil de vendas;Funil de vendas;https://app.pipefy.com/open-cards/1415532342;Up;Não informado;Outros motivos descritos;Upgrade de funil de vendas R$49.;1;49.0;0.0;Upgrade;;;Não calculado
17/07/2026;2026;7;Jul.;julho;2026-07;Jul./26;Sabrina Soares;Sabrina Soares;True;jaciragomesadvocacia;Upgrade;Não informado;Servidores;Servidores;https://app.pipefy.com/open-cards/1415552673;Up;Não informado;Outros motivos descritos;Upgrade de servidor 2/4 R$89.;1;89.0;0.0;Upgrade;;;Não calculado
17/07/2026;2026;7;Jul.;julho;2026-07;Jul./26;Sabrina Soares;Sabrina Soares;True;myflowacc;Upgrade;Não informado;Usuário adicional;Usuário adicional;https://app.pipefy.com/open-cards/1415330519;Up;Não informado;Outros motivos descritos;Upgrade de1 usuário adicional.;1;29.0;0.0;Upgrade;;;Não calculado
17/07/2026;2026;7;Jul.;julho;2026-07;Jul./26;Sabrina Soares;Sabrina Soares;True;otur;Upgrade;Não informado;Usuário adicional;Usuário adicional;https://app.pipefy.com/open-cards/1415370540;Up;Não informado;Outros motivos descritos;Upgrade de 1 usuário adicional R$29.;1;29.0;0.0;Upgrade;;;Não calculado
17/07/2026;2026;7;Jul.;julho;2026-07;Jul./26;Sabrina Soares;Sabrina Soares;True;solorevestimentos;Upgrade;Não informado;Servidores;Servidores;https://app.pipefy.com/open-cards/1415341019;Up;Não informado;Outros motivos descritos;Up de servidor 2/4 R$89.;1;89.0;0.0;Upgrade;;;Não calculado
17/07/2026;2026;7;Jul.;julho;2026-07;Jul./26;Vinicius Simões;Vinicius Simões;True;grupojumaniy;Upgrade;Não informado;Primeira ativação de número oficial;Primeira ativação de número oficial;https://app.pipefy.com/open-cards/1415480631;Up;Não informado;Outros motivos descritos;Upgrade: - 1x Conexão de WhatsApp API Oficial - R$ 89,00;1;89.0;0.0;Upgrade;;;Não calculado
17/07/2026;2026;7;Jul.;julho;2026-07;Jul./26;Vinicius Simões;Vinicius Simões;True;jvs;Upgrade;Não informado;Primeira ativação de número oficial;Primeira ativação de número oficial;https://app.pipefy.com/open-cards/1415475070;Up;Não informado;Outros motivos descritos;Upgrade: - 1x Conexão de WhatsApp API Oficial - R$ 89,00;1;89.0;0.0;Upgrade;;;Não calculado
17/07/2026;2026;7;Jul.;julho;2026-07;Jul./26;Vinicius Simões;Vinicius Simões;True;krprodutosdelimpeza;Upgrade;Não informado;Servidores;Servidores;https://app.pipefy.com/open-cards/1415487259;Up;Não informado;Outros motivos descritos;Upgrade: - Servidor 2/4 - R$ 89,00;1;89.0;0.0;Upgrade;;;Não calculado
17/07/2026;2026;7;Jul.;julho;2026-07;Jul./26;Vinicius Simões;Vinicius Simões;True;prospectacredit;Upgrade;Não informado;Primeira ativação de número oficial;Primeira ativação de número oficial;https://app.pipefy.com/open-cards/1415271521;Up;Não informado;Outros motivos descritos;Upgrade: - 1x Conexão de WhatsApp API Oficial - R$ 89,00 URL: prospectacredit;1;89.0;0.0;Upgrade;;;Não calculado
20/07/2026;2026;7;Jul.;julho;2026-07;Jul./26;Leticia Silva;Leticia Silva;True;oncogru;Upgrade;Não informado;Primeira ativação de número oficial;Primeira ativação de número oficial;https://app.pipefy.com/open-cards/1416596165;Up;Não informado;Outros motivos descritos;Primeira ativação de número oficial;1;89.0;0.0;Upgrade;;;Não calculado
20/07/2026;2026;7;Jul.;julho;2026-07;Jul./26;Leticia Silva;Leticia Silva;True;thermashwatendimento;Upgrade;Não informado;Conexão adicional de WhatsApp - WABA;Conexão adicional de WhatsApp - WABA;https://app.pipefy.com/open-cards/1416196410;Up;Não informado;Outros motivos descritos;Up conexão waba adicional;1;89.0;0.0;Upgrade;;;Não calculado
20/07/2026;2026;7;Jul.;julho;2026-07;Jul./26;Luis Siqueira;Luis Siqueira;True;maryhelpamericana;Upgrade;Não informado;Primeira ativação de número oficial;Primeira ativação de número oficial;https://app.pipefy.com/open-cards/1416261641;Up;Não informado;Outros motivos descritos;Primeira ativação de número Oficial (Waba)  Plano Base - 2 Usuarios - 1 Conexao | R$102,80 Conexão Adicional de WhatsApp | 1x R$49,00 | R$49,00 Usuários Adicionais | 5x R$21,90 | R$109,50 Servidor 2/4 | 1x R$89,00 Conexão WABA / Gupshup / Direct Payment | 1x R$89,00  Total mensal: R$439,30;1;89.0;0.0;Upgrade;;;Não calculado
20/07/2026;2026;7;Jul.;julho;2026-07;Jul./26;Mariana Nunes;Mariana Nunes;True;celcontabil;Upgrade;Não informado;Usuário adicional;Usuário adicional;https://app.pipefy.com/open-cards/1416250869;Up;Não informado;Outros motivos descritos;Upgrade 1x usuário adicional R$ 26,10 (mantendo o desconto que a cliente já possui) | Protocolo 202607201821211;1;26.1;0.0;Upgrade;;;Não calculado
20/07/2026;2026;7;Jul.;julho;2026-07;Jul./26;Mariana Nunes;Mariana Nunes;True;grupoadassessoria;Upgrade;Não informado;Usuário adicional;Usuário adicional;https://app.pipefy.com/open-cards/1416702362;Up;Não informado;Outros motivos descritos;Upgrade 1x usuário adicional R$ 29,00 | Protocolo 202607201822354;1;29.0;0.0;Upgrade;;;Não calculado
20/07/2026;2026;7;Jul.;julho;2026-07;Jul./26;Maurele Soares;Maurele Soares;True;industriadoseguro;Upgrade;Não informado;Servidores;Servidores;https://app.pipefy.com/open-cards/1416414715;Up;Não informado;Outros motivos descritos;Up - servidor 8/12 (270,00). Protocolo: 202607201821752;1;270.0;0.0;Upgrade;;;Não calculado
20/07/2026;2026;7;Jul.;julho;2026-07;Jul./26;Maurele Soares;Maurele Soares;True;minasloccnovaserrana;Upgrade;Não informado;Servidores;Servidores;https://app.pipefy.com/open-cards/1416206491;Up;Não informado;Outros motivos descritos;Up servidor 2/4 (89,00);1;89.0;0.0;Upgrade;;;Não calculado
20/07/2026;2026;7;Jul.;julho;2026-07;Jul./26;Melissa Duarte;Melissa Duarte;True;cootravale;Upgrade;Não informado;Primeira ativação de número oficial;Primeira ativação de número oficial;https://app.pipefy.com/open-cards/1416665747;Up;Não informado;Outros motivos descritos;Ativação primeiro numero api oficial - Upgrade;1;89.0;0.0;Upgrade;;;Não calculado
20/07/2026;2026;7;Jul.;julho;2026-07;Jul./26;Melissa Duarte;Melissa Duarte;True;redeideia;Upgrade;Não informado;Servidores;Servidores;https://app.pipefy.com/open-cards/1416503746;Up;Não informado;Outros motivos descritos;UP Servidor 32/32 R$935,76;1;935.76;0.0;Upgrade;;;Não calculado
20/07/2026;2026;7;Jul.;julho;2026-07;Jul./26;Noemy Biazão;Noemy Biazão;True;consuldoc;Upgrade;Não informado;Combo de IA's;Combo de IA's;https://app.pipefy.com/open-cards/1416390911;Up;Não informado;Redução de custo;Upgrade de Combo IA - Texto Mágico, Combo Promocional PDF) Valor de R$ 113,00;1;113.0;0.0;Upgrade;;;Não calculado
20/07/2026;2026;7;Jul.;julho;2026-07;Jul./26;Noemy Biazão;Noemy Biazão;True;editoraraizescrista;Upgrade;Não informado;Conexão Instagram Direct;Conexão Instagram Direct;https://app.pipefy.com/open-cards/1416691269;Up;Não informado;Outros motivos descritos;Upgrade de Conexao de Instagram R$89,00;1;89.0;0.0;Upgrade;;;Não calculado
20/07/2026;2026;7;Jul.;julho;2026-07;Jul./26;Noemy Biazão;Noemy Biazão;True;hipercheck;Upgrade;Não informado;Usuário adicional;Usuário adicional;https://app.pipefy.com/open-cards/1416329662;Up;Não informado;Redução de custo;Upgrade de 1 usuario no valor de 29,00;1;29.0;0.0;Upgrade;;;Não calculado
20/07/2026;2026;7;Jul.;julho;2026-07;Jul./26;Sabrina Soares;Sabrina Soares;True;caraciniconsorcios;Upgrade;Não informado;Distribuição automática;Distribuição automática;https://app.pipefy.com/open-cards/1416323791;Up;Não informado;Outros motivos descritos;Upgrade de distribuição de chamados R$89.;1;89.0;0.0;Upgrade;;;Não calculado
20/07/2026;2026;7;Jul.;julho;2026-07;Jul./26;Sabrina Soares;Sabrina Soares;True;conteempreendimentos;Upgrade;Não informado;Conexão adicional de WhatsApp;Conexão adicional de WhatsApp;https://app.pipefy.com/open-cards/1416214803;Up;Não informado;Outros motivos descritos;Upgrade de 2 conexões adicionais de WhatsApp R$178;1;178.0;0.0;Upgrade;;;Não calculado
20/07/2026;2026;7;Jul.;julho;2026-07;Jul./26;Sabrina Soares;Sabrina Soares;True;lepetsante;Upgrade;Não informado;Conexão Instagram Direct;Conexão Instagram Direct;https://app.pipefy.com/open-cards/1416233570;Up;Não informado;Outros motivos descritos;UP - Conexão Adicional de Instagram R$89;1;89.0;0.0;Upgrade;;;Não calculado
20/07/2026;2026;7;Jul.;julho;2026-07;Jul./26;Sabrina Soares;Sabrina Soares;True;sensory;Upgrade;Não informado;Conexão adicional de WhatsApp;Conexão adicional de WhatsApp;https://app.pipefy.com/open-cards/1416242272;Up;Não informado;Outros motivos descritos;Up de conexão adicional de WhatsApp R$89;1;89.0;0.0;Upgrade;;;Não calculado
20/07/2026;2026;7;Jul.;julho;2026-07;Jul./26;Vinicius Simões;Vinicius Simões;True;divamore;Upgrade;Não informado;Primeira ativação de número oficial;Primeira ativação de número oficial;https://app.pipefy.com/open-cards/1416580865;Up;Não informado;Outros motivos descritos;Upgrade: - 1x Conexão de WhatsApp API Oficial - R$ 89,00;1;89.0;0.0;Upgrade;;;Não calculado
20/07/2026;2026;7;Jul.;julho;2026-07;Jul./26;Vinicius Simões;Vinicius Simões;True;krprodutosdelimpeza;Upgrade;Não informado;Primeira ativação de número oficial;Primeira ativação de número oficial;https://app.pipefy.com/open-cards/1416491064;Up;Não informado;Outros motivos descritos;Upgrade: - 1x Conexão de WhatsApp API Oficial - R$ 89,00;1;89.0;0.0;Upgrade;;;Não calculado
21/07/2026;2026;7;Jul.;julho;2026-07;Jul./26;Mariana Nunes;Mariana Nunes;True;izformaturas;Upgrade;Não informado;Servidores;Servidores;https://app.pipefy.com/open-cards/1416980382;Up;Não informado;Outros motivos descritos;Upgrade servidor 2/4 R$ 89,00 | Protocolo: 202607201822034;1;89.0;0.0;Upgrade;;;Não calculado
21/07/2026;2026;7;Jul.;julho;2026-07;Jul./26;Mariana Nunes;Mariana Nunes;True;newmaqbrasil;Upgrade;Não informado;Servidores;Servidores;https://app.pipefy.com/open-cards/1416959055;Up;Não informado;Redução de custo;Upgrade servidor 2/4 R$ 58,00 (valor acordado anteriormente com a Maurele no protocolo 202607131814173) | Protocolo de atendimento: 202607211822714;1;58.0;0.0;Upgrade;;;Não calculado
21/07/2026;2026;7;Jul.;julho;2026-07;Jul./26;Melissa Duarte;Melissa Duarte;True;olivaesouza;Upgrade;Não informado;Conexão adicional de WhatsApp - WABA;Conexão adicional de WhatsApp - WABA;https://app.pipefy.com/open-cards/1417332408;Up;Não informado;Outros motivos descritos;UP COnexão adicional WABA 360dialog R$89,00;1;89.0;0.0;Upgrade;;;Não calculado
21/07/2026;2026;7;Jul.;julho;2026-07;Jul./26;Noemy Biazão;Noemy Biazão;True;aliancaplanejados1;Upgrade;Não informado;"Conexão Instagram Direct; Conexão Facebook Messenger; Reclame Aqui";Conexão Instagram Direct + outros;https://app.pipefy.com/open-cards/1417288792;Up;Não informado;Outros motivos descritos;Upgrade de Conexão de Instagram R$65,00, Conexão de Messenger Facebook R$65,00, Conexão Reclame Aqui R$49,00;3;179.0;0.0;Upgrade;;;Não calculado
21/07/2026;2026;7;Jul.;julho;2026-07;Jul./26;Noemy Biazão;Noemy Biazão;True;getcredpromotora;Upgrade;Não informado;Servidores;Servidores;https://app.pipefy.com/open-cards/1417324862;Up;Não informado;Outros motivos descritos;Upgrade de Servidor 4/8 R$169,00 para Servidor 8/12 R$189,00;1;189.0;0.0;Upgrade;;;Não calculado
21/07/2026;2026;7;Jul.;julho;2026-07;Jul./26;Noemy Biazão;Noemy Biazão;True;lumentreinamentos;Upgrade;Não informado;Servidores;Servidores;https://app.pipefy.com/open-cards/1416958982;Up;Não informado;Outros motivos descritos;Upgrade de Servidor 2/4 R$89,00;1;89.0;0.0;Upgrade;;;Não calculado
21/07/2026;2026;7;Jul.;julho;2026-07;Jul./26;Noemy Biazão;Noemy Biazão;True;tiburcioimobiliaria;Upgrade;Não informado;Conexão Instagram Direct;Conexão Instagram Direct;https://app.pipefy.com/open-cards/1417261640;Up;Não informado;Outros motivos descritos;Upgrade de Conexao de Instagram R$89,00;1;89.0;0.0;Upgrade;;;Não calculado
21/07/2026;2026;7;Jul.;julho;2026-07;Jul./26;Noemy Biazão;Noemy Biazão;True;tiburcioimobiliaria;Upgrade;Não informado;"IA Agent; IA Copiloto; Transcrição de Áudio; Resumo Inteligente; Texto Mágico";IA Agent + outros;https://app.pipefy.com/open-cards/1417242445;Up;Não informado;Outros motivos descritos;Upgrade de IA Agente - 1.000 créditos R$112,90, IA Copiloto - 500 créditos R$49,90, IA Transcrição de áudio - Plano 500 minutos R$24,90, IA Resumo Inteligente - Plano 500 créditos R$29,90, IA Texto Mágico - 1.000 créditos R$19,90 - Total: R$: 237,5;5;237.5;0.0;Upgrade;;;Não calculado
21/07/2026;2026;7;Jul.;julho;2026-07;Jul./26;Noemy Biazão;Noemy Biazão;True;totalcleansalv;Upgrade;Não informado;Servidores;Servidores;https://app.pipefy.com/open-cards/1417345083;Up;Não informado;Outros motivos descritos;Upgrade de Servidor 2/4 R$89,00;1;89.0;0.0;Upgrade;;;Não calculado
21/07/2026;2026;7;Jul.;julho;2026-07;Jul./26;Sabrina Soares;Sabrina Soares;True;ananiasgodoyadv;Upgrade;Não informado;Servidores;Servidores;https://app.pipefy.com/open-cards/1417337916;Up;Não informado;Outros motivos descritos;Up de servidor 2/4 R$89;1;89.0;0.0;Upgrade;;;Não calculado
21/07/2026;2026;7;Jul.;julho;2026-07;Jul./26;Sabrina Soares;Sabrina Soares;True;ireceinformatica;Upgrade;Não informado;Usuário adicional;Usuário adicional;https://app.pipefy.com/open-cards/1417308863;Up;Não informado;Outros motivos descritos;UP - 2 usuários adicionais R$29.;1;58.0;0.0;Upgrade;;;Não calculado
21/07/2026;2026;7;Jul.;julho;2026-07;Jul./26;Sabrina Soares;Sabrina Soares;True;maryhelppontadapraia;Upgrade;Não informado;Conexão adicional de WhatsApp;Conexão adicional de WhatsApp;https://app.pipefy.com/open-cards/1416989741;Up;Não informado;Outros motivos descritos;Upgrade de 2 conexões R$49;1;98.0;0.0;Upgrade;;;Não calculado
21/07/2026;2026;7;Jul.;julho;2026-07;Jul./26;Sabrina Soares;Sabrina Soares;True;nossapromotora;Upgrade;Não informado;Servidores;Servidores;https://app.pipefy.com/open-cards/1417285026;Up;Não informado;Outros motivos descritos;UP - Servidor 2/4 R$89.;1;89.0;0.0;Upgrade;;;Não calculado
21/07/2026;2026;7;Jul.;julho;2026-07;Jul./26;Sabrina Soares;Sabrina Soares;True;simpleap;Upgrade;Não informado;Servidores;Servidores;https://app.pipefy.com/open-cards/1417271825;Up;Não informado;Outros motivos descritos;UP - servidor 2/4 R$89.;1;89.0;0.0;Upgrade;;;Não calculado
21/07/2026;2026;7;Jul.;julho;2026-07;Jul./26;Sabrina Soares;Sabrina Soares;True;vnascimentoadv;Upgrade;Não informado;Servidores;Servidores;https://app.pipefy.com/open-cards/1417276956;Up;Não informado;Outros motivos descritos;UP - servidor 2/4 R$89.;1;89.0;0.0;Upgrade;;;Não calculado
21/07/2026;2026;7;Jul.;julho;2026-07;Jul./26;Tadiane Biason;Tadiane Biason;True;razonet;Upgrade;Não informado;Conexão adicional de WhatsApp;Conexão adicional de WhatsApp;https://app.pipefy.com/open-cards/1417293777;Up;Não informado;Outros motivos descritos;Tipo: Upgrade  Produto: 3 Conexões Standard - 79,00 cada -237,00 total URL: razonet  Protocolo:202607211823111;1;237.0;0.0;Upgrade;;;Não calculado
21/07/2026;2026;7;Jul.;julho;2026-07;Jul./26;Vinicius Simões;Vinicius Simões;True;imperialprime;Upgrade;Não informado;Conexão adicional de WhatsApp - WABA;Conexão adicional de WhatsApp - WABA;https://app.pipefy.com/open-cards/1417192968;Up;Não informado;Outros motivos descritos;Upgrade: - 1x Conexão adicional de WhatsApp API Oficial - R$ 89,00;1;89.0;0.0;Upgrade;;;Não calculado
21/07/2026;2026;7;Jul.;julho;2026-07;Jul./26;Vinicius Simões;Vinicius Simões;True;racontabil;Upgrade;Não informado;Primeira ativação de número oficial;Primeira ativação de número oficial;https://app.pipefy.com/open-cards/1417333715;Up;Não informado;Outros motivos descritos;Upgrade: - 1x Conexão de WhatsApp API Oficial - R$ 89,00;1;89.0;0.0;Upgrade;;;Não calculado
21/07/2026;2026;7;Jul.;julho;2026-07;Jul./26;Vitoria Sabadin;Vitoria Sabadin;True;brandaosuporte;Upgrade;Não informado;"Usuário adicional; Conexão adicional de WhatsApp";Usuário adicional + outros;https://app.pipefy.com/open-cards/1417210295;Up;Não informado;Outros motivos descritos;Upgrade 4 usuários | R$29,00  3 Conexões adicionais de WhatsApp | R$89,00  Protocolo 202607091811281;2;383.0;0.0;Upgrade;;;Não calculado
22/07/2026;2026;7;Jul.;julho;2026-07;Jul./26;Leticia Silva;Leticia Silva;True;simpledealers;Upgrade;Não informado;Primeira ativação de número oficial;Primeira ativação de número oficial;https://app.pipefy.com/open-cards/1417918140;Up;Não informado;Outros motivos descritos;Primeira ativação de número oficial;1;89.0;0.0;Upgrade;;;Não calculado
22/07/2026;2026;7;Jul.;julho;2026-07;Jul./26;Mariana Nunes;Mariana Nunes;True;jsadvocacia;Upgrade;Não informado;Conexão Facebook Messenger;Conexão Facebook Messenger;https://app.pipefy.com/open-cards/1417908623;Up;Não informado;Outros motivos descritos;Upgrade conexão adicional Facebook R$ 89,00 | Protocolo 202607221824813;1;89.0;0.0;Upgrade;;;Não calculado
22/07/2026;2026;7;Jul.;julho;2026-07;Jul./26;Mariana Nunes;Mariana Nunes;True;promotorarp;Upgrade;Não informado;"Conexão adicional de WhatsApp; Usuário adicional";Conexão adicional de WhatsApp + outros;https://app.pipefy.com/open-cards/1417805638;Up;Não informado;Outros motivos descritos;Upgrade conexão adicional de whatsapp + 1 usuário adicional (ambos com 10% de desconto, liberado pela Vanessa do comercial) | Protocolo 202607201821878;2;106.2;0.0;Upgrade;;;Não calculado
22/07/2026;2026;7;Jul.;julho;2026-07;Jul./26;Noemy Biazão;Noemy Biazão;True;casabueno;Upgrade;Não informado;Servidores;Servidores;https://app.pipefy.com/open-cards/1417829467;Up;Não informado;Redução de custo;Upgrade de Servidor 2/4 valor: R$89,00;1;89.0;0.0;Upgrade;;;Não calculado
22/07/2026;2026;7;Jul.;julho;2026-07;Jul./26;Noemy Biazão;Noemy Biazão;True;exatocontabilpiracaia;Upgrade;Não informado;Servidores;Servidores;https://app.pipefy.com/open-cards/1417959351;Up;Não informado;Outros motivos descritos;Upgrade de Servidor 2/4 R$89,00;1;89.0;0.0;Upgrade;;;Não calculado
22/07/2026;2026;7;Jul.;julho;2026-07;Jul./26;Noemy Biazão;Noemy Biazão;True;luckreceptivomaceio;Upgrade;Não informado;"Resumo Inteligente; Texto Mágico; Transcrição de Áudio";Resumo Inteligente + outros;https://app.pipefy.com/open-cards/1417690991;Up;Não informado;Outros motivos descritos;Upgrade de IA Resumo Inteligente - Plano 500, créditos R$29,90, IA Texto Mágico - 1.000 créditos R$19,90, IA Transcrição de áudio - Plano 500 minutos R$24,90 - Total: 74,70;3;74.7;0.0;Upgrade;;;Não calculado
22/07/2026;2026;7;Jul.;julho;2026-07;Jul./26;Noemy Biazão;Noemy Biazão;True;wnfvendas;Upgrade;Não informado;Servidores;Servidores;https://app.pipefy.com/open-cards/1417942633;Up;Não informado;Redução de custo;Upgrade de Servidor 4/8 valor: R$169,00;1;169.0;0.0;Upgrade;;;Não calculado
22/07/2026;2026;7;Jul.;julho;2026-07;Jul./26;Priscila Pavani;Priscila Pavani;True;provetapoio;Upgrade;Não informado;Primeira ativação de número oficial;Primeira ativação de número oficial;https://app.pipefy.com/open-cards/1417762843;Up;Não informado;Processo/uso operacional;Plano Base - 2 Usuarios - 1 Conexao | R$165,74 Conexão WABA / Gupshup / Direct Payment | 1x R$89,00 Conexão Adicional de WhatsApp | 2x R$79,00 | R$158,000 Usuários Adicionais | 65x R$29,00 | R$1.885,00 Usuários bonificados  | 2x R$0,00 |  R$0,00 Distribuição Automática | 1x R$89,00 Servidor 8/16 | 1x R$349,00  Total: R$2.735,74;1;89.0;0.0;Upgrade;;;Não calculado
22/07/2026;2026;7;Jul.;julho;2026-07;Jul./26;Sabrina Soares;Sabrina Soares;True;agaxturjdeuropa;Upgrade;Não informado;Conexão adicional de WhatsApp;Conexão adicional de WhatsApp;https://app.pipefy.com/open-cards/1417629738;Up;Não informado;Outros motivos descritos;UPGRADE: Funil de vendas R449 + 1 conexão adicional de wpp R$89;1;138.0;0.0;Upgrade;;;Não calculado
22/07/2026;2026;7;Jul.;julho;2026-07;Jul./26;Sabrina Soares;Sabrina Soares;True;agrproducao;Upgrade;Não informado;Usuário adicional;Usuário adicional;https://app.pipefy.com/open-cards/1417929857;Up;Não informado;Outros motivos descritos;Upgrade 1 usuário adicional para a url: agrproducao;1;29.0;0.0;Upgrade;;;Não calculado
22/07/2026;2026;7;Jul.;julho;2026-07;Jul./26;Sabrina Soares;Sabrina Soares;True;betodehon;Upgrade;Não informado;Usuário adicional;Usuário adicional;https://app.pipefy.com/open-cards/1417689980;Up;Não informado;Outros motivos descritos;UPGRADE - Usuário adicional R$29 na url: betodehon;1;29.0;0.0;Upgrade;;;Não calculado
22/07/2026;2026;7;Jul.;julho;2026-07;Jul./26;Sabrina Soares;Sabrina Soares;True;exatahabitacional;Upgrade;Não informado;Servidores;Servidores;https://app.pipefy.com/open-cards/1417888879;Up;Não informado;Outros motivos descritos;Upgrade de servidor 2/4 R$89;1;89.0;0.0;Upgrade;;;Não calculado
22/07/2026;2026;7;Jul.;julho;2026-07;Jul./26;Sabrina Soares;Sabrina Soares;True;promotorarp;Upgrade;Não informado;Conexão adicional de WhatsApp;Conexão adicional de WhatsApp;https://app.pipefy.com/open-cards/1417897657;Up;Não informado;Outros motivos descritos;Upgrade de conexão adicional de WhatsApp R$89.;1;89.0;0.0;Upgrade;;;Não calculado
22/07/2026;2026;7;Jul.;julho;2026-07;Jul./26;Sabrina Soares;Sabrina Soares;True;promotorarp;Upgrade;Não informado;Usuário adicional;Usuário adicional;https://app.pipefy.com/open-cards/1417916163;Up;Não informado;Outros motivos descritos;Upgrade de usuário adicional R$26,10.;1;26.1;0.0;Upgrade;;;Não calculado
22/07/2026;2026;7;Jul.;julho;2026-07;Jul./26;Sabrina Soares;Sabrina Soares;True;revitalle;Upgrade;Não informado;Usuário adicional;Usuário adicional;https://app.pipefy.com/open-cards/1417933526;Up;Não informado;Outros motivos descritos;Upgrade revitalle - de 1 usuário adicional R$29;1;29.0;0.0;Upgrade;;;Não calculado
22/07/2026;2026;7;Jul.;julho;2026-07;Jul./26;Sabrina Soares;Sabrina Soares;True;uniasselviirece;Upgrade;Não informado;IA Agent;IA Agent;https://app.pipefy.com/open-cards/1417621703;Up;Não informado;Outros motivos descritos;UP - IA Agente 1.000 créditos - R$112,90;1;112.9;0.0;Upgrade;;;Não calculado
22/07/2026;2026;7;Jul.;julho;2026-07;Jul./26;Sabrina Soares;Sabrina Soares;True;vladvogados;Upgrade;Não informado;Servidores;Servidores;https://app.pipefy.com/open-cards/1417878768;Up;Não informado;Outros motivos descritos;UP - Servidor 2/4 R$89.;1;89.0;0.0;Upgrade;;;Não calculado
22/07/2026;2026;7;Jul.;julho;2026-07;Jul./26;Vinicius Simões;Vinicius Simões;True;adesivoajato;Upgrade;Não informado;Primeira ativação de número oficial;Primeira ativação de número oficial;https://app.pipefy.com/open-cards/1417841939;Up;Não informado;Outros motivos descritos;Upgrade: - 1x Conexão de WhatsApp API Oficial - R$ 89,00;1;89.0;0.0;Upgrade;;;Não calculado
22/07/2026;2026;7;Jul.;julho;2026-07;Jul./26;Vinicius Simões;Vinicius Simões;True;polomasther;Upgrade;Não informado;Usuário adicional;Usuário adicional;https://app.pipefy.com/open-cards/1417703068;Up;Não informado;Outros motivos descritos;Upgrade: - 1x Usuário adicional - R$ 29,00;1;29.0;0.0;Upgrade;;;Não calculado
22/07/2026;2026;7;Jul.;julho;2026-07;Jul./26;Vinicius Simões;Vinicius Simões;True;saborearte;Upgrade;Não informado;Conexão adicional de WhatsApp - WABA;Conexão adicional de WhatsApp - WABA;https://app.pipefy.com/open-cards/1417937442;Up;Não informado;Outros motivos descritos;Upgrade: - 1x Conexão adicional de WhatsApp API Oficial - R$ 89,00;1;89.0;0.0;Upgrade;;;Não calculado
23/07/2026;2026;7;Jul.;julho;2026-07;Jul./26;Leticia Silva;Leticia Silva;True;folladorzuanon2;Upgrade;Não informado;Conexão adicional de WhatsApp - WABA;Conexão adicional de WhatsApp - WABA;https://app.pipefy.com/open-cards/1418540273;Up;Não informado;Outros motivos descritos;Conexão oficial adicional  Número: 41996168537 / Gupshup / Direct Payment;1;89.0;0.0;Upgrade;;;Não calculado
23/07/2026;2026;7;Jul.;julho;2026-07;Jul./26;Leticia Silva;Leticia Silva;True;rioscontabil;Upgrade;Não informado;Chat interno;Chat interno;https://app.pipefy.com/open-cards/1418555646;Up;Não informado;Outros motivos descritos;Up Chat Interno (R$89,00).;1;89.0;0.0;Upgrade;;;Não calculado
23/07/2026;2026;7;Jul.;julho;2026-07;Jul./26;Leticia Silva;Leticia Silva;True;zepneus;Upgrade;Não informado;Usuário adicional;Usuário adicional;https://app.pipefy.com/open-cards/1418546349;Up;Não informado;Outros motivos descritos;Up 40 usuários adicionais (R$1.160,00).;1;1160.0;0.0;Upgrade;;;Não calculado
23/07/2026;2026;7;Jul.;julho;2026-07;Jul./26;Mariana Nunes;Mariana Nunes;True;invictusassessoria;Upgrade;Não informado;IA Agent;IA Agent;https://app.pipefy.com/open-cards/1418544776;Up;Não informado;Outros motivos descritos;Upgrade IA Agente – 1.000 créditos R$ 112,90 | Protocolo: 202607221825138;1;112.9;0.0;Upgrade;;;Não calculado
23/07/2026;2026;7;Jul.;julho;2026-07;Jul./26;Nathalia Carmo;Nathalia Carmo;True;allformulas;Upgrade;Não informado;Conexão Instagram Direct;Conexão Instagram Direct;https://app.pipefy.com/open-cards/1418351326;Up;Não informado;Outros motivos descritos;UPGRADE: Conexão Instagram | R$89,00;1;89.0;0.0;Upgrade;;;Não calculado
23/07/2026;2026;7;Jul.;julho;2026-07;Jul./26;Nathalia Carmo;Nathalia Carmo;True;locadoracincoestrelas;Upgrade;Não informado;IA Agent;IA Agent;https://app.pipefy.com/open-cards/1418244362;Up;Não informado;Outros motivos descritos;UPGRADE: IA Agente 1.000 créditos R$112,90.;1;112.9;0.0;Upgrade;;;Não calculado
23/07/2026;2026;7;Jul.;julho;2026-07;Jul./26;Noemy Biazão;Noemy Biazão;True;giovanaaguiar;Upgrade;Não informado;Servidores;Servidores;https://app.pipefy.com/open-cards/1418251914;Up;Não informado;Outros motivos descritos;Upgrade de Servidor 2/4 R$89,00;1;89.0;0.0;Upgrade;;;Não calculado
23/07/2026;2026;7;Jul.;julho;2026-07;Jul./26;Noemy Biazão;Noemy Biazão;True;grupoicta;Upgrade;Não informado;Servidores;Servidores;https://app.pipefy.com/open-cards/1418179930;Up;Não informado;Redução de custo;Upgrade de Servidor 2/4 valor: R$89,00;1;89.0;0.0;Upgrade;;;Não calculado
23/07/2026;2026;7;Jul.;julho;2026-07;Jul./26;Sabrina Soares;Sabrina Soares;True;abasantos01;Upgrade;Não informado;Conexão adicional de WhatsApp;Conexão adicional de WhatsApp;https://app.pipefy.com/open-cards/1418545870;Up;Não informado;Outros motivos descritos;UP - Liberado mais 1 conexão de WhatsApp por R$50, conforme os demais.;1;50.0;0.0;Upgrade;;;Não calculado
23/07/2026;2026;7;Jul.;julho;2026-07;Jul./26;Sabrina Soares;Sabrina Soares;True;adesivoecia;Upgrade;Não informado;Servidores;Servidores;https://app.pipefy.com/open-cards/1418287772;Up;Não informado;Outros motivos descritos;up de servidor 2/4 R$89;1;89.0;0.0;Upgrade;;;Não calculado
23/07/2026;2026;7;Jul.;julho;2026-07;Jul./26;Sabrina Soares;Sabrina Soares;True;ageucamargo;Upgrade;Não informado;"Funil de vendas; Conexão adicional de WhatsApp";"Funil de vendas; Conexão adicional de WhatsApp";https://app.pipefy.com/open-cards/1418547724;Up;Não informado;Outros motivos descritos;UP - Cliente contratou 1 conexão adicional de WhatsApp e Funil de vendas R$138/ Verifiquei com a Viviane se poderia subir normalmente o up e foi confirmado via discord;2;138.0;0.0;Upgrade;;;Não calculado
23/07/2026;2026;7;Jul.;julho;2026-07;Jul./26;Sabrina Soares;Sabrina Soares;True;conservadorajetclean;Upgrade;Não informado;Chat interno;Chat interno;https://app.pipefy.com/open-cards/1418495417;Up;Não informado;Outros motivos descritos;Upgrade chat interno R$89.;1;89.0;0.0;Upgrade;;;Não calculado
23/07/2026;2026;7;Jul.;julho;2026-07;Jul./26;Sabrina Soares;Sabrina Soares;True;jrfisioterapia;Upgrade;Não informado;Usuário adicional;Usuário adicional;https://app.pipefy.com/open-cards/1418134744;Up;Não informado;Outros motivos descritos;UP - 1 usuário adicional R$29.;1;29.0;0.0;Upgrade;;;Não calculado
23/07/2026;2026;7;Jul.;julho;2026-07;Jul./26;Sabrina Soares;Sabrina Soares;True;lojasaobento;Upgrade;Não informado;Servidores;Servidores;https://app.pipefy.com/open-cards/1418331089;Up;Não informado;Outros motivos descritos;Up de servidor 2/4 R$89.;1;89.0;0.0;Upgrade;;;Não calculado
23/07/2026;2026;7;Jul.;julho;2026-07;Jul./26;Sabrina Soares;Sabrina Soares;True;unclik;Upgrade;Não informado;Servidores;Servidores;https://app.pipefy.com/open-cards/1418165780;Up;Não informado;Outros motivos descritos;UP servidor 2/4 por R$89.;1;89.0;0.0;Upgrade;;;Não calculado
23/07/2026;2026;7;Jul.;julho;2026-07;Jul./26;Sabrina Soares;Sabrina Soares;True;xbpoo;Upgrade;Não informado;Servidores;Servidores;https://app.pipefy.com/open-cards/1418132273;Up;Não informado;Outros motivos descritos;Upgrade de servidor 2/4 R$89.;1;89.0;0.0;Upgrade;;;Não calculado
23/07/2026;2026;7;Jul.;julho;2026-07;Jul./26;Sabrina Soares;Sabrina Soares;True;yamamotto;Upgrade;Não informado;IA Agent;IA Agent;https://app.pipefy.com/open-cards/1418349720;Up;Não informado;Outros motivos descritos;Upgrade IA AGENTE 1.000 CRÉDITOS 112,90;1;112.9;0.0;Upgrade;;;Não calculado
23/07/2026;2026;7;Jul.;julho;2026-07;Jul./26;Vinicius Simões;Vinicius Simões;True;vegcertificados;Upgrade;Não informado;Primeira ativação de número oficial;Primeira ativação de número oficial;https://app.pipefy.com/open-cards/1418480084;Up;Não informado;Outros motivos descritos;Upgrade: - 1x Conexão de WhatsApp API Oficial - R$ 89,00;1;89.0;0.0;Upgrade;;;Não calculado
24/07/2026;2026;7;Jul.;julho;2026-07;Jul./26;Leticia Silva;Leticia Silva;True;meiracontadores;Upgrade;Não informado;Primeira ativação de número oficial;Primeira ativação de número oficial;https://app.pipefy.com/open-cards/1418939077;Up;Não informado;Outros motivos descritos;Primeira ativação de número oficial;1;89.0;0.0;Upgrade;;;Não calculado
24/07/2026;2026;7;Jul.;julho;2026-07;Jul./26;Mariana Nunes;Mariana Nunes;True;bonini;Upgrade;Não informado;Usuário adicional;Usuário adicional;https://app.pipefy.com/open-cards/1418853351;Up;Não informado;Outros motivos descritos;Upgrade 7 usuários adicionais R$ 29,00 cada | Protocolo: 202607231826765;1;203.0;0.0;Upgrade;;;Não calculado
24/07/2026;2026;7;Jul.;julho;2026-07;Jul./26;Mariana Nunes;Mariana Nunes;True;maiaefariaeadvogados;Upgrade;Não informado;Transcrição de Áudio;Transcrição de Áudio;https://app.pipefy.com/open-cards/1418835095;Up;Não informado;Outros motivos descritos;Upgrade IA Transcrição de Áudio 500 minutos - R$ 24,90 | Protocolo: 202607231826111;1;24.9;0.0;Upgrade;;;Não calculado
24/07/2026;2026;7;Jul.;julho;2026-07;Jul./26;Melissa Duarte;Melissa Duarte;True;maryhelppontadapraia;Upgrade;Não informado;Conexão adicional de WhatsApp;Conexão adicional de WhatsApp;https://app.pipefy.com/open-cards/1418864337;Up;Não informado;Outros motivos descritos;UP Conexão adicional de whatsapp com desconto;1;49.0;0.0;Upgrade;;;Não calculado
24/07/2026;2026;7;Jul.;julho;2026-07;Jul./26;Nathalia Carmo;Nathalia Carmo;True;fjsign2;Upgrade;Não informado;Funil de vendas;Funil de vendas;https://app.pipefy.com/open-cards/1418978405;Up;Não informado;Redução de custo;UPGRADE: Funil de Vendas no valor R$49,00;1;49.0;0.0;Upgrade;;;Não calculado
24/07/2026;2026;7;Jul.;julho;2026-07;Jul./26;Noemy Biazão;Noemy Biazão;True;amorsaudecastanhalpa;Upgrade;Não informado;Servidores;Servidores;https://app.pipefy.com/open-cards/1419135525;Up;Não informado;Redução de custo;UP de Servidor 2/4 valor: R$89,00;1;89.0;0.0;Upgrade;;;Não calculado
24/07/2026;2026;7;Jul.;julho;2026-07;Jul./26;Noemy Biazão;Noemy Biazão;True;artesani;Upgrade;Não informado;Servidores;Servidores;https://app.pipefy.com/open-cards/1418832632;Up;Não informado;Redução de custo;UP de Servidor 2/4 valor: R$89,00;1;89.0;0.0;Upgrade;;;Não calculado
24/07/2026;2026;7;Jul.;julho;2026-07;Jul./26;Noemy Biazão;Noemy Biazão;True;grupofrz;Upgrade;Não informado;Integração;Integração;https://app.pipefy.com/open-cards/1418858732;Up;Não informado;Outros motivos descritos;Não informado;1;59.99;0.0;Upgrade;;;Não calculado
24/07/2026;2026;7;Jul.;julho;2026-07;Jul./26;Noemy Biazão;Noemy Biazão;True;luckreceptivomaceio;Upgrade;Não informado;Texto Mágico;Texto Mágico;https://app.pipefy.com/open-cards/1418818970;Up;Não informado;Outros motivos descritos;Upgrade de IA Resumo Inteligente - Plano 500 créditos R$29,90 para o plano de 5.000 Creditos R$220,90;1;220.9;0.0;Upgrade;;;Não calculado
24/07/2026;2026;7;Jul.;julho;2026-07;Jul./26;Noemy Biazão;Noemy Biazão;True;monitoramentopadrao;Upgrade;Não informado;Combo de IA's;Combo de IA's;https://app.pipefy.com/open-cards/1418904729;Up;Não informado;Redução de custo;Upgrade de IA Texto Mágico - 1.000 créditos 19,90 / IA Transcrição de áudio - Plano 500 minutos 24,90 Para o Combro Promocional Valor: 113,00;1;113.0;0.0;Upgrade;;;Não calculado
24/07/2026;2026;7;Jul.;julho;2026-07;Jul./26;Noemy Biazão;Noemy Biazão;True;monitoramentopadrao;Upgrade;Não informado;"Transcrição de Áudio; Texto Mágico";"Transcrição de Áudio; Texto Mágico";https://app.pipefy.com/open-cards/1418794422;Up;Não informado;Outros motivos descritos;Upgrade de IA Texto Mágico - 1.000 créditos R$19,90 e IA Transcrição de áudio - Plano 500 minutos R$24,90;2;44.8;0.0;Upgrade;;;Não calculado
24/07/2026;2026;7;Jul.;julho;2026-07;Jul./26;Noemy Biazão;Noemy Biazão;True;privilegio;Upgrade;Não informado;Servidores;Servidores;https://app.pipefy.com/open-cards/1419047066;Up;Não informado;Outros motivos descritos;Upgrade de Servidor 2/4 R$89,00;1;89.0;0.0;Upgrade;;;Não calculado
24/07/2026;2026;7;Jul.;julho;2026-07;Jul./26;Noemy Biazão;Noemy Biazão;True;univitalpharma;Upgrade;Não informado;Conexão Instagram Direct;Conexão Instagram Direct;https://app.pipefy.com/open-cards/1419102063;Up;Não informado;Outros motivos descritos;Upgrade de Conexao de Instagram R$89,00;1;89.0;0.0;Upgrade;;;Não calculado
24/07/2026;2026;7;Jul.;julho;2026-07;Jul./26;Noemy Biazão;Noemy Biazão;True;wmesquitaadv;Upgrade;Não informado;Servidores;Servidores;https://app.pipefy.com/open-cards/1418877101;Up;Não informado;Outros motivos descritos;UP de Servidor 2/4 R$89,00;1;89.0;0.0;Upgrade;;;Não calculado
24/07/2026;2026;7;Jul.;julho;2026-07;Jul./26;Priscila Pavani;Priscila Pavani;True;ciag3;Upgrade;Não informado;Conexão adicional de WhatsApp - WABA;Conexão adicional de WhatsApp - WABA;https://app.pipefy.com/open-cards/1418814587;Up;Não informado;Redução de custo;Tipo: Upgrade Produto: 1 Conexão Waba 360 / Pagamento Ikatec Valor: R$ 109,00 URL: ciag3 Protocolo: 202607231826962;1;109.0;0.0;Upgrade;;;Não calculado
24/07/2026;2026;7;Jul.;julho;2026-07;Jul./26;Priscila Pavani;Priscila Pavani;True;havan;Upgrade;Não informado;Usuário adicional;Usuário adicional;https://app.pipefy.com/open-cards/1418865555;Up;Não informado;Redução de custo;Tipo: Upgrade Produto: 1 usuário Valor: R$ 25,00 Protocolo: 202607231827219 URL: havan;1;25.0;0.0;Upgrade;;;Não calculado
24/07/2026;2026;7;Jul.;julho;2026-07;Jul./26;Sabrina Soares;Sabrina Soares;True;cristianeferreiraadv;Upgrade;Não informado;Conexão Instagram Direct;Conexão Instagram Direct;https://app.pipefy.com/open-cards/1418961249;Up;Não informado;Outros motivos descritos;UP - 2 conexões adicionais de intagram R$178 (89 cada);1;178.0;0.0;Upgrade;;;Não calculado
24/07/2026;2026;7;Jul.;julho;2026-07;Jul./26;Sabrina Soares;Sabrina Soares;True;inspiracred;Upgrade;Não informado;Combo de IA's;Combo de IA's;https://app.pipefy.com/open-cards/1419083251;Up;Não informado;Outros motivos descritos;Combo IA - Agente Inteligente + Transcrição R$288,80.;1;288.8;0.0;Upgrade;;;Não calculado
24/07/2026;2026;7;Jul.;julho;2026-07;Jul./26;Sabrina Soares;Sabrina Soares;True;jdcoadv;Upgrade;Não informado;Usuário adicional;Usuário adicional;https://app.pipefy.com/open-cards/1418859279;Up;Não informado;Outros motivos descritos;Up - 2 usuários (58,00).;1;58.0;0.0;Upgrade;;;Não calculado
24/07/2026;2026;7;Jul.;julho;2026-07;Jul./26;Sabrina Soares;Sabrina Soares;True;limeirarolamentos;Upgrade;Não informado;Servidores;Servidores;https://app.pipefy.com/open-cards/1418966361;Up;Não informado;Outros motivos descritos;Upgrade de servidor 2/4 R$89;1;89.0;0.0;Upgrade;;;Não calculado
24/07/2026;2026;7;Jul.;julho;2026-07;Jul./26;Sabrina Soares;Sabrina Soares;True;luparelli;Upgrade;Não informado;Servidores;Servidores;https://app.pipefy.com/open-cards/1418943396;Up;Não informado;Outros motivos descritos;Upgrade de servidor 2/4 R$89.;1;89.0;0.0;Upgrade;;;Não calculado
24/07/2026;2026;7;Jul.;julho;2026-07;Jul./26;Sabrina Soares;Sabrina Soares;True;mcocontabil;Upgrade;Não informado;Servidores;Servidores;https://app.pipefy.com/open-cards/1418825150;Up;Não informado;Outros motivos descritos;Upgrade de servidor 4/8 R$169;1;169.0;0.0;Upgrade;;;Não calculado
24/07/2026;2026;7;Jul.;julho;2026-07;Jul./26;Sabrina Soares;Sabrina Soares;True;moveisalmare;Upgrade;Não informado;Servidores;Servidores;https://app.pipefy.com/open-cards/1418959023;Up;Não informado;Outros motivos descritos;Servidor 2/4 R$89.;1;89.0;0.0;Upgrade;;;Não calculado
24/07/2026;2026;7;Jul.;julho;2026-07;Jul./26;Sabrina Soares;Sabrina Soares;True;smartmarketcnt;Upgrade;Não informado;Servidores;Servidores;https://app.pipefy.com/open-cards/1419139511;Up;Não informado;Outros motivos descritos;upgrade de servidor 2/4 R$89.;1;89.0;0.0;Upgrade;;;Não calculado
24/07/2026;2026;7;Jul.;julho;2026-07;Jul./26;Sabrina Soares;Sabrina Soares;True;vconservicos;Upgrade;Não informado;"Transcrição de Áudio; Chat interno";"Transcrição de Áudio; Chat interno";https://app.pipefy.com/open-cards/1418977609;Up;Não informado;Outros motivos descritos;Upgrade de Transcrição 1.000 (49,90) e Chat interno R$89;2;138.9;0.0;Upgrade;;;Não calculado
24/07/2026;2026;7;Jul.;julho;2026-07;Jul./26;Sabrina Soares;Sabrina Soares;True;voiseguros;Upgrade;Não informado;Funil de vendas;Funil de vendas;https://app.pipefy.com/open-cards/1419077090;Up;Não informado;Outros motivos descritos;UP: - Modulo - Funil de Vendas - Digisac r$49;1;49.0;0.0;Upgrade;;;Não calculado
24/07/2026;2026;7;Jul.;julho;2026-07;Jul./26;Sabrina Soares;Sabrina Soares;True;wlseguros;Upgrade;Não informado;Servidores;Servidores;https://app.pipefy.com/open-cards/1419107606;Up;Não informado;Outros motivos descritos;Upgrade de servidor 2/4 R$89;1;89.0;0.0;Upgrade;;;Não calculado
24/07/2026;2026;7;Jul.;julho;2026-07;Jul./26;Vinicius Simões;Vinicius Simões;True;freitasebiagiadv;Upgrade;Não informado;Conexão adicional de WhatsApp - WABA;Conexão adicional de WhatsApp - WABA;https://app.pipefy.com/open-cards/1419025076;Up;Não informado;Outros motivos descritos;Upgrade: - 1x Conexão de WhatsApp API Oficial - R$ 89,00;1;89.0;0.0;Upgrade;;;Não calculado
24/07/2026;2026;7;Jul.;julho;2026-07;Jul./26;Vinicius Simões;Vinicius Simões;True;triviapw;Upgrade;Não informado;Conexão adicional de WhatsApp - WABA;Conexão adicional de WhatsApp - WABA;https://app.pipefy.com/open-cards/1419059706;Up;Não informado;Outros motivos descritos;Upgrade: - 1x Conexão adicional de WhatsApp API Oficial - R$ 89,00;1;89.0;0.0;Upgrade;;;Não calculado
27/07/2026;2026;7;Jul.;julho;2026-07;Jul./26;Mariana Nunes;Mariana Nunes;True;advfernandes;Upgrade;Não informado;Usuário adicional;Usuário adicional;https://app.pipefy.com/open-cards/1420110884;Up;Não informado;Outros motivos descritos;Upgrade 3x usuários adicionais R$ 29,00 | Protocolo 202607271828950;1;87.0;0.0;Upgrade;;;Não calculado
27/07/2026;2026;7;Jul.;julho;2026-07;Jul./26;Mariana Nunes;Mariana Nunes;True;wmendesadv;Upgrade;Não informado;Usuário adicional;Usuário adicional;https://app.pipefy.com/open-cards/1420364339;Up;Não informado;Outros motivos descritos;Upgrade 1 usuário adicional para a URL wmendesadv R$ 29,00 | Protocolo 202607271829177;1;29.0;0.0;Upgrade;;;Não calculado
27/07/2026;2026;7;Jul.;julho;2026-07;Jul./26;Nathalia Carmo;Nathalia Carmo;True;bioqualityconsult;Upgrade;Não informado;Funil de vendas;Funil de vendas;https://app.pipefy.com/open-cards/1420111285;Up;Não informado;Outros motivos descritos;UPGRADE: Funil de Vendas | R$49,00 |;1;49.0;0.0;Upgrade;;;Não calculado
27/07/2026;2026;7;Jul.;julho;2026-07;Jul./26;Nathalia Carmo;Nathalia Carmo;True;decisao;Upgrade;Não informado;Usuário adicional;Usuário adicional;https://app.pipefy.com/open-cards/1419991763;Up;Não informado;Outros motivos descritos;UPGRADE: 1 usuário adicional | R429,00/mês;1;29.0;0.0;Upgrade;;;Não calculado
27/07/2026;2026;7;Jul.;julho;2026-07;Jul./26;Nathalia Carmo;Nathalia Carmo;True;pig;Upgrade;Não informado;Usuário adicional;Usuário adicional;https://app.pipefy.com/open-cards/1420221041;Up;Não informado;Outros motivos descritos;UPGRADE: 1 usuário adicional em USD | 6,00;1;29.0;0.0;Upgrade;;;Não calculado
27/07/2026;2026;7;Jul.;julho;2026-07;Jul./26;Noemy Biazão;Noemy Biazão;True;alfaclin2;Upgrade;Não informado;Servidores;Servidores;https://app.pipefy.com/open-cards/1420123510;Up;Não informado;Outros motivos descritos;Upgrade de Servidor 2/4 R$89,00;1;89.0;0.0;Upgrade;;;Não calculado
27/07/2026;2026;7;Jul.;julho;2026-07;Jul./26;Noemy Biazão;Noemy Biazão;True;fotosfutoshi;Upgrade;Não informado;Servidores;Servidores;https://app.pipefy.com/open-cards/1420063833;Up;Não informado;Outros motivos descritos;UP de Servidor 2/4 R$89,00;1;89.0;0.0;Upgrade;;;Não calculado
27/07/2026;2026;7;Jul.;julho;2026-07;Jul./26;Noemy Biazão;Noemy Biazão;True;silvaesilvaprev;Upgrade;Não informado;Funil de vendas;Funil de vendas;https://app.pipefy.com/open-cards/1420365430;Up;Não informado;Outros motivos descritos;Upgrade de Funil de Vendas R$49,00;1;49.0;0.0;Upgrade;;;Não calculado
27/07/2026;2026;7;Jul.;julho;2026-07;Jul./26;Priscila Pavani;Priscila Pavani;True;ciag3;Upgrade;Não informado;Conexão adicional de WhatsApp - WABA;Conexão adicional de WhatsApp - WABA;https://app.pipefy.com/open-cards/1420205545;Up;Não informado;Redução de custo;Tipo: Upgrade Produto: 1 Conexão WABA / 360Dialog / Ikatec Valor: R$ 109,00  URL: ciag3 Protocolo: 202607271828975 Obs: O Número: 08-0012-33121 foi migrado da URL: vanto para a URL: ciag3 - , o cliente está passando por um processo de unificação de 6 urls nesse mesmo contrato;1;109.0;0.0;Upgrade;;;Não calculado
27/07/2026;2026;7;Jul.;julho;2026-07;Jul./26;Priscila Pavani;Priscila Pavani;True;ciag3;Upgrade;Não informado;Conexão adicional de WhatsApp - WABA;Conexão adicional de WhatsApp - WABA;https://app.pipefy.com/open-cards/1420162076;Up;Não informado;Redução de custo;Tipo: Upgrade  Produto: 1 Conexão WABA / 360Dialog / Ikatec Valor: R$ 109,00  URL: ciag3  Protocolo: 202607231826962;1;109.0;0.0;Upgrade;;;Não calculado
27/07/2026;2026;7;Jul.;julho;2026-07;Jul./26;Priscila Pavani;Priscila Pavani;True;ciag3;Upgrade;Não informado;Primeira ativação de número oficial;Primeira ativação de número oficial;https://app.pipefy.com/open-cards/1420356763;Migração/Outro;Não informado;Outros motivos descritos;Não informado;1;0.0;0.0;Upgrade;;;Não calculado
27/07/2026;2026;7;Jul.;julho;2026-07;Jul./26;Sabrina Soares;Sabrina Soares;True;clinicacentralimagem;Upgrade;Não informado;Servidores;Servidores;https://app.pipefy.com/open-cards/1420136736;Up;Não informado;Outros motivos descritos;UPGRADE: Servidor 2/4 R$89.;1;89.0;0.0;Upgrade;;;Não calculado
27/07/2026;2026;7;Jul.;julho;2026-07;Jul./26;Sabrina Soares;Sabrina Soares;True;fagaadm;Upgrade;Não informado;URL;URL;https://app.pipefy.com/open-cards/1420358116;Migração/Outro;Não informado;Outros motivos descritos;Não informado;1;0.0;0.0;Upgrade;;;Não calculado
27/07/2026;2026;7;Jul.;julho;2026-07;Jul./26;Sabrina Soares;Sabrina Soares;True;formulaanimalpg;Upgrade;Não informado;Servidores;Servidores;https://app.pipefy.com/open-cards/1420057739;Up;Não informado;Outros motivos descritos;Upgrade de servidor 2/4 R$89.;1;89.0;0.0;Upgrade;;;Não calculado
27/07/2026;2026;7;Jul.;julho;2026-07;Jul./26;Sabrina Soares;Sabrina Soares;True;hecg;Upgrade;Não informado;Servidores;Servidores;https://app.pipefy.com/open-cards/1420392594;Up;Não informado;Outros motivos descritos;UP de servidor 2/4;1;89.0;0.0;Upgrade;;;Não calculado
27/07/2026;2026;7;Jul.;julho;2026-07;Jul./26;Sabrina Soares;Sabrina Soares;True;iccontabil;Upgrade;Não informado;Servidores;Servidores;https://app.pipefy.com/open-cards/1420111763;Up;Não informado;Outros motivos descritos;UP: Servidor 2/4 R$89.;1;89.0;0.0;Upgrade;;;Não calculado
27/07/2026;2026;7;Jul.;julho;2026-07;Jul./26;Sabrina Soares;Sabrina Soares;True;locadoracincoestrelas;Upgrade;Não informado;IA Agent;IA Agent;https://app.pipefy.com/open-cards/1420174009;Up;Não informado;Outros motivos descritos;UPgrade - 500 créditos avulsos de IA agente - R$82,90;1;82.9;0.0;Upgrade;;;Não calculado
27/07/2026;2026;7;Jul.;julho;2026-07;Jul./26;Sabrina Soares;Sabrina Soares;True;revseguros;Upgrade;Não informado;Transcrição de Áudio;Transcrição de Áudio;https://app.pipefy.com/open-cards/1420017315;Up;Não informado;Outros motivos descritos;Upgrade: Transcrição 500 min R$24,90.;1;24.9;0.0;Upgrade;;;Não calculado
27/07/2026;2026;7;Jul.;julho;2026-07;Jul./26;Sabrina Soares;Sabrina Soares;True;torrianiadv;Upgrade;Não informado;Funil de vendas;Funil de vendas;https://app.pipefy.com/open-cards/1420238328;Up;Não informado;Outros motivos descritos;Upgrade de funil de vendas por R$49;1;49.0;0.0;Upgrade;;;Não calculado
27/07/2026;2026;7;Jul.;julho;2026-07;Jul./26;Tadiane Biason;Tadiane Biason;True;iph;Upgrade;Não informado;Primeira ativação de número oficial;Primeira ativação de número oficial;https://app.pipefy.com/open-cards/1420413707;Up;Não informado;Outros motivos descritos;Tipo: Upgrade Produto: 1 Conexão Oficial - 89,00 URL: iph;1;89.0;0.0;Upgrade;;;Não calculado
27/07/2026;2026;7;Jul.;julho;2026-07;Jul./26;Vinicius Simões;Vinicius Simões;True;sigasul;Upgrade;Não informado;Conexão adicional de WhatsApp - WABA;Conexão adicional de WhatsApp - WABA;https://app.pipefy.com/open-cards/1420111107;Up;Não informado;Outros motivos descritos;Upgrade: - 1x Conexão adicional WhatsApp API Oficial - R$ 89,00;1;89.0;0.0;Upgrade;;;Não calculado
27/07/2026;2026;7;Jul.;julho;2026-07;Jul./26;Vinicius Simões;Vinicius Simões;True;suamei;Upgrade;Não informado;Conexão adicional de WhatsApp - WABA;Conexão adicional de WhatsApp - WABA;https://app.pipefy.com/open-cards/1420297787;Up;Não informado;Outros motivos descritos;Upgrade: - 1x Conexão adicional de WhatsApp API Oficial - R$ 109,00;1;109.0;0.0;Upgrade;;;Não calculado
28/07/2026;2026;7;Jul.;julho;2026-07;Jul./26;Gustavo Medeiros;Gustavo Medeiros;True;atualipatinga;Upgrade;Não informado;Servidores;Servidores;https://app.pipefy.com/open-cards/1420695732;Up;Não informado;Outros motivos descritos;Aumento de servidor de 2/4 para 4/8.;1;89.0;0.0;Upgrade;;;Não calculado
28/07/2026;2026;7;Jul.;julho;2026-07;Jul./26;Leticia Silva;Leticia Silva;True;certiseg;Upgrade;Não informado;Conexão adicional de WhatsApp - WABA;Conexão adicional de WhatsApp - WABA;https://app.pipefy.com/open-cards/1420735347;Up;Não informado;Outros motivos descritos;Up waba adicional  Número: 4431130025;1;89.0;0.0;Upgrade;;;Não calculado
28/07/2026;2026;7;Jul.;julho;2026-07;Jul./26;Leticia Silva;Leticia Silva;True;grupoaem;Upgrade;Não informado;Conexão adicional de WhatsApp - WABA;Conexão adicional de WhatsApp - WABA;https://app.pipefy.com/open-cards/1420992977;Up;Não informado;Outros motivos descritos;up waba adicional  11 947484853  Quer que o nome da conexão seja GARAGE API 11 947484853;1;89.0;0.0;Upgrade;;;Não calculado
28/07/2026;2026;7;Jul.;julho;2026-07;Jul./26;Luis Siqueira;Luis Siqueira;True;admdiroma;Upgrade;Não informado;Migração para número oficial;Migração para número oficial;https://app.pipefy.com/open-cards/1421555506;Migração/Outro;Não informado;Outros motivos descritos;Não informado;1;0.0;0.0;Upgrade;;;Não calculado
28/07/2026;2026;7;Jul.;julho;2026-07;Jul./26;Mariana Nunes;Mariana Nunes;True;donnapresentes;Upgrade;Não informado;Distribuição automática;Distribuição automática;https://app.pipefy.com/open-cards/1420736969;Up;Não informado;Processo/uso operacional;Upgrade distribuição automática R$ 89,00 | Protocolo 202607281830374;1;89.0;0.0;Upgrade;;;Não calculado
28/07/2026;2026;7;Jul.;julho;2026-07;Jul./26;Mariana Nunes;Mariana Nunes;True;dradvogados;Upgrade;Não informado;Servidores;Servidores;https://app.pipefy.com/open-cards/1420810346;Up;Não informado;Outros motivos descritos;Upgrade servidor 2/4 R$ 89,00 | Protocolo 202607281830704;1;89.0;0.0;Upgrade;;;Não calculado
28/07/2026;2026;7;Jul.;julho;2026-07;Jul./26;Mariana Nunes;Mariana Nunes;True;easely;Upgrade;Não informado;Servidores;Servidores;https://app.pipefy.com/open-cards/1420673776;Up;Não informado;Outros motivos descritos;Upgrade servidor 2/4 R$ 89,00 | Protocolo 202607271829957;1;89.0;0.0;Upgrade;;;Não calculado
28/07/2026;2026;7;Jul.;julho;2026-07;Jul./26;Mariana Nunes;Mariana Nunes;True;moraesadv;Upgrade;Não informado;Servidores;Servidores;https://app.pipefy.com/open-cards/1420680985;Up;Não informado;Outros motivos descritos;Upgrade servidor 2/4 R$ 89,00 | Protocolo 202607271830064;1;89.0;0.0;Upgrade;;;Não calculado
28/07/2026;2026;7;Jul.;julho;2026-07;Jul./26;Mariana Nunes;Mariana Nunes;True;portaldocredito;Upgrade;Não informado;Servidores;Servidores;https://app.pipefy.com/open-cards/1420844138;Up;Não informado;Outros motivos descritos;Upgrade servidor 8/16 R$ 349,00 | Protocolo 202607271829663;1;349.0;0.0;Upgrade;;;Não calculado
28/07/2026;2026;7;Jul.;julho;2026-07;Jul./26;Nathalia Carmo;Nathalia Carmo;True;almeidaadv;Upgrade;Não informado;Servidores;Servidores;https://app.pipefy.com/open-cards/1420694321;Up;Não informado;Outros motivos descritos;UPGRADE: Servidor 2/4 | R$89,00;1;89.0;0.0;Upgrade;;;Não calculado
28/07/2026;2026;7;Jul.;julho;2026-07;Jul./26;Nathalia Carmo;Nathalia Carmo;True;cr2;Upgrade;Não informado;Conexão adicional de WhatsApp;Conexão adicional de WhatsApp;https://app.pipefy.com/open-cards/1420710693;Up;Não informado;Outros motivos descritos;UPGRADE: Conexão adicional de WhatsApp Standard | R$89,00;1;89.0;0.0;Upgrade;;;Não calculado
28/07/2026;2026;7;Jul.;julho;2026-07;Jul./26;Nathalia Carmo;Nathalia Carmo;True;medeirosoliveiraadv;Upgrade;Não informado;Chat interno;Chat interno;https://app.pipefy.com/open-cards/1420767107;Up;Não informado;Outros motivos descritos;UPGRADE: Chat Interno | R$89,00;1;89.0;0.0;Upgrade;;;Não calculado
28/07/2026;2026;7;Jul.;julho;2026-07;Jul./26;Nathalia Carmo;Nathalia Carmo;True;move;Upgrade;Não informado;Servidores;Servidores;https://app.pipefy.com/open-cards/1420674990;Up;Não informado;Outros motivos descritos;UPGRADE: Servidor 4/8 | R$169,00;1;169.0;0.0;Upgrade;;;Não calculado
28/07/2026;2026;7;Jul.;julho;2026-07;Jul./26;Noemy Biazão;Noemy Biazão;True;foguetecontabilidade2;Upgrade;Não informado;Servidores;Servidores;https://app.pipefy.com/open-cards/1420641173;Up;Não informado;Outros motivos descritos;Upgrade de Servidor 4/8 - R$169,00;1;169.0;0.0;Upgrade;;;Não calculado
28/07/2026;2026;7;Jul.;julho;2026-07;Jul./26;Noemy Biazão;Noemy Biazão;True;gfcadv;Upgrade;Não informado;Servidores;Servidores;https://app.pipefy.com/open-cards/1420858586;Up;Não informado;Outros motivos descritos;Upgrade de Servidor 2/4 R$89,00;1;89.0;0.0;Upgrade;;;Não calculado
28/07/2026;2026;7;Jul.;julho;2026-07;Jul./26;Noemy Biazão;Noemy Biazão;True;negocios4you;Upgrade;Não informado;Servidores;Servidores;https://app.pipefy.com/open-cards/1420867767;Up;Não informado;Outros motivos descritos;Upgrade de Servidor 2/4 - R$89,00;1;89.0;0.0;Upgrade;;;Não calculado
28/07/2026;2026;7;Jul.;julho;2026-07;Jul./26;Noemy Biazão;Noemy Biazão;True;sjfassociados;Upgrade;Não informado;Servidores;Servidores;https://app.pipefy.com/open-cards/1420925391;Up;Não informado;Outros motivos descritos;Upgrade de Servidor 2/4 R$89,00;1;89.0;0.0;Upgrade;;;Não calculado
28/07/2026;2026;7;Jul.;julho;2026-07;Jul./26;Noemy Biazão;Noemy Biazão;True;virtualiza;Upgrade;Não informado;Servidores;Servidores;https://app.pipefy.com/open-cards/1420983489;Up;Não informado;Outros motivos descritos;Upgrade de Servidor 2/4 R$89,00;1;89.0;0.0;Upgrade;;;Não calculado
28/07/2026;2026;7;Jul.;julho;2026-07;Jul./26;Priscila Pavani;Priscila Pavani;True;nefadv;Upgrade;Não informado;Conexão adicional de WhatsApp - WABA;Conexão adicional de WhatsApp - WABA;https://app.pipefy.com/open-cards/1420908919;Up;Não informado;Redução de custo;Tipo: Upgrade URL: nefadv Produto: 1 Conexão WABA / Gupshup / Direct Payment Valor: R$ 89,00 Protocolo: 202607281831102;1;89.0;0.0;Upgrade;;;Não calculado
28/07/2026;2026;7;Jul.;julho;2026-07;Jul./26;Sabrina Soares;Sabrina Soares;True;imobiliariavolpe;Upgrade;Não informado;Servidores;Servidores;https://app.pipefy.com/open-cards/1420776895;Up;Não informado;Outros motivos descritos;UP - Servidor 2/4 por R$89.;1;89.0;0.0;Upgrade;;;Não calculado
28/07/2026;2026;7;Jul.;julho;2026-07;Jul./26;Sabrina Soares;Sabrina Soares;True;laluxosemijoias;Upgrade;Não informado;Combo de IA's;Combo de IA's;https://app.pipefy.com/open-cards/1420717791;Up;Não informado;Outros motivos descritos;Upgrade de Combo Copiloto IA 1.000 + Transcrição de áudio 1.000 - R$114.;1;114.0;0.0;Upgrade;;;Não calculado
28/07/2026;2026;7;Jul.;julho;2026-07;Jul./26;Sabrina Soares;Sabrina Soares;True;sindicobrancas;Upgrade;Não informado;Integração;Integração;https://app.pipefy.com/open-cards/1420940161;Up;Não informado;Outros motivos descritos;Não informado;1;69.99;0.0;Upgrade;;;Não calculado
28/07/2026;2026;7;Jul.;julho;2026-07;Jul./26;Sabrina Soares;Sabrina Soares;True;valencaacademia;Upgrade;Não informado;URL;URL;https://app.pipefy.com/open-cards/1420756571;Migração/Outro;Não informado;Outros motivos descritos;Não informado;1;0.0;0.0;Upgrade;;;Não calculado
28/07/2026;2026;7;Jul.;julho;2026-07;Jul./26;Vinicius Simões;Vinicius Simões;True;colibri;Upgrade;Não informado;Primeira ativação de número oficial;Primeira ativação de número oficial;https://app.pipefy.com/open-cards/1420722269;Up;Não informado;Outros motivos descritos;Upgrade: - 1x Conexão de WhatsApp API Oficial - R$ 89,00;1;89.0;0.0;Upgrade;;;Não calculado
28/07/2026;2026;7;Jul.;julho;2026-07;Jul./26;Vinicius Simões;Vinicius Simões;True;mscredflex;Upgrade;Não informado;Conexão adicional de WhatsApp - WABA;Conexão adicional de WhatsApp - WABA;https://app.pipefy.com/open-cards/1420676446;Up;Não informado;Outros motivos descritos;Upgrade: - 5x Conexões adicionais de WhatsApp API Oficial - R$ 445,00;1;445.0;0.0;Upgrade;;;Não calculado
29/07/2026;2026;7;Jul.;julho;2026-07;Jul./26;Gustavo Medeiros;Gustavo Medeiros;True;marmoraiabrich;Upgrade;Não informado;Servidores;Servidores;https://app.pipefy.com/open-cards/1421658378;Up;Não informado;Outros motivos descritos;Contratação de servidor 2/4.;1;89.0;0.0;Upgrade;;;Não calculado
29/07/2026;2026;7;Jul.;julho;2026-07;Jul./26;Leticia Silva;Leticia Silva;True;adesivemais;Upgrade;Não informado;Primeira ativação de número oficial;Primeira ativação de número oficial;https://app.pipefy.com/open-cards/1421401458;Up;Não informado;Outros motivos descritos;Primeira Ativação de Número Oficial;1;89.0;0.0;Upgrade;;;Não calculado
29/07/2026;2026;7;Jul.;julho;2026-07;Jul./26;Leticia Silva;Leticia Silva;True;brspromotora;Upgrade;Não informado;Primeira ativação de número oficial;Primeira ativação de número oficial;https://app.pipefy.com/open-cards/1421578163;Up;Não informado;Outros motivos descritos;Primeira ativação de número oficial;1;89.0;0.0;Upgrade;;;Não calculado
29/07/2026;2026;7;Jul.;julho;2026-07;Jul./26;Leticia Silva;Leticia Silva;True;wh1cloud;Upgrade;Não informado;Primeira ativação de número oficial;Primeira ativação de número oficial;https://app.pipefy.com/open-cards/1421583113;Up;Não informado;Outros motivos descritos;Primeira Ativação de Número Oficial;1;89.0;0.0;Upgrade;;;Não calculado
29/07/2026;2026;7;Jul.;julho;2026-07;Jul./26;Luis Siqueira;Luis Siqueira;True;conectiagora;Upgrade;Não informado;Conexão adicional de WhatsApp - WABA;Conexão adicional de WhatsApp - WABA;https://app.pipefy.com/open-cards/1421405246;Up;Não informado;Redução de custo;Tipo: Upagrade Produto: Conexão Adicional Whatsapp - Waba Valor: 89,00 URL: conectiagora Protocolo: 202607291832120;1;89.0;0.0;Upgrade;;;Não calculado
29/07/2026;2026;7;Jul.;julho;2026-07;Jul./26;Nathalia Carmo;Nathalia Carmo;True;abex;Upgrade;Não informado;Integração;Integração;https://app.pipefy.com/open-cards/1421441962;Up;Não informado;Outros motivos descritos;UPGRADE: 5 usuarios adicionais na Bem Melhor R$54,50;1;54.5;0.0;Upgrade;;;Não calculado
29/07/2026;2026;7;Jul.;julho;2026-07;Jul./26;Noemy Biazão;Noemy Biazão;True;alvesequirinoadv;Upgrade;Não informado;Servidores;Servidores;https://app.pipefy.com/open-cards/1421467630;Up;Não informado;Outros motivos descritos;Up de Servidor 2/4 R$89,00;1;89.0;0.0;Upgrade;;;Não calculado
29/07/2026;2026;7;Jul.;julho;2026-07;Jul./26;Noemy Biazão;Noemy Biazão;True;clinicagrupoelas;Upgrade;Não informado;Servidores;Servidores;https://app.pipefy.com/open-cards/1421293602;Up;Não informado;Outros motivos descritos;Upgrade de Servidor 2/4 - R$89,00 na URL: clinicagrupoelas;1;89.0;0.0;Upgrade;;;Não calculado
29/07/2026;2026;7;Jul.;julho;2026-07;Jul./26;Noemy Biazão;Noemy Biazão;True;icamentosmartins;Upgrade;Não informado;Transcrição de Áudio;Transcrição de Áudio;https://app.pipefy.com/open-cards/1421503605;Up;Não informado;Outros motivos descritos;UP de IA Transcrição de áudio - Plano 500 minutos R$24,90;1;24.9;0.0;Upgrade;;;Não calculado
29/07/2026;2026;7;Jul.;julho;2026-07;Jul./26;Noemy Biazão;Noemy Biazão;True;imperialprime;Upgrade;Não informado;Servidores;Servidores;https://app.pipefy.com/open-cards/1421614678;Up;Não informado;Outros motivos descritos;UP de Servidor 2/4 R$89,00;1;89.0;0.0;Upgrade;;;Não calculado
29/07/2026;2026;7;Jul.;julho;2026-07;Jul./26;Noemy Biazão;Noemy Biazão;True;nefrostarosasco;Upgrade;Não informado;Servidores;Servidores;https://app.pipefy.com/open-cards/1421585346;Up;Não informado;Outros motivos descritos;UP de Servidor 2/4 R$89,00;1;89.0;0.0;Upgrade;;;Não calculado
29/07/2026;2026;7;Jul.;julho;2026-07;Jul./26;Noemy Biazão;Noemy Biazão;True;vpladvogados;Upgrade;Não informado;Servidores;Servidores;https://app.pipefy.com/open-cards/1421384625;Up;Não informado;Redução de custo;UP de Servidor 2/4 valor: 89,00;1;89.0;0.0;Upgrade;;;Não calculado
29/07/2026;2026;7;Jul.;julho;2026-07;Jul./26;Sabrina Soares;Sabrina Soares;True;advalissonbarreto;Upgrade;Não informado;Servidores;Servidores;https://app.pipefy.com/open-cards/1421263588;Up;Não informado;Outros motivos descritos;Upgrade servidor 4/8 R$169;1;89.0;0.0;Upgrade;;;Não calculado
29/07/2026;2026;7;Jul.;julho;2026-07;Jul./26;Sabrina Soares;Sabrina Soares;True;lojasaobento;Upgrade;Não informado;Conexão adicional de WhatsApp - WABA;Conexão adicional de WhatsApp - WABA;https://app.pipefy.com/open-cards/1421255390;Up;Não informado;Outros motivos descritos;UP DE CONEXÃO ADICIONAL WABA R$89;1;89.0;0.0;Upgrade;;;Não calculado
29/07/2026;2026;7;Jul.;julho;2026-07;Jul./26;Sabrina Soares;Sabrina Soares;True;lucasmagalhaesadv;Upgrade;Não informado;Conexão adicional de WhatsApp;Conexão adicional de WhatsApp;https://app.pipefy.com/open-cards/1421320129;Up;Não informado;Outros motivos descritos;1 conexão adicional de WhatsApp Standard R$89;1;89.0;0.0;Upgrade;;;Não calculado
29/07/2026;2026;7;Jul.;julho;2026-07;Jul./26;Vinicius Simões;Vinicius Simões;True;emcsistemaszonadamata;Upgrade;Não informado;Primeira ativação de número oficial;Primeira ativação de número oficial;https://app.pipefy.com/open-cards/1421385417;Up;Não informado;Outros motivos descritos;Upgrade: - 1x Conexão de WhatsApp API Oficial - R$ 89,00;1;89.0;0.0;Upgrade;;;Não calculado
29/07/2026;2026;7;Jul.;julho;2026-07;Jul./26;Vinicius Simões;Vinicius Simões;True;medicinalflora;Upgrade;Não informado;Conexão adicional de WhatsApp - WABA;Conexão adicional de WhatsApp - WABA;https://app.pipefy.com/open-cards/1421542325;Up;Não informado;Outros motivos descritos;Upgrade: - 1x Conexão adicional de WhatsApp API Oficial - R$ 89,00;1;89.0;0.0;Upgrade;;;Não calculado
29/07/2026;2026;7;Jul.;julho;2026-07;Jul./26;Vinicius Simões;Vinicius Simões;True;trcredfinanceirasp;Upgrade;Não informado;Conexão adicional de WhatsApp - WABA;Conexão adicional de WhatsApp - WABA;https://app.pipefy.com/open-cards/1421502789;Up;Não informado;Outros motivos descritos;Upgrade: - 2x Conexões adicionais de WhatsApp API Oficial - R$ 178,00;1;178.0;0.0;Upgrade;;;Não calculado
30/07/2026;2026;7;Jul.;julho;2026-07;Jul./26;Leticia Silva;Leticia Silva;True;arthurnavarroadv;Upgrade;Não informado;Primeira ativação de número oficial;Primeira ativação de número oficial;https://app.pipefy.com/open-cards/1422053578;Up;Não informado;Outros motivos descritos;Primeira Ativação de Número Oficial;1;89.0;0.0;Upgrade;;;Não calculado
30/07/2026;2026;7;Jul.;julho;2026-07;Jul./26;Leticia Silva;Leticia Silva;True;paivafigueiredo;Upgrade;Não informado;Primeira ativação de número oficial;Primeira ativação de número oficial;https://app.pipefy.com/open-cards/1422220013;Up;Não informado;Outros motivos descritos;Primeira Ativação de Número Oficial;1;89.0;0.0;Upgrade;;;Não calculado
30/07/2026;2026;7;Jul.;julho;2026-07;Jul./26;Leticia Silva;Leticia Silva;True;paromed;Upgrade;Não informado;Primeira ativação de número oficial;Primeira ativação de número oficial;https://app.pipefy.com/open-cards/1422041857;Up;Não informado;Outros motivos descritos;Primeira Ativação de Número Oficial;1;89.0;0.0;Upgrade;;;Não calculado
30/07/2026;2026;7;Jul.;julho;2026-07;Jul./26;Leticia Silva;Leticia Silva;True;vitoriacertificadora;Upgrade;Não informado;Primeira ativação de número oficial;Primeira ativação de número oficial;https://app.pipefy.com/open-cards/1422212932;Up;Não informado;Outros motivos descritos;Primeira Ativação de Número Oficial;1;89.0;0.0;Upgrade;;;Não calculado
30/07/2026;2026;7;Jul.;julho;2026-07;Jul./26;Mariana Nunes;Mariana Nunes;True;abasantos01;Upgrade;Não informado;Integração;Integração;https://app.pipefy.com/open-cards/1421896821;Up;Não informado;Outros motivos descritos;Não informado;1;89.99;0.0;Upgrade;;;Não calculado
30/07/2026;2026;7;Jul.;julho;2026-07;Jul./26;Mariana Nunes;Mariana Nunes;True;andconcontabil;Upgrade;Não informado;Chat interno;Chat interno;https://app.pipefy.com/open-cards/1422053934;Up;Não informado;Outros motivos descritos;Upgrade Chat Interno R$ 89,00 | Protocolo 202607301834019;1;89.0;0.0;Upgrade;;;Não calculado
30/07/2026;2026;7;Jul.;julho;2026-07;Jul./26;Maurele Soares;Maurele Soares;True;getcredpromotora;Upgrade;Não informado;Conexão adicional de WhatsApp - WABA;Conexão adicional de WhatsApp - WABA;https://app.pipefy.com/open-cards/1422218105;Up;Não informado;Outros motivos descritos;Up - 2 conexões waba (178). Protocolo: 202607301834667;1;178.0;0.0;Upgrade;;;Não calculado
30/07/2026;2026;7;Jul.;julho;2026-07;Jul./26;Melissa Duarte;Melissa Duarte;True;cursoasb;Upgrade;Não informado;IA CSAT;IA CSAT;https://app.pipefy.com/open-cards/1421915824;Up;Não informado;Outros motivos descritos;UP IA Csat 1000 creditos R$25,90;1;25.9;0.0;Upgrade;;;Não calculado
30/07/2026;2026;7;Jul.;julho;2026-07;Jul./26;Nathalia Carmo;Nathalia Carmo;True;lojadofiltro;Upgrade;Não informado;Conexão Instagram Direct;Conexão Instagram Direct;https://app.pipefy.com/open-cards/1422016491;Up;Não informado;Outros motivos descritos;UPGRADE: Conexão de Instagram | R$89,00;1;89.0;0.0;Upgrade;;;Não calculado
30/07/2026;2026;7;Jul.;julho;2026-07;Jul./26;Noemy Biazão;Noemy Biazão;True;carlaandradeadv;Upgrade;Não informado;Servidores;Servidores;https://app.pipefy.com/open-cards/1422186758;Up;Não informado;Outros motivos descritos;UP de Servidor 4/8 R$169,00;1;169.0;0.0;Upgrade;;;Não calculado
30/07/2026;2026;7;Jul.;julho;2026-07;Jul./26;Noemy Biazão;Noemy Biazão;True;lanucyadvocacia;Upgrade;Não informado;Servidores;Servidores;https://app.pipefy.com/open-cards/1421927816;Up;Não informado;Outros motivos descritos;UP de Servidor 2/4 R$89,00;1;89.0;0.0;Upgrade;;;Não calculado
30/07/2026;2026;7;Jul.;julho;2026-07;Jul./26;Noemy Biazão;Noemy Biazão;True;mathiascontabilidade;Upgrade;Não informado;Servidores;Servidores;https://app.pipefy.com/open-cards/1421860837;Up;Não informado;Outros motivos descritos;UP de Servidor 2/4 R$89,00;1;89.0;0.0;Upgrade;;;Não calculado
30/07/2026;2026;7;Jul.;julho;2026-07;Jul./26;Noemy Biazão;Noemy Biazão;True;paivafigueiredo;Upgrade;Não informado;Chat interno;Chat interno;https://app.pipefy.com/open-cards/1421945696;Up;Não informado;Outros motivos descritos;UP de Chat Interno R$89,00;1;89.0;0.0;Upgrade;;;Não calculado
30/07/2026;2026;7;Jul.;julho;2026-07;Jul./26;Noemy Biazão;Noemy Biazão;True;pharmapelevv;Upgrade;Não informado;Servidores;Servidores;https://app.pipefy.com/open-cards/1421904437;Up;Não informado;Outros motivos descritos;UP de Servidor 2/4 R$89,00;1;89.0;0.0;Upgrade;;;Não calculado
30/07/2026;2026;7;Jul.;julho;2026-07;Jul./26;Priscila Pavani;Priscila Pavani;True;plamev;Upgrade;Não informado;Conexão adicional de WhatsApp - WABA;Conexão adicional de WhatsApp - WABA;https://app.pipefy.com/open-cards/1421890379;Up;Não informado;Redução de custo;Tipo: Upgrade Produto: 1 Conexão WABA / Gupshup / Direct Payment API-31995414392 (Cuidados Contínuos) Valor: R$ 89,00 URL: plamev Protocolo: 202607291831964 OBS: Essa conexão foi migrada da URL: plamev1.;1;89.0;0.0;Upgrade;;;Não calculado
30/07/2026;2026;7;Jul.;julho;2026-07;Jul./26;Sabrina Soares;Sabrina Soares;True;canabravaresort;Upgrade;Não informado;Conexão adicional de WhatsApp;Conexão adicional de WhatsApp;https://app.pipefy.com/open-cards/1422181362;Up;Não informado;Outros motivos descritos;Upgrade de conexão adicional de WhatsApp R$89;1;89.0;0.0;Upgrade;;;Não calculado
30/07/2026;2026;7;Jul.;julho;2026-07;Jul./26;Sabrina Soares;Sabrina Soares;True;gestaoopme2;Upgrade;Não informado;Usuário adicional;Usuário adicional;https://app.pipefy.com/open-cards/1422010977;Up;Não informado;Outros motivos descritos;Upgrade de 15 usuários adicionais R$435;1;435.0;0.0;Upgrade;;;Não calculado
30/07/2026;2026;7;Jul.;julho;2026-07;Jul./26;Sabrina Soares;Sabrina Soares;True;mscredflex;Upgrade;Não informado;Conexão adicional de WhatsApp - WABA;Conexão adicional de WhatsApp - WABA;https://app.pipefy.com/open-cards/1422063027;Up;Não informado;Outros motivos descritos;Upgrade de conexão de WhatsApp de Waba R$89.;1;178.0;0.0;Upgrade;;;Não calculado
30/07/2026;2026;7;Jul.;julho;2026-07;Jul./26;Sabrina Soares;Sabrina Soares;True;mtectelecom;Upgrade;Não informado;Servidores;Servidores;https://app.pipefy.com/open-cards/1422196422;Up;Não informado;Outros motivos descritos;Upgrade de servidor 2/4 por R$89;1;89.0;0.0;Upgrade;;;Não calculado
30/07/2026;2026;7;Jul.;julho;2026-07;Jul./26;Sabrina Soares;Sabrina Soares;True;regeanebransinadv;Upgrade;Não informado;Servidores;Servidores;https://app.pipefy.com/open-cards/1422213472;Up;Não informado;Outros motivos descritos;Upgrade de servidor 2/4 por R$89;1;89.0;0.0;Upgrade;;;Não calculado
30/07/2026;2026;7;Jul.;julho;2026-07;Jul./26;Sabrina Soares;Sabrina Soares;True;segala;Upgrade;Não informado;Conexão adicional de WhatsApp;Conexão adicional de WhatsApp;https://app.pipefy.com/open-cards/1422020257;Up;Não informado;Outros motivos descritos;Upgrade de conexão adicional standard R$89.;1;89.0;0.0;Upgrade;;;Não calculado
30/07/2026;2026;7;Jul.;julho;2026-07;Jul./26;Sabrina Soares;Sabrina Soares;True;wteixeira;Upgrade;Não informado;"Usuário adicional; Distribuição automática";"Usuário adicional; Distribuição automática";https://app.pipefy.com/open-cards/1422016542;Up;Não informado;Processo/uso operacional;Upgrade realizado: 3 usuários adicionais + distribuição automática R$116;2;116.0;0.0;Upgrade;;;Não calculado
30/07/2026;2026;7;Jul.;julho;2026-07;Jul./26;Vinicius Simões;Vinicius Simões;True;acprime;Upgrade;Não informado;Conexão adicional de WhatsApp - WABA;Conexão adicional de WhatsApp - WABA;https://app.pipefy.com/open-cards/1421870551;Up;Não informado;Outros motivos descritos;Upgrade: - 1x Conexão adicional de WhatsApp API Oficial - R$ 69,00;1;69.0;0.0;Upgrade;;;Não calculado
30/07/2026;2026;7;Jul.;julho;2026-07;Jul./26;Vinicius Simões;Vinicius Simões;True;pharmapelenatal;Upgrade;Não informado;Primeira ativação de número oficial;Primeira ativação de número oficial;https://app.pipefy.com/open-cards/1421987115;Up;Não informado;Outros motivos descritos;Upgrade: - 1x Conexão de WhatsApp API Oficial - R$ 89,00;1;89.0;0.0;Upgrade;;;Não calculado
30/07/2026;2026;7;Jul.;julho;2026-07;Jul./26;Vinicius Simões;Vinicius Simões;True;riogrande;Upgrade;Não informado;Conexão adicional de WhatsApp - WABA;Conexão adicional de WhatsApp - WABA;https://app.pipefy.com/open-cards/1421910790;Up;Não informado;Outros motivos descritos;Upgrade: - 1x Conexão adicional de WhatsApp API Oficial - R$ 89,00;1;89.0;0.0;Upgrade;;;Não calculado
30/07/2026;2026;7;Jul.;julho;2026-07;Jul./26;Vinicius Simões;Vinicius Simões;True;rvconsultoriacontabil;Upgrade;Não informado;Conexão adicional de WhatsApp - WABA;Conexão adicional de WhatsApp - WABA;https://app.pipefy.com/open-cards/1421898338;Up;Não informado;Outros motivos descritos;Upgrade: - 1x Conexão adicional de WhatsApp API Oficial - R$ 89,00;1;89.0;0.0;Upgrade;;;Não calculado
31/07/2026;2026;7;Jul.;julho;2026-07;Jul./26;Mariana Nunes;Mariana Nunes;True;homeoform;Upgrade;Não informado;Servidores;Servidores;https://app.pipefy.com/open-cards/1422573632;Up;Não informado;Outros motivos descritos;Upgrade servidor 2/4 R$ 89,00 | Protocolo 202607301834555;1;89.0;0.0;Upgrade;;;Não calculado
31/07/2026;2026;7;Jul.;julho;2026-07;Jul./26;Maurele Soares;Maurele Soares;True;conthagora;Upgrade;Não informado;Servidores;Servidores;https://app.pipefy.com/open-cards/1422761310;Up;Não informado;Outros motivos descritos;Up servidor2/4 (89,00). Protocolo: 202607301834443.;1;89.0;0.0;Upgrade;;;Não calculado
31/07/2026;2026;7;Jul.;julho;2026-07;Jul./26;Maurele Soares;Maurele Soares;True;lojatriptem;Upgrade;Não informado;Servidores;Servidores;https://app.pipefy.com/open-cards/1422845775;Up;Não informado;Outros motivos descritos;UP - Servidor 2/4 (89,00). Protocolo: 202607311835809;1;89.0;0.0;Upgrade;;;Não calculado
31/07/2026;2026;7;Jul.;julho;2026-07;Jul./26;Melissa Duarte;Melissa Duarte;True;maryhelpcuritiba2;Upgrade;Não informado;Usuário adicional;Usuário adicional;https://app.pipefy.com/open-cards/1422844193;Up;Não informado;Outros motivos descritos;up 2 usuários adicionais com desconto mary help 21,90 cada - total 43,80;1;43.8;0.0;Upgrade;;;Não calculado
31/07/2026;2026;7;Jul.;julho;2026-07;Jul./26;Sabrina Soares;Sabrina Soares;True;bstrac;Upgrade;Não informado;Servidores;Servidores;https://app.pipefy.com/open-cards/1422550745;Up;Não informado;Outros motivos descritos;UP - servidor 2/4 R$89.;1;89.0;0.0;Upgrade;;;Não calculado
31/07/2026;2026;7;Jul.;julho;2026-07;Jul./26;Sabrina Soares;Sabrina Soares;True;friedrichmagroadv;Upgrade;Não informado;Usuário adicional;Usuário adicional;https://app.pipefy.com/open-cards/1422840462;Up;Não informado;Outros motivos descritos;Upgrade de 1 usuário adicional R$29;1;29.0;0.0;Upgrade;;;Não calculado
31/07/2026;2026;7;Jul.;julho;2026-07;Jul./26;Sabrina Soares;Sabrina Soares;True;suporteunifique;Upgrade;Não informado;Servidores;Servidores;https://app.pipefy.com/open-cards/1422663643;Up;Não informado;Outros motivos descritos;UPGRADE - Servidor 2/4 R$89.;1;89.0;0.0;Upgrade;;;Não calculado
31/07/2026;2026;7;Jul.;julho;2026-07;Jul./26;Sabrina Soares;Sabrina Soares;True;valencaacademia;Upgrade;Não informado;Usuário adicional;Usuário adicional;https://app.pipefy.com/open-cards/1422543951;Up;Não informado;Outros motivos descritos;up usuário adicional R$29;1;29.0;0.0;Upgrade;;;Não calculado
31/07/2026;2026;7;Jul.;julho;2026-07;Jul./26;Sabrina Soares;Sabrina Soares;True;vitoriaware;Upgrade;Não informado;Servidores;Servidores;https://app.pipefy.com/open-cards/1422512984;Up;Não informado;Outros motivos descritos;UP - Servidor 2/4 R$89.;1;89.0;0.0;Upgrade;;;Não calculado
31/07/2026;2026;7;Jul.;julho;2026-07;Jul./26;Vinicius Simões;Vinicius Simões;True;certiseg;Upgrade;Não informado;Conexão adicional de WhatsApp - WABA;Conexão adicional de WhatsApp - WABA;https://app.pipefy.com/open-cards/1422788720;Up;Não informado;Outros motivos descritos;Upgrade: - 1x Conexão adicional de WhatsApp API Oficial - R$ 89,00;1;89.0;0.0;Upgrade;;;Não calculado
31/07/2026;2026;7;Jul.;julho;2026-07;Jul./26;Vinicius Simões;Vinicius Simões;True;henriquebancario;Upgrade;Não informado;Conexão adicional de WhatsApp - WABA;Conexão adicional de WhatsApp - WABA;https://app.pipefy.com/open-cards/1422805614;Up;Não informado;Outros motivos descritos;Upgrade: - 1x Conexão adicional de WhatsApp API Oficial - R$ 89,00;1;89.0;0.0;Upgrade;;;Não calculado
31/07/2026;2026;7;Jul.;julho;2026-07;Jul./26;Vinicius Simões;Vinicius Simões;True;ir9;Upgrade;Não informado;Primeira ativação de número oficial;Primeira ativação de número oficial;https://app.pipefy.com/open-cards/1422698162;Up;Não informado;Outros motivos descritos;Upgrade: - 1x Conexão de WhatsApp API Oficial - R$ 89,00;1;89.0;0.0;Upgrade;;;Não calculado
31/07/2026;2026;7;Jul.;julho;2026-07;Jul./26;Vinicius Simões;Vinicius Simões;True;naricosguimaraesadv4;Upgrade;Não informado;Primeira ativação de número oficial;Primeira ativação de número oficial;https://app.pipefy.com/open-cards/1422606449;Up;Não informado;Outros motivos descritos;Upgrade: - 1x Conexão de WhatsApp API Oficial;1;89.0;0.0;Upgrade;;;Não calculado
03/08/2026;2026;8;Ago.;agosto;2026-08;Ago./26;Gustavo Medeiros;Gustavo Medeiros;True;pracontabil;Upgrade;Não informado;Chat interno;Chat interno;https://app.pipefy.com/open-cards/1424118918;Up;Não informado;Outros motivos descritos;Contratação de chat interno;1;89.0;0.0;Upgrade;;;Não calculado
03/08/2026;2026;8;Ago.;agosto;2026-08;Ago./26;Leticia Silva;Leticia Silva;True;arcertfoz;Upgrade;Não informado;IA Agent;IA Agent;https://app.pipefy.com/open-cards/1424088740;Up;Não informado;Outros motivos descritos;Up Agente IA 1000 créditos (R$112,90).;1;112.9;0.0;Upgrade;;;Não calculado
03/08/2026;2026;8;Ago.;agosto;2026-08;Ago./26;Leticia Silva;Leticia Silva;True;oe4s;Upgrade;Não informado;Primeira ativação de número oficial;Primeira ativação de número oficial;https://app.pipefy.com/open-cards/1423659935;Up;Não informado;Outros motivos descritos;Primeira Ativação de Número Oficial;1;89.0;0.0;Upgrade;;;Não calculado
03/08/2026;2026;8;Ago.;agosto;2026-08;Ago./26;Leticia Silva;Leticia Silva;True;oesmi;Upgrade;Não informado;Primeira ativação de número oficial;Primeira ativação de número oficial;https://app.pipefy.com/open-cards/1424123835;Up;Não informado;Outros motivos descritos;Primeira ativação de número oficial.;1;89.0;0.0;Upgrade;;;Não calculado
03/08/2026;2026;8;Ago.;agosto;2026-08;Ago./26;Mariana Nunes;Mariana Nunes;True;ciclomotos;Upgrade;Não informado;Servidores;Servidores;https://app.pipefy.com/open-cards/1423622786;Up;Não informado;Redução de custo;Upgrade servidor 2/4, concedido desconto de R$ 20,00, valor ficou em R$ 69,00 | Protocolo: 202608011836093;1;69.0;0.0;Upgrade;;;Não calculado
03/08/2026;2026;8;Ago.;agosto;2026-08;Ago./26;Mariana Nunes;Mariana Nunes;True;paineldefinancas;Upgrade;Não informado;Servidores;Servidores;https://app.pipefy.com/open-cards/1423679898;Up;Não informado;Outros motivos descritos;Upgrade servidor 2/4 R$ 89,00 | Protocolo: 202607311835961;1;89.0;0.0;Upgrade;;;Não calculado
03/08/2026;2026;8;Ago.;agosto;2026-08;Ago./26;Mariana Nunes;Mariana Nunes;True;zooagropesca;Upgrade;Não informado;Servidores;Servidores;https://app.pipefy.com/open-cards/1423594600;Up;Não informado;Outros motivos descritos;Upgrade servidor 2/4 R$ 89,00 | Protocolo 202607311835885;1;89.0;0.0;Upgrade;;;Não calculado
03/08/2026;2026;8;Ago.;agosto;2026-08;Ago./26;Maurele Soares;Maurele Soares;True;colibri;Upgrade;Não informado;Combo Essencial;Combo Essencial;https://app.pipefy.com/open-cards/1423727323;Up;Não informado;Outros motivos descritos;UP - combo ia essencial (355,90). Protocolo: 202608031836249;1;355.9;0.0;Upgrade;;;Não calculado
03/08/2026;2026;8;Ago.;agosto;2026-08;Ago./26;Maurele Soares;Maurele Soares;True;crsrc;Upgrade;Não informado;Transcrição de Áudio;Transcrição de Áudio;https://app.pipefy.com/open-cards/1424046964;Up;Não informado;Outros motivos descritos;Up - transcrição de áudio 1000 (49,90). Protocolo: 202608031837309;1;49.9;0.0;Upgrade;;;Não calculado
03/08/2026;2026;8;Ago.;agosto;2026-08;Ago./26;Maurele Soares;Maurele Soares;True;laluxosemijoias;Upgrade;Não informado;"Conexão adicional de WhatsApp; Texto Mágico";"Conexão adicional de WhatsApp; Texto Mágico";https://app.pipefy.com/open-cards/1423648129;Up;Não informado;Outros motivos descritos;Up - ia texto mágico 1000 (19,90), conexão adicional (74,00);2;93.9;0.0;Upgrade;;;Não calculado
03/08/2026;2026;8;Ago.;agosto;2026-08;Ago./26;Nathalia Carmo;Nathalia Carmo;True;acessomedicamentos;Upgrade;Não informado;Texto Mágico;Texto Mágico;https://app.pipefy.com/open-cards/1423677765;Up;Não informado;Outros motivos descritos;UPGRADE: IA Texto Mágico | 1.000 créditos por R$19,90;1;19.9;0.0;Upgrade;;;Não calculado
03/08/2026;2026;8;Ago.;agosto;2026-08;Ago./26;Nathalia Carmo;Nathalia Carmo;True;b8digital;Upgrade;Não informado;Usuário adicional;Usuário adicional;https://app.pipefy.com/open-cards/1423778195;Up;Não informado;Outros motivos descritos;UPGRADE: 1 usuário adicional | R$29,00;1;29.0;0.0;Upgrade;;;Não calculado
03/08/2026;2026;8;Ago.;agosto;2026-08;Ago./26;Nathalia Carmo;Nathalia Carmo;True;cpo;Upgrade;Não informado;Usuário adicional;Usuário adicional;https://app.pipefy.com/open-cards/1423827971;Up;Não informado;Outros motivos descritos;UPGRADE: 3 usuários adicionais | R$87,00;1;87.0;0.0;Upgrade;;;Não calculado
03/08/2026;2026;8;Ago.;agosto;2026-08;Ago./26;Nathalia Carmo;Nathalia Carmo;True;eliteimoveis;Upgrade;Não informado;Resumo Inteligente;Resumo Inteligente;https://app.pipefy.com/open-cards/1423727870;Up;Não informado;Outros motivos descritos;UPGRADE: IA Resumo Inteligente | 500 créditos por R$ 29,90;1;29.9;0.0;Upgrade;;;Não calculado
03/08/2026;2026;8;Ago.;agosto;2026-08;Ago./26;Nathalia Carmo;Nathalia Carmo;True;locadoracincoestrelas;Upgrade;Não informado;IA Agent;IA Agent;https://app.pipefy.com/open-cards/1423818954;Up;Não informado;Outros motivos descritos;UPGRADE: IA Agente Inteligente | 10.000 créditos por R$724,90;1;724.9;0.0;Upgrade;;;Não calculado
03/08/2026;2026;8;Ago.;agosto;2026-08;Ago./26;Sabrina Soares;Sabrina Soares;True;drogariasaoleopoldo;Upgrade;Não informado;Conexão adicional de WhatsApp;Conexão adicional de WhatsApp;https://app.pipefy.com/open-cards/1424011957;Up;Não informado;Outros motivos descritos;UP: Conexão adicional de WhatsApp Standard R$89;1;89.0;0.0;Upgrade;;;Não calculado
03/08/2026;2026;8;Ago.;agosto;2026-08;Ago./26;Sabrina Soares;Sabrina Soares;True;easydr;Upgrade;Não informado;Primeira ativação de número oficial;Primeira ativação de número oficial;https://app.pipefy.com/open-cards/1424131548;Up;Não informado;Processo/uso operacional;Processo WABA no CS concluído: Conexão adicional COEX / 360Dialog / Direct Payment | 1x R$ 89,00 | R$ 89,00 Broker: 360Dialog Coex: Sim (X ) Não ( );1;89.0;0.0;Upgrade;;;Não calculado
03/08/2026;2026;8;Ago.;agosto;2026-08;Ago./26;Sabrina Soares;Sabrina Soares;True;gvimoveis;Upgrade;Não informado;IA Agent;IA Agent;https://app.pipefy.com/open-cards/1423906946;Up;Não informado;Outros motivos descritos;UP : IA Agente - 1.000 créditos R$112,90;1;112.9;0.0;Upgrade;;;Não calculado
03/08/2026;2026;8;Ago.;agosto;2026-08;Ago./26;Sabrina Soares;Sabrina Soares;True;netvision;Upgrade;Não informado;Servidores;Servidores;https://app.pipefy.com/open-cards/1424036815;Up;Não informado;Outros motivos descritos;UP - servidor 2/4 R$89.;1;89.0;0.0;Upgrade;;;Não calculado
04/08/2026;2026;8;Ago.;agosto;2026-08;Ago./26;Ana Bamonte;Ana Bamonte;True;comercialt2;Upgrade;Não informado;Servidores;Servidores;https://app.pipefy.com/open-cards/1424876045;Up;Não informado;Outros motivos descritos;Mudança servidor 2/4;1;89.0;0.0;Upgrade;;;Não calculado
04/08/2026;2026;8;Ago.;agosto;2026-08;Ago./26;Guilherme Virgilio Soares;Guilherme Virgilio Soares;True;alrtec;Upgrade;Não informado;Conexão adicional de WhatsApp - WABA;Conexão adicional de WhatsApp - WABA;https://app.pipefy.com/open-cards/1424654334;Up;Não informado;Outros motivos descritos;- Upgrade: Conexão adicional WABA | R$ 89,00 |;1;89.0;0.0;Upgrade;;;Não calculado
04/08/2026;2026;8;Ago.;agosto;2026-08;Ago./26;Guilherme Virgilio Soares;Guilherme Virgilio Soares;True;esoncontabil;Upgrade;Não informado;Funil de vendas;Funil de vendas;https://app.pipefy.com/open-cards/1424869528;Up;Não informado;Outros motivos descritos;- Upgrade: Funil de vendas | R$ 49,00 |;1;49.0;0.0;Upgrade;;;Não calculado
04/08/2026;2026;8;Ago.;agosto;2026-08;Ago./26;Guilherme Virgilio Soares;Guilherme Virgilio Soares;True;nexoraplay;Upgrade;Não informado;Pacotes SMS Disparo em Massa;Pacotes SMS Disparo em Massa;https://app.pipefy.com/open-cards/1424644287;Up;Não informado;Outros motivos descritos;- Upgrade:  SMS - 500 créditos | R$ 75,00 |;1;75.0;0.0;Upgrade;;;Não calculado
04/08/2026;2026;8;Ago.;agosto;2026-08;Ago./26;Guilherme Virgilio Soares;Guilherme Virgilio Soares;True;rosadesertofortaleza;Upgrade;Não informado;Conexão Facebook Messenger;Conexão Facebook Messenger;https://app.pipefy.com/open-cards/1424815399;Up;Não informado;Outros motivos descritos;- Upgrade:  Conexão adicional Facebook | R$ 89,00 |;1;89.0;0.0;Upgrade;;;Não calculado
04/08/2026;2026;8;Ago.;agosto;2026-08;Ago./26;Gustavo Medeiros;Gustavo Medeiros;True;aerotime;Upgrade;Não informado;Servidores;Servidores;https://app.pipefy.com/open-cards/1424863738;Up;Não informado;Outros motivos descritos;upgrade servidor 2/4;1;89.0;0.0;Upgrade;;;Não calculado
04/08/2026;2026;8;Ago.;agosto;2026-08;Ago./26;Leticia Silva;Leticia Silva;True;arcertfoz;Upgrade;Não informado;Primeira ativação de número oficial;Primeira ativação de número oficial;https://app.pipefy.com/open-cards/1424444656;Up;Não informado;Outros motivos descritos;Primeira Ativação de Número Oficial;1;89.0;0.0;Upgrade;;;Não calculado
04/08/2026;2026;8;Ago.;agosto;2026-08;Ago./26;Leticia Silva;Leticia Silva;True;machadoexavierss;Upgrade;Não informado;Primeira ativação de número oficial;Primeira ativação de número oficial;https://app.pipefy.com/open-cards/1424538498;Up;Não informado;Outros motivos descritos;Primeira Ativação de Número Oficial;1;89.0;0.0;Upgrade;;;Não calculado
04/08/2026;2026;8;Ago.;agosto;2026-08;Ago./26;Leticia Silva;Leticia Silva;True;newmobby;Upgrade;Não informado;Primeira ativação de número oficial;Primeira ativação de número oficial;https://app.pipefy.com/open-cards/1424478959;Up;Não informado;Outros motivos descritos;Primeira Ativação de Número Oficial;1;89.0;0.0;Upgrade;;;Não calculado
04/08/2026;2026;8;Ago.;agosto;2026-08;Ago./26;Mariana Nunes;Mariana Nunes;True;bateloadvogados;Upgrade;Não informado;Funil de vendas;Funil de vendas;https://app.pipefy.com/open-cards/1424501818;Up;Não informado;Outros motivos descritos;Upgrade Funil de Vendas R$ 49,00 | Protocolo 202608041838066;1;49.0;0.0;Upgrade;;;Não calculado
04/08/2026;2026;8;Ago.;agosto;2026-08;Ago./26;Mariana Nunes;Mariana Nunes;True;cartoriojk;Upgrade;Não informado;Usuário adicional;Usuário adicional;https://app.pipefy.com/open-cards/1424846302;Up;Não informado;Outros motivos descritos;Upgrade 7 usuários adicionais R$ 29,00 cada | Protocolo 202608041838947;1;203.0;0.0;Upgrade;;;Não calculado
04/08/2026;2026;8;Ago.;agosto;2026-08;Ago./26;Mariana Nunes;Mariana Nunes;True;jclseguros;Upgrade;Não informado;Integração;Integração;https://app.pipefy.com/open-cards/1424432298;Up;Não informado;Outros motivos descritos;Não informado;1;59.99;0.0;Upgrade;;;Não calculado
04/08/2026;2026;8;Ago.;agosto;2026-08;Ago./26;Nathalia Carmo;Nathalia Carmo;True;fmgbrasil;Upgrade;Não informado;Servidores;Servidores;https://app.pipefy.com/open-cards/1424430627;Up;Não informado;Outros motivos descritos;UPGRADE: Servidor 4/8 | R$169,00;1;169.0;0.0;Upgrade;;;Não calculado
04/08/2026;2026;8;Ago.;agosto;2026-08;Ago./26;Nathalia Carmo;Nathalia Carmo;True;garrastazuadvogados;Upgrade;Não informado;Conexão Instagram Direct;Conexão Instagram Direct;https://app.pipefy.com/open-cards/1424481499;Up;Não informado;Outros motivos descritos;UPGRADE: Conexão adicional de Instagram | R$89,00;1;89.0;0.0;Upgrade;;;Não calculado
04/08/2026;2026;8;Ago.;agosto;2026-08;Ago./26;Sabrina Soares;Sabrina Soares;True;brindillarventura;Upgrade;Não informado;Servidores;Servidores;https://app.pipefy.com/open-cards/1424865871;Up;Não informado;Outros motivos descritos;UP - servidor 2/4 por R$26. Aplicado 20% de desconto no servidor conforme autorização do Paulo.;1;26.0;0.0;Upgrade;;;Não calculado
04/08/2026;2026;8;Ago.;agosto;2026-08;Ago./26;Sabrina Soares;Sabrina Soares;True;getcredpromotora;Upgrade;Não informado;Conexão adicional de WhatsApp - WABA;Conexão adicional de WhatsApp - WABA;https://app.pipefy.com/open-cards/1424459958;Up;Não informado;Outros motivos descritos;Up de conexão WABA R$89;1;89.0;0.0;Upgrade;;;Não calculado
04/08/2026;2026;8;Ago.;agosto;2026-08;Ago./26;Sabrina Soares;Sabrina Soares;True;lunidigital;Upgrade;Não informado;Integração;Integração;https://app.pipefy.com/open-cards/1424438119;Up;Não informado;Outros motivos descritos;Não informado;1;59.99;0.0;Upgrade;;;Não calculado
04/08/2026;2026;8;Ago.;agosto;2026-08;Ago./26;Sabrina Soares;Sabrina Soares;True;rezzombeauty;Upgrade;Não informado;"Conexão Instagram Direct; Conexão Facebook Messenger";Conexão Instagram Direct + outros;https://app.pipefy.com/open-cards/1424750497;Up;Não informado;Outros motivos descritos;Upgrade de conexão instagram e facebook R$138 (69 cada).;2;138.0;0.0;Upgrade;;;Não calculado
04/08/2026;2026;8;Ago.;agosto;2026-08;Ago./26;Tadiane Biason;Tadiane Biason;True;nepuga;Upgrade;Não informado;Conexão adicional de WhatsApp - WABA;Conexão adicional de WhatsApp - WABA;https://app.pipefy.com/open-cards/1424840020;Up;Não informado;Redução de custo;Tipo: Upgrade  Produto: 4 conexões WABA / Gupshup / Direct Payment  Valor: R$ 356,00 URL: nepuga  Protocolo: 202608041839261;1;356.0;0.0;Upgrade;;;Não calculado
05/08/2026;2026;8;Ago.;agosto;2026-08;Ago./26;Ana Bamonte;Ana Bamonte;True;cruzeironatal;Upgrade;Não informado;Servidores;Servidores;https://app.pipefy.com/open-cards/1425086722;Up;Não informado;Outros motivos descritos;Upgrade para servidor 4/8. Protocolo 202608041838842;1;169.0;0.0;Upgrade;;;Não calculado
05/08/2026;2026;8;Ago.;agosto;2026-08;Ago./26;Ana Bamonte;Ana Bamonte;True;kingpage;Upgrade;Não informado;Servidores;Servidores;https://app.pipefy.com/open-cards/1425077846;Up;Não informado;Outros motivos descritos;Upgrade para servidor 4/8;1;169.0;0.0;Upgrade;;;Não calculado
05/08/2026;2026;8;Ago.;agosto;2026-08;Ago./26;Nathalia Carmo;Nathalia Carmo;True;drabrunagarcia;Upgrade;Não informado;Funil de vendas;Funil de vendas;https://app.pipefy.com/open-cards/1425081171;Up;Não informado;Outros motivos descritos;UPGRADE: Funil de Vendas | R$49,00;1;49.0;0.0;Upgrade;;;Não calculado
