Data;Ano;MesNum;Mês;MesLongo;AnoMes;Periodo;proprietario;proprietario_filtro;Proprietario_Nome_Valido;subdominio;tema;tipo;produtos_digisac;Produto_Curto;card_financeiro;tipo_servico;motivo_downgrade;Situacao_Down;descricao;qtd_servicos;total_up_RS;total_down_RS;Movimento;criacao_url;Tempo_vida_cli;Faixa_Vida
12/09/2025;2025;9;Set.;setembro;2025-09;Set./25;Mariana Nunes;Mariana Nunes;True;riocontrol;Downgrade;Não informado;Integração;Integração;https://app.pipefy.com/open-cards/1213146818;Migração/Outro;Redução de demanda;Redução de custo;Down: Integração RD CRM / Valor: R$ 59,99 / Protocolo: 202509111482595;1;0.0;0.0;Downgrade;;;Não calculado
12/09/2025;2025;9;Set.;setembro;2025-09;Set./25;Sem proprietário;Usuário inexistente;False;fgryngbdgns;Downgrade;Não informado;E-mail adicional;E-mail adicional;https://app.pipefy.com/open-cards/1212922177;Migração/Outro;Custo Benefício;Redução de custo;egsyrhegtgbhsy;1;0.0;0.0;Downgrade;;;Não calculado
12/09/2025;2025;9;Set.;setembro;2025-09;Set./25;Vinicius Simões;Vinicius Simões;True;beflycentervale;Downgrade;Não informado;Funil de vendas;Funil de vendas;https://app.pipefy.com/open-cards/1213132254;Migração/Outro;Falta de Funcionalidade;Processo/uso operacional;Downgrade: - Funil de Vendas - R$ 89,00  Motivo: o cliente explicou que esperava uma ferramenta automatizada quando o lead entrasse no atendimento.;1;0.0;0.0;Downgrade;;;Não calculado
15/09/2025;2025;9;Set.;setembro;2025-09;Set./25;Leticia Silva;Leticia Silva;True;drexameitaquera;Downgrade;Não informado;Conexão adicional de WhatsApp;Conexão adicional de WhatsApp;https://app.pipefy.com/open-cards/1214822559;Migração/Outro;Redução de demanda;Redução de custo;Down referente a 2 conexões de whatsapp. Valor: R$ 178,00;1;0.0;0.0;Downgrade;;;Não calculado
15/09/2025;2025;9;Set.;setembro;2025-09;Set./25;Leticia Silva;Leticia Silva;True;gsoft;Downgrade;Não informado;Combo de IA's;Combo de IA's;https://app.pipefy.com/open-cards/1214394829;Migração/Outro;Falta de Funcionalidade;Outros motivos descritos;DOWN referente ao Combo Start IA, cliente não se adaptou a ferramenta, principalmente referente ao copiloto, pois seu desejo era de que o mesmo fornecesse respostas mais detalhadas e com base em pesquisas externas.;1;0.0;0.0;Downgrade;;;Não calculado
15/09/2025;2025;9;Set.;setembro;2025-09;Set./25;Luis Siqueira;Luis Siqueira;True;cosel1;Downgrade;Não informado;Distribuição automática;Distribuição automática;https://app.pipefy.com/open-cards/1214717587;Migração/Outro;Solução própria;Troca de solução / concorrente;Down;1;0.0;0.0;Downgrade;;;Não calculado
15/09/2025;2025;9;Set.;setembro;2025-09;Set./25;Sem proprietário;Usuário inexistente;False;polomasther;Downgrade;Não informado;Usuário adicional;Usuário adicional;https://app.pipefy.com/open-cards/1214529816;Migração/Outro;Redução de funcionários;Redução de custo;Down Usuários. redução de quadro de funcionários.;1;0.0;0.0;Downgrade;;;Não calculado
16/09/2025;2025;9;Set.;setembro;2025-09;Set./25;80402395;Usuário inexistente;False;utmify;Downgrade;Não informado;IA Copiloto;IA Copiloto;https://app.pipefy.com/open-cards/1215170510;Migração/Outro;Problema sistêmico (cliente);Problema técnico / limitação;Cliente alega que não possui o material necessário para utilização do recurso Copiloto. Pretende recontratar em breve.;1;0.0;0.0;Downgrade;;;Não calculado
16/09/2025;2025;9;Set.;setembro;2025-09;Set./25;Leticia Silva;Leticia Silva;True;cfccamburi;Downgrade;Não informado;Servidores;Servidores;https://app.pipefy.com/open-cards/1215076443;Migração/Outro;Sem informação;Outros motivos descritos;Solicitação de Down referente a servidor 2/4. Cliente não dá retorno.;1;0.0;0.0;Downgrade;;;Não calculado
16/09/2025;2025;9;Set.;setembro;2025-09;Set./25;Leticia Silva;Leticia Silva;True;saceros;Downgrade;Não informado;Usuário adicional;Usuário adicional;https://app.pipefy.com/open-cards/1215522190;Migração/Outro;Redução de funcionários;Redução de custo;Down referente a remoção de 7 usuários adicionais.;1;0.0;0.0;Downgrade;;;Não calculado
16/09/2025;2025;9;Set.;setembro;2025-09;Set./25;Sem proprietário;Usuário inexistente;False;naricosguimaraesadv4;Downgrade;Não informado;Combo Start;Combo Start;https://app.pipefy.com/open-cards/1215400476;Migração/Outro;Custo Benefício;Redução de custo;Downgrade Combo Start = R$ 173,90/mensais;1;0.0;0.0;Downgrade;;;Não calculado
17/09/2025;2025;9;Set.;setembro;2025-09;Set./25;80402395;Usuário inexistente;False;grupocompunet;Downgrade;Não informado;Integração;Integração;https://app.pipefy.com/open-cards/1215864869;Migração/Outro;Integração (responsabilidade terceiro);Outros motivos descritos;DownGrade Integração SGP.;1;0.0;0.0;Downgrade;;;Não calculado
17/09/2025;2025;9;Set.;setembro;2025-09;Set./25;80402395;Usuário inexistente;False;odontoz;Downgrade;Não informado;Funil de vendas;Funil de vendas;https://app.pipefy.com/open-cards/1216229776;Migração/Outro;Não viu valor agregado;Redução de custo;Down Funil de vendas.  Cliente alegou ter implementado o controle por Planilhas Acredita ser mais pratico.;1;0.0;0.0;Downgrade;;;Não calculado
17/09/2025;2025;9;Set.;setembro;2025-09;Set./25;Leticia Silva;Leticia Silva;True;drlucas;Downgrade;Não informado;Funil de vendas;Funil de vendas;https://app.pipefy.com/open-cards/1216000071;Migração/Outro;Falta de Funcionalidade;Outros motivos descritos;Módulo não atendeu as expectativas de cliente.;1;0.0;0.0;Downgrade;;;Não calculado
17/09/2025;2025;9;Set.;setembro;2025-09;Set./25;Sem proprietário;Usuário inexistente;False;mercedo;Downgrade;Não informado;Conexão adicional de WhatsApp;Conexão adicional de WhatsApp;https://app.pipefy.com/open-cards/1216167823;Migração/Outro;Redução de demanda;Redução de custo;Redução de demanda de atendimento.;1;0.0;0.0;Downgrade;;;Não calculado
18/09/2025;2025;9;Set.;setembro;2025-09;Set./25;83205771;Usuário inexistente;False;rayanemachado;Downgrade;Não informado;Integração;Integração;https://app.pipefy.com/open-cards/1216602012;Migração/Outro;Integração (responsabilidade terceiro);Cancelamento / encerramento;"Downgrade - Integração HubSpot - 89,99 - Protocolo; 202509181489035 - A cliente não irá mais utilizar a Hub e deseja cancelar a integração com a plataforma.";1;0.0;0.0;Downgrade;;;Não calculado
18/09/2025;2025;9;Set.;setembro;2025-09;Set./25;Sem proprietário;Usuário inexistente;False;retipasso;Downgrade;Não informado;Funil de vendas;Funil de vendas;https://app.pipefy.com/open-cards/1216573018;Migração/Outro;Integração (responsabilidade terceiro);Outros motivos descritos;Down funil de vendas - Cliente alega não estar utilizando. Sem mais.;1;0.0;0.0;Downgrade;;;Não calculado
18/09/2025;2025;9;Set.;setembro;2025-09;Set./25;Vinicius Simões;Vinicius Simões;True;barbosasilvaadv2;Downgrade;Não informado;Funil de vendas;Funil de vendas;https://app.pipefy.com/open-cards/1216827251;Migração/Outro;Custo Benefício;Redução de custo;Downgrade: - Funil de Vendas - R$ 89,00;1;0.0;0.0;Downgrade;;;Não calculado
18/09/2025;2025;9;Set.;setembro;2025-09;Set./25;Vinicius Simões;Vinicius Simões;True;carolcatugy;Downgrade;Não informado;"Usuário adicional; Funil de vendas";"Usuário adicional; Funil de vendas";https://app.pipefy.com/open-cards/1216762870;Migração/Outro;Sazonal;Redução de custo;Downgrade: - 2x Usuários adicionais - R$ 58,00 - Funil de Vendas - R$ 89,90  Motivo: o cliente ainda não deu inicio ao uso de sua plataforma e ficará por mais 15 dias sem iniciar, para não perder tudo, ele irá reduzir para o plano acelera apenas mantendo um usuário para deixar a plataforma ativa.  OBS: quando retornar, favor manter o valor do plano base em R$ 187,00.;2;0.0;0.0;Downgrade;;;Não calculado
19/09/2025;2025;9;Set.;setembro;2025-09;Set./25;80402395;Usuário inexistente;False;tanakocasaeconstrucao;Downgrade;Não informado;Funil de vendas;Funil de vendas;https://app.pipefy.com/open-cards/1217107160;Migração/Outro;Não se adaptou ao produto;Outros motivos descritos;Down Funil de vendas. Cliente alega que o seu time não se adaptou ao produto.;1;0.0;0.0;Downgrade;;;Não calculado
19/09/2025;2025;9;Set.;setembro;2025-09;Set./25;Leticia Silva;Leticia Silva;True;lurk;Downgrade;Não informado;IA Agent;IA Agent;https://app.pipefy.com/open-cards/1217287238;Migração/Outro;Falta de Funcionalidade;Cancelamento / encerramento;Cliente solicitou cancelamento do agente, a mesma está com problemas no robô o que acarreta no não funcionamento do agente, esmo propondo soluções, cliente decidiu seguir com o cancelamento do agente.;1;0.0;0.0;Downgrade;;;Não calculado
19/09/2025;2025;9;Set.;setembro;2025-09;Set./25;Leticia Silva;Leticia Silva;True;vianaspetshop;Downgrade;Não informado;"Combo de IA's; Funil de vendas";"Combo de IA's; Funil de vendas";https://app.pipefy.com/open-cards/1217464997;Migração/Outro;Falta de Funcionalidade;Processo/uso operacional;Down Combo IA e Funil de Vendas, não funcionou para operação de cliente.;2;0.0;0.0;Downgrade;;;Não calculado
19/09/2025;2025;9;Set.;setembro;2025-09;Set./25;Sem proprietário;Usuário inexistente;False;centroauditivoouvir;Downgrade;Não informado;Funil de vendas;Funil de vendas;https://app.pipefy.com/open-cards/1217213644;Migração/Outro;Não viu valor agregado;Redução de custo;CLIENTE não fez o uso da ferramenta, com isso ela seguiu com a redução em seu contrato;1;0.0;0.0;Downgrade;;;Não calculado
19/09/2025;2025;9;Set.;setembro;2025-09;Set./25;Sem proprietário;Usuário inexistente;False;ciromathias;Downgrade;Não informado;"Chat interno; Funil de vendas; Conexão Facebook Messenger";Chat interno + outros;https://app.pipefy.com/open-cards/1217141884;Migração/Outro;Problema sistêmico (cliente);Redução de custo;A plataforma foi avaliada como excelente, assim como seus recursos.  A equipe, entretanto, não conseguiu se adaptar plenamente, devido ao grande volume de leads. Não há tempo hábil para realizar o cadastramento manual no funil de vendas.  O chat interno não será utilizado neste momento, visto que toda a equipe permanece na mesma sala e o recurso estaria gerando custo desnecessário.  Em relação ao Facebook, como a empresa trabalha com marketplace, os anúncios ficam vinculados ao perfil pessoal ao invés da página, o que não atende às necessidades da equipe.A plataforma foi avaliada como excelente, assim como seus recursos.;3;0.0;0.0;Downgrade;;;Não calculado
22/09/2025;2025;9;Set.;setembro;2025-09;Set./25;80402395;Usuário inexistente;False;clinicapopular;Downgrade;Não informado;"Cancelamento da conexão WABA; Conexão adicional de WhatsApp; Usuário adicional; Servidores; Conexão Instagram Direct";Cancelamento da conexão WABA + outros;https://app.pipefy.com/open-cards/1218979070;Migração/Outro;Falta de Funcionalidade;Cancelamento / encerramento;O cliente relatou que no ano passado firmou um projeto para integração com o sistema ERP utilizado pela empresa. Informou que o processo se estendeu por aproximadamente 6 a 7 meses, porém não obteve resultados efetivos. Em função disso, optou pelo cancelamento do projeto e contratou uma nova plataforma que já possuía a integração pronta com seu sistema. - Clinica nas Nuvens - ERP - Ialui - Plataforma atendimento;5;0.0;0.0;Downgrade;;;Não calculado
22/09/2025;2025;9;Set.;setembro;2025-09;Set./25;80402395;Usuário inexistente;False;heckvoigtadvocacia;Downgrade;Não informado;IA Agent;IA Agent;https://app.pipefy.com/open-cards/1219013304;Migração/Outro;Desistência da contratação;Outros motivos descritos;Se trata de una desistência, cliente não utilizou, não deu detalhes sobre.;1;0.0;0.0;Downgrade;;;Não calculado
22/09/2025;2025;9;Set.;setembro;2025-09;Set./25;Leticia Silva;Leticia Silva;True;fdadvogados;Downgrade;Não informado;IA Copiloto;IA Copiloto;https://app.pipefy.com/open-cards/1219275783;Migração/Outro;Falta de Funcionalidade;Cancelamento / encerramento;Cliente entrou em contato solicitando cancelamento do copiloto, não gostou da ferramenta.;1;0.0;0.0;Downgrade;;;Não calculado
22/09/2025;2025;9;Set.;setembro;2025-09;Set./25;Leticia Silva;Leticia Silva;True;vilacaipira;Downgrade;Não informado;Funil de vendas;Funil de vendas;https://app.pipefy.com/open-cards/1219320142;Migração/Outro;Não se adaptou ao produto;Outros motivos descritos;Down referente ao funil de vendas, cliente não está mais utilizando.;1;0.0;0.0;Downgrade;;;Não calculado
22/09/2025;2025;9;Set.;setembro;2025-09;Set./25;Sem proprietário;Usuário inexistente;False;jaservicosadm;Downgrade;Não informado;"Distribuição automática; Usuário adicional; Conexão adicional de WhatsApp";Distribuição automática + outros;https://app.pipefy.com/open-cards/1219315390;Migração/Outro;Redução de demanda;Redução de custo;Redução de 7 usuarios, 1 conexão adicional, distrbuição aumatica e mudança do plano base para o acelera(opção não possui pra preencher isso);3;0.0;0.0;Downgrade;;;Não calculado
23/09/2025;2025;9;Set.;setembro;2025-09;Set./25;80401157;Usuário inexistente;False;naricosguimaraesadv4;Downgrade;Não informado;Funil de vendas;Funil de vendas;https://app.pipefy.com/open-cards/1219976069;Migração/Outro;Desistência da contratação;Outros motivos descritos;Downgrade da ferramenta Funil de Vendas R$49/mês;1;0.0;0.0;Downgrade;;;Não calculado
23/09/2025;2025;9;Set.;setembro;2025-09;Set./25;80402395;Usuário inexistente;False;clinicavidacabucu;Downgrade;Não informado;Integração;Integração;https://app.pipefy.com/open-cards/1219942893;Migração/Outro;Integração (responsabilidade terceiro);Outros motivos descritos;Down Integração Clinica nas Nuvens.;1;0.0;0.0;Downgrade;;;Não calculado
23/09/2025;2025;9;Set.;setembro;2025-09;Set./25;80402395;Usuário inexistente;False;vemdemagical;Downgrade;Não informado;Distribuição automática;Distribuição automática;https://app.pipefy.com/open-cards/1220027152;Migração/Outro;Problema sistêmico (cliente);Problema técnico / limitação;Durante o atendimento, foi explicado ao cliente que a agência tem como prática realizar um pré-atendimento humanizado antes de direcionar os contatos às consultoras.  Foi esclarecido que o recurso em questão havia sido ativado apenas no último mês, em caráter temporário, pois o responsável pelo pré-atendimento estava em viagem e não poderia executar essa etapa. Nesse período, os contatos passaram a ser encaminhados diretamente às consultoras.  Ressaltou-se que essa ativação não ocorreu por problemas no recurso, mas sim por uma decisão estratégica diante da ausência mencionada. Com o retorno do responsável, a agência retomará o modelo habitual de trabalho, que consiste na qualificação prévia do cliente antes do direcionamento às consultoras para continuidade da proposta.  Foi destacado ainda que esse formato de atendimento já vem sendo aplicado com o DigiSac há mais de dois anos, sendo a forma de trabalho preferida e consolidada pela agência.;1;0.0;0.0;Downgrade;;;Não calculado
23/09/2025;2025;9;Set.;setembro;2025-09;Set./25;83205771;Usuário inexistente;False;guglielmieortiz;Downgrade;Não informado;Conexão Instagram Direct;Conexão Instagram Direct;https://app.pipefy.com/open-cards/1219973299;Migração/Outro;Não viu valor agregado;Redução de custo;A cliente descreveu que a conexão não atendeu as necessidades da empresa. Downgrade - Instagram - 89,00 - Protocolo: 202509231496073;1;0.0;0.0;Downgrade;;;Não calculado
23/09/2025;2025;9;Set.;setembro;2025-09;Set./25;Leticia Silva;Leticia Silva;True;atendimentoamigoone;Downgrade;Não informado;"Usuário adicional; Conexão adicional de WhatsApp";Usuário adicional + outros;https://app.pipefy.com/open-cards/1219839683;Migração/Outro;Migrando de Plataforma;Redução de custo;Down referente a conexão e ao usuário adicionais / deu erro ao reduzir pelo meu plano. Cliente deseja manter a plataforma apenas para fins consultivos.;2;0.0;0.0;Downgrade;;;Não calculado
23/09/2025;2025;9;Set.;setembro;2025-09;Set./25;Leticia Silva;Leticia Silva;True;carmosociedadeadv;Downgrade;Não informado;Funil de vendas;Funil de vendas;https://app.pipefy.com/open-cards/1220055711;Migração/Outro;Falta de Funcionalidade;Outros motivos descritos;Cliente solicitou a remoção do Funil.;1;0.0;0.0;Downgrade;;;Não calculado
23/09/2025;2025;9;Set.;setembro;2025-09;Set./25;Leticia Silva;Leticia Silva;True;fopay;Downgrade;Não informado;Funil de vendas;Funil de vendas;https://app.pipefy.com/open-cards/1219866956;Migração/Outro;Falta de Funcionalidade;Outros motivos descritos;Down referente ao Funil de Vendas, cliente disse que o que ele faz no Funil ele consegue realizar por um excel.;1;0.0;0.0;Downgrade;;;Não calculado
24/09/2025;2025;9;Set.;setembro;2025-09;Set./25;83205771;Usuário inexistente;False;brefforts;Downgrade;Não informado;Integração;Integração;https://app.pipefy.com/open-cards/1220666087;Migração/Outro;Desistência da contratação;Baixa utilização / sem valor percebido;Downgrade - Integração com RD Station - 59,99 - Protocolo: 202509241497880  A cliente informou que não utiliza mais o recurso.;1;0.0;0.0;Downgrade;;;Não calculado
24/09/2025;2025;9;Set.;setembro;2025-09;Set./25;Leticia Silva;Leticia Silva;True;bolpar;Downgrade;Não informado;"IA Copiloto; Resumo Inteligente; Texto Mágico";"IA Copiloto; Resumo Inteligente; Texto Mágico";https://app.pipefy.com/open-cards/1220738167;Migração/Outro;Redução de funcionários;Redução de custo;Down referente ao Combo IA Copiloto, Resumo Inteligente e Texto Mágico (empresa passando por reestruturação financeira).;3;0.0;0.0;Downgrade;;;Não calculado
24/09/2025;2025;9;Set.;setembro;2025-09;Set./25;Leticia Silva;Leticia Silva;True;knucklehead;Downgrade;Não informado;Funil de vendas;Funil de vendas;https://app.pipefy.com/open-cards/1220747749;Migração/Outro;Redução de funcionários;Redução de custo;Down referente ao Funil de Vendas, cliente disse que a ferramenta não é nada pratica a ida do vendedor até o funil dele - abrir a conversa também não é prática e quando clica na conversa ele volta pro visual do chat - entao esse caminho de trabalho não ajudou no engajamento dos vendedores.;1;0.0;0.0;Downgrade;;;Não calculado
24/09/2025;2025;9;Set.;setembro;2025-09;Set./25;Leticia Silva;Leticia Silva;True;lolekviagens;Downgrade;Não informado;Funil de vendas;Funil de vendas;https://app.pipefy.com/open-cards/1220522198;Migração/Outro;Falta de Funcionalidade;Processo/uso operacional;Down referente ao Funil de Vendas, falta de funcionalidade relacionada a operação de cliente.;1;0.0;0.0;Downgrade;;;Não calculado
24/09/2025;2025;9;Set.;setembro;2025-09;Set./25;Tadiane Biason;Tadiane Biason;True;credhouse;Downgrade;Não informado;"Distribuição automática; Combo de IA's";"Distribuição automática; Combo de IA's";https://app.pipefy.com/open-cards/1220687012;Migração/Outro;Não viu valor agregado;Redução de custo;Downgrade - Combo do lançamento - IA Texto Mágico - 113,00 |Distribuição Automática - 149,00. URL: credhouse Protocolo: 202509241499040;2;0.0;0.0;Downgrade;;;Não calculado
24/09/2025;2025;9;Set.;setembro;2025-09;Set./25;Vinicius Simões;Vinicius Simões;True;agenciaimpulsiona;Downgrade;Não informado;Funil de vendas;Funil de vendas;https://app.pipefy.com/open-cards/1220486535;Migração/Outro;Não viu valor agregado;Redução de custo;Downgrade:  - Funil de Vendas - R$ 49,90  Motivo: o cliente explicou que contratou mas não teve tempo de usa-lo ainda, com isso, irá remover de seu plano e, quando estiver com mais tempo, volta a contrata-lo.;1;0.0;0.0;Downgrade;;;Não calculado
25/09/2025;2025;9;Set.;setembro;2025-09;Set./25;80402395;Usuário inexistente;False;lumeraviaggi;Downgrade;Não informado;Funil de vendas;Funil de vendas;https://app.pipefy.com/open-cards/1221163916;Migração/Outro;Não viu valor agregado;Redução de custo;Cliente alega que não estão utilizando o recurso. Não deu mais detalhes.;1;0.0;0.0;Downgrade;;;Não calculado
25/09/2025;2025;9;Set.;setembro;2025-09;Set./25;82573565;Usuário inexistente;False;cartaodetodosaovicente;Downgrade;Não informado;"Usuário adicional; Conexão adicional de WhatsApp";Usuário adicional + outros;https://app.pipefy.com/open-cards/1221089901;Migração/Outro;Redução de demanda;Redução de custo;DOWNGRADE - 7 usuários R$ 153,30 e 7 conexões R$ 343,00 | R$ 496,30;2;0.0;0.0;Downgrade;;;Não calculado
25/09/2025;2025;9;Set.;setembro;2025-09;Set./25;82573565;Usuário inexistente;False;creditoparaempresa;Downgrade;Não informado;Distribuição automática;Distribuição automática;https://app.pipefy.com/open-cards/1221148159;Migração/Outro;Redução de demanda;Redução de custo;DOWNGRADE: Distribuição Automática - R$ 149,00. Vai habilitar funcionalidade em outra URL que possui.;1;0.0;0.0;Downgrade;;;Não calculado
25/09/2025;2025;9;Set.;setembro;2025-09;Set./25;82573565;Usuário inexistente;False;habreu;Downgrade;Não informado;Funil de vendas;Funil de vendas;https://app.pipefy.com/open-cards/1221278070;Migração/Outro;Desistência da contratação;Outros motivos descritos;Downgrade - Funil de Vendas - R$ 49,90 - Protocolo: 202509241499729;1;0.0;0.0;Downgrade;;;Não calculado
25/09/2025;2025;9;Set.;setembro;2025-09;Set./25;83205771;Usuário inexistente;False;avanteassessoria;Downgrade;Não informado;Resumo Inteligente;Resumo Inteligente;https://app.pipefy.com/open-cards/1221228033;Migração/Outro;Não viu valor agregado;Redução de custo;Downgrade - Resumo Inteligente - 55,90 - Protocolo: 202509251500341 Não alcançou as expectativas no uso do dia a dia.;1;0.0;0.0;Downgrade;;;Não calculado
25/09/2025;2025;9;Set.;setembro;2025-09;Set./25;83205771;Usuário inexistente;False;cantinaemcasa;Downgrade;Não informado;Chat interno;Chat interno;https://app.pipefy.com/open-cards/1221253427;Migração/Outro;Não se adaptou ao produto;Outros motivos descritos;O time do cliente não se adaptou a funcionalidade, por trabalharem em um ambiente pequeno e de fácil comunicação.;1;0.0;0.0;Downgrade;;;Não calculado
25/09/2025;2025;9;Set.;setembro;2025-09;Set./25;83205771;Usuário inexistente;False;clinicamultidiciplinar;Downgrade;Não informado;"Resumo Inteligente; Texto Mágico";"Resumo Inteligente; Texto Mágico";https://app.pipefy.com/open-cards/1221409174;Migração/Outro;Redução de demanda;Redução de custo;Downgrade - IA Resumo Inteligente - Plano 2.000 créditos e IA Texto Mágico - 2.000 créditos - Protocolo: 202509251501177  Cliente relatou que não está utilizando todos os crédito e que deseja diminuir, formalização do UP em outro contrato.;2;0.0;0.0;Downgrade;;;Não calculado
25/09/2025;2025;9;Set.;setembro;2025-09;Set./25;83205771;Usuário inexistente;False;fsadvogados;Downgrade;Não informado;Combo Start;Combo Start;https://app.pipefy.com/open-cards/1221171713;Migração/Outro;Não viu valor agregado;Redução de custo;Downgrade - Combo start IA - 173,90 - Protocolo: 202509251500519 Cliente não viu valor agregado nas IA's exceto a transcrição de áudio.;1;0.0;0.0;Downgrade;;;Não calculado
25/09/2025;2025;9;Set.;setembro;2025-09;Set./25;83205771;Usuário inexistente;False;simplificapn;Downgrade;Não informado;IA Agent;IA Agent;https://app.pipefy.com/open-cards/1221337728;Migração/Outro;Desistência da contratação;Outros motivos descritos;DOWNGRADE - Agente Inteligente 112,90 - Protocolo: 202509251500921 - Cliente relatou que não tem tempo para configurar e que não está usando,;1;0.0;0.0;Downgrade;;;Não calculado
25/09/2025;2025;9;Set.;setembro;2025-09;Set./25;Leticia Silva;Leticia Silva;True;bbrandaoadv;Downgrade;Não informado;Funil de vendas;Funil de vendas;https://app.pipefy.com/open-cards/1221427541;Migração/Outro;Falta de Funcionalidade;Outros motivos descritos;Down referente ao Funil de Vendas.;1;0.0;0.0;Downgrade;;;Não calculado
25/09/2025;2025;9;Set.;setembro;2025-09;Set./25;Leticia Silva;Leticia Silva;True;ovosmombuca;Downgrade;Não informado;"Conexão Instagram Direct; Conexão Facebook Messenger";Conexão Instagram Direct + outros;https://app.pipefy.com/open-cards/1221413215;Migração/Outro;Falta de Funcionalidade;Outros motivos descritos;Down referente a conexão de Instagram e Facebook.;2;0.0;0.0;Downgrade;;;Não calculado
25/09/2025;2025;9;Set.;setembro;2025-09;Set./25;Leticia Silva;Leticia Silva;True;vcpjzen;Downgrade;Não informado;Funil de vendas;Funil de vendas;https://app.pipefy.com/open-cards/1221431140;Migração/Outro;Não viu valor agregado;Redução de custo;DOWN Funil de Vendas, não atendeu expectativas de cliente.;1;0.0;0.0;Downgrade;;;Não calculado
25/09/2025;2025;9;Set.;setembro;2025-09;Set./25;Sem proprietário;Usuário inexistente;False;202509241499729;Downgrade;Não informado;Funil de vendas;Funil de vendas;https://app.pipefy.com/open-cards/1221536048;Migração/Outro;Desistência da contratação;Outros motivos descritos;Downgrade - Funil de Vendas - R$ 49,90 - Protocolo: 202509241499729;1;0.0;0.0;Downgrade;;;Não calculado
26/09/2025;2025;9;Set.;setembro;2025-09;Set./25;82573565;Usuário inexistente;False;acessamedmais;Downgrade;Não informado;"Integração; Funil de vendas";"Integração; Funil de vendas";https://app.pipefy.com/open-cards/1222266556;Migração/Outro;Desistência da contratação;Outros motivos descritos;Downgrade Integração RD Station R$ 59,99 e Funil de vendas R$ 49,00;2;0.0;0.0;Downgrade;;;Não calculado
26/09/2025;2025;9;Set.;setembro;2025-09;Set./25;83205771;Usuário inexistente;False;sag2servicosmedicos;Downgrade;Não informado;"Conexão adicional de WhatsApp; Web chat";"Conexão adicional de WhatsApp; Web chat";https://app.pipefy.com/open-cards/1222130668;Migração/Outro;UP por engano;Outros motivos descritos;Dowgrade - Conexão de Whatsapp e Webchat - 178,00 - Protocolo: 202509261502353  Up feito errado;2;0.0;0.0;Downgrade;;;Não calculado
26/09/2025;2025;9;Set.;setembro;2025-09;Set./25;Leticia Silva;Leticia Silva;True;toppromotora;Downgrade;Não informado;Usuário adicional;Usuário adicional;https://app.pipefy.com/open-cards/1222051716;Migração/Outro;Redução de demanda;Redução de custo;Down referente a 1 usuário bonificado + 7 adicionais.;1;0.0;0.0;Downgrade;;;Não calculado
26/09/2025;2025;9;Set.;setembro;2025-09;Set./25;Sem proprietário;Usuário inexistente;False;fhimoveis;Downgrade;Não informado;Chat interno;Chat interno;https://app.pipefy.com/open-cards/1221916460;Migração/Outro;Falta de Funcionalidade;Redução de custo;O chat apresentou demora para atualização em alguns momentos, o que fez com que parte da equipe não visualizasse determinadas mensagens, prejudicando a comunicação interna.  Foi observado que a configuração do recurso de chat difere do funcionamento do WhatsApp. Isso impacta o compartilhamento de arquivos, pois não é possível apenas encaminhá-los — é necessário realizar o download e, em seguida, anexar novamente. Esse processo demanda mais tempo e reduz a otimização das tarefas.  Exemplo relatado: um cliente enviou um arquivo que poderia ter sido encaminhado diretamente para o grupo no chat, porém foi necessário baixá-lo e depois anexá-lo manualmente.  Por fim, o cliente informou ter encontrado uma forma mais eficiente de comunicação com a equipe, de modo que o uso do chat não se faz mais necessário.;1;0.0;0.0;Downgrade;;;Não calculado
26/09/2025;2025;9;Set.;setembro;2025-09;Set./25;Sem proprietário;Usuário inexistente;False;manaucd;Downgrade;Não informado;Funil de vendas;Funil de vendas;https://app.pipefy.com/open-cards/1221840136;Migração/Outro;Desistência da contratação;Outros motivos descritos;Downgrade - Funil de Vendas - R$ 49,90 - Protocolo: 202509241499729;1;0.0;0.0;Downgrade;;;Não calculado
26/09/2025;2025;9;Set.;setembro;2025-09;Set./25;Sem proprietário;Usuário inexistente;False;sampali;Downgrade;Não informado;Conexão Instagram Direct;Conexão Instagram Direct;https://app.pipefy.com/open-cards/1222257752;Migração/Outro;Sem informação;Redução de custo;redução do instagram;1;0.0;0.0;Downgrade;;;Não calculado
29/09/2025;2025;9;Set.;setembro;2025-09;Set./25;82573565;Usuário inexistente;False;maryhelpswisspark;Downgrade;Não informado;"Usuário adicional; Conexão adicional de WhatsApp";Usuário adicional + outros;https://app.pipefy.com/open-cards/1223632343;Migração/Outro;Desistência da contratação;Outros motivos descritos;DOWNGRADE - 1 usuário R$ 29,00 + 1 conexão R$ 89,00 - Meu plano | Protocolo: 202509261502672;2;0.0;0.0;Downgrade;;;Não calculado
29/09/2025;2025;9;Set.;setembro;2025-09;Set./25;82573565;Usuário inexistente;False;suportenorth;Downgrade;Não informado;Conexão adicional de WhatsApp;Conexão adicional de WhatsApp;https://app.pipefy.com/open-cards/1223856752;Migração/Outro;Desistência da contratação;Outros motivos descritos;DOWNGRADE - 1 Conexão adicional Whatsapp R$ 89,00 | Protocolo: 202509281503059;1;0.0;0.0;Downgrade;;;Não calculado
29/09/2025;2025;9;Set.;setembro;2025-09;Set./25;83205771;Usuário inexistente;False;maislaseralphaville;Downgrade;Não informado;Funil de vendas;Funil de vendas;https://app.pipefy.com/open-cards/1223800321;Migração/Outro;Não se adaptou ao produto;Outros motivos descritos;Downgrade - Funil de Vendas - 89,00 - Protocolo: 202509291504402 . Não coube na rotina;1;0.0;0.0;Downgrade;;;Não calculado
29/09/2025;2025;9;Set.;setembro;2025-09;Set./25;83205771;Usuário inexistente;False;maislaserpompeia;Downgrade;Não informado;Funil de vendas;Funil de vendas;https://app.pipefy.com/open-cards/1223813238;Migração/Outro;Não se adaptou ao produto;Outros motivos descritos;Down - Funil de vendas - 49,00 - Protocolo: 202509291504402;1;0.0;0.0;Downgrade;;;Não calculado
29/09/2025;2025;9;Set.;setembro;2025-09;Set./25;Luis Siqueira;Luis Siqueira;True;secretariamultipla;Downgrade;Não informado;IA Agent;IA Agent;https://app.pipefy.com/open-cards/1223649638;Migração/Outro;Não se adaptou ao produto;Outros motivos descritos;Cliente disse que nao era o que ela esperava;1;0.0;0.0;Downgrade;;;Não calculado
29/09/2025;2025;9;Set.;setembro;2025-09;Set./25;Sem proprietário;Usuário inexistente;False;amorsaudesaovicente;Downgrade;Não informado;Conexão adicional de WhatsApp;Conexão adicional de WhatsApp;https://app.pipefy.com/open-cards/1223929199;Migração/Outro;Desistência da contratação;Redução de custo;O cliente solicitou a migração de uma conexão standard já ativa para oficial. Ele possui Plano Base WABA com conexões adicionais standard. Realizei o downgrade da conexão standard e o upgrade para conexão oficial. Quanto ao valor da fatura, não haverá alteração.;1;0.0;0.0;Downgrade;;;Não calculado
30/09/2025;2025;9;Set.;setembro;2025-09;Set./25;82573565;Usuário inexistente;False;emedlitoral;Downgrade;Não informado;Usuário adicional;Usuário adicional;https://app.pipefy.com/open-cards/1224433869;Migração/Outro;Falta de Funcionalidade;Outros motivos descritos;Downgrade - 2 usuários (adicional e bonificado) - R$ 29,00 - Meu Plano;1;0.0;0.0;Downgrade;;;Não calculado
30/09/2025;2025;9;Set.;setembro;2025-09;Set./25;82573565;Usuário inexistente;False;moveisalmare;Downgrade;Não informado;Funil de vendas;Funil de vendas;https://app.pipefy.com/open-cards/1224268068;Migração/Outro;Desistência da contratação;Outros motivos descritos;DOWNGRADE - Funil de vendas R$ 89,90 - 202509301504915;1;0.0;0.0;Downgrade;;;Não calculado
30/09/2025;2025;9;Set.;setembro;2025-09;Set./25;82573565;Usuário inexistente;False;vieiraadvocacia;Downgrade;Não informado;Funil de vendas;Funil de vendas;https://app.pipefy.com/open-cards/1224688224;Migração/Outro;Desistência da contratação;Outros motivos descritos;DOWNGRADE - Funil de vendas R$ 49,00 | Protocolo: 202509301505152;1;0.0;0.0;Downgrade;;;Não calculado
30/09/2025;2025;9;Set.;setembro;2025-09;Set./25;83205771;Usuário inexistente;False;climatrix1;Downgrade;Não informado;Funil de vendas;Funil de vendas;https://app.pipefy.com/open-cards/1224353837;Migração/Outro;Não se adaptou ao produto;Outros motivos descritos;Downgrade - Funil de Vendas - 49,00 - PROTOCOLO: 202509301505185. Cliente informou que não se adaptou e não teve tempo;1;0.0;0.0;Downgrade;;;Não calculado
30/09/2025;2025;9;Set.;setembro;2025-09;Set./25;83205771;Usuário inexistente;False;pionen;Downgrade;Não informado;Combo Start;Combo Start;https://app.pipefy.com/open-cards/1224526292;Migração/Outro;Não se adaptou ao produto;Outros motivos descritos;Downgrade - Combo start IA - 173,90 - Protocolo: 202509301505534 O cliente informou que a equipe não está utilizando o restante das IA's;1;0.0;0.0;Downgrade;;;Não calculado
30/09/2025;2025;9;Set.;setembro;2025-09;Set./25;Leticia Silva;Leticia Silva;True;recursodemultasreaver;Downgrade;Não informado;"Conexão Instagram Direct; Servidores; Conexão adicional de WhatsApp";Conexão Instagram Direct + outros;https://app.pipefy.com/open-cards/1224234626;Migração/Outro;Redução de demanda;Redução de custo;Down referente a Servidor 4/8, Conexão Adicional de WhatsApp e Conexao de Instagram (cliente possui uma outra URL reavermanhuacu e deseja manter a recursodemultasreaver apenas para fins de consulta).;3;0.0;0.0;Downgrade;;;Não calculado
30/09/2025;2025;9;Set.;setembro;2025-09;Set./25;Leticia Silva;Leticia Silva;True;vittaconsultoria;Downgrade;Não informado;Funil de vendas;Funil de vendas;https://app.pipefy.com/open-cards/1224485521;Migração/Outro;Falta de Funcionalidade;Outros motivos descritos;Down referente ao Funil de Vendas (não estava sendo utilizado).;1;0.0;0.0;Downgrade;;;Não calculado
30/09/2025;2025;9;Set.;setembro;2025-09;Set./25;Luis Siqueira;Luis Siqueira;True;novapromotora;Downgrade;Não informado;"Integração; Funil de vendas";"Integração; Funil de vendas";https://app.pipefy.com/open-cards/1224352515;Migração/Outro;Migrando de Plataforma;Redução de custo;Cliente quer apenas seguir com valores mais baixos e basicos;2;0.0;0.0;Downgrade;;;Não calculado
01/10/2025;2025;10;Out.;outubro;2025-10;Out./25;80402395;Usuário inexistente;False;emeclinic;Downgrade;Não informado;"Funil de vendas; IA Copiloto";"Funil de vendas; IA Copiloto";https://app.pipefy.com/open-cards/1225078960;Migração/Outro;Não viu valor agregado;Redução de custo;Cliente alega redução de custos, falta de utilização.  Quanto ao Funil de vendas, seu investimento estava em R$89,00 mensais, ofertado o valor promocional, porém preferiu seguir com o cancelamento.;2;0.0;0.0;Downgrade;;;Não calculado
01/10/2025;2025;10;Out.;outubro;2025-10;Out./25;83205771;Usuário inexistente;False;credfacilcastanhal;Downgrade;Não informado;Conexão Instagram Direct;Conexão Instagram Direct;https://app.pipefy.com/open-cards/1225100803;Migração/Outro;Problema sistêmico (cliente);Problema técnico / limitação;Downgrade - Conexão do Instagram - 89,00 - Protocolo: 202510011507029 . Cliente perdeu a conta do Facebook e do Instagram;1;0.0;0.0;Downgrade;;;Não calculado
01/10/2025;2025;10;Out.;outubro;2025-10;Out./25;83205771;Usuário inexistente;False;gallianiassessoria;Downgrade;Não informado;Servidores;Servidores;https://app.pipefy.com/open-cards/1225184736;Migração/Outro;Migrando de Plataforma;Troca de solução / concorrente;Downgrade - Servidor - 138,00 - Protocolo: 202510011507481. Cliente irá sair da DigiSac, irá manter apenas para consulta de histórico.;1;0.0;0.0;Downgrade;;;Não calculado
01/10/2025;2025;10;Out.;outubro;2025-10;Out./25;Leticia Silva;Leticia Silva;True;mbseguros;Downgrade;Não informado;Chat interno;Chat interno;https://app.pipefy.com/open-cards/1225429004;Migração/Outro;Falta de Funcionalidade;Outros motivos descritos;Down referente ao Chat Interno.;1;0.0;0.0;Downgrade;;;Não calculado
01/10/2025;2025;10;Out.;outubro;2025-10;Out./25;Leticia Silva;Leticia Silva;True;sacmoradaurbana;Downgrade;Não informado;"Integração; Servidores";"Integração; Servidores";https://app.pipefy.com/open-cards/1225126542;Migração/Outro;Falta de Funcionalidade;Redução de custo;Down referente a Desenvolvimento Integração - Customizado e Servidor 2/4.;2;0.0;0.0;Downgrade;;;Não calculado
01/10/2025;2025;10;Out.;outubro;2025-10;Out./25;Luis Siqueira;Luis Siqueira;True;grupoangi;Downgrade;Não informado;Combo de IA's;Combo de IA's;https://app.pipefy.com/open-cards/1225415718;Migração/Outro;Não viu valor agregado;Redução de custo;Cliente pediu o down do combo de Ias;1;0.0;0.0;Downgrade;;;Não calculado
01/10/2025;2025;10;Out.;outubro;2025-10;Out./25;Luis Siqueira;Luis Siqueira;True;visionlife;Downgrade;Não informado;"Conexão adicional de WhatsApp; Usuário adicional";Conexão adicional de WhatsApp + outros;https://app.pipefy.com/open-cards/1225020171;Migração/Outro;Redução de funcionários;Redução de custo;Cliente seguiu com o down de 2 conexões e 2 usuarios adicionais;2;0.0;0.0;Downgrade;;;Não calculado
01/10/2025;2025;10;Out.;outubro;2025-10;Out./25;Sem proprietário;Usuário inexistente;False;mhvilamatildeclientes;Downgrade;Não informado;Conexão Instagram Direct;Conexão Instagram Direct;https://app.pipefy.com/open-cards/1225298538;Migração/Outro;Desistência da contratação;Outros motivos descritos;DOWNGRADE - 1 conexão de Instagram, R$ 89,00 | Protocolo: 202510011507257;1;0.0;0.0;Downgrade;;;Não calculado
02/10/2025;2025;10;Out.;outubro;2025-10;Out./25;82573565;Usuário inexistente;False;cliniben;Downgrade;Não informado;Conexão Instagram Direct;Conexão Instagram Direct;https://app.pipefy.com/open-cards/1226268535;Migração/Outro;Desistência da contratação;Outros motivos descritos;Downgrade - Usuários adicionais |  4 x 29,00 = R$ 116,00 e 1 conexão Instagram - R$ 89,00;1;0.0;0.0;Downgrade;;;Não calculado
02/10/2025;2025;10;Out.;outubro;2025-10;Out./25;82573565;Usuário inexistente;False;valoreseguros;Downgrade;Não informado;Chat interno;Chat interno;https://app.pipefy.com/open-cards/1225920297;Migração/Outro;Desistência da contratação;Outros motivos descritos;DOWNGRADE - Chat Interno R$ 69,90 | Protocolo: 202510011508129;1;0.0;0.0;Downgrade;;;Não calculado
02/10/2025;2025;10;Out.;outubro;2025-10;Out./25;Leticia Silva;Leticia Silva;True;vn3;Downgrade;Não informado;Integração;Integração;https://app.pipefy.com/open-cards/1225891492;Migração/Outro;Falta de Funcionalidade;Outros motivos descritos;Cliente está reformulando a área de marketing e vendas, ferramenta atendeu as expectativas, mas caiu em desuso pelo cenário atual.;1;0.0;0.0;Downgrade;;;Não calculado
02/10/2025;2025;10;Out.;outubro;2025-10;Out./25;Sem proprietário;Usuário inexistente;False;draalinebeu;Downgrade;Não informado;Funil de vendas;Funil de vendas;https://app.pipefy.com/open-cards/1226248345;Migração/Outro;Falta de Funcionalidade;Outros motivos descritos;Relatórios são insuficientes para o que a cliente precisa.;1;0.0;0.0;Downgrade;;;Não calculado
02/10/2025;2025;10;Out.;outubro;2025-10;Out./25;Sem proprietário;Usuário inexistente;False;segurosqualityplan;Downgrade;Não informado;Funil de vendas;Funil de vendas;https://app.pipefy.com/open-cards/1226112218;Migração/Outro;Desistência da contratação;Outros motivos descritos;DOWNGRADE - Funil de vendas R$ 49,00 | Protocolo: 202510021508950;1;0.0;0.0;Downgrade;;;Não calculado
02/10/2025;2025;10;Out.;outubro;2025-10;Out./25;Tadiane Biason;Tadiane Biason;True;credhouse;Downgrade;Não informado;Conexão adicional de WhatsApp - WABA;Conexão adicional de WhatsApp - WABA;https://app.pipefy.com/open-cards/1226077355;Migração/Outro;Dificuldade financeira;Redução de custo;Downgrade - 8 conexões Waba Valor: URL:632,00 URL:credhouse Protocolo: 202510021509238 Conexões: DESLIGAR1, DESLIGAR2. DESLIGAR3, DESLIGAR4, DESLIGAR5. DESLIGAR6, DESLIGAR7 8 DESLIGAR8;1;0.0;0.0;Downgrade;;;Não calculado
02/10/2025;2025;10;Out.;outubro;2025-10;Out./25;Tadiane Biason;Tadiane Biason;True;credhouseia;Downgrade;Não informado;Conexão adicional de WhatsApp - WABA;Conexão adicional de WhatsApp - WABA;https://app.pipefy.com/open-cards/1226085032;Migração/Outro;Dificuldade financeira;Redução de custo;Downgrade - 3 conexões Waba Valor: URL:237,00 URL:credhouseia Protocolo: 202510021509238 Conexões: DESLIGAR1, DESLIGAR2. DESLIGAR3;1;0.0;0.0;Downgrade;;;Não calculado
02/10/2025;2025;10;Out.;outubro;2025-10;Out./25;Tadiane Biason;Tadiane Biason;True;simplificacredito;Downgrade;Não informado;Servidores;Servidores;https://app.pipefy.com/open-cards/1225944810;Migração/Outro;Não viu valor agregado;Redução de custo;Tipo: Downgrade Servidor 64/64 para servidor 2/4 Produto:Servidor Valor: 1900,00 URL: simplificacredito Protocolo:202510011507301;1;0.0;0.0;Downgrade;;;Não calculado
03/10/2025;2025;10;Out.;outubro;2025-10;Out./25;82573565;Usuário inexistente;False;nicoliadv;Downgrade;Não informado;Conexão Facebook Messenger;Conexão Facebook Messenger;https://app.pipefy.com/open-cards/1227017245;Migração/Outro;Não viu valor agregado;Redução de custo;Downgrade - Conexão de Messenger Facebook R$ 89,00 | Motivo: Projeto cancelado não vão utilizar conexão | Protocolo: 202510031511471;1;0.0;0.0;Downgrade;;;Não calculado
03/10/2025;2025;10;Out.;outubro;2025-10;Out./25;83205771;Usuário inexistente;False;grupocompunet;Downgrade;Não informado;Integração;Integração;https://app.pipefy.com/open-cards/1226840001;Migração/Outro;Solução própria;Troca de solução / concorrente;Downgrade - Integração IXC 69,99 - Protocolo: 202509261502731;1;0.0;0.0;Downgrade;;;Não calculado
03/10/2025;2025;10;Out.;outubro;2025-10;Out./25;83205771;Usuário inexistente;False;metaltecdobrasil;Downgrade;Não informado;Integração;Integração;https://app.pipefy.com/open-cards/1226760146;Migração/Outro;Integração (responsabilidade terceiro);Problema técnico / limitação;"Downgrade - Integração com a RD Station - Protocolo: 202510031510980 Motivo; Está passando por problemas com a RD";1;0.0;0.0;Downgrade;;;Não calculado
03/10/2025;2025;10;Out.;outubro;2025-10;Out./25;Melissa Duarte;Melissa Duarte;True;braunaturismo;Downgrade;Não informado;Chat interno;Chat interno;https://app.pipefy.com/open-cards/1226603518;Migração/Outro;Não se adaptou ao produto;Outros motivos descritos;Down Chat Interno R$89,00;1;0.0;0.0;Downgrade;;;Não calculado
03/10/2025;2025;10;Out.;outubro;2025-10;Out./25;Sem proprietário;Usuário inexistente;False;dablio2000;Downgrade;Não informado;Conexão adicional de WhatsApp;Conexão adicional de WhatsApp;https://app.pipefy.com/open-cards/1226614501;Migração/Outro;Redução de demanda;Redução de custo;Down referente a 2 conexões adicionais de WhatsApp. Liberação feita pela Vivi, mas cliente ciente que nas próximas solicitações, as bonificadas serão removidas primeiro.;1;0.0;0.0;Downgrade;;;Não calculado
07/10/2025;2025;10;Out.;outubro;2025-10;Out./25;80401167;Usuário inexistente;False;peraltacobrancas;Downgrade;Não informado;Conexão adicional de WhatsApp - WABA;Conexão adicional de WhatsApp - WABA;https://app.pipefy.com/open-cards/1229878140;Migração/Outro;Banimento;Cancelamento / encerramento;Cliente teve a BM banida 27/09/2025 e pediu cancelamento das cinco conexões - 5 Conexão WABA / Gupshup / Direct Payment que totalizam R$395,00 - Protocolo 202510071514568 ( Conexões 554185313747 | 554191522066 | 554191869976 | 554192489259 | 554192436991 );1;0.0;0.0;Downgrade;;;Não calculado
07/10/2025;2025;10;Out.;outubro;2025-10;Out./25;80402395;Usuário inexistente;False;contecomigolocacao;Downgrade;Não informado;Chat interno;Chat interno;https://app.pipefy.com/open-cards/1229854020;Migração/Outro;Não se adaptou ao produto;Processo/uso operacional;Durante o atendimento, o cliente relatou que não conseguiu se adaptar adequadamente ao uso do recurso. Explicou que o ícone do chat é pouco visível, pois possui a mesma cor predominante do site, o que dificulta a identificação de novas mensagens. Mencionou ainda que o recurso não é intuitivo e sugeriu que poderia ser mais perceptível, semelhante a um aplicativo de mensagens, com maior destaque visual. Por esses motivos, informou que o uso da ferramenta não fez muito sentido para a equipe e que não houve boa adaptação.;1;0.0;0.0;Downgrade;;;Não calculado
07/10/2025;2025;10;Out.;outubro;2025-10;Out./25;82573565;Usuário inexistente;False;janainalacerdaadv;Downgrade;Não informado;"Conexão Facebook Messenger; Conexão Instagram Direct";Conexão Facebook Messenger + outros;https://app.pipefy.com/open-cards/1229518641;Migração/Outro;Falta de Funcionalidade;Outros motivos descritos;DOWNGRADE - Conexão de Messenger Facebook R$ 65,00 E Conexão de Instagram R$ 65,00 | Protocolo: 202510031511709;2;0.0;0.0;Downgrade;;;Não calculado
07/10/2025;2025;10;Out.;outubro;2025-10;Out./25;83205771;Usuário inexistente;False;acrilicoscentauri;Downgrade;Não informado;Funil de vendas;Funil de vendas;https://app.pipefy.com/open-cards/1229660959;Migração/Outro;Solução própria;Processo/uso operacional;O cliente informou que o recurso funciona muito bem e que não teve nenhuma experiência negativa, porém, como o processo de pedidos é realizado diretamente pelo ERP da empresa, o recurso acabou não sendo utilizado, por isso optou pela remoção.;1;0.0;0.0;Downgrade;;;Não calculado
07/10/2025;2025;10;Out.;outubro;2025-10;Out./25;Leticia Silva;Leticia Silva;True;andradeeteixeira;Downgrade;Não informado;Funil de vendas;Funil de vendas;https://app.pipefy.com/open-cards/1229888288;Migração/Outro;Dificuldade financeira;Redução de custo;Down referente ao Funil de Vendas, empresa passando por reestruturação financeira e também ferramenta não estava sendo utilizada.;1;0.0;0.0;Downgrade;;;Não calculado
07/10/2025;2025;10;Out.;outubro;2025-10;Out./25;Leticia Silva;Leticia Silva;True;lavo;Downgrade;Não informado;IA Copiloto;IA Copiloto;https://app.pipefy.com/open-cards/1229567542;Migração/Outro;Falta de Funcionalidade;Outros motivos descritos;Cliente reclamou que mesmo com a base de dados, o copiloto não fornece respostas precisas.;1;0.0;0.0;Downgrade;;;Não calculado
07/10/2025;2025;10;Out.;outubro;2025-10;Out./25;Leticia Silva;Leticia Silva;True;matrixhomem1;Downgrade;Não informado;Funil de vendas;Funil de vendas;https://app.pipefy.com/open-cards/1229504734;Migração/Outro;Redução de demanda;Redução de custo;Não está sendo utilizado, ele disse que oserviço não é tão necessario na empresa no momento, quem sabe recontratemos num futuro.;1;0.0;0.0;Downgrade;;;Não calculado
07/10/2025;2025;10;Out.;outubro;2025-10;Out./25;Luis Siqueira;Luis Siqueira;True;solucert;Downgrade;Não informado;IA Agent;IA Agent;https://app.pipefy.com/open-cards/1229646417;Migração/Outro;Não viu valor agregado;Redução de custo;redução do agente inteligente - 1000 créditos CLIENTE disse que no momento não fez sentido para seu tipo de operação e não entrou e detalhes;1;0.0;0.0;Downgrade;;;Não calculado
08/10/2025;2025;10;Out.;outubro;2025-10;Out./25;80402395;Usuário inexistente;False;adornoadvocacia;Downgrade;Não informado;Funil de vendas;Funil de vendas;https://app.pipefy.com/open-cards/1230559649;Migração/Outro;Não se adaptou ao produto;Outros motivos descritos;Cliente alega que não se adaptou a ao recurso. Não fez sentido para seu escritório.;1;0.0;0.0;Downgrade;;;Não calculado
08/10/2025;2025;10;Out.;outubro;2025-10;Out./25;80402395;Usuário inexistente;False;tambourgi;Downgrade;Não informado;Funil de vendas;Funil de vendas;https://app.pipefy.com/open-cards/1230490277;Migração/Outro;Falta de Funcionalidade;Redução de custo;- Durante o atendimento, a cliente informou que deseja uma planilha mais completa para acompanhamento do funil de vendas, buscando uma visualização mais clara e prática das informações. Mencionou que, com a planilha, conseguirá atender bem às suas necessidades e ainda reduzir custos. Por esse motivo, optou pela remoção da funcionalidade correspondente no sistema.;1;0.0;0.0;Downgrade;;;Não calculado
08/10/2025;2025;10;Out.;outubro;2025-10;Out./25;Leticia Silva;Leticia Silva;True;egpiracicaba;Downgrade;Não informado;Funil de vendas;Funil de vendas;https://app.pipefy.com/open-cards/1230195276;Migração/Outro;Falta de Funcionalidade;Outros motivos descritos;Down referente ao Funil de Vendas. Recurso não deu certo para o modelo de atuação de cliente, prefere seguir com o uso das tags.;1;0.0;0.0;Downgrade;;;Não calculado
08/10/2025;2025;10;Out.;outubro;2025-10;Out./25;Leticia Silva;Leticia Silva;True;raquelc;Downgrade;Não informado;Conexão adicional de WhatsApp;Conexão adicional de WhatsApp;https://app.pipefy.com/open-cards/1230176693;Migração/Outro;Redução de demanda;Redução de custo;Down referente a conexão adicional de whatsapp (estava dando erro para cliente fazer pelo meu plano).;1;0.0;0.0;Downgrade;;;Não calculado
08/10/2025;2025;10;Out.;outubro;2025-10;Out./25;Leticia Silva;Leticia Silva;True;temconsig;Downgrade;Não informado;Servidores;Servidores;https://app.pipefy.com/open-cards/1230291451;Migração/Outro;Migrando de Plataforma;Troca de solução / concorrente;Down referente ao servidor 16/32. Cliente vai manter a plataforma apenas para consulta, pois, passou por um stress muito grande durante o mês de julho com a mesma e resolveu realizar a troca.;1;0.0;0.0;Downgrade;;;Não calculado
08/10/2025;2025;10;Out.;outubro;2025-10;Out./25;Sem proprietário;Usuário inexistente;False;vivahospedagens;Downgrade;Não informado;IA Copiloto;IA Copiloto;https://app.pipefy.com/open-cards/1230547854;Migração/Outro;Falta de Funcionalidade;Outros motivos descritos;Down Combo do lançamento - IA Copiloto, prefere continuar apenas com a trancrição.;1;0.0;0.0;Downgrade;;;Não calculado
09/10/2025;2025;10;Out.;outubro;2025-10;Out./25;80401157;Usuário inexistente;False;maccpromotora;Downgrade;Não informado;"Conexão Facebook Messenger; Conexão Instagram Direct; Conexão adicional de WhatsApp";Conexão Facebook Messenger + outros;https://app.pipefy.com/open-cards/1231444292;Migração/Outro;Dificuldade financeira;Redução de custo;Downgrade:   01 Conexão Facebook = R$ 89,00 | 01 Conexão Instagram = R$ 89,00 | 1 Conexões adicionais WhatsApp Standard = R$ 89,00 e 1 Conexões adicionais WhatsApp Standard = Bonificada  Motivo: Redução de custos na fatura da Digisac.;3;0.0;0.0;Downgrade;;;Não calculado
09/10/2025;2025;10;Out.;outubro;2025-10;Out./25;80402395;Usuário inexistente;False;pontosystem;Downgrade;Não informado;Servidores;Servidores;https://app.pipefy.com/open-cards/1231083090;Migração/Outro;Não viu valor agregado;Redução de custo;Cliente cliente  sobre a necessidade do servidor. Porém não deseja continuar com o investimento.;1;0.0;0.0;Downgrade;;;Não calculado
09/10/2025;2025;10;Out.;outubro;2025-10;Out./25;82573565;Usuário inexistente;False;vanessasolucoes;Downgrade;Não informado;"IA Agent; Usuário adicional";"IA Agent; Usuário adicional";https://app.pipefy.com/open-cards/1231386430;Migração/Outro;Dificuldade financeira;Redução de custo;Downgrade - IA Agente - 1.000 créditos - R$ 112,90 | Motivo: Ajustes de orçamento e 1 usuário adicional R$ 29,00 - Orientado a fazer pelo meu plano | Protocolo:202510091516610;2;0.0;0.0;Downgrade;;;Não calculado
09/10/2025;2025;10;Out.;outubro;2025-10;Out./25;83205771;Usuário inexistente;False;certdados;Downgrade;Não informado;Funil de vendas;Funil de vendas;https://app.pipefy.com/open-cards/1231222797;Migração/Outro;Não viu valor agregado;Redução de custo;Motivo: não conseguiu trabalhar com o recurso e prefere a Digisac apenas para conversação. Após confirmar que já havia realizado treinamentos, o cliente reafirmou a intenção de cancelar, pois não utiliza.;1;0.0;0.0;Downgrade;;;Não calculado
09/10/2025;2025;10;Out.;outubro;2025-10;Out./25;83205771;Usuário inexistente;False;juliacamposadv;Downgrade;Não informado;Funil de vendas;Funil de vendas;https://app.pipefy.com/open-cards/1231351032;Migração/Outro;Falta de Funcionalidade;Processo/uso operacional;Motivo: O cliente considerou o funil de vendas incompleto, pois esperava que os leads fossem automaticamente classificados e avançassem pelas etapas, como em outros CRMs.;1;0.0;0.0;Downgrade;;;Não calculado
09/10/2025;2025;10;Out.;outubro;2025-10;Out./25;Leticia Silva;Leticia Silva;True;globocelulares;Downgrade;Não informado;"IA Copiloto; Funil de vendas";"IA Copiloto; Funil de vendas";https://app.pipefy.com/open-cards/1231442674;Migração/Outro;Não se adaptou ao produto;Cancelamento / encerramento;Não estão sendo utilizados, ele sugeriu que o chat mostre informações do funil, como negociações em aberto, para tornar o uso mais eficiente. Porém, como isso ainda não existe e o recurso não está sendo usado, decidiram cancelar por enquanto.;2;0.0;0.0;Downgrade;;;Não calculado
09/10/2025;2025;10;Out.;outubro;2025-10;Out./25;Leticia Silva;Leticia Silva;True;politone;Downgrade;Não informado;"Texto Mágico; Resumo Inteligente; Funil de vendas; Chat interno";Texto Mágico + outros;https://app.pipefy.com/open-cards/1231107809;Migração/Outro;Sem informação;Outros motivos descritos;Down referente a: IA texto mágico, Resumo Inteligente, Funil de Vendas e Chat Interno. Cliente disse apenas que recursos não estavam sendo utilizados, não deu muitos detalhes.;4;0.0;0.0;Downgrade;;;Não calculado
09/10/2025;2025;10;Out.;outubro;2025-10;Out./25;Leticia Silva;Leticia Silva;True;trigimob;Downgrade;Não informado;Conexão Instagram Direct;Conexão Instagram Direct;https://app.pipefy.com/open-cards/1231236832;Migração/Outro;Falta de Funcionalidade;Outros motivos descritos;Down referente a Conexão Instagram Direct, cliente não estava utilizando.;1;0.0;0.0;Downgrade;;;Não calculado
10/10/2025;2025;10;Out.;outubro;2025-10;Out./25;80401167;Usuário inexistente;False;gwa;Downgrade;Não informado;Conexão adicional de WhatsApp - WABA;Conexão adicional de WhatsApp - WABA;https://app.pipefy.com/open-cards/1231890538;Migração/Outro;Sem informação;Cancelamento / encerramento;Downgrade 2 conexões oficiais  API - 11 93077-2781 WhatsApp Oficial [5511910440608] Segundo cliente já fez o cancelamento via Broker Gupshup;1;0.0;0.0;Downgrade;;;Não calculado
10/10/2025;2025;10;Out.;outubro;2025-10;Out./25;83205771;Usuário inexistente;False;clinicarevive;Downgrade;Não informado;Funil de vendas;Funil de vendas;https://app.pipefy.com/open-cards/1232236436;Migração/Outro;Solução própria;Troca de solução / concorrente;Down - Funil de vendas - Protocolo: 202510101519499 Motivo: A cliente disse que suas funcionárias optaram por manter um fluxo pela planilha, além disso, disse que está satisfeita com o recurso e que não tem nenhum feedback constrututivo;1;0.0;0.0;Downgrade;;;Não calculado
10/10/2025;2025;10;Out.;outubro;2025-10;Out./25;83205771;Usuário inexistente;False;genovacorretora;Downgrade;Não informado;Funil de vendas;Funil de vendas;https://app.pipefy.com/open-cards/1232024950;Migração/Outro;Redução de funcionários;Redução de custo;Down - Funil de venda - Protocolo: 202510101519391 Motivo: Cliente está sem funcionários, deseja reduzir os custos e disse que não há pessoas no time para utilizar o recurso.;1;0.0;0.0;Downgrade;;;Não calculado
10/10/2025;2025;10;Out.;outubro;2025-10;Out./25;Leticia Silva;Leticia Silva;True;betbis;Downgrade;Não informado;"Conexão Facebook Messenger; Conexão Instagram Direct";Conexão Facebook Messenger + outros;https://app.pipefy.com/open-cards/1231837493;Migração/Outro;Falta de Funcionalidade;Outros motivos descritos;Down referente as conexões de Instagram e Facebook, empresa não está mais recebendo clientes por elas.;2;0.0;0.0;Downgrade;;;Não calculado
10/10/2025;2025;10;Out.;outubro;2025-10;Out./25;Leticia Silva;Leticia Silva;True;ganss;Downgrade;Não informado;"Chat interno; Conexão adicional de WhatsApp; Conexão Instagram Direct; Conexão Facebook Messenger";Chat interno + outros;https://app.pipefy.com/open-cards/1232258208;Migração/Outro;Dificuldade financeira;Redução de custo;Down referente a chat interno, 2 conexões de WhatsApp, Conexão de Instagram e Conexão de Messenger Facebook, cliente está em uma fase de redução de custos.;4;0.0;0.0;Downgrade;;;Não calculado
10/10/2025;2025;10;Out.;outubro;2025-10;Out./25;Leticia Silva;Leticia Silva;True;moreiraadv;Downgrade;Não informado;Funil de vendas;Funil de vendas;https://app.pipefy.com/open-cards/1232407215;Migração/Outro;Falta de Funcionalidade;Processo/uso operacional;Down referente ao Funil de Vendas, cliente insatisfeito, pois não é uma ferramenta automatizada.;1;0.0;0.0;Downgrade;;;Não calculado
10/10/2025;2025;10;Out.;outubro;2025-10;Out./25;Leticia Silva;Leticia Silva;True;organtecassessoria;Downgrade;Não informado;Servidores;Servidores;https://app.pipefy.com/open-cards/1234472046;Migração/Outro;Sem informação;Outros motivos descritos;Down referente ao servidor 2/4, cliente não deu mais retorno.;1;0.0;0.0;Downgrade;;;Não calculado
13/10/2025;2025;10;Out.;outubro;2025-10;Out./25;80402395;Usuário inexistente;False;evolucaoimpressos;Downgrade;Não informado;Chat interno;Chat interno;https://app.pipefy.com/open-cards/1234561331;Migração/Outro;Falta de Funcionalidade;Cancelamento / encerramento;O cliente deseja cancelar o recurso porque considera a plataforma pouco dinâmica em comparação ao Teams, que ele utiliza atualmente. Ele mencionou que o sistema não atendeu às suas necessidades no momento e, por isso, acabou usando muito pouco.;1;0.0;0.0;Downgrade;;;Não calculado
13/10/2025;2025;10;Out.;outubro;2025-10;Out./25;80402395;Usuário inexistente;False;regianequintaoadv;Downgrade;Não informado;Funil de vendas;Funil de vendas;https://app.pipefy.com/open-cards/1234253893;Migração/Outro;Problema sistêmico (cliente);Cancelamento / encerramento;Cliente relatou que a implantação de tráfego pago no escritório não será realizada no momento. Foi informado que o motivo do cancelamento se deve ao fato de o tráfego pago ainda não ter sido implantado no escritório. Consequentemente, a solicitação de implantação foi cancelada.;1;0.0;0.0;Downgrade;;;Não calculado
13/10/2025;2025;10;Out.;outubro;2025-10;Out./25;80402395;Usuário inexistente;False;rnvcontabil;Downgrade;Não informado;"Funil de vendas; Usuário adicional";"Funil de vendas; Usuário adicional";https://app.pipefy.com/open-cards/1234280426;Migração/Outro;Problema sistêmico (cliente);Problema técnico / limitação;Cliente alega que, na prática, os funcionários não chegaram a utilizar o recurso ou serviço em questão.;2;0.0;0.0;Downgrade;;;Não calculado
13/10/2025;2025;10;Out.;outubro;2025-10;Out./25;83205771;Usuário inexistente;False;atendimentovoebem;Downgrade;Não informado;Funil de vendas;Funil de vendas;https://app.pipefy.com/open-cards/1234244605;Migração/Outro;Redução de funcionários;Redução de custo;Downgrade - Funil de vendas - Protocolo: 202510131520712 - Motivo: O cliente contratou o serviço, disse que ele estava dentro das expectativas e que funcionou direitinho, mas que não conseguiu encaixar na rotina do time, e não utilizaram. Apesar de ter oferecido treinamento e ter compreendido o motivo, o cliente desejou seguir com o cancelamento, pois também diminuiu a quantidade de colaborador.;1;0.0;0.0;Downgrade;;;Não calculado
13/10/2025;2025;10;Out.;outubro;2025-10;Out./25;Leticia Silva;Leticia Silva;True;italineacampinas;Downgrade;Não informado;Funil de vendas;Funil de vendas;https://app.pipefy.com/open-cards/1234339527;Migração/Outro;Não se adaptou ao produto;Processo/uso operacional;Down referente ao Funil de Vendas, cliente decidiu organizar essas infos de outra maneira.;1;0.0;0.0;Downgrade;;;Não calculado
13/10/2025;2025;10;Out.;outubro;2025-10;Out./25;Melissa Duarte;Melissa Duarte;True;cmadvogados;Downgrade;Não informado;IA Agent;IA Agent;https://app.pipefy.com/open-cards/1234394885;Migração/Outro;Não se adaptou ao produto;Outros motivos descritos;Down Agente Inteligente 1000 créditos;1;0.0;0.0;Downgrade;;;Não calculado
13/10/2025;2025;10;Out.;outubro;2025-10;Out./25;Vinicius Simões;Vinicius Simões;True;fit;Downgrade;Não informado;Funil de vendas;Funil de vendas;https://app.pipefy.com/open-cards/1234422536;Migração/Outro;Não se adaptou ao produto;Processo/uso operacional;Downgrade: - Funil de Vendas - R$ 49,00  Motivo: segundo o cliente, sua equipe não se adaptou com a ferramenta. Ele explicou que, pelo fato do preenchimento das oportunidades ser de forma manual, a equipe não fazia este tipo de trabalho, gerando divergências nas informações.;1;0.0;0.0;Downgrade;;;Não calculado
13/10/2025;2025;10;Out.;outubro;2025-10;Out./25;Vinicius Simões;Vinicius Simões;True;impercid;Downgrade;Não informado;Funil de vendas;Funil de vendas;https://app.pipefy.com/open-cards/1234463043;Migração/Outro;Não se adaptou ao produto;Outros motivos descritos;Downgrade: - Funil de Vendas - R$ 49,00  Motivo: o cliente explicou que sua equipe não se adaptou ao produto e, como haviam contratado apenas para testar de comparar com o CRM que já tinham, viram que seria melhor manter o outro sistema, ao invés do Funil de Vendas da Digisac.;1;0.0;0.0;Downgrade;;;Não calculado
14/10/2025;2025;10;Out.;outubro;2025-10;Out./25;82573565;Usuário inexistente;False;rfioravanteadv;Downgrade;Não informado;Conexão adicional de WhatsApp;Conexão adicional de WhatsApp;https://app.pipefy.com/open-cards/1235472672;Migração/Outro;Sem informação;Outros motivos descritos;Cliente tem 2 conexões standard, quer migrar uma delas para uma conexão oficial. O plano atual da cliente é WABA. Orientação: Realizar um down depois um up;1;0.0;0.0;Downgrade;;;Não calculado
14/10/2025;2025;10;Out.;outubro;2025-10;Out./25;83205771;Usuário inexistente;False;distribuidoraizagura;Downgrade;Não informado;Texto Mágico;Texto Mágico;https://app.pipefy.com/open-cards/1235413652;Migração/Outro;Dificuldade financeira;Redução de custo;Down - Texto mágico 10.000 créditos - Protocolo: 202510141522223 - Motivo: O cliente quer reduzir custos da empresa e quanto paga na DigiSac;1;0.0;0.0;Downgrade;;;Não calculado
14/10/2025;2025;10;Out.;outubro;2025-10;Out./25;Leticia Silva;Leticia Silva;True;bdaadvogados;Downgrade;Não informado;Combo de IA's;Combo de IA's;https://app.pipefy.com/open-cards/1235343186;Migração/Outro;Falta de Funcionalidade;Outros motivos descritos;Down referente ao Combo do lançamento - IA Texto Mágico.;1;0.0;0.0;Downgrade;;;Não calculado
14/10/2025;2025;10;Out.;outubro;2025-10;Out./25;Leticia Silva;Leticia Silva;True;bdaadvogados;Downgrade;Não informado;Combo de IA's;Combo de IA's;https://app.pipefy.com/open-cards/1234968289;Migração/Outro;Falta de Funcionalidade;Outros motivos descritos;Cliente tinha um combo contratado, porém, o resumo inteligente não estava sendo muito útil, decidiu manter apenas o texto mágico e a transcrição de áudio.;1;0.0;0.0;Downgrade;;;Não calculado
14/10/2025;2025;10;Out.;outubro;2025-10;Out./25;Sem proprietário;Usuário inexistente;False;falecomaelabora;Downgrade;Não informado;Funil de vendas;Funil de vendas;https://app.pipefy.com/open-cards/1235156728;Migração/Outro;Falta de Funcionalidade;Outros motivos descritos;Cliente alega que migrou para um CRM. Sem mais informações.;1;0.0;0.0;Downgrade;;;Não calculado
14/10/2025;2025;10;Out.;outubro;2025-10;Out./25;Viviane Vieira;Viviane Vieira;True;factafranquiacuritiba;Downgrade;Não informado;Funil de vendas;Funil de vendas;https://app.pipefy.com/open-cards/1235209068;Migração/Outro;Não se adaptou ao produto;Redução de custo;Tipo: Downgrade Produto: Funil de Vendas Valor: R$ 49,00 URL: factafranquiacuritiba Protocolo: 202510141522225;1;0.0;0.0;Downgrade;;;Não calculado
15/10/2025;2025;10;Out.;outubro;2025-10;Out./25;Leticia Silva;Leticia Silva;True;placasexpress;Downgrade;Não informado;Funil de vendas;Funil de vendas;https://app.pipefy.com/open-cards/1237303538;Migração/Outro;Falta de Funcionalidade;Outros motivos descritos;Down Funil de Vendas, cliente preferiu permanecer apenas com o CRM.;1;0.0;0.0;Downgrade;;;Não calculado
15/10/2025;2025;10;Out.;outubro;2025-10;Out./25;Leticia Silva;Leticia Silva;True;simplificapn;Downgrade;Não informado;Combo de IA's;Combo de IA's;https://app.pipefy.com/open-cards/1236663361;Migração/Outro;Não viu valor agregado;Redução de custo;Cliente disse que resumo inteligente está com erros mas que não quer seguir com ajustes e texto mágico não está utilizando, vai continuar apenas com a transcrição.;1;0.0;0.0;Downgrade;;;Não calculado
16/10/2025;2025;10;Out.;outubro;2025-10;Out./25;80402395;Usuário inexistente;False;tvlua;Downgrade;Não informado;"Servidores; Usuário adicional; Conexão adicional de WhatsApp";Servidores + outros;https://app.pipefy.com/open-cards/1237804548;Migração/Outro;Banimento;Redução de custo;Cliente alega que está aguardando recuperação do numero junto a META. Alega tbm redução de custos.;3;0.0;0.0;Downgrade;;;Não calculado
16/10/2025;2025;10;Out.;outubro;2025-10;Out./25;82573565;Usuário inexistente;False;cantinaemcasa;Downgrade;Não informado;"Texto Mágico; Transcrição de Áudio";"Texto Mágico; Transcrição de Áudio";https://app.pipefy.com/open-cards/1238111721;Migração/Outro;Solução própria;Troca de solução / concorrente;Downgrade - IA Texto Mágico - 1.000 créditos R$ 19,90 e IA Transcrição de áudio - Plano 1.000 minutos R$ 49,00 | Protocolo: 202510161526004;2;0.0;0.0;Downgrade;;;Não calculado
16/10/2025;2025;10;Out.;outubro;2025-10;Out./25;83205771;Usuário inexistente;False;moreno;Downgrade;Não informado;"Servidores; Resumo Inteligente; Transcrição de Áudio";Servidores + outros;https://app.pipefy.com/open-cards/1237801932;Migração/Outro;Migrando de Plataforma;Troca de solução / concorrente;Motivo: A empresa evoluiu para operações mais complexas e precisa de um CRM mais robusto, com maior automação, métricas detalhadas, integrações com marketing e ferramentas avançadas de disparo, que a DigiSac atualmente não oferece. A decisão para atender melhor aos novos contratos e operações, não por insatisfação com a DigiSac, da qual o cliente elogia suporte, confiabilidade e evolução da plataforma.;3;0.0;0.0;Downgrade;;;Não calculado
16/10/2025;2025;10;Out.;outubro;2025-10;Out./25;83205771;Usuário inexistente;False;nowpromotora;Downgrade;Não informado;Conexão Instagram Direct;Conexão Instagram Direct;https://app.pipefy.com/open-cards/1237765983;Migração/Outro;Dificuldade financeira;Redução de custo;Downgrade - Conexão com INstagram - Protocolo: 202510161525994 - Motivo: Redução de gastos (está fazendo downgrade de muita coisa);1;0.0;0.0;Downgrade;;;Não calculado
16/10/2025;2025;10;Out.;outubro;2025-10;Out./25;Leticia Silva;Leticia Silva;True;mcocontabil;Downgrade;Não informado;Integração;Integração;https://app.pipefy.com/open-cards/1237779497;Migração/Outro;Falta de Funcionalidade;Processo/uso operacional;Down Integração Asaas, cliente disse que não está funcionando da forma que ele esperava, mas que não é algo relacionado a ferramenta, mas sim em relação a sua operação.;1;0.0;0.0;Downgrade;;;Não calculado
16/10/2025;2025;10;Out.;outubro;2025-10;Out./25;Melissa Duarte;Melissa Duarte;True;macrosinosveiculos;Downgrade;Não informado;Conexão Facebook Messenger;Conexão Facebook Messenger;https://app.pipefy.com/open-cards/1238074384;Migração/Outro;Não se adaptou ao produto;Problema técnico / limitação;O cliente solicitou a remoção do serviço, pois a integração com o Messenger não atendeu às expectativas. Ele esperava que as mensagens do Marketplace fossem direcionadas automaticamente para o DigiSac, mas a integração abrange apenas as mensagens da página da loja — canal que quase não recebe contatos. Essa limitação não havia ficado clara anteriormente e tornou o uso da ferramenta pouco útil para a operação.;1;0.0;0.0;Downgrade;;;Não calculado
16/10/2025;2025;10;Out.;outubro;2025-10;Out./25;Vinicius Simões;Vinicius Simões;True;columnaadvocacia;Downgrade;Não informado;IA Agent;IA Agent;https://app.pipefy.com/open-cards/1237833980;Migração/Outro;Não viu valor agregado;Redução de custo;Downgrade: - IA Agente Inteligente com 1.000 créditos - R$ 112,90  Motivo: O cliente explicou que, devido a reconfiguração do seu bot, ele não viu mais utilidade no uso do Agente Inteligente.;1;0.0;0.0;Downgrade;;;Não calculado
17/10/2025;2025;10;Out.;outubro;2025-10;Out./25;82573565;Usuário inexistente;False;deniscavalcantiadvocacia;Downgrade;Não informado;IA Copiloto;IA Copiloto;https://app.pipefy.com/open-cards/1238160432;Migração/Outro;Não se adaptou ao produto;Outros motivos descritos;Downgrade - IA Copiloto - 1.000 créditos R$ 72,90 | Motivo: Não atendeu a dinâmica do escritório | Protocolo: 202510171526428;1;0.0;0.0;Downgrade;;;Não calculado
17/10/2025;2025;10;Out.;outubro;2025-10;Out./25;83205771;Usuário inexistente;False;zaltronadv;Downgrade;Não informado;Integração;Integração;https://app.pipefy.com/open-cards/1238385887;Migração/Outro;Integração (responsabilidade terceiro);Outros motivos descritos;Downgrade - Integração com a RD Station - Protocolo: 202510171526814 Motivo: Descontratou a RD;1;0.0;0.0;Downgrade;;;Não calculado
17/10/2025;2025;10;Out.;outubro;2025-10;Out./25;Leticia Silva;Leticia Silva;True;rhed;Downgrade;Não informado;Servidores;Servidores;https://app.pipefy.com/open-cards/1238491739;Migração/Outro;Redução de demanda;Redução de custo;Alguns sócios saíram da empresa, o que reduziu a demanda, cliente apenas com 2 funcionários.;1;0.0;0.0;Downgrade;;;Não calculado
17/10/2025;2025;10;Out.;outubro;2025-10;Out./25;Leticia Silva;Leticia Silva;True;thaislimaatelier;Downgrade;Não informado;Texto Mágico;Texto Mágico;https://app.pipefy.com/open-cards/1238282352;Migração/Outro;Não se adaptou ao produto;Outros motivos descritos;Down referente ao Agente IA, cliente disse que não está funcionando, sugeri auxílio do suporte para as devidas configurações mas cliente disse que já fez iso e então desisitiu.;1;0.0;0.0;Downgrade;;;Não calculado
20/10/2025;2025;10;Out.;outubro;2025-10;Out./25;80402395;Usuário inexistente;False;ourovix;Downgrade;Não informado;Distribuição automática;Distribuição automática;https://app.pipefy.com/open-cards/1240009309;Migração/Outro;Não se adaptou ao produto;Problema técnico / limitação;Durante o atendimento, a cliente relatou que, aos finais de semana, as mensagens recebidas na plataforma se acumulam, e que, na segunda-feira, quando as vendedoras iniciam o expediente, todas as mensagens são direcionadas automaticamente para a primeira vendedora que acessa o sistema.  A cliente destacou que essa dinâmica tem gerado problemas na distribuição dos atendimentos, pois, muitas vezes, uma vendedora inicia o trabalho antes da outra que pode ainda estar se preparando e acaba recebendo todas as mensagens acumuladas, prejudicando a divisão equilibrada entre as colaboradoras.  Ela informou que essa situação tem ocorrido desde a ativação da configuração atual e manifestou que o modelo não é viável para sua operação. Diante disso, afirmou preferir manter o processo manual de transferência das mensagens entre as vendedoras.;1;0.0;0.0;Downgrade;;;Não calculado
20/10/2025;2025;10;Out.;outubro;2025-10;Out./25;83205771;Usuário inexistente;False;lojaconstroi;Downgrade;Não informado;Conexão adicional de WhatsApp;Conexão adicional de WhatsApp;https://app.pipefy.com/open-cards/1239721455;Migração/Outro;Redução de funcionários;Redução de custo;Down- 1 conexão de Whatsapp - Protocolo: 202510201528427;1;0.0;0.0;Downgrade;;;Não calculado
20/10/2025;2025;10;Out.;outubro;2025-10;Out./25;83205771;Usuário inexistente;False;lojaconstroi;Downgrade;Não informado;Usuário adicional;Usuário adicional;https://app.pipefy.com/open-cards/1239712659;Migração/Outro;Redução de funcionários;Redução de custo;Down - 2 usuários - Protocolo: 202510201528427 - Foi aberto uma exceção para que não fosse removido o bonificado, o cliente foi informado que em uma próxima esse usuário será removido;1;0.0;0.0;Downgrade;;;Não calculado
20/10/2025;2025;10;Out.;outubro;2025-10;Out./25;83205771;Usuário inexistente;False;seguraltaibiuna;Downgrade;Não informado;Funil de vendas;Funil de vendas;https://app.pipefy.com/open-cards/1239835476;Migração/Outro;Solução própria;Troca de solução / concorrente;Motivo: A cliente relatou que a equipe não se adaptou ao recurso e que deseja continuar apenas com o Trello. Ela mencionou que recebeu treinamento e todo apoio da nossa equipe, mas desejou dar continuidade no Downgrade;1;0.0;0.0;Downgrade;;;Não calculado
20/10/2025;2025;10;Out.;outubro;2025-10;Out./25;Leticia Silva;Leticia Silva;True;floresadvocacia;Downgrade;Não informado;Funil de vendas;Funil de vendas;https://app.pipefy.com/open-cards/1240011411;Migração/Outro;Não viu valor agregado;Redução de custo;Achou a ferramenta muito burocrática de ser utilizada, sem automações, etc.;1;0.0;0.0;Downgrade;;;Não calculado
20/10/2025;2025;10;Out.;outubro;2025-10;Out./25;Leticia Silva;Leticia Silva;True;nowpromotora;Downgrade;Não informado;Conexão adicional de WhatsApp - WABA;Conexão adicional de WhatsApp - WABA;https://app.pipefy.com/open-cards/1239612055;Migração/Outro;Redução de demanda;Redução de custo;Down referente a 2 conexões oficiais, cliente já havia solicitado a baixa mas ainda não tinha sido removido do agnus.;1;0.0;0.0;Downgrade;;;Não calculado
20/10/2025;2025;10;Out.;outubro;2025-10;Out./25;Luis Siqueira;Luis Siqueira;True;atendimentoparseint;Downgrade;Não informado;Combo de IA's;Combo de IA's;https://app.pipefy.com/open-cards/1239611706;Migração/Outro;Não se adaptou ao produto;Outros motivos descritos;O cliente mencionou que imaginava que o formato em que as IAs funcionavam era algo mais próximo do que ele esperava, mas não quis fornecer mais detalhes sobre isso.;1;0.0;0.0;Downgrade;;;Não calculado
20/10/2025;2025;10;Out.;outubro;2025-10;Out./25;Tadiane Biason;Tadiane Biason;True;propagcontabil;Downgrade;Não informado;Chat interno;Chat interno;https://app.pipefy.com/open-cards/1239636952;Migração/Outro;Não se adaptou ao produto;Redução de custo;Tipo: Downgrade Produto: Chat Interno Valor: 89,00 URL: propagcontabil Protocolo:202510201528154;1;0.0;0.0;Downgrade;;;Não calculado
20/10/2025;2025;10;Out.;outubro;2025-10;Out./25;Vinicius Simões;Vinicius Simões;True;silveiraclinica;Downgrade;Não informado;Conexão Facebook Messenger;Conexão Facebook Messenger;https://app.pipefy.com/open-cards/1239623094;Migração/Outro;Não se adaptou ao produto;Outros motivos descritos;Donwgrade: - 1x Conexão de Facebook - R$ 89,00  Motivo: Segundo o cliente, devido ao túnel de 24h da conexão, eles não estavam conseguindo ter um atendimento muito efetivo com seus clientes.;1;0.0;0.0;Downgrade;;;Não calculado
21/10/2025;2025;10;Out.;outubro;2025-10;Out./25;80401157;Usuário inexistente;False;vpoviagens;Downgrade;Não informado;Funil de vendas;Funil de vendas;https://app.pipefy.com/open-cards/1240812670;Migração/Outro;Desistência da contratação;Produto desnecessário;Downgrade Funil de vendas = R$ 49,90/mensais  -> Não estamos utilizando, se tornou um gasto desnecessário.;1;0.0;0.0;Downgrade;;;Não calculado
21/10/2025;2025;10;Out.;outubro;2025-10;Out./25;82573565;Usuário inexistente;False;resultasessoria;Downgrade;Não informado;Integração;Integração;https://app.pipefy.com/open-cards/1240374190;Migração/Outro;Não se adaptou ao produto;Outros motivos descritos;Downgrade - 10 Integração Bem melhor R$ 109,00 | Protocolo: 202510171527648;1;0.0;0.0;Downgrade;;;Não calculado
21/10/2025;2025;10;Out.;outubro;2025-10;Out./25;83205771;Usuário inexistente;False;bartenderstore;Downgrade;Não informado;Usuário adicional;Usuário adicional;https://app.pipefy.com/open-cards/1240528054;Migração/Outro;Redução de funcionários;Redução de custo;Down - 1 usuário - Protocolo: 202510201529631  Cliente está diminuindo os funcionário, só ele ficará na plataforma.;1;0.0;0.0;Downgrade;;;Não calculado
21/10/2025;2025;10;Out.;outubro;2025-10;Out./25;Leticia Silva;Leticia Silva;True;uniartesuniformes;Downgrade;Não informado;Resumo Inteligente;Resumo Inteligente;https://app.pipefy.com/open-cards/1240675288;Migração/Outro;Não se adaptou ao produto;Redução de custo;Cliente cancelou por 2 motivos: não estava mais utilizando porque geralmente os chamados não estão sendo transferidos e por questão de custos prefereiu cancelar esse recurso para contratar uma nova conexão.;1;0.0;0.0;Downgrade;;;Não calculado
21/10/2025;2025;10;Out.;outubro;2025-10;Out./25;Melissa Duarte;Melissa Duarte;True;irpturismo;Downgrade;Não informado;Funil de vendas;Funil de vendas;https://app.pipefy.com/open-cards/1240414362;Migração/Outro;Solução própria;Baixa utilização / sem valor percebido;O cliente informou que não utilizará mais o Funil de Vendas, pois contratou um sistema ERP voltado para agências de viagens, que atende melhor às necessidades atuais da empresa. Explicou que o Funil foi testado, mas acabou se mostrando muito básico para o porte e as demandas atuais da operação. Por isso, solicita o cancelamento do Funil de Vendas.;1;0.0;0.0;Downgrade;;;Não calculado
22/10/2025;2025;10;Out.;outubro;2025-10;Out./25;80401157;Usuário inexistente;False;tabelionatosm;Downgrade;Não informado;Chat interno;Chat interno;https://app.pipefy.com/open-cards/1241149608;Migração/Outro;Não viu valor agregado;Redução de custo;Downgrade Chat interno = R$ 49,00/mensais  Relato do cliente: O chat interno é desfuncional. O modelo dele é muito ruim. Existe um delay enorme para receber as mensagens. Não serviu para a nossa rotina.;1;0.0;0.0;Downgrade;;;Não calculado
22/10/2025;2025;10;Out.;outubro;2025-10;Out./25;80402395;Usuário inexistente;False;atendimentosucessorrh;Downgrade;Não informado;Transcrição de Áudio;Transcrição de Áudio;https://app.pipefy.com/open-cards/1241191491;Migração/Outro;Não viu valor agregado;Redução de custo;Cliente alega não precisar do recurso.;1;0.0;0.0;Downgrade;;;Não calculado
22/10/2025;2025;10;Out.;outubro;2025-10;Out./25;83205771;Usuário inexistente;False;arnovaera;Downgrade;Não informado;Distribuição automática;Distribuição automática;https://app.pipefy.com/open-cards/1241472228;Migração/Outro;Não se adaptou ao produto;Outros motivos descritos;Cliente não se adaptou ao recurso, relatou que complicou mais a situação dos atendimentos.;1;0.0;0.0;Downgrade;;;Não calculado
22/10/2025;2025;10;Out.;outubro;2025-10;Out./25;Leticia Silva;Leticia Silva;True;lelus;Downgrade;Não informado;"Funil de vendas; IA Agent";"Funil de vendas; IA Agent";https://app.pipefy.com/open-cards/1241464066;Migração/Outro;Não viu valor agregado;Redução de custo;Down Funil de Vendas e Agente IA (ferramentas apresentando falhas, cliente optou por cancelar).;2;0.0;0.0;Downgrade;;;Não calculado
22/10/2025;2025;10;Out.;outubro;2025-10;Out./25;Leticia Silva;Leticia Silva;True;metropole;Downgrade;Não informado;Integração;Integração;https://app.pipefy.com/open-cards/1241373443;Migração/Outro;Falta de Funcionalidade;Outros motivos descritos;Integração não estava mais sendo utilizada.;1;0.0;0.0;Downgrade;;;Não calculado
23/10/2025;2025;10;Out.;outubro;2025-10;Out./25;80401157;Usuário inexistente;False;meuconsultorio;Downgrade;Não informado;Usuário adicional;Usuário adicional;https://app.pipefy.com/open-cards/1242423167;Migração/Outro;Redução de funcionários;Redução de custo;Downgrade 1 usuário = R$ 29,00/mensal;1;0.0;0.0;Downgrade;;;Não calculado
23/10/2025;2025;10;Out.;outubro;2025-10;Out./25;82573565;Usuário inexistente;False;kinvishop;Downgrade;Não informado;Servidores;Servidores;https://app.pipefy.com/open-cards/1242586138;Migração/Outro;Desistência da contratação;Redução de custo;Cliente passou por todo o processo de upgrade de Servidor. Após a conclusão, com o financeiro, questionou necessidade do servidor e se lentidão poderia estar relacionada a uma ação interna realizada por eles no período da manhã (momento em que relatam as instabilidades)  Reforcei a importância da análise técnica realizada pelo time de Suporte, que identificou a necessidade do servidor para garantir a estabilidade da plataforma. Como a cliente insistiu na afirmação, orientei que avaliassem o uso sem o servidor antes de decidir sobre a contratação, e validar se a lentidão realmente é por intercorrência da ação que realizam pelas manhãs.;1;0.0;0.0;Downgrade;;;Não calculado
23/10/2025;2025;10;Out.;outubro;2025-10;Out./25;83205771;Usuário inexistente;False;prolifecentromedico;Downgrade;Não informado;Funil de vendas;Funil de vendas;https://app.pipefy.com/open-cards/1242423356;Migração/Outro;Solução própria;Troca de solução / concorrente;Down – Funil de Vendas – Protocolo: 202510221532601 Motivo: Cliente contratou um CRM, recebeu todo o suporte necessário e estava satisfeito, porém optou por manter a DigiSac apenas para atendimentos.;1;0.0;0.0;Downgrade;;;Não calculado
23/10/2025;2025;10;Out.;outubro;2025-10;Out./25;Marcela Medeiros;Marcela Medeiros;True;nuvemshoptiendanube;Downgrade;Não informado;"Servidores; Conexão adicional de WhatsApp";"Servidores; Conexão adicional de WhatsApp";https://app.pipefy.com/open-cards/1242282548;Migração/Outro;Banimento;Outros motivos descritos;Down de R$ 349 (SERVIDOR) 5 Conexões adicionais R$ 445,00;2;0.0;0.0;Downgrade;;;Não calculado
24/10/2025;2025;10;Out.;outubro;2025-10;Out./25;80402395;Usuário inexistente;False;telemensagensdigital;Downgrade;Não informado;Usuário adicional;Usuário adicional;https://app.pipefy.com/open-cards/1243134730;Migração/Outro;Desistência da contratação;Outros motivos descritos;Alega que contratou por engano.;1;0.0;0.0;Downgrade;;;Não calculado
24/10/2025;2025;10;Out.;outubro;2025-10;Out./25;Leticia Silva;Leticia Silva;True;soacoindustrial;Downgrade;Não informado;Conexão Instagram Direct;Conexão Instagram Direct;https://app.pipefy.com/open-cards/1243404003;Migração/Outro;Falta de Funcionalidade;Outros motivos descritos;Down conexão de Instagram, não estava sendo utilizada.;1;0.0;0.0;Downgrade;;;Não calculado
24/10/2025;2025;10;Out.;outubro;2025-10;Out./25;Sem proprietário;Usuário inexistente;False;lucianosoteroadv;Downgrade;Não informado;Funil de vendas;Funil de vendas;https://app.pipefy.com/open-cards/1243059594;Migração/Outro;Desistência da contratação;Outros motivos descritos;Downgrade Funil de vendas = R$ 89,00/mensal  Relato do cliente: Não estamos usando a ferramenta, pois temos isso dentro do nosso sistema interno;1;0.0;0.0;Downgrade;;;Não calculado
24/10/2025;2025;10;Out.;outubro;2025-10;Out./25;Sem proprietário;Usuário inexistente;False;lumeraviaggi;Downgrade;Não informado;IA Agent;IA Agent;https://app.pipefy.com/open-cards/1243221234;Migração/Outro;Desistência da contratação;Outros motivos descritos;Downgrade Agente IA 1.000 créditos = R$ 112,90  Relato cliente: O motivo e que nao estou usando neste momento;1;0.0;0.0;Downgrade;;;Não calculado
27/10/2025;2025;10;Out.;outubro;2025-10;Out./25;80401157;Usuário inexistente;False;contabilin;Downgrade;Não informado;Funil de vendas;Funil de vendas;https://app.pipefy.com/open-cards/1245313464;Migração/Outro;Desistência da contratação;Outros motivos descritos;Downgrade Funil de vendas = R$ 49,90/mensal   Relato do cliente: É porque não estamos usando mesmo!;1;0.0;0.0;Downgrade;;;Não calculado
27/10/2025;2025;10;Out.;outubro;2025-10;Out./25;80401157;Usuário inexistente;False;lumeraviaggi;Downgrade;Não informado;Transcrição de Áudio;Transcrição de Áudio;https://app.pipefy.com/open-cards/1245708660;Migração/Outro;Desistência da contratação;Outros motivos descritos;Downgrade IA Transcrição de áudio - Plano 500 minutos = R$ 24,90/mensal  Relato cliente: O mesmo não está utilizando a ferramenta.;1;0.0;0.0;Downgrade;;;Não calculado
27/10/2025;2025;10;Out.;outubro;2025-10;Out./25;82573565;Usuário inexistente;False;skplay;Downgrade;Não informado;Distribuição automática;Distribuição automática;https://app.pipefy.com/open-cards/1245546185;Migração/Outro;Não se adaptou ao produto;Redução de custo;Downgrade - Distribuição Automática R$ 149,00 | Motivo: Cliente disse que não mudou muita coisa em sua rotina de atendimento devido a problemas internos com funcionários. Solicitou redução da funcionalidade | Protocolo: 202510271536508;1;0.0;0.0;Downgrade;;;Não calculado
27/10/2025;2025;10;Out.;outubro;2025-10;Out./25;Leticia Silva;Leticia Silva;True;ctnegocios;Downgrade;Não informado;"Servidores; Usuário adicional";"Servidores; Usuário adicional";https://app.pipefy.com/open-cards/1245626766;Migração/Outro;Redução de demanda;Redução de custo;Down de 10 Usuarios adicionais e Servidor 2/4, demanda de cliente está sendo reduzida.;2;0.0;0.0;Downgrade;;;Não calculado
27/10/2025;2025;10;Out.;outubro;2025-10;Out./25;Melissa Duarte;Melissa Duarte;True;jorgeadvocacia;Downgrade;Não informado;Funil de vendas;Funil de vendas;https://app.pipefy.com/open-cards/1245308654;Migração/Outro;Desistência da contratação;Outros motivos descritos;Downgrade Funil de Vendas R$49,00;1;0.0;0.0;Downgrade;;;Não calculado
28/10/2025;2025;10;Out.;outubro;2025-10;Out./25;80401157;Usuário inexistente;False;carolinalimaadv1;Downgrade;Não informado;IA Agent;IA Agent;https://app.pipefy.com/open-cards/1246104643;Migração/Outro;Desistência da contratação;Outros motivos descritos;Downgrade IA Agente - 1.000 créditos = R$ 112,90  Relato cliente: Não estamos usando.;1;0.0;0.0;Downgrade;;;Não calculado
28/10/2025;2025;10;Out.;outubro;2025-10;Out./25;80401157;Usuário inexistente;False;hgw;Downgrade;Não informado;Chat interno;Chat interno;https://app.pipefy.com/open-cards/1246304956;Migração/Outro;Falta de Funcionalidade;Problema técnico / limitação;Downgrade Chat Interno - R$ 89,00/mensal  Relato do cliente: O aplicativo nao funciona como esperado, trava muito, hora funciona, hora nao funciona, muito engessado e te falar que tem que melhorar muito.;1;0.0;0.0;Downgrade;;;Não calculado
28/10/2025;2025;10;Out.;outubro;2025-10;Out./25;Leticia Silva;Leticia Silva;True;3em3turismo;Downgrade;Não informado;"IA Copiloto; Texto Mágico";"IA Copiloto; Texto Mágico";https://app.pipefy.com/open-cards/1246342447;Migração/Outro;Falta de Funcionalidade;Outros motivos descritos;- Down Copiloto 500 créditos IA Texto Mágico - 1.000 créditos, cliente não estava utilizando.;2;0.0;0.0;Downgrade;;;Não calculado
28/10/2025;2025;10;Out.;outubro;2025-10;Out./25;Leticia Silva;Leticia Silva;True;madjoia;Downgrade;Não informado;IA Copiloto;IA Copiloto;https://app.pipefy.com/open-cards/1246042727;Migração/Outro;Falta de Funcionalidade;Outros motivos descritos;Down referente ao Copiloto, cliente quer algo mais independente, falei sobre o Agente e ele vai estudar a ideia.;1;0.0;0.0;Downgrade;;;Não calculado
28/10/2025;2025;10;Out.;outubro;2025-10;Out./25;Melissa Duarte;Melissa Duarte;True;g3negocios;Downgrade;Não informado;IA Agent;IA Agent;https://app.pipefy.com/open-cards/1246014318;Migração/Outro;Falta de Funcionalidade;Outros motivos descritos;Downgrade IA Agente Inteligente 1000 creditos R$112,90;1;0.0;0.0;Downgrade;;;Não calculado
28/10/2025;2025;10;Out.;outubro;2025-10;Out./25;Vinicius Simões;Vinicius Simões;True;terencioadv;Downgrade;Não informado;Servidores;Servidores;https://app.pipefy.com/open-cards/1246411052;Migração/Outro;Redução de demanda;Redução de custo;Downgrade: - Servidor 2/4 - R$ 89,00  Motivo: o cliente irá manter a plataforma apenas para visualização de histórico.;1;0.0;0.0;Downgrade;;;Não calculado
29/10/2025;2025;10;Out.;outubro;2025-10;Out./25;80401157;Usuário inexistente;False;escritorioadv;Downgrade;Não informado;Distribuição automática;Distribuição automática;https://app.pipefy.com/open-cards/1247057707;Migração/Outro;Desistência da contratação;Outros motivos descritos;Downgrade Distribuição de chamados = R$ 149,00/mensal  Cliente alegou que não vai precisar mais da ferramenta.;1;0.0;0.0;Downgrade;;;Não calculado
29/10/2025;2025;10;Out.;outubro;2025-10;Out./25;80402395;Usuário inexistente;False;madgranmarmoraria;Downgrade;Não informado;Usuário adicional;Usuário adicional;https://app.pipefy.com/open-cards/1247100208;Migração/Outro;Não se adaptou ao produto;Redução de custo;Down 1 usuário. Redução de quadro de funcionários.;1;0.0;0.0;Downgrade;;;Não calculado
29/10/2025;2025;10;Out.;outubro;2025-10;Out./25;80402395;Usuário inexistente;False;silviabeja;Downgrade;Não informado;Integração;Integração;https://app.pipefy.com/open-cards/1247097036;Migração/Outro;Integração (responsabilidade terceiro);Outros motivos descritos;Não estão utilizando o CRM.;1;0.0;0.0;Downgrade;;;Não calculado
29/10/2025;2025;10;Out.;outubro;2025-10;Out./25;Leticia Silva;Leticia Silva;True;kandelmedical;Downgrade;Não informado;Integração;Integração;https://app.pipefy.com/open-cards/1246800292;Migração/Outro;Falta de Funcionalidade;Outros motivos descritos;Down Integração PipeDrive, up Integração RD Marketing / Receive Form.;1;0.0;0.0;Downgrade;;;Não calculado
29/10/2025;2025;10;Out.;outubro;2025-10;Out./25;Melissa Duarte;Melissa Duarte;True;atendimentocontareisp;Downgrade;Não informado;IA CSAT;IA CSAT;https://app.pipefy.com/open-cards/1246873984;Migração/Outro;Falta de Funcionalidade;Outros motivos descritos;Downgrade IA CSAT R$95,90;1;0.0;0.0;Downgrade;;;Não calculado
29/10/2025;2025;10;Out.;outubro;2025-10;Out./25;Sem proprietário;Usuário inexistente;False;prepara;Downgrade;Não informado;Servidores;Servidores;https://app.pipefy.com/open-cards/1246796508;Migração/Outro;Dificuldade financeira;Redução de custo;Cliente contatou o time de suporte para uma análise do servidor, e informaram que poderia ser reduzido para 4/8. Após isso cliente solicitou redução, para ter uma economia.;1;0.0;0.0;Downgrade;;;Não calculado
29/10/2025;2025;10;Out.;outubro;2025-10;Out./25;Vinicius Simões;Vinicius Simões;True;hes;Downgrade;Não informado;Conexão adicional de WhatsApp;Conexão adicional de WhatsApp;https://app.pipefy.com/open-cards/1246979438;Migração/Outro;Custo Benefício;Redução de custo;Downgrade: - 1x Conexão de WhatsApp Adicional - R$ 89,00 - 1x Conexão de WhatsApp bonificada - R$ 0,00  Motivo: o cliente substituiu elas por dois números oficiais.;1;0.0;0.0;Downgrade;;;Não calculado
29/10/2025;2025;10;Out.;outubro;2025-10;Out./25;Vinicius Simões;Vinicius Simões;True;inlaserstore;Downgrade;Não informado;"Conexão Facebook Messenger; Conexão Instagram Direct; Integração";Conexão Facebook Messenger + outros;https://app.pipefy.com/open-cards/1246789225;Migração/Outro;Redução de demanda;Redução de custo;Downgrade: - 1x Conexão de Facebook - R$ 89,00 - 1x Conexão de Instagram - R$ 89,00 - 6x Usuários na integração com a Bem Melhor - R$ 65,40  Motivo: o cliente disse que não estava havendo demandas nestes canais.;3;0.0;0.0;Downgrade;;;Não calculado
29/10/2025;2025;10;Out.;outubro;2025-10;Out./25;Viviane Vieira;Viviane Vieira;True;rota98tour;Downgrade;Não informado;Servidores;Servidores;https://app.pipefy.com/open-cards/1247137135;Migração/Outro;Redução de demanda;Redução de custo;Servidor 2/4 retirar o servidor. Cliente esta atuando apenas com o plano base e não vê necessidade de ter o servidor.;1;0.0;0.0;Downgrade;;;Não calculado
29/10/2025;2025;10;Out.;outubro;2025-10;Out./25;Viviane Vieira;Viviane Vieira;True;tridestinos;Downgrade;Não informado;Conexão Instagram Direct;Conexão Instagram Direct;https://app.pipefy.com/open-cards/1247145992;Migração/Outro;Migrando de Plataforma;Troca de solução / concorrente;Porque estamos migrando pra outro programa / Doewngrade da conexão de Instagram;1;0.0;0.0;Downgrade;;;Não calculado
30/10/2025;2025;10;Out.;outubro;2025-10;Out./25;80401167;Usuário inexistente;False;trusthub;Downgrade;Não informado;Integração;Integração;https://app.pipefy.com/open-cards/1247456476;Migração/Outro;Sem informação;Outros motivos descritos;Downgrade Integração com Pipefy = R$ 59,99;1;0.0;0.0;Downgrade;;;Não calculado
30/10/2025;2025;10;Out.;outubro;2025-10;Out./25;83205771;Usuário inexistente;False;vfonsecaadvocacia;Downgrade;Não informado;Conexão Facebook Messenger;Conexão Facebook Messenger;https://app.pipefy.com/open-cards/1247484145;Migração/Outro;Centralização URL (conexão);Outros motivos descritos;Motivo do down abaixo: Cliente deseja centralizar apenas os atendimentos do Whatsapp na plataforma;1;0.0;0.0;Downgrade;;;Não calculado
30/10/2025;2025;10;Out.;outubro;2025-10;Out./25;Sem proprietário;Usuário inexistente;False;relojoariauniversal;Downgrade;Não informado;Servidores;Servidores;https://app.pipefy.com/open-cards/1247383997;Migração/Outro;Desistência da contratação;Outros motivos descritos;Downgrade servidor 2/4 = R$ 89,00/mensal  Cliente precisou realizar o down para contratar um servidor maior 4/8.;1;0.0;0.0;Downgrade;;;Não calculado
30/10/2025;2025;10;Out.;outubro;2025-10;Out./25;Vinicius Simões;Vinicius Simões;True;bernardiniadv1;Downgrade;Não informado;Conexão Instagram Direct;Conexão Instagram Direct;https://app.pipefy.com/open-cards/1247654820;Migração/Outro;Não viu valor agregado;Redução de custo;Downgrade: - 1x Conexão de Instagram - R$ 69,00  Motivo: segundo o cliente, eles contrataram, porém, nunca chegaram a conectar nenhuma página. Ele explicou que não irão focar neste canal no momento.;1;0.0;0.0;Downgrade;;;Não calculado
31/10/2025;2025;10;Out.;outubro;2025-10;Out./25;Leticia Silva;Leticia Silva;True;cmyeducacional;Downgrade;Não informado;Integração;Integração;https://app.pipefy.com/open-cards/1248192549;Migração/Outro;Falta de Funcionalidade;Outros motivos descritos;Down Integrações: Integração RD CRM e Integração RD Marketing / Receive Form, cliente gostaria que as integrações fossem inversas.;1;0.0;0.0;Downgrade;;;Não calculado
31/10/2025;2025;10;Out.;outubro;2025-10;Out./25;Leticia Silva;Leticia Silva;True;joaoreisdental;Downgrade;Não informado;Servidores;Servidores;https://app.pipefy.com/open-cards/1248147778;Migração/Outro;Falta de Funcionalidade;Redução de custo;Down Servidor 8/16, cliente quer reduzir custos, mas está ciente que pode voltar a precisar.;1;0.0;0.0;Downgrade;;;Não calculado
31/10/2025;2025;10;Out.;outubro;2025-10;Out./25;Leticia Silva;Leticia Silva;True;papelariamultiflores;Downgrade;Não informado;Conexão Instagram Direct;Conexão Instagram Direct;https://app.pipefy.com/open-cards/1248225825;Migração/Outro;Falta de Funcionalidade;Outros motivos descritos;Down Conexões de Instagram Direct, cliente não estava recebendo clientes por elas.;1;0.0;0.0;Downgrade;;;Não calculado
03/11/2025;2025;11;Nov.;novembro;2025-11;Nov./25;82573565;Usuário inexistente;False;kingpage;Downgrade;Não informado;Chat interno;Chat interno;https://app.pipefy.com/open-cards/1249000060;Migração/Outro;Não se adaptou ao produto;Outros motivos descritos;Downgrade chat interno - protocolo 202511031544233;1;0.0;0.0;Downgrade;;;Não calculado
03/11/2025;2025;11;Nov.;novembro;2025-11;Nov./25;82573565;Usuário inexistente;False;lampatur;Downgrade;Não informado;Usuário adicional;Usuário adicional;https://app.pipefy.com/open-cards/1248812142;Migração/Outro;Redução de funcionários;Redução de custo;Downgrade - 1 usuário adicional R$ 29,00 | Protocolo: 202510311542315 | OBS: O cliente solicitou a redução de usuários, mas não foi informado que a redução seria aplicada sobre os usuários bonificados. Em caráter de exceção, a Aline autorizou a redução sobre usuários pagantes. Informei cliente sobre a política de redução de bonificados e valores promocionais. CLIENTE CIENTE de que, nas próximas reduções o ajuste será feito primeiro sobre os usuários bonificados, até que sejam zerados. Depois disso, as reduções passam a ser aplicadas aos usuários ou produtos pagantes.;1;0.0;0.0;Downgrade;;;Não calculado
03/11/2025;2025;11;Nov.;novembro;2025-11;Nov./25;83205771;Usuário inexistente;False;alperembalagens;Downgrade;Não informado;Usuário adicional;Usuário adicional;https://app.pipefy.com/open-cards/1248961664;Migração/Outro;Redução de funcionários;Redução de custo;Down- 3 us - Protocolo: 202511031543891;1;0.0;0.0;Downgrade;;;Não calculado
03/11/2025;2025;11;Nov.;novembro;2025-11;Nov./25;83205771;Usuário inexistente;False;speducacional;Downgrade;Não informado;Funil de vendas;Funil de vendas;https://app.pipefy.com/open-cards/1248992166;Migração/Outro;Não viu valor agregado;Redução de custo;Down - Funil de vendas - Protocolo:202511031544056 - Motivo: Cliente aderiu a um CRM que atendeu melhor as necessidades, ao questionar, a cliente negou em dizer os motivos e disse que é particular, e que o recurso pode atender outras pessoas, mas que o time dela não te adaptou.;1;0.0;0.0;Downgrade;;;Não calculado
03/11/2025;2025;11;Nov.;novembro;2025-11;Nov./25;Leticia Silva;Leticia Silva;True;arcoconsultoria;Downgrade;Não informado;Texto Mágico;Texto Mágico;https://app.pipefy.com/open-cards/1249161001;Migração/Outro;Redução de demanda;Redução de custo;Empresa reduziu funcionários e também recurso não estava sendo utilizado.;1;0.0;0.0;Downgrade;;;Não calculado
03/11/2025;2025;11;Nov.;novembro;2025-11;Nov./25;Leticia Silva;Leticia Silva;True;reavermanhuacu;Downgrade;Não informado;Servidores;Servidores;https://app.pipefy.com/open-cards/1249057046;Migração/Outro;Migrando de Plataforma;Troca de solução / concorrente;Down Servidor 2/4, cliente está migrando de plataforma, pelo que entendi, ele acha que os banimentos possui relação com a digsac.;1;0.0;0.0;Downgrade;;;Não calculado
03/11/2025;2025;11;Nov.;novembro;2025-11;Nov./25;Luis Siqueira;Luis Siqueira;True;limpanomeja;Downgrade;Não informado;"Usuário adicional; Distribuição automática";"Usuário adicional; Distribuição automática";https://app.pipefy.com/open-cards/1248982810;Migração/Outro;Redução de demanda;Redução de custo;Tivemos uma redução na equipe Hoje só temos uma pessoa atendendo nesse número   Relato da cliente sobre a redução da distribuição de chamados e 3 usuarios adicionais;2;0.0;0.0;Downgrade;;;Não calculado
03/11/2025;2025;11;Nov.;novembro;2025-11;Nov./25;Luis Siqueira;Luis Siqueira;True;redetel;Downgrade;Não informado;Funil de vendas;Funil de vendas;https://app.pipefy.com/open-cards/1248964277;Migração/Outro;Não se adaptou ao produto;Redução de custo;Disse que nao estava usando pois nao se encaixa em sua forma de uso, pediu a redução;1;0.0;0.0;Downgrade;;;Não calculado
03/11/2025;2025;11;Nov.;novembro;2025-11;Nov./25;Vinicius Simões;Vinicius Simões;True;laylakissaadv;Downgrade;Não informado;Combo Start;Combo Start;https://app.pipefy.com/open-cards/1249112655;Migração/Outro;Não viu valor agregado;Redução de custo;Downgrade: - Combo Start IA - R$ 173,90  Motivo: A cliente explicou que não estava utilizando com frequências as ferramentas e, no caso do copiloto, segundo ela, venderam uma ferramenta que iria substituir um SDR, porém, não é a realidade, sendo assim, a ferramenta foi removida.;1;0.0;0.0;Downgrade;;;Não calculado
04/11/2025;2025;11;Nov.;novembro;2025-11;Nov./25;80401157;Usuário inexistente;False;vettorprint;Downgrade;Não informado;Conexão adicional de WhatsApp;Conexão adicional de WhatsApp;https://app.pipefy.com/open-cards/1249752177;Migração/Outro;Redução de demanda;Redução de custo;Downgrade de 2 conexões de WhatsApp Standard (1 conexão = R$ 89,00/mensal e a outra conexão que havia sido bonificada) Cliente estava com erro no Meu Plano, por isso realizei internamente.  Relato cliente: Redução de demanda, sem necessidade de manter as duas conexões.;1;0.0;0.0;Downgrade;;;Não calculado
04/11/2025;2025;11;Nov.;novembro;2025-11;Nov./25;80401167;Usuário inexistente;False;atendimentoamigocontabil;Downgrade;Não informado;"Combo de IA's; Integração";"Combo de IA's; Integração";https://app.pipefy.com/open-cards/1249501799;Migração/Outro;Migrando de Plataforma;Troca de solução / concorrente;Downgrade Integração Send Row e Combo do lançamento - IA Texto Mágico - Protocolo 202511041545367;2;0.0;0.0;Downgrade;;;Não calculado
04/11/2025;2025;11;Nov.;novembro;2025-11;Nov./25;83205771;Usuário inexistente;False;devco;Downgrade;Não informado;Usuário adicional;Usuário adicional;https://app.pipefy.com/open-cards/1249709763;Migração/Outro;Não viu valor agregado;Redução de custo;Motivo da solicitação abaixo: o cliente disse que está expandindo a empresa e que está adicionando mais usuários, mas que gostaria de bonificar alguns. Informei que poderíamos bonificar apenas 1 dos usuários;1;0.0;0.0;Downgrade;;;Não calculado
04/11/2025;2025;11;Nov.;novembro;2025-11;Nov./25;Leticia Silva;Leticia Silva;True;daianepromocao;Downgrade;Não informado;Usuário adicional;Usuário adicional;https://app.pipefy.com/open-cards/1249714822;Migração/Outro;Redução de funcionários;Redução de custo;Down referente a 2 usuários, cliente ciente de que em um próximo down, o bonificado vai ser o primeiro a ser removido.;1;0.0;0.0;Downgrade;;;Não calculado
04/11/2025;2025;11;Nov.;novembro;2025-11;Nov./25;Leticia Silva;Leticia Silva;True;diasribeiroadvocacia;Downgrade;Não informado;Funil de vendas;Funil de vendas;https://app.pipefy.com/open-cards/1249657149;Migração/Outro;Não informado;Outros motivos descritos;Down Funil de Vendas, recurso caiu em desuso.;1;0.0;0.0;Downgrade;;;Não calculado
04/11/2025;2025;11;Nov.;novembro;2025-11;Nov./25;Leticia Silva;Leticia Silva;True;realizacredltda;Downgrade;Não informado;"Distribuição automática; Servidores";"Distribuição automática; Servidores";https://app.pipefy.com/open-cards/1249692681;Migração/Outro;Redução de demanda;Redução de custo;Cliente está reduzindo sua demanda e envio de mensagens.;2;0.0;0.0;Downgrade;;;Não calculado
04/11/2025;2025;11;Nov.;novembro;2025-11;Nov./25;Leticia Silva;Leticia Silva;True;reavermanhuacu;Downgrade;Não informado;Conexão adicional de WhatsApp;Conexão adicional de WhatsApp;https://app.pipefy.com/open-cards/1249448411;Migração/Outro;Migrando de Plataforma;Troca de solução / concorrente;Down Conexão Adicional de WhatsApp (9), cliente está migrando de plataforma, não deu muitos detalhes.;1;0.0;0.0;Downgrade;;;Não calculado
04/11/2025;2025;11;Nov.;novembro;2025-11;Nov./25;Marcela Medeiros;Marcela Medeiros;True;myshoprioverde;Downgrade;Não informado;Funil de vendas;Funil de vendas;https://app.pipefy.com/open-cards/1249413125;Migração/Outro;Não viu valor agregado;Redução de custo;Funil de Vendas 89,00 Motivo do downgrade: Internamente não estamos usando para ser direto. por isso essa motivação.- não aceitou treinamento.;1;0.0;0.0;Downgrade;;;Não calculado
04/11/2025;2025;11;Nov.;novembro;2025-11;Nov./25;Melissa Duarte;Melissa Duarte;True;ellocorretagem2;Downgrade;Não informado;IA Copiloto;IA Copiloto;https://app.pipefy.com/open-cards/1249414432;Migração/Outro;Não se adaptou ao produto;Outros motivos descritos;Down Copiloto 1000 créditos R$72,90;1;0.0;0.0;Downgrade;;;Não calculado
04/11/2025;2025;11;Nov.;novembro;2025-11;Nov./25;Vinicius Simões;Vinicius Simões;True;digitalizeicontabilidade;Downgrade;Não informado;Combo Essencial;Combo Essencial;https://app.pipefy.com/open-cards/1249641012;Migração/Outro;Não viu valor agregado;Redução de custo;Downgrade: - Combo Essencial IA - R$ 355,90  Motivo: o cliente explicou que contratou a ferramenta apenas para fazer testes, mas que não tem o objetivo de contratar efetivamente por enquanto.;1;0.0;0.0;Downgrade;;;Não calculado
04/11/2025;2025;11;Nov.;novembro;2025-11;Nov./25;Vinicius Simões;Vinicius Simões;True;reasontobuyjoias;Downgrade;Não informado;"Conexão Facebook Messenger; Conexão Instagram Direct";Conexão Facebook Messenger + outros;https://app.pipefy.com/open-cards/1249408792;Migração/Outro;Falta de Funcionalidade;Outros motivos descritos;Downgrade: - 1x Conexão de Facebook - R$ 65,00 - 1x Conexão de Instagram - R$ 65,00  Motivo: O cliente esperava que estes canais conseguissem receber mensagens dos comentários também, mas como eles são apenas para mensagens diretas, o cliente optou por solicitar as remoções.;2;0.0;0.0;Downgrade;;;Não calculado
05/11/2025;2025;11;Nov.;novembro;2025-11;Nov./25;Leticia Silva;Leticia Silva;True;brunogregorini;Downgrade;Não informado;"Texto Mágico; Transcrição de Áudio";"Texto Mágico; Transcrição de Áudio";https://app.pipefy.com/open-cards/1250049251;Migração/Outro;Dificuldade financeira;Redução de custo;Empresa está se reorganizando financeiramente.;2;0.0;0.0;Downgrade;;;Não calculado
05/11/2025;2025;11;Nov.;novembro;2025-11;Nov./25;Leticia Silva;Leticia Silva;True;drogariasutilfarma;Downgrade;Não informado;Conexão Instagram Direct;Conexão Instagram Direct;https://app.pipefy.com/open-cards/1250310769;Migração/Outro;Falta de Funcionalidade;Outros motivos descritos;Tentaram usar o Instagram para captar clientes mas não conseguiram.;1;0.0;0.0;Downgrade;;;Não calculado
05/11/2025;2025;11;Nov.;novembro;2025-11;Nov./25;Leticia Silva;Leticia Silva;True;falecomaelabora;Downgrade;Não informado;Resumo Inteligente;Resumo Inteligente;https://app.pipefy.com/open-cards/1250005768;Migração/Outro;Falta de Funcionalidade;Outros motivos descritos;Recurso funcionou mas cliente não estava utilizando.;1;0.0;0.0;Downgrade;;;Não calculado
05/11/2025;2025;11;Nov.;novembro;2025-11;Nov./25;Tadiane Biason;Tadiane Biason;True;pouparseguros;Downgrade;Não informado;Integração;Integração;https://app.pipefy.com/open-cards/1250415668;Migração/Outro;Não viu valor agregado;Redução de custo;Tipo: Downgrade Produto: RD Station Valor: 59,99 URL: pouparseguros Protocolo:202511051547437 Motivo: informou que não está utilizando, não viu valor agregado.;1;0.0;0.0;Downgrade;;;Não calculado
05/11/2025;2025;11;Nov.;novembro;2025-11;Nov./25;Vinicius Simões;Vinicius Simões;True;drapatriciamaciel;Downgrade;Não informado;Conexão adicional de WhatsApp;Conexão adicional de WhatsApp;https://app.pipefy.com/open-cards/1250016896;Migração/Outro;Redução de demanda;Redução de custo;Downgrade: - 3x Conexões adicionais de WhatsApp - R$ 267,00 - 1x Conexão adicional de WhatsApp bonificada - R$ 0,00  Motivo: o cliente explicou que passou por uma redução na demanda de atendimentos e precisa reduzir custos.;1;0.0;0.0;Downgrade;;;Não calculado
05/11/2025;2025;11;Nov.;novembro;2025-11;Nov./25;Vinicius Simões;Vinicius Simões;True;xavierlins;Downgrade;Não informado;Funil de vendas;Funil de vendas;https://app.pipefy.com/open-cards/1250328523;Migração/Outro;Sem informação;Outros motivos descritos;Downgrade: - Funil de Vendas - R$ 49,00  Motivo: devido ao fato da cliente já ter tentado remover o produto pela terceira vez (nenhum dos casos foi por culpa nossa, ela que não retornava e o chamado era fechado por inatividade), a mesma estava bem atritada e só disse que queria remover a ferramenta.;1;0.0;0.0;Downgrade;;;Não calculado
06/11/2025;2025;11;Nov.;novembro;2025-11;Nov./25;80401157;Usuário inexistente;False;liderbh;Downgrade;Não informado;Usuário adicional;Usuário adicional;https://app.pipefy.com/open-cards/1250887937;Migração/Outro;Redução de funcionários;Redução de custo;Downgrade de 13 usuários = R$29,00 | R$377,00/mensais;1;0.0;0.0;Downgrade;;;Não calculado
06/11/2025;2025;11;Nov.;novembro;2025-11;Nov./25;80402395;Usuário inexistente;False;ctaraguaina;Downgrade;Não informado;"Usuário adicional; Conexão adicional de WhatsApp; Servidores";Usuário adicional + outros;https://app.pipefy.com/open-cards/1251308008;Migração/Outro;Redução de demanda;Redução de custo;Não tera mais necessidades de tantos usuários e acessos vai ficar com acesso somente gestor e coordenação. Sem mais informações.;3;0.0;0.0;Downgrade;;;Não calculado
06/11/2025;2025;11;Nov.;novembro;2025-11;Nov./25;80402395;Usuário inexistente;False;provencebymaraiza;Downgrade;Não informado;Funil de vendas;Funil de vendas;https://app.pipefy.com/open-cards/1251008639;Migração/Outro;Não se adaptou ao produto;Outros motivos descritos;Cliente alega que não se adaptaram ao recurso.  Sem mais.;1;0.0;0.0;Downgrade;;;Não calculado
06/11/2025;2025;11;Nov.;novembro;2025-11;Nov./25;83205771;Usuário inexistente;False;fasatelevendasrbp;Downgrade;Não informado;Usuário adicional;Usuário adicional;https://app.pipefy.com/open-cards/1250940709;Migração/Outro;Problema sistêmico (cliente);Redução de custo;Motivo: vamos reformular essa conta, o que vai ser mantido por enquanto só o caixa e financeiro;1;0.0;0.0;Downgrade;;;Não calculado
06/11/2025;2025;11;Nov.;novembro;2025-11;Nov./25;Melissa Duarte;Melissa Duarte;True;ccanedoadvogados;Downgrade;Não informado;Funil de vendas;Funil de vendas;https://app.pipefy.com/open-cards/1251195625;Migração/Outro;Falta de Funcionalidade;Outros motivos descritos;Down funil de vendas R$49,00;1;0.0;0.0;Downgrade;;;Não calculado
06/11/2025;2025;11;Nov.;novembro;2025-11;Nov./25;Melissa Duarte;Melissa Duarte;True;luentende;Downgrade;Não informado;Integração;Integração;https://app.pipefy.com/open-cards/1251016472;Migração/Outro;Desistência da contratação;Outros motivos descritos;Down Integração bem melhor (5 usuários);1;0.0;0.0;Downgrade;;;Não calculado
07/11/2025;2025;11;Nov.;novembro;2025-11;Nov./25;80401157;Usuário inexistente;False;labexata;Downgrade;Não informado;Funil de vendas;Funil de vendas;https://app.pipefy.com/open-cards/1251505126;Migração/Outro;Não se adaptou ao produto;Processo/uso operacional;Downgrade Funil de vendas = R$ 49,00/mensal  Relato cliente: No momento não nos atendeu a parte comercial optou por outro processo somente isso nada a reclamar da plataforma é somente uma opção mesmo.;1;0.0;0.0;Downgrade;;;Não calculado
07/11/2025;2025;11;Nov.;novembro;2025-11;Nov./25;80402395;Usuário inexistente;False;andreverboski;Downgrade;Não informado;Integração;Integração;https://app.pipefy.com/open-cards/1251629044;Migração/Outro;Integração (responsabilidade terceiro);Outros motivos descritos;Down Integração BITRIX;1;0.0;0.0;Downgrade;;;Não calculado
07/11/2025;2025;11;Nov.;novembro;2025-11;Nov./25;Leticia Silva;Leticia Silva;True;educacionalsolaris;Downgrade;Não informado;Conexão Instagram Direct;Conexão Instagram Direct;https://app.pipefy.com/open-cards/1251710242;Migração/Outro;Falta de Funcionalidade;Outros motivos descritos;Não estava recebendo clientes por essa conexão.;1;0.0;0.0;Downgrade;;;Não calculado
07/11/2025;2025;11;Nov.;novembro;2025-11;Nov./25;Vinicius Simões;Vinicius Simões;True;sbr;Downgrade;Não informado;Funil de vendas;Funil de vendas;https://app.pipefy.com/open-cards/1251733575;Migração/Outro;Falta de Funcionalidade;Outros motivos descritos;Downgrade: - Funil de Vendas - R$ 89,00  Motivo: Segundo o cliente, ele decidiu remover a ferramenta pois o funil não possui a funcionalidade de fazer proposta comercial dentro das oportunidades e também não possui integração com o Google Agenda.;1;0.0;0.0;Downgrade;;;Não calculado
10/11/2025;2025;11;Nov.;novembro;2025-11;Nov./25;80401195;Usuário inexistente;False;gabrielaoliveira;Downgrade;Não informado;"Usuário adicional; Conexão Facebook Messenger; Texto Mágico";Usuário adicional + outros;https://app.pipefy.com/open-cards/1252714709;Migração/Outro;Desmembramento de URL;Redução de custo;Plano Base - 2 Usuários - 1 Conexão Usuários adicionais - Qtd.: 2 Conexão Adicional de WhatsApp - Qtd.: 1 Conexão Adicional de Telegram - Qtd.: 1 Conexão Adicional de WebChat - Qtd.: 1 R$ 187,00 Usuários bonificados 2x R$ 0,00 1 usuário adicional: R$ 29,00 Total mensal: R$ 216,00 ------------------------------------------------------------------------------- Plano Base - 2 Usuários - 1 Conexão Usuários adicionais - Qtd.: 2 Conexão Adicional de WhatsApp - Qtd.: 1 Conexão Adicional de Telegram - Qtd.: 1 Conexão Adicional de WebChat - Qtd.: 1 R$ 187,00 Conexão de Instagram: R$ 89,00 Usuários bonificados 2x R$ 0,00 1 usuário adicional: R$ 29,00 Total mensal: R$ 305,00 Ambas as URLs ficariam em um valor mensal de R$ 521,00. alteração do plano - 202510171527755;3;0.0;0.0;Downgrade;;;Não calculado
10/11/2025;2025;11;Nov.;novembro;2025-11;Nov./25;82573565;Usuário inexistente;False;guiadosaprovados;Downgrade;Não informado;Funil de vendas;Funil de vendas;https://app.pipefy.com/open-cards/1252810588;Migração/Outro;Redução de demanda;Redução de custo;Downgrade - Funil de vendas R$ 49,00 | Motivo: Cliente com baixo volume de leads fazendo testes iniciais. Posteriormente vão contratar | Protocolo: 202511091551633;1;0.0;0.0;Downgrade;;;Não calculado
10/11/2025;2025;11;Nov.;novembro;2025-11;Nov./25;Leticia Silva;Leticia Silva;True;33doctorportoalegre;Downgrade;Não informado;Integração;Integração;https://app.pipefy.com/open-cards/1252824528;Migração/Outro;Falta de Funcionalidade;Processo/uso operacional;Cliente disse que para o negócio deles a solução não deu certo, é um recurso muito manual.;1;0.0;0.0;Downgrade;;;Não calculado
10/11/2025;2025;11;Nov.;novembro;2025-11;Nov./25;Leticia Silva;Leticia Silva;True;bolpar;Downgrade;Não informado;Funil de vendas;Funil de vendas;https://app.pipefy.com/open-cards/1252870049;Migração/Outro;Falta de Funcionalidade;Processo/uso operacional;Cliente disse que estava perdendo muito tempo com a ferramenta, por ser manual.;1;0.0;0.0;Downgrade;;;Não calculado
10/11/2025;2025;11;Nov.;novembro;2025-11;Nov./25;Vinicius Simões;Vinicius Simões;True;legalizebem;Downgrade;Não informado;Chat interno;Chat interno;https://app.pipefy.com/open-cards/1252595971;Migração/Outro;Não viu valor agregado;Redução de custo;Downgrade: - Chat Interno - R$ 49,00  Motivo: a cliente explicou que ela e sua equipe preferiram voltar a utilizar o grupo de WhatsApp da empresa para se comunicarem internamente, mas caso o Chat Interno pudesse ser usado no app da Digisac, a ferramenta poderia ser usada.;1;0.0;0.0;Downgrade;;;Não calculado
11/11/2025;2025;11;Nov.;novembro;2025-11;Nov./25;80401157;Usuário inexistente;False;ikepedras;Downgrade;Não informado;Integração;Integração;https://app.pipefy.com/open-cards/1253489625;Migração/Outro;Desistência da contratação;Outros motivos descritos;Downgrade Integração Pipedrive R$ 59,99/mensal;1;0.0;0.0;Downgrade;;;Não calculado
11/11/2025;2025;11;Nov.;novembro;2025-11;Nov./25;Leticia Silva;Leticia Silva;True;aquiemprestimo;Downgrade;Não informado;Servidores;Servidores;https://app.pipefy.com/open-cards/1253452571;Migração/Outro;Dificuldade financeira;Redução de custo;Empresa está passando por dificuldades financeiras.;1;0.0;0.0;Downgrade;;;Não calculado
11/11/2025;2025;11;Nov.;novembro;2025-11;Nov./25;Vinicius Simões;Vinicius Simões;True;grupoavend;Downgrade;Não informado;"Conexão Facebook Messenger; Conexão Instagram Direct";Conexão Facebook Messenger + outros;https://app.pipefy.com/open-cards/1253537471;Migração/Outro;Solução própria;Troca de solução / concorrente;Downgrade: - 1x Conexão de Facebook - R$ 65,00 - 1x Conexão de Instagram - R$ 65,00  Motivo: a cliente explicou que eles haviam contratado pois pensavam que sua equipe de marketing não tinha o controle dos atendimentos por estes canais, mas depois que descobriram, eles entenderam que a agência possui até um sistema próprio para este tipo de atendimento.;2;0.0;0.0;Downgrade;;;Não calculado
12/11/2025;2025;11;Nov.;novembro;2025-11;Nov./25;80401157;Usuário inexistente;False;portaldasbombasabc;Downgrade;Não informado;Funil de vendas;Funil de vendas;https://app.pipefy.com/open-cards/1253712674;Migração/Outro;Desistência da contratação;Outros motivos descritos;Downgrade Funil de vendas = R$ 49,00/mensal;1;0.0;0.0;Downgrade;;;Não calculado
12/11/2025;2025;11;Nov.;novembro;2025-11;Nov./25;80402395;Usuário inexistente;False;rmarino;Downgrade;Não informado;Resumo Inteligente;Resumo Inteligente;https://app.pipefy.com/open-cards/1254025370;Migração/Outro;Centralização URL (usuário);Outros motivos descritos;Down Resumo inteligente. Durante o atendimento, foi identificado que ainda não há dados disponíveis sobre o dia e horário em que a consulta foi agendada, nem informações sobre o envio de exames por parte do paciente. Foi mencionado que a inteligência artificial utilizada ainda não possui essa funcionalidade, podendo vir a contemplá-la em versões futuras.;1;0.0;0.0;Downgrade;;;Não calculado
12/11/2025;2025;11;Nov.;novembro;2025-11;Nov./25;83205771;Usuário inexistente;False;advpaulohenrique;Downgrade;Não informado;Funil de vendas;Funil de vendas;https://app.pipefy.com/open-cards/1253877091;Migração/Outro;Não viu valor agregado;Redução de custo;Downgrade - Funil de Vendas - Protocolo: 202511121556847 - Motivo: Cliente acreditava que o Funil era automatizado, o cliente chamada e já caia no Funil. Ele viu que não atende ao que ele precisa. Comentei sobre as integrações de CRM.;1;0.0;0.0;Downgrade;;;Não calculado
12/11/2025;2025;11;Nov.;novembro;2025-11;Nov./25;Leticia Silva;Leticia Silva;True;literarius;Downgrade;Não informado;IA Copiloto;IA Copiloto;https://app.pipefy.com/open-cards/1253792850;Migração/Outro;Falta de Funcionalidade;Outros motivos descritos;Cliente disse que a forma de inserção das informações não ajuda muito... Parece que ele se confunde e não entrega as respostas, ou não reconhece mesmo.;1;0.0;0.0;Downgrade;;;Não calculado
12/11/2025;2025;11;Nov.;novembro;2025-11;Nov./25;Leticia Silva;Leticia Silva;True;sarkis;Downgrade;Não informado;Funil de vendas;Funil de vendas;https://app.pipefy.com/open-cards/1254028485;Migração/Outro;Falta de Funcionalidade;Outros motivos descritos;Cliente disse que o recurso não traz as metricas que ela precisa.;1;0.0;0.0;Downgrade;;;Não calculado
12/11/2025;2025;11;Nov.;novembro;2025-11;Nov./25;Leticia Silva;Leticia Silva;True;solusconcincoestrelas;Downgrade;Não informado;IA Agent;IA Agent;https://app.pipefy.com/open-cards/1253969968;Migração/Outro;Migrando de Plataforma;Troca de solução / concorrente;Cliente vai mudar de plataforma.;1;0.0;0.0;Downgrade;;;Não calculado
12/11/2025;2025;11;Nov.;novembro;2025-11;Nov./25;Luis Siqueira;Luis Siqueira;True;royalfacecascavel;Downgrade;Não informado;"Conexão Instagram Direct; Conexão Facebook Messenger";Conexão Instagram Direct + outros;https://app.pipefy.com/open-cards/1254009937;Migração/Outro;Custo Benefício;Redução de custo;Cliente disse que a movimentação do facebook e instagram é muito baixa para que tenha no seu plano, com isso ele prefere que seja seguido com conexões de whatsapp e funil de vendas;2;0.0;0.0;Downgrade;;;Não calculado
12/11/2025;2025;11;Nov.;novembro;2025-11;Nov./25;Melissa Duarte;Melissa Duarte;True;dermaclinic;Downgrade;Não informado;Conexão Instagram Direct;Conexão Instagram Direct;https://app.pipefy.com/open-cards/1254042049;Migração/Outro;Não se adaptou ao produto;Outros motivos descritos;Apenas nao se adatou, pela exigencia da conta do facebook;1;0.0;0.0;Downgrade;;;Não calculado
12/11/2025;2025;11;Nov.;novembro;2025-11;Nov./25;Tadiane Biason;Tadiane Biason;True;casempreendimentos;Downgrade;Não informado;Conexão adicional de WhatsApp;Conexão adicional de WhatsApp;https://app.pipefy.com/open-cards/1253997122;Migração/Outro;Redução de demanda;Redução de custo;Tipo: Downgrade Produto: 1 conexão Valor: 89,00 URL: casempreendimentos Protocolo:202511121557574;1;0.0;0.0;Downgrade;;;Não calculado
12/11/2025;2025;11;Nov.;novembro;2025-11;Nov./25;Vinicius Simões;Vinicius Simões;True;grupoavend;Downgrade;Não informado;Funil de vendas;Funil de vendas;https://app.pipefy.com/open-cards/1253727485;Migração/Outro;Falta de Funcionalidade;Processo/uso operacional;Downgrade: - Funil de Vendas - R$ 49,00  Motivo: a cliente explicou que esperava ter uma ferramenta mais automatizada, que não fosse focada apenas no controle das etapas em um processo de vendas.;1;0.0;0.0;Downgrade;;;Não calculado
12/11/2025;2025;11;Nov.;novembro;2025-11;Nov./25;Vinicius Simões;Vinicius Simões;True;libertyboss;Downgrade;Não informado;Usuário adicional;Usuário adicional;https://app.pipefy.com/open-cards/1254025445;Migração/Outro;Redução de funcionários;Redução de custo;Downgrade: - 1x Usuário adicional - R$ 29,00;1;0.0;0.0;Downgrade;;;Não calculado
13/11/2025;2025;11;Nov.;novembro;2025-11;Nov./25;80401157;Usuário inexistente;False;conthagora;Downgrade;Não informado;Funil de vendas;Funil de vendas;https://app.pipefy.com/open-cards/1254568718;Migração/Outro;Desistência da contratação;Outros motivos descritos;Downgrade Funil de vendas = R$ 89,00/mensal  Relato cliente: Não é viável continuar pagando por uma função que não estamos utilizando.;1;0.0;0.0;Downgrade;;;Não calculado
13/11/2025;2025;11;Nov.;novembro;2025-11;Nov./25;80401157;Usuário inexistente;False;maryhelpswisspark;Downgrade;Não informado;Funil de vendas;Funil de vendas;https://app.pipefy.com/open-cards/1254606218;Migração/Outro;Desistência da contratação;Outros motivos descritos;Solicitado Paulo Carvalho - Remoção do recurso do funil de vendas a pedido da cliente, ao mesmo.;1;0.0;0.0;Downgrade;;;Não calculado
13/11/2025;2025;11;Nov.;novembro;2025-11;Nov./25;80401157;Usuário inexistente;False;ocscontabil;Downgrade;Não informado;Funil de vendas;Funil de vendas;https://app.pipefy.com/open-cards/1254446335;Migração/Outro;Desistência da contratação;Outros motivos descritos;Downgrade - Funil de Vendas R$ 89,90/mensal  Relato do cliente: Não será utilizado no momento está ferramenta. Estamos reestruturando os departamento e quando for necessário retomaremos.;1;0.0;0.0;Downgrade;;;Não calculado
13/11/2025;2025;11;Nov.;novembro;2025-11;Nov./25;83205771;Usuário inexistente;False;crossfocuspilatesramos;Downgrade;Não informado;IA Copiloto;IA Copiloto;https://app.pipefy.com/open-cards/1254473790;Migração/Outro;UP por engano;Outros motivos descritos;Down - Copiloto de IA - Protocolo: 202511111556554 - MOTIVO: Realizou a contratação errada, ela queria o Agente ao invés do Copiloto.;1;0.0;0.0;Downgrade;;;Não calculado
13/11/2025;2025;11;Nov.;novembro;2025-11;Nov./25;Leticia Silva;Leticia Silva;True;vouparaportoseguro;Downgrade;Não informado;Conexão Facebook Messenger;Conexão Facebook Messenger;https://app.pipefy.com/open-cards/1254627583;Migração/Outro;Redução de demanda;Redução de custo;Não estava mais recebendo clientes por essa conxão.;1;0.0;0.0;Downgrade;;;Não calculado
13/11/2025;2025;11;Nov.;novembro;2025-11;Nov./25;Melissa Duarte;Melissa Duarte;True;casaallplanalto;Downgrade;Não informado;Conexão Instagram Direct;Conexão Instagram Direct;https://app.pipefy.com/open-cards/1254460438;Migração/Outro;UP por engano;Outros motivos descritos;Down Instagram R$89,00;1;0.0;0.0;Downgrade;;;Não calculado
14/11/2025;2025;11;Nov.;novembro;2025-11;Nov./25;82573565;Usuário inexistente;False;alfamkt;Downgrade;Não informado;"Conexão Instagram Direct; Conexão Facebook Messenger";Conexão Instagram Direct + outros;https://app.pipefy.com/open-cards/1255120606;Migração/Outro;Falta de Funcionalidade;Cancelamento / encerramento;Downgrade -Conexão de Messenger Facebook Desconto R$ 65,00 e Conexao de Instagram R$ 65,00 | Motivo:Cliente informou que, pela forma de trabalho atual as conexões de Instagram e Messenger não serão mais utilizadas. Por esse motivo, optou pelo cancelamento. Protocolo: 202511141559979;2;0.0;0.0;Downgrade;;;Não calculado
14/11/2025;2025;11;Nov.;novembro;2025-11;Nov./25;Leticia Silva;Leticia Silva;True;mjcsegurosaude;Downgrade;Não informado;Funil de vendas;Funil de vendas;https://app.pipefy.com/open-cards/1255048740;Migração/Outro;Bug Plataforma;Problema técnico / limitação;Cliente demonstrou insatisfação, pois o recurso não funciona desde o dia 6 de novembro. Embora o o jira já tenha sido aberto, ainda não há previsão para a resolução do problema. Diante disso, a Viviane autorizou o estorno referente ao período de indisponibilidade, de 6 a 14 de novembro, ou o desconto proporcional aplicado na próxima fatura.;1;0.0;0.0;Downgrade;;;Não calculado
14/11/2025;2025;11;Nov.;novembro;2025-11;Nov./25;Luis Siqueira;Luis Siqueira;True;facilitte;Downgrade;Não informado;"Funil de vendas; Conexão adicional de WhatsApp";"Funil de vendas; Conexão adicional de WhatsApp";https://app.pipefy.com/open-cards/1254856110;Migração/Outro;Sazonal;Outros motivos descritos;Cliente apenas utiiza por um periodo especifico, por isso que ele faz a mudança;2;0.0;0.0;Downgrade;;;Não calculado
17/11/2025;2025;11;Nov.;novembro;2025-11;Nov./25;80401157;Usuário inexistente;False;bebazoza;Downgrade;Não informado;Servidores;Servidores;https://app.pipefy.com/open-cards/1255877788;Migração/Outro;Não viu valor agregado;Redução de custo;Down- Servidor 2/4 - 89,00 - Protocolo: 202511171561877 - Motivo: Foi identificado que o servidor não é necessário na plataforma da cliente.;1;0.0;0.0;Downgrade;;;Não calculado
17/11/2025;2025;11;Nov.;novembro;2025-11;Nov./25;80401157;Usuário inexistente;False;ontimesistemas;Downgrade;Não informado;Funil de vendas;Funil de vendas;https://app.pipefy.com/open-cards/1255732171;Migração/Outro;Desistência da contratação;Cancelamento / encerramento;Downgrade Funil de vendas = R$ 49,00/mensal  Relato cliente: Não está utilizando a ferramenta, depois voltará a contratar, mas no momento prefere cancelar.;1;0.0;0.0;Downgrade;;;Não calculado
17/11/2025;2025;11;Nov.;novembro;2025-11;Nov./25;80401157;Usuário inexistente;False;pbconsig;Downgrade;Não informado;Conexão Instagram Direct;Conexão Instagram Direct;https://app.pipefy.com/open-cards/1255721401;Migração/Outro;Sem informação;Outros motivos descritos;Downgrade Conexão Instagram = R$ 89,00/mensal | PROTOCOLO: 202511171561525;1;0.0;0.0;Downgrade;;;Não calculado
17/11/2025;2025;11;Nov.;novembro;2025-11;Nov./25;80401157;Usuário inexistente;False;xavieradvogados;Downgrade;Não informado;Funil de vendas;Funil de vendas;https://app.pipefy.com/open-cards/1255607200;Migração/Outro;Migrando de Plataforma;Troca de solução / concorrente;Downgrade Funil de vendas  Estamos usando o Kommo para essa parte de CRM comercial. Achei mais fácil, rápido e as integrações com redes sociais também são boas. Mas continuarmos com o Digisac no atendimento aos clientes.;1;0.0;0.0;Downgrade;;;Não calculado
17/11/2025;2025;11;Nov.;novembro;2025-11;Nov./25;83205771;Usuário inexistente;False;capitaliza;Downgrade;Não informado;Servidores;Servidores;https://app.pipefy.com/open-cards/1255683155;Migração/Outro;Desistência da contratação;Outros motivos descritos;Down - Servidor 2/4 - 89,00 - Protocolo: 202511171561306 - Motivo: O servidor foi analisado pelo time de suporte, que identificou que o servidor 2/4 não é necessário para a plataforma do cliente. Por isso, foi solicitada a remoção.;1;0.0;0.0;Downgrade;;;Não calculado
17/11/2025;2025;11;Nov.;novembro;2025-11;Nov./25;83205771;Usuário inexistente;False;massapronta;Downgrade;Não informado;"Conexão Facebook Messenger; Conexão Instagram Direct";Conexão Facebook Messenger + outros;https://app.pipefy.com/open-cards/1255634224;Migração/Outro;Não viu valor agregado;Redução de custo;Downgrade - Conexão Facebook + Instagram - 99,00 - Protocolo: 202511171561344 - Motivo: Cliente não está usando a conexão a 1 ano, diz que só tem elogios com a DigiSac, o motivo foi a falta de uso mesmo.;2;0.0;0.0;Downgrade;;;Não calculado
17/11/2025;2025;11;Nov.;novembro;2025-11;Nov./25;Leticia Silva;Leticia Silva;True;avengersagency;Downgrade;Não informado;Conexão Instagram Direct;Conexão Instagram Direct;https://app.pipefy.com/open-cards/1255894402;Migração/Outro;Falta de Funcionalidade;Outros motivos descritos;Contrataram somente para o período do desafio que o fluxo era maior.;1;0.0;0.0;Downgrade;;;Não calculado
17/11/2025;2025;11;Nov.;novembro;2025-11;Nov./25;Leticia Silva;Leticia Silva;True;confiacred;Downgrade;Não informado;"Distribuição automática; Servidores";"Distribuição automática; Servidores";https://app.pipefy.com/open-cards/1255653895;Migração/Outro;Falta de Funcionalidade;Outros motivos descritos;Cliente vai parar de utilizar a plataforma.;2;0.0;0.0;Downgrade;;;Não calculado
17/11/2025;2025;11;Nov.;novembro;2025-11;Nov./25;Luis Siqueira;Luis Siqueira;True;nuvem;Downgrade;Não informado;Combo de IA's;Combo de IA's;https://app.pipefy.com/open-cards/1255914316;Migração/Outro;Desistência da contratação;Redução de custo;Cliente entendeu que seria algo relacionado ao formato novo atrelado e por conta dos banimentos que tem recebido  Expliquei que não seguidos nesse sentido, mas preferiu seguir com a redução;1;0.0;0.0;Downgrade;;;Não calculado
17/11/2025;2025;11;Nov.;novembro;2025-11;Nov./25;Priscila Pavani;Priscila Pavani;True;lccredito;Downgrade;Não informado;"Integração; Servidores; Conexão adicional de WhatsApp; Distribuição automática";Integração + outros;https://app.pipefy.com/open-cards/1255934498;Migração/Outro;Sazonal;Outros motivos descritos;Downgrade de 3 conexões adicionais de WhatsApp Standard - Distribuição de Chamados - servidor 2/4 - Integração Send Row - Protocolo: 202511171561174 - O cliente reportou que o Downgrade se deve a números banidos, que ele vai esquetar primeiro antes de recolocar na plataforma.;4;0.0;0.0;Downgrade;;;Não calculado
17/11/2025;2025;11;Nov.;novembro;2025-11;Nov./25;Vinicius Simões;Vinicius Simões;True;grupofbn;Downgrade;Não informado;"Usuário adicional; Servidores; Conexão adicional de WhatsApp; Funil de vendas";Usuário adicional + outros;https://app.pipefy.com/open-cards/1255902354;Migração/Outro;Banimento;Troca de solução / concorrente;Downgrade: - 3x Usuários adicionais - R$ 87,00 - Servidor 2/4 - R$ 138,00 - 2x Conexões adicionais de WhatsApp - R$ 178,00 - Funil de Vendas - R$ 49,00  Motivo: a cliente explicou que estão migrando de plataforma por sofrerem muitos banimentos, mas irão manter o plano base por enquanto.;4;0.0;0.0;Downgrade;;;Não calculado
18/11/2025;2025;11;Nov.;novembro;2025-11;Nov./25;80401157;Usuário inexistente;False;medradoturismo;Downgrade;Não informado;Integração;Integração;https://app.pipefy.com/open-cards/1256161236;Migração/Outro;Desistência da contratação;Outros motivos descritos;Downgrade Integração Moskit;1;0.0;0.0;Downgrade;;;Não calculado
18/11/2025;2025;11;Nov.;novembro;2025-11;Nov./25;82573565;Usuário inexistente;False;pallomacorreiaadv;Downgrade;Não informado;Chat interno;Chat interno;https://app.pipefy.com/open-cards/1256144492;Migração/Outro;Não viu valor agregado;Redução de custo;Downgrade - Chat Interno R$ 49,00 | Motivo: Cliente não esta mais utilizando a funcionalidade. Não viu valor agregado | Protocolo: 202511171562255;1;0.0;0.0;Downgrade;;;Não calculado
18/11/2025;2025;11;Nov.;novembro;2025-11;Nov./25;Leticia Silva;Leticia Silva;True;nowpromotora;Downgrade;Não informado;Servidores;Servidores;https://app.pipefy.com/open-cards/1256477302;Migração/Outro;Redução de demanda;Redução de custo;Down Servidor 4/8.;1;0.0;0.0;Downgrade;;;Não calculado
18/11/2025;2025;11;Nov.;novembro;2025-11;Nov./25;Melissa Duarte;Melissa Duarte;True;marketink;Downgrade;Não informado;IA Agent;IA Agent;https://app.pipefy.com/open-cards/1256516204;Migração/Outro;Desistência da contratação;Outros motivos descritos;Downgrade Agente Inteligente 1000 créditos R$112,90;1;0.0;0.0;Downgrade;;;Não calculado
19/11/2025;2025;11;Nov.;novembro;2025-11;Nov./25;80401195;Usuário inexistente;False;factafranquiacuritiba;Downgrade;Não informado;Conexão adicional de WhatsApp;Conexão adicional de WhatsApp;https://app.pipefy.com/open-cards/1256993514;Migração/Outro;Sazonal;Outros motivos descritos;O cliente vai trocar a conexão Standard: 554197359659, pelo número que já é Oficial: +55 41 9548-1876.;1;0.0;0.0;Downgrade;;;Não calculado
19/11/2025;2025;11;Nov.;novembro;2025-11;Nov./25;80401195;Usuário inexistente;False;nossolar;Downgrade;Não informado;Usuário adicional;Usuário adicional;https://app.pipefy.com/open-cards/1257168376;Migração/Outro;Banimento;Redução de custo;Downgrade de Usuarios adicionais x30 (cada R$25,00) - Total: R$750,00 - Estão recebendo muitos banimentos na conexão então reduziram usuários para ter menos pessoas utilizando um número.;1;0.0;0.0;Downgrade;;;Não calculado
19/11/2025;2025;11;Nov.;novembro;2025-11;Nov./25;80401231;Usuário inexistente;False;promenaccamvel;Downgrade;Não informado;"Usuário adicional; Servidores; IA Copiloto";"Usuário adicional; Servidores; IA Copiloto";https://app.pipefy.com/open-cards/1256835135;Migração/Outro;Centralização URL (usuário);Cancelamento / encerramento;Cliente cancelou a URL e retornou para fazer consulta de dados. DOWN 15 usuários adicionais, upgrade de servidor e copiloto;3;0.0;0.0;Downgrade;;;Não calculado
19/11/2025;2025;11;Nov.;novembro;2025-11;Nov./25;83205771;Usuário inexistente;False;celk;Downgrade;Não informado;Distribuição automática;Distribuição automática;https://app.pipefy.com/open-cards/1257004319;Migração/Outro;Solução própria;Processo/uso operacional;Motivo: Cliente modificou a estrutura de atendimento dentro da DigiSac, dessa maneira, a distribuição não será mais utilizada. Ele disse que recebeu todo suporte, treinamento e atendimento para configurar o recurso, porém foi processo sistêmico.;1;0.0;0.0;Downgrade;;;Não calculado
19/11/2025;2025;11;Nov.;novembro;2025-11;Nov./25;Leticia Silva;Leticia Silva;True;santalimpeza;Downgrade;Não informado;"Distribuição automática; Servidores";"Distribuição automática; Servidores";https://app.pipefy.com/open-cards/1256824925;Migração/Outro;Redução de demanda;Redução de custo;Cliente reduziu sua demanda/quadro de funcionários.;2;0.0;0.0;Downgrade;;;Não calculado
19/11/2025;2025;11;Nov.;novembro;2025-11;Nov./25;Leticia Silva;Leticia Silva;True;thaislimaatelier;Downgrade;Não informado;IA Copiloto;IA Copiloto;https://app.pipefy.com/open-cards/1256811666;Migração/Outro;Não viu valor agregado;Redução de custo;Disse que no modelo consultivo não se aplicou de forma que esperava;1;0.0;0.0;Downgrade;;;Não calculado
19/11/2025;2025;11;Nov.;novembro;2025-11;Nov./25;Luis Siqueira;Luis Siqueira;True;mercuriocontabi;Downgrade;Não informado;IA Copiloto;IA Copiloto;https://app.pipefy.com/open-cards/1256991258;Migração/Outro;Não viu valor agregado;Redução de custo;Cliente disse que não se adaptou ao produto, pela forma que ele atua não fez muito sentido no momento;1;0.0;0.0;Downgrade;;;Não calculado
19/11/2025;2025;11;Nov.;novembro;2025-11;Nov./25;Marcela Medeiros;Marcela Medeiros;True;saboresdononno;Downgrade;Não informado;Funil de vendas;Funil de vendas;https://app.pipefy.com/open-cards/1256911576;Migração/Outro;Não viu valor agregado;Redução de custo;Down Funil de vendas- solicitado por ligação - 49,90. Resp. cadumoura8888@gmail.com > Funcionalidade não fez sentido para ele. Participou até mesmo do treinamento, mas não deu resultados para sua atividade. Decidiu não dar mais detalhes.;1;0.0;0.0;Downgrade;;;Não calculado
19/11/2025;2025;11;Nov.;novembro;2025-11;Nov./25;Melissa Duarte;Melissa Duarte;True;biankavalenteadv;Downgrade;Não informado;Conexão adicional de WhatsApp;Conexão adicional de WhatsApp;https://app.pipefy.com/open-cards/1256882867;Migração/Outro;Redução de funcionários;Redução de custo;Down plano base para plano acelera R$99,00;1;0.0;0.0;Downgrade;;;Não calculado
19/11/2025;2025;11;Nov.;novembro;2025-11;Nov./25;Melissa Duarte;Melissa Duarte;True;marest;Downgrade;Não informado;Integração;Integração;https://app.pipefy.com/open-cards/1256767684;Migração/Outro;Redução de demanda;Redução de custo;Downgrade integração com GLPI R$59,99;1;0.0;0.0;Downgrade;;;Não calculado
19/11/2025;2025;11;Nov.;novembro;2025-11;Nov./25;Tadiane Biason;Tadiane Biason;True;mercury;Downgrade;Não informado;Conexão adicional de WhatsApp;Conexão adicional de WhatsApp;https://app.pipefy.com/open-cards/1257184229;Migração/Outro;Redução de demanda;Redução de custo;Tipo: Upgrade Produto: 1 Conexão Comuns Valor: R$ 89,00 URL: mercury Protocolo: 202511191573039 (Acabei realizando o Down de duas pois fiz um up antes, errado, por isso reduzi 2, mas o pedido da cliente é somente 1);1;0.0;0.0;Downgrade;;;Não calculado
19/11/2025;2025;11;Nov.;novembro;2025-11;Nov./25;Viviane Vieira;Viviane Vieira;True;inovarcursos;Downgrade;Não informado;Conexão adicional de WhatsApp;Conexão adicional de WhatsApp;https://app.pipefy.com/open-cards/1257130724;Migração/Outro;Não viu valor agregado;Redução de custo;Esta suspensa, quer retornar, porém sem o custo da conexão adicional;1;0.0;0.0;Downgrade;;;Não calculado
19/11/2025;2025;11;Nov.;novembro;2025-11;Nov./25;Viviane Vieira;Viviane Vieira;True;trucaoautopeca;Downgrade;Não informado;"Chat interno; Funil de vendas";"Chat interno; Funil de vendas";https://app.pipefy.com/open-cards/1257167450;Migração/Outro;Falta de Funcionalidade;Outros motivos descritos;o funil de vendas conseguimos um melhor (nosso TI fez um pra usarmos integrado com nosso RP)  e a comunicação interna está sendo no whatsapp mesmo.;2;0.0;0.0;Downgrade;;;Não calculado
21/11/2025;2025;11;Nov.;novembro;2025-11;Nov./25;82573565;Usuário inexistente;False;ammadesign;Downgrade;Não informado;Funil de vendas;Funil de vendas;https://app.pipefy.com/open-cards/1257681883;Migração/Outro;Não viu valor agregado;Redução de custo;Downgrade Funil de vendas R$ 49,00 | Motivo: Preferiu contratar outra funcionalidade | Protocolo: 202511211574951;1;0.0;0.0;Downgrade;;;Não calculado
21/11/2025;2025;11;Nov.;novembro;2025-11;Nov./25;83205771;Usuário inexistente;False;somatecnologia;Downgrade;Não informado;Distribuição automática;Distribuição automática;https://app.pipefy.com/open-cards/1257893762;Migração/Outro;Bug Plataforma;Cancelamento / encerramento;Motivo: Cliente buscou solução para um bug na distribuição, porém foi informado que o problema dela foi escalonado, mas que não existia prazo de resolução, a mesma solicitou o cancelamento por esse motivo.;1;0.0;0.0;Downgrade;;;Não calculado
21/11/2025;2025;11;Nov.;novembro;2025-11;Nov./25;Luis Siqueira;Luis Siqueira;True;kericomateriais;Downgrade;Não informado;Funil de vendas;Funil de vendas;https://app.pipefy.com/open-cards/1257689723;Migração/Outro;Não se adaptou ao produto;Redução de custo;Cliente fez a redução do funil de vendas  Cliente - A ferramenta e muito boa, porém meu vendedores não estão usando. A apara eu ficar encima deles forçando a usar não vai compensar tbm. Sem tempo hehe. Então se torna mais viável cancelar;1;0.0;0.0;Downgrade;;;Não calculado
21/11/2025;2025;11;Nov.;novembro;2025-11;Nov./25;Luis Siqueira;Luis Siqueira;True;mzhotelaria;Downgrade;Não informado;Funil de vendas;Funil de vendas;https://app.pipefy.com/open-cards/1257771951;Migração/Outro;Redução de demanda;Redução de custo;reduzindo por conta de redução de custo;1;0.0;0.0;Downgrade;;;Não calculado
21/11/2025;2025;11;Nov.;novembro;2025-11;Nov./25;Luis Siqueira;Luis Siqueira;True;ncveiculos;Downgrade;Não informado;Funil de vendas;Funil de vendas;https://app.pipefy.com/open-cards/1257848202;Migração/Outro;Não viu valor agregado;Redução de custo;Cliente - Acabou que os vendedores não usaram. Mas é bem prático e muito bom pra nos que não serviu;1;0.0;0.0;Downgrade;;;Não calculado
24/11/2025;2025;11;Nov.;novembro;2025-11;Nov./25;82573565;Usuário inexistente;False;fernandofelix;Downgrade;Não informado;IA Copiloto;IA Copiloto;https://app.pipefy.com/open-cards/1258833559;Migração/Outro;Falta de Funcionalidade;Outros motivos descritos;Downgrade - IA Copiloto - 500 créditos R$ 49,90 | Protocolo: 202511211575873;1;0.0;0.0;Downgrade;;;Não calculado
24/11/2025;2025;11;Nov.;novembro;2025-11;Nov./25;82573565;Usuário inexistente;False;gruposigma;Downgrade;Não informado;Funil de vendas;Funil de vendas;https://app.pipefy.com/open-cards/1258929642;Migração/Outro;Falta de Funcionalidade;Outros motivos descritos;Downgrade Funil de Vendas R$ 49,00 | Motivo: Protocolo: 202511241576964;1;0.0;0.0;Downgrade;;;Não calculado
24/11/2025;2025;11;Nov.;novembro;2025-11;Nov./25;Leticia Silva;Leticia Silva;True;espacohaus;Downgrade;Não informado;Usuário adicional;Usuário adicional;https://app.pipefy.com/open-cards/1258955331;Migração/Outro;Redução de funcionários;Redução de custo;- Down 3 usuários adicionais;1;0.0;0.0;Downgrade;;;Não calculado
24/11/2025;2025;11;Nov.;novembro;2025-11;Nov./25;Leticia Silva;Leticia Silva;True;saltbeachclub;Downgrade;Não informado;Chat interno;Chat interno;https://app.pipefy.com/open-cards/1258882567;Migração/Outro;Não se adaptou ao produto;Outros motivos descritos;Cliente disse que não estava utilizando recurso.;1;0.0;0.0;Downgrade;;;Não calculado
24/11/2025;2025;11;Nov.;novembro;2025-11;Nov./25;Leticia Silva;Leticia Silva;True;settemadvogados;Downgrade;Não informado;Resumo Inteligente;Resumo Inteligente;https://app.pipefy.com/open-cards/1258561906;Migração/Outro;Falta de Funcionalidade;Problema técnico / limitação;Cliente disse que o limite de utilização é insuficiente para a minha demanda apresenta varias falhas algumas vezes ao fechar o chamado, ele reabre o chamado por causa do resumi IA;1;0.0;0.0;Downgrade;;;Não calculado
24/11/2025;2025;11;Nov.;novembro;2025-11;Nov./25;Leticia Silva;Leticia Silva;True;zandomaxeletronicos;Downgrade;Não informado;Funil de vendas;Funil de vendas;https://app.pipefy.com/open-cards/1258941711;Migração/Outro;Não se adaptou ao produto;Cancelamento / encerramento;cliente esperava que a plataforma funcionasse de outra forma, especialmente no funil de entrada, onde gostaria que os contatos já caíssem automaticamente na carteira do vendedor responsável. Também faltou a possibilidade de separar clientes por campos como “cliente nativo”, entre outros filtros. Como essas funcionalidades não atenderam às necessidades, ele está solicitando o cancelamento, mas afirma que pode reconsiderar no futuro caso veja melhorias.;1;0.0;0.0;Downgrade;;;Não calculado
24/11/2025;2025;11;Nov.;novembro;2025-11;Nov./25;Vinicius Simões;Vinicius Simões;True;prsmonitoramento;Downgrade;Não informado;Funil de vendas;Funil de vendas;https://app.pipefy.com/open-cards/1258543293;Migração/Outro;Falta de Funcionalidade;Cancelamento / encerramento;Downgrade: - Funil de Vendas - R$ 49,90  Motivo: a cliente não entrou muito em detalhes, disse apenas que o Funil não possui uma função que eles precisavam. Antes de chegar na retenção, ela passou por um treinamento com o Rafael e lá, ela disse que o Funil não serviria pois o atendimento precisaria ficar vinculado ao time comercial, mas ao mesmo tempo, ter acesso ao atendimento 24h da empresa, para o caso se surgir algum problema após o horário comercial. Em treinamento, ele tentou entender a relação do funil com os atendimento, mas a cliente não deu detalhes, disse apenas que gostaria apenas de cancelar.;1;0.0;0.0;Downgrade;;;Não calculado
24/11/2025;2025;11;Nov.;novembro;2025-11;Nov./25;Vinicius Simões;Vinicius Simões;True;vectuscontabilidade;Downgrade;Não informado;"Usuário adicional; Funil de vendas";"Usuário adicional; Funil de vendas";https://app.pipefy.com/open-cards/1258781644;Migração/Outro;Redução de demanda;Redução de custo;Downgrade: - 5x Usuários adicionais - R$ 130,00 - Funil de Vendas - R$ 49,90  Motivo: - Usuários adicionais: a cliente precisou reduzir a quantidade de colaboradores. - Funil de Vendas: eles encontraram um CRM mais completo para trabalharem, o CRM se chama 4C.;2;0.0;0.0;Downgrade;;;Não calculado
25/11/2025;2025;11;Nov.;novembro;2025-11;Nov./25;Leticia Silva;Leticia Silva;True;delfrio;Downgrade;Não informado;Combo de IA's;Combo de IA's;https://app.pipefy.com/open-cards/1259467936;Migração/Outro;Dificuldade financeira;Redução de custo;Cliente está passando por dificuldades financeiras.;1;0.0;0.0;Downgrade;;;Não calculado
25/11/2025;2025;11;Nov.;novembro;2025-11;Nov./25;Leticia Silva;Leticia Silva;True;ourovix;Downgrade;Não informado;Conexão Instagram Direct;Conexão Instagram Direct;https://app.pipefy.com/open-cards/1259149771;Migração/Outro;Falta de Funcionalidade;Outros motivos descritos;Cliente relacionou o recebimento de mensagens do Insta pela digasac como um ponto de alerta para possíveis banimentos devido ao alto fluxo, falei que isso não influencia mas  a mesma não quis seguir mesmo assim.;1;0.0;0.0;Downgrade;;;Não calculado
25/11/2025;2025;11;Nov.;novembro;2025-11;Nov./25;Leticia Silva;Leticia Silva;True;trilhas;Downgrade;Não informado;Funil de vendas;Funil de vendas;https://app.pipefy.com/open-cards/1259532398;Migração/Outro;Não se adaptou ao produto;Outros motivos descritos;Cliente prefere algo mais robusto, vai trocar pela integração com a rd crm;1;0.0;0.0;Downgrade;;;Não calculado
25/11/2025;2025;11;Nov.;novembro;2025-11;Nov./25;Vinicius Simões;Vinicius Simões;True;centraldeseguros;Downgrade;Não informado;Funil de vendas;Funil de vendas;https://app.pipefy.com/open-cards/1259544307;Migração/Outro;Custo Benefício;Redução de custo;Downgrade: - Funil de Vendas - R$ 49,00  Motivo: o cliente preferiu utilizar o CRM da RD Station, que, inclusive, esta integrado na Digisac.;1;0.0;0.0;Downgrade;;;Não calculado
26/11/2025;2025;11;Nov.;novembro;2025-11;Nov./25;80401157;Usuário inexistente;False;suprimentosglobal;Downgrade;Não informado;Integração;Integração;https://app.pipefy.com/open-cards/1259814140;Migração/Outro;Desistência da contratação;Processo/uso operacional;Downgrade contratação Integração PipeDrive R$ 59,99/mensal | PROTOCOLO: 202511261580295  Relato do cliente: A integração não teve a funcionalidade que precisamos, não tem a opção organização na integração.;1;0.0;0.0;Downgrade;;;Não calculado
26/11/2025;2025;11;Nov.;novembro;2025-11;Nov./25;82573565;Usuário inexistente;False;advocaciauiaraalves;Downgrade;Não informado;IA Copiloto;IA Copiloto;https://app.pipefy.com/open-cards/1259750654;Migração/Outro;Não se adaptou ao produto;Outros motivos descritos;Downgrade - IA Copiloto - 500 créditos R$ 49,90 | Motivo: Cliente não esta utilizando no momento e vai recontratar depois | Protocolo: 202511261579846;1;0.0;0.0;Downgrade;;;Não calculado
26/11/2025;2025;11;Nov.;novembro;2025-11;Nov./25;83205771;Usuário inexistente;False;fluxus;Downgrade;Não informado;"Resumo Inteligente; IA Copiloto";"Resumo Inteligente; IA Copiloto";https://app.pipefy.com/open-cards/1259846553;Migração/Outro;Redução de demanda;Redução de custo;Motivo do Down abaixo: Cliente não está usando todos os recursos, e o Copiloto será substituído pelo Agente.;2;0.0;0.0;Downgrade;;;Não calculado
26/11/2025;2025;11;Nov.;novembro;2025-11;Nov./25;Leticia Silva;Leticia Silva;True;omnielectronica;Downgrade;Não informado;Conexão adicional de WhatsApp;Conexão adicional de WhatsApp;https://app.pipefy.com/open-cards/1259948682;Migração/Outro;Redução de demanda;Redução de custo;Down Conexão Adicional de WhatsApp.;1;0.0;0.0;Downgrade;;;Não calculado
26/11/2025;2025;11;Nov.;novembro;2025-11;Nov./25;Leticia Silva;Leticia Silva;True;solusete;Downgrade;Não informado;Funil de vendas;Funil de vendas;https://app.pipefy.com/open-cards/1259799606;Migração/Outro;Falta de Funcionalidade;Outros motivos descritos;Cliente preferiu utilizar o CRM da clickup.;1;0.0;0.0;Downgrade;;;Não calculado
26/11/2025;2025;11;Nov.;novembro;2025-11;Nov./25;Vinicius Simões;Vinicius Simões;True;flaviobritto;Downgrade;Não informado;Distribuição automática;Distribuição automática;https://app.pipefy.com/open-cards/1259912684;Migração/Outro;Não se adaptou ao produto;Cancelamento / encerramento;Downgrade: - Distribuição de Chamados automática - R$ 149,00  Motivo: o cliente contratou a ferramenta pensando que ela iria fazer a distribuição de um departamento para outro, mas quando percebeu que não funcionaria desta forma, ele optou por cancelar.;1;0.0;0.0;Downgrade;;;Não calculado
26/11/2025;2025;11;Nov.;novembro;2025-11;Nov./25;Vinicius Simões;Vinicius Simões;True;ftxconsultoria;Downgrade;Não informado;Integração;Integração;https://app.pipefy.com/open-cards/1259720548;Migração/Outro;Não viu valor agregado;Redução de custo;Dowgrade: - Integração: Digisac x RD Station CRM - R$ 59,99  Motivo: o cliente não quis dar muitos detalhes, apenas disse que não estavam mais utilizando, quando eu questionei se haviam substituído por outro sistema, ele não deu mais retorno.;1;0.0;0.0;Downgrade;;;Não calculado
27/11/2025;2025;11;Nov.;novembro;2025-11;Nov./25;80401157;Usuário inexistente;False;tropicalcontabilidade;Downgrade;Não informado;Conexão adicional de WhatsApp;Conexão adicional de WhatsApp;https://app.pipefy.com/open-cards/1260311463;Migração/Outro;Sem informação;Redução de custo;Cliente possui plano base Standard e adicional WABA, deseja realizar a redução da Standard e manter somente a Oficial. (Pedido via Discord pelo time de suporte);1;0.0;0.0;Downgrade;;;Não calculado
27/11/2025;2025;11;Nov.;novembro;2025-11;Nov./25;83205771;Usuário inexistente;False;dentalnatal;Downgrade;Não informado;Usuário adicional;Usuário adicional;https://app.pipefy.com/open-cards/1260327775;Migração/Outro;Redução de funcionários;Redução de custo;Down - 1 US - Protocolo: 202511251579202 - dentalnatal;1;0.0;0.0;Downgrade;;;Não calculado
27/11/2025;2025;11;Nov.;novembro;2025-11;Nov./25;83205771;Usuário inexistente;False;janrose;Downgrade;Não informado;Conexão adicional de WhatsApp;Conexão adicional de WhatsApp;https://app.pipefy.com/open-cards/1260429509;Migração/Outro;Desistência da contratação;Outros motivos descritos;Down - 1 Conexão Adicional de Whatsapp - Protocolo: 202511271581464 - Motivo: Não está conseguindo excluir;1;0.0;0.0;Downgrade;;;Não calculado
27/11/2025;2025;11;Nov.;novembro;2025-11;Nov./25;83205771;Usuário inexistente;False;machadopremoldados;Downgrade;Não informado;Chat interno;Chat interno;https://app.pipefy.com/open-cards/1260477563;Migração/Outro;Não viu valor agregado;Redução de custo;Down - Chat Intermo - 89,00 - Protocolo: 202511271581428 - Motivo: Cliente afirmou que não usa Chat Interno, pois eles trabalham em uma sala pequena e a comunicação é fácil;1;0.0;0.0;Downgrade;;;Não calculado
27/11/2025;2025;11;Nov.;novembro;2025-11;Nov./25;83205771;Usuário inexistente;False;recredpaulista;Downgrade;Não informado;Conexão adicional de WhatsApp;Conexão adicional de WhatsApp;https://app.pipefy.com/open-cards/1260389510;Migração/Outro;UP por engano;Outros motivos descritos;Motivo do downgrade abaixo: Cliente firmou que não está usando a conexão.;1;0.0;0.0;Downgrade;;;Não calculado
27/11/2025;2025;11;Nov.;novembro;2025-11;Nov./25;83205771;Usuário inexistente;False;simplificasolucoes;Downgrade;Não informado;Conexão adicional de WhatsApp;Conexão adicional de WhatsApp;https://app.pipefy.com/open-cards/1260404398;Migração/Outro;Sem informação;Baixa utilização / sem valor percebido;Down - 1 Conexão adicional de Whatsapp - 89,00 - Protocolo: 202511271581382 - Motivo: Conexão sem uso;1;0.0;0.0;Downgrade;;;Não calculado
27/11/2025;2025;11;Nov.;novembro;2025-11;Nov./25;Leticia Silva;Leticia Silva;True;gandaya;Downgrade;Não informado;Conexão Instagram Direct;Conexão Instagram Direct;https://app.pipefy.com/open-cards/1260543085;Migração/Outro;Falta de Funcionalidade;Outros motivos descritos;Cliente falou que o Instagram que usa apenas o time comercial, eu falei que era possível limitar essa configuração, porém a mesma falou que está seguindo de outra forma, não se interessou em continuar.;1;0.0;0.0;Downgrade;;;Não calculado
27/11/2025;2025;11;Nov.;novembro;2025-11;Nov./25;Vinicius Simões;Vinicius Simões;True;arcertsym;Downgrade;Não informado;Conexão adicional de WhatsApp;Conexão adicional de WhatsApp;https://app.pipefy.com/open-cards/1260493395;Migração/Outro;Custo Benefício;Redução de custo;Downgrade: - 1x Conexão adicional de WhatsApp Standard - R$ 89,00  Motivo: a cliente irá migrar este número para o oficial.;1;0.0;0.0;Downgrade;;;Não calculado
28/11/2025;2025;11;Nov.;novembro;2025-11;Nov./25;80401157;Usuário inexistente;False;inlaser;Downgrade;Não informado;"Conexão Instagram Direct; Conexão Facebook Messenger; Usuário adicional; Integração";Conexão Instagram Direct + outros;https://app.pipefy.com/open-cards/1261067741;Migração/Outro;Desistência da contratação;Outros motivos descritos;01 Conexão de Instagram | 1x R$ 59,00 01 Conexão de Facebook | 1x R$ 99,00 02 Usuários adicionais | 2x R$ 29,00 | R$ 58,00 Integração de 01 usuário com a Bem Melhor | 1x R$ 10,90  Relato do cliente: Não estamos utilizando as ferramentas.;4;0.0;0.0;Downgrade;;;Não calculado
28/11/2025;2025;11;Nov.;novembro;2025-11;Nov./25;80401157;Usuário inexistente;False;jardiniassessoria;Downgrade;Não informado;Conexão adicional de WhatsApp;Conexão adicional de WhatsApp;https://app.pipefy.com/open-cards/1260852981;Migração/Outro;Desistência da contratação;Redução de custo;Downgrade Conexão Adicional WhatsApp = R$ 89,00/mensal  Relato cliente: Redução de números utilizados na empresa.;1;0.0;0.0;Downgrade;;;Não calculado
28/11/2025;2025;11;Nov.;novembro;2025-11;Nov./25;80401157;Usuário inexistente;False;praxis;Downgrade;Não informado;"Conexão Facebook Messenger; Conexão Instagram Direct";Conexão Facebook Messenger + outros;https://app.pipefy.com/open-cards/1261045307;Migração/Outro;Redução de demanda;Redução de custo;Downgrade 02 conexões Instagram e 02 conexões Facebook | Total: 260,00/mensal  Relato cliente: Vamos adicionar 4 whatsapps e não estamos utilizando muito essas;2;0.0;0.0;Downgrade;;;Não calculado
28/11/2025;2025;11;Nov.;novembro;2025-11;Nov./25;80401157;Usuário inexistente;False;praxis;Downgrade;Não informado;"Conexão Facebook Messenger; Conexão Instagram Direct";Conexão Facebook Messenger + outros;https://app.pipefy.com/open-cards/1261051198;Migração/Outro;Redução de demanda;Redução de custo;Downgrade 02 conexões Instagram e 02 conexões Facebook | Total: 260,00/mensal  Relato cliente: Vamos adicionar 4 whatsapps e não estamos utilizando muito essas;2;0.0;0.0;Downgrade;;;Não calculado
28/11/2025;2025;11;Nov.;novembro;2025-11;Nov./25;80401167;Usuário inexistente;False;grupoforum;Downgrade;Não informado;Conexão adicional de WhatsApp - WABA;Conexão adicional de WhatsApp - WABA;https://app.pipefy.com/open-cards/1260978734;Migração/Outro;Centralização URL (conexão);Outros motivos descritos;Número waba ativo | GupShup| Pagamento broke;1;0.0;0.0;Downgrade;;;Não calculado
28/11/2025;2025;11;Nov.;novembro;2025-11;Nov./25;82573565;Usuário inexistente;False;hidraunei;Downgrade;Não informado;Conexão Instagram Direct;Conexão Instagram Direct;https://app.pipefy.com/open-cards/1260863276;Migração/Outro;Dificuldade financeira;Redução de custo;Downgrade conexão Instagram R$ 89,00. Cliente preferiu substituir o valor que paga na conexão para pagar o servidor | Protocolo: 202511281582586;1;0.0;0.0;Downgrade;;;Não calculado
28/11/2025;2025;11;Nov.;novembro;2025-11;Nov./25;83205771;Usuário inexistente;False;futuraodontologia;Downgrade;Não informado;Conexão adicional de WhatsApp;Conexão adicional de WhatsApp;https://app.pipefy.com/open-cards/1260886898;Migração/Outro;Desistência da contratação;Redução de custo;Cliente não utiliza, tentou reduzir pelo meu plano mas o agnus está com bug.;1;0.0;0.0;Downgrade;;;Não calculado
28/11/2025;2025;11;Nov.;novembro;2025-11;Nov./25;Vinicius Simões;Vinicius Simões;True;i7host;Downgrade;Não informado;IA Copiloto;IA Copiloto;https://app.pipefy.com/open-cards/1261112622;Migração/Outro;Não viu valor agregado;Redução de custo;Downgrade: - IA Copiloto com 1.000 créditos - R$ 72,90  Motivo: o cliente explicou que não foi funcional eles precisarem alimentar a base de conhecimento de forma manual, a sugestão dele seria de inserir uma base já alimentada, como o Chat GPT por exemplo.;1;0.0;0.0;Downgrade;;;Não calculado
01/12/2025;2025;12;Dez.;dezembro;2025-12;Dez./25;80401157;Usuário inexistente;False;alessandrasondaprev;Downgrade;Não informado;Resumo Inteligente;Resumo Inteligente;https://app.pipefy.com/open-cards/1261685399;Migração/Outro;Não viu valor agregado;Redução de custo;Downgrade IA Resumo Inteligente - Plano 500 créditos = R$ 29,90/mensal  Relato cliente: A ferramenta não está sendo utilizada, Eu acho que ela demora muito.;1;0.0;0.0;Downgrade;;;Não calculado
01/12/2025;2025;12;Dez.;dezembro;2025-12;Dez./25;80401157;Usuário inexistente;False;laassessoriajuridica;Downgrade;Não informado;"Funil de vendas; Usuário adicional";"Funil de vendas; Usuário adicional";https://app.pipefy.com/open-cards/1262041496;Migração/Outro;Desistência da contratação;Outros motivos descritos;Down usuário adicional R$ 29,00 e funil de vendas R$ 89,00  Relato cliente: Funil de vendas não consegui me adaptar.;2;0.0;0.0;Downgrade;;;Não calculado
01/12/2025;2025;12;Dez.;dezembro;2025-12;Dez./25;83205771;Usuário inexistente;False;cdcsolucoes;Downgrade;Não informado;Usuário adicional;Usuário adicional;https://app.pipefy.com/open-cards/1261914951;Migração/Outro;Redução de funcionários;Redução de custo;Downgrade - 8 usuários - Protocolo: 202512011584771 - Motivo: o cliente não conseguiu reduzir pelo meu plano, pois alegava que iria negativar a conta, porém não há informações convergentes dos usuários no Agnus e na Digisac. A cliente informou que está passando por um momento muito delicado e por isso não conseguiria manter os 11 usuários. Cliente: As coisas não estão muito fáceis e não temos mais tudo isso de operador, estão há 05 anos pagando sem uso.;1;0.0;0.0;Downgrade;;;Não calculado
01/12/2025;2025;12;Dez.;dezembro;2025-12;Dez./25;Leticia Silva;Leticia Silva;True;cdcitirapina;Downgrade;Não informado;Funil de vendas;Funil de vendas;https://app.pipefy.com/open-cards/1261972956;Migração/Outro;Falta de Funcionalidade;Outros motivos descritos;Querem validar o atendimento das meninas aqui sem o funil.;1;0.0;0.0;Downgrade;;;Não calculado
01/12/2025;2025;12;Dez.;dezembro;2025-12;Dez./25;Leticia Silva;Leticia Silva;True;credja;Downgrade;Não informado;Conexão Instagram Direct;Conexão Instagram Direct;https://app.pipefy.com/open-cards/1261843681;Migração/Outro;Redução de demanda;Redução de custo;Não recebe mais clienetes pelo Insta.;1;0.0;0.0;Downgrade;;;Não calculado
01/12/2025;2025;12;Dez.;dezembro;2025-12;Dez./25;Leticia Silva;Leticia Silva;True;luizalmeidaadvogados;Downgrade;Não informado;Usuário adicional;Usuário adicional;https://app.pipefy.com/open-cards/1261836105;Migração/Outro;Redução de funcionários;Redução de custo;Down 3 usuários adicionais.;1;0.0;0.0;Downgrade;;;Não calculado
01/12/2025;2025;12;Dez.;dezembro;2025-12;Dez./25;Leticia Silva;Leticia Silva;True;polomasther;Downgrade;Não informado;Usuário adicional;Usuário adicional;https://app.pipefy.com/open-cards/1262020361;Migração/Outro;Redução de funcionários;Redução de custo;down 1 usuário adicional;1;0.0;0.0;Downgrade;;;Não calculado
01/12/2025;2025;12;Dez.;dezembro;2025-12;Dez./25;Leticia Silva;Leticia Silva;True;realeviagens;Downgrade;Não informado;Integração;Integração;https://app.pipefy.com/open-cards/1262311688;Migração/Outro;Falta de Funcionalidade;Redução de custo;Down Integração Bitrix.  Cliente enfrentou problemas com a integração desde o início da contratação. Então, está sendo solicitado o reembolso referente ao valor da taxa de configuração de R$ 200,00, mais o valor referente à mensalidade que ela já pagou. ***VIVIANE AUTORIZOU***;1;0.0;0.0;Downgrade;;;Não calculado
01/12/2025;2025;12;Dez.;dezembro;2025-12;Dez./25;Tadiane Biason;Tadiane Biason;True;credparceiro;Downgrade;Não informado;"Usuário adicional; Conexão adicional de WhatsApp";Usuário adicional + outros;https://app.pipefy.com/open-cards/1261763363;Migração/Outro;Problema sistêmico (cliente);Redução de custo;Tipo: Downgrade Produto: Usuários e Conexões Valor: Usuários - 7*29 = 203,00 / Conexões 4*89 = 356,00 = 559,00 URL: credparceiro Protocolo: 202511271582138;2;0.0;0.0;Downgrade;;;Não calculado
02/12/2025;2025;12;Dez.;dezembro;2025-12;Dez./25;80401157;Usuário inexistente;False;atomosquimica2;Downgrade;Não informado;"Conexão Facebook Messenger; Conexão Instagram Direct";Conexão Facebook Messenger + outros;https://app.pipefy.com/open-cards/1262435655;Migração/Outro;Desistência da contratação;Redução de custo;Downgrade Conexão Instagram R$ 89,00/mensal e Conexão Facebook R$ 89,00/mensal  Cancelamento por conta do custo, ofereci desconto cliente preferiu cancelar da mesma forma.;2;0.0;0.0;Downgrade;;;Não calculado
02/12/2025;2025;12;Dez.;dezembro;2025-12;Dez./25;80401157;Usuário inexistente;False;madevoss;Downgrade;Não informado;"Conexão Facebook Messenger; Funil de vendas";"Conexão Facebook Messenger; Funil de vendas";https://app.pipefy.com/open-cards/1262682587;Migração/Outro;Desistência da contratação;Cancelamento / encerramento;Cancelamento das ferramentas - Funil de vendas R$ 49,00/mensais e Conexão Facebook Messenger R$ 99,00/mensais  Relato do cliente: Não estamos usando no momento;2;0.0;0.0;Downgrade;;;Não calculado
02/12/2025;2025;12;Dez.;dezembro;2025-12;Dez./25;82573565;Usuário inexistente;False;ferreiralassenadv;Downgrade;Não informado;Chat interno;Chat interno;https://app.pipefy.com/open-cards/1262382100;Migração/Outro;Não viu valor agregado;Redução de custo;Downgrade - Chat Interno R$ 49,00 | MOTIVO: utilizou por 2 dias e desistiu da contratação, pois, a funcionalidade não fez sentido para ela . Não foi liberado período de teste. Direcionado ao financeiro para possibilidade de desconto | Protocolo: 202512021585626;1;0.0;0.0;Downgrade;;;Não calculado
03/12/2025;2025;12;Dez.;dezembro;2025-12;Dez./25;80401157;Usuário inexistente;False;agrecont;Downgrade;Não informado;"Conexão adicional de WhatsApp; Usuário adicional";Conexão adicional de WhatsApp + outros;https://app.pipefy.com/open-cards/1263244128;Migração/Outro;Desistência da contratação;Redução de custo;Downgrade 06x usuários adicionais R$ 174,00/mensal | Downgrade Conexão Adicional WhatsApp Standard R$ 89,00/mensal  Cliente solicitou cancelamento das ferramentas por corte de custos.;2;0.0;0.0;Downgrade;;;Não calculado
03/12/2025;2025;12;Dez.;dezembro;2025-12;Dez./25;80401157;Usuário inexistente;False;bethonicos;Downgrade;Não informado;Conexão Instagram Direct;Conexão Instagram Direct;https://app.pipefy.com/open-cards/1263536494;Migração/Outro;Desistência da contratação;Outros motivos descritos;Downgrade conexão Instagram R$ 89,00/mensal  Cliente não está utilizando a conexão.;1;0.0;0.0;Downgrade;;;Não calculado
03/12/2025;2025;12;Dez.;dezembro;2025-12;Dez./25;80401157;Usuário inexistente;False;botelhopereiraadv;Downgrade;Não informado;Integração;Integração;https://app.pipefy.com/open-cards/1263500865;Migração/Outro;Desistência da contratação;Outros motivos descritos;Downgrade Integração RD CRM = R$ 59,90/mensal;1;0.0;0.0;Downgrade;;;Não calculado
03/12/2025;2025;12;Dez.;dezembro;2025-12;Dez./25;80401157;Usuário inexistente;False;forbos;Downgrade;Não informado;Integração;Integração;https://app.pipefy.com/open-cards/1263507115;Migração/Outro;Desistência da contratação;Outros motivos descritos;Downgrade Integração Trello = R$ 89,99;1;0.0;0.0;Downgrade;;;Não calculado
03/12/2025;2025;12;Dez.;dezembro;2025-12;Dez./25;80401157;Usuário inexistente;False;vittaararaquara;Downgrade;Não informado;Conexão Instagram Direct;Conexão Instagram Direct;https://app.pipefy.com/open-cards/1263231884;Migração/Outro;Desistência da contratação;Cancelamento / encerramento;Downgrade conexão de Instagram = R$ 89,00/mensal  Cliente cancelou por falta de uso da ferramenta.;1;0.0;0.0;Downgrade;;;Não calculado
03/12/2025;2025;12;Dez.;dezembro;2025-12;Dez./25;80401157;Usuário inexistente;False;woodfort;Downgrade;Não informado;Funil de vendas;Funil de vendas;https://app.pipefy.com/open-cards/1263136818;Migração/Outro;Não viu valor agregado;Redução de custo;Redução funil de vendas = R$ 49,00/mensal  Relato do cliente: É porque aqui é muito corrido o pessoal utilizar o funil de vendas e aí eu preciso de uma solução que seja integrada com o meu sistema.;1;0.0;0.0;Downgrade;;;Não calculado
03/12/2025;2025;12;Dez.;dezembro;2025-12;Dez./25;83205771;Usuário inexistente;False;zandomaxeletronicos;Downgrade;Não informado;Usuário adicional;Usuário adicional;https://app.pipefy.com/open-cards/1263207811;Migração/Outro;Bug Plataforma;Redução de custo;Down - 4 usuários - Protocolo: 202512031587518 - Motivo: Bug na plataforma, cliente não conseguiu configurar os usuários novos e vai reduzir;1;0.0;0.0;Downgrade;;;Não calculado
03/12/2025;2025;12;Dez.;dezembro;2025-12;Dez./25;Leticia Silva;Leticia Silva;True;hclin;Downgrade;Não informado;Integração;Integração;https://app.pipefy.com/open-cards/1263135630;Migração/Outro;Bug Plataforma;Redução de custo;Remoção da Integração SendRow (Recursos apresentou problemas de @lid, então ele foi removido para que não haja cobrança em dezembro conforme o alinhado com a Luana do Financeiro. Acredito que na próxima contratação, quando o problema for solucionado, faça sentido manter o valor de 179, pois não foi culpa da cliente, ela apenas cancelou devido a esse problema).;1;0.0;0.0;Downgrade;;;Não calculado
04/12/2025;2025;12;Dez.;dezembro;2025-12;Dez./25;80401157;Usuário inexistente;False;advocaciaprates;Downgrade;Não informado;Funil de vendas;Funil de vendas;https://app.pipefy.com/open-cards/1264141377;Migração/Outro;Falta de Funcionalidade;Outros motivos descritos;Relato do cliente: No caso, a propaganda feita pelo vendedor é que o Fúnil poderia se assimilar com um CRM, o qual não foi;1;0.0;0.0;Downgrade;;;Não calculado
04/12/2025;2025;12;Dez.;dezembro;2025-12;Dez./25;80401157;Usuário inexistente;False;lojadofiltro;Downgrade;Não informado;Conexão Instagram Direct;Conexão Instagram Direct;https://app.pipefy.com/open-cards/1264293940;Migração/Outro;Desistência da contratação;Outros motivos descritos;Downgrade Conexão Instagram = R$ 80,10/mensal   Relato cliente: O Instagram não tem uso, infelizmente ninguém manda mensagem.;1;0.0;0.0;Downgrade;;;Não calculado
04/12/2025;2025;12;Dez.;dezembro;2025-12;Dez./25;80401157;Usuário inexistente;False;portobellofoods;Downgrade;Não informado;IA Copiloto;IA Copiloto;https://app.pipefy.com/open-cards/1264156988;Migração/Outro;Não viu valor agregado;Redução de custo;Remoção Combo do lançamento - IA Copiloto R$ 114,00/mensal  Relato cliente: De acordo com as nossas atendentes, muitas vezes não funcionou, não sugeria a resposta quando solicitado ou não sugeria de forma correta. E as respostas rápidas na maioria dos casos já nos atende;1;0.0;0.0;Downgrade;;;Não calculado
04/12/2025;2025;12;Dez.;dezembro;2025-12;Dez./25;83205771;Usuário inexistente;False;camilajanuzziadvocacia;Downgrade;Não informado;Funil de vendas;Funil de vendas;https://app.pipefy.com/open-cards/1264201583;Migração/Outro;Não viu valor agregado;Redução de custo;Downgrade - Funil de Vendas - Protocolo: 202512041589199 - Motivo: Cliente informou que deseja contratar um CRM, que o recurso não atendeu as expectativas, mesmo questionado, ela não informou.;1;0.0;0.0;Downgrade;;;Não calculado
04/12/2025;2025;12;Dez.;dezembro;2025-12;Dez./25;83205771;Usuário inexistente;False;potavell;Downgrade;Não informado;Servidores;Servidores;https://app.pipefy.com/open-cards/1264263151;Migração/Outro;Problema sistêmico (cliente);Problema técnico / limitação;"Motivo; Cliente não está utilizando os recursos, acreditou que apenas arquivas os usuários e conexões era suficiente.";1;0.0;0.0;Downgrade;;;Não calculado
04/12/2025;2025;12;Dez.;dezembro;2025-12;Dez./25;83205771;Usuário inexistente;False;potavell;Downgrade;Não informado;"Usuário adicional; Conexão adicional de WhatsApp";Usuário adicional + outros;https://app.pipefy.com/open-cards/1264206671;Migração/Outro;Problema sistêmico (cliente);Problema técnico / limitação;"Downgrade - 11 Usuários Adicionais (16>5) - 4 Conexões de Whatsapp - Protocolo: 202512041588925 - Motivo; Cliente não está utilizando os recursos, acreditou que apenas arquivas os usuários e conexões era suficiente.";2;0.0;0.0;Downgrade;;;Não calculado
04/12/2025;2025;12;Dez.;dezembro;2025-12;Dez./25;83205771;Usuário inexistente;False;tayrona;Downgrade;Não informado;Funil de vendas;Funil de vendas;https://app.pipefy.com/open-cards/1264079093;Migração/Outro;Não viu valor agregado;Redução de custo;Down - Funil de Vendas - Protocolo: 202512041589332 - Motivo: Cliente migrou para um CRM;1;0.0;0.0;Downgrade;;;Não calculado
04/12/2025;2025;12;Dez.;dezembro;2025-12;Dez./25;Leticia Silva;Leticia Silva;True;dmmatdecontrucao;Downgrade;Não informado;Funil de vendas;Funil de vendas;https://app.pipefy.com/open-cards/1263965639;Migração/Outro;Falta de Funcionalidade;Outros motivos descritos;Operadores estavam esquecendo de utilizar;1;0.0;0.0;Downgrade;;;Não calculado
04/12/2025;2025;12;Dez.;dezembro;2025-12;Dez./25;Leticia Silva;Leticia Silva;True;lojasbricio;Downgrade;Não informado;Usuário adicional;Usuário adicional;https://app.pipefy.com/open-cards/1264262609;Migração/Outro;Redução de funcionários;Redução de custo;Down de 1 usuário bonificado e 1 adicional (ciente que vão ser os primeiros a serem removidos em casos de reduções).;1;0.0;0.0;Downgrade;;;Não calculado
04/12/2025;2025;12;Dez.;dezembro;2025-12;Dez./25;Melissa Duarte;Melissa Duarte;True;performmed;Downgrade;Não informado;Conexão adicional de WhatsApp;Conexão adicional de WhatsApp;https://app.pipefy.com/open-cards/1264284290;Migração/Outro;Redução de demanda;Redução de custo;Cliente disse que atende de forma que quando algum atendente entra em contato, ele precisa ter um numero para seguir com os atendimentos. Uma especie de secretaria sobre os atendimentos e o cliente em si nao precisou mais seguir com a contratação;1;0.0;0.0;Downgrade;;;Não calculado
04/12/2025;2025;12;Dez.;dezembro;2025-12;Dez./25;Melissa Duarte;Melissa Duarte;True;vivelavie;Downgrade;Não informado;Funil de vendas;Funil de vendas;https://app.pipefy.com/open-cards/1263949297;Migração/Outro;Desistência da contratação;Outros motivos descritos;Cliente disse que contratou mas nunca usou, disse que inicialmente não seguirão com o uso na plataforma deles;1;0.0;0.0;Downgrade;;;Não calculado
04/12/2025;2025;12;Dez.;dezembro;2025-12;Dez./25;Tadiane Biason;Tadiane Biason;True;casempreendimentos;Downgrade;Não informado;Conexão adicional de WhatsApp;Conexão adicional de WhatsApp;https://app.pipefy.com/open-cards/1264332149;Migração/Outro;Banimento;Redução de custo;ipo: Downgrade Produto: 5 conexões Valor: 345,00 URL: casempreendimentos Protocolo: 202512041588696;1;0.0;0.0;Downgrade;;;Não calculado
05/12/2025;2025;12;Dez.;dezembro;2025-12;Dez./25;80401157;Usuário inexistente;False;envisione;Downgrade;Não informado;Funil de vendas;Funil de vendas;https://app.pipefy.com/open-cards/1264556526;Migração/Outro;Desistência da contratação;Outros motivos descritos;Relato do cliente: Não faz muito sentido para a gente. A gente tem o CRM completo e a gente conseguiu integrar o CRM ao DigiSac.;1;0.0;0.0;Downgrade;;;Não calculado
05/12/2025;2025;12;Dez.;dezembro;2025-12;Dez./25;80401157;Usuário inexistente;False;nogara;Downgrade;Não informado;Integração;Integração;https://app.pipefy.com/open-cards/1264682108;Migração/Outro;Desistência da contratação;Outros motivos descritos;Downgrade Integração Send Row R$ 199,00/mensal  Relato cliente: Não vai mais utilizar a ferramenta.;1;0.0;0.0;Downgrade;;;Não calculado
05/12/2025;2025;12;Dez.;dezembro;2025-12;Dez./25;83205771;Usuário inexistente;False;brasilsulselfstorage;Downgrade;Não informado;"Conexão Instagram Direct; Conexão Facebook Messenger";Conexão Instagram Direct + outros;https://app.pipefy.com/open-cards/1264746996;Migração/Outro;Não viu valor agregado;Redução de custo;Down - Instagram e Facebook - Protocolo: 202512051590960 - Motivo: Alegou que não está funcionando, ofereci suporte mas não quis;2;0.0;0.0;Downgrade;;;Não calculado
05/12/2025;2025;12;Dez.;dezembro;2025-12;Dez./25;83205771;Usuário inexistente;False;fcadvogados;Downgrade;Não informado;"Conexão Instagram Direct; Conexão Facebook Messenger";Conexão Instagram Direct + outros;https://app.pipefy.com/open-cards/1264614429;Migração/Outro;Problema sistêmico (cliente);Baixa utilização / sem valor percebido;Downgrade - Instagram + Messenger: 178 - Protocolo: 202512051590575 - Motivo: Cliente está reestruturando a plataforma e itens que utilizam ou não, o insta e face não utilizam.;2;0.0;0.0;Downgrade;;;Não calculado
05/12/2025;2025;12;Dez.;dezembro;2025-12;Dez./25;Leticia Silva;Leticia Silva;True;ehmedical;Downgrade;Não informado;"Usuário adicional; Conexão adicional de WhatsApp";Usuário adicional + outros;https://app.pipefy.com/open-cards/1264735684;Migração/Outro;Redução de funcionários;Redução de custo;Down 14 usuários + 2 conexões.;2;0.0;0.0;Downgrade;;;Não calculado
05/12/2025;2025;12;Dez.;dezembro;2025-12;Dez./25;Leticia Silva;Leticia Silva;True;maifredo;Downgrade;Não informado;Usuário adicional;Usuário adicional;https://app.pipefy.com/open-cards/1264575159;Migração/Outro;Não informado;Outros motivos descritos;Down Funil de Vendas + Conexão de Whatsapp Standerd.;1;0.0;0.0;Downgrade;;;Não calculado
08/12/2025;2025;12;Dez.;dezembro;2025-12;Dez./25;83205771;Usuário inexistente;False;cylcontabilidade;Downgrade;Não informado;Usuário adicional;Usuário adicional;https://app.pipefy.com/open-cards/1265401117;Migração/Outro;Redução de funcionários;Redução de custo;Downgrade - 1 us Adicional - Protocolo: 202512081592437 - Motivo: cliente tem usuários bonificado a partir de uma proposta comercial, dessa forma foi reduzido internamente;1;0.0;0.0;Downgrade;;;Não calculado
08/12/2025;2025;12;Dez.;dezembro;2025-12;Dez./25;Tadiane Biason;Tadiane Biason;True;digitaltech;Downgrade;Não informado;Conexão adicional de WhatsApp;Conexão adicional de WhatsApp;https://app.pipefy.com/open-cards/1265597446;Migração/Outro;Banimento;Redução de custo;Tipo: Downgrade  Produto:5 conexões Standar  Valor: 395,00 URL: digitaltech Protocolo: e-mail;1;0.0;0.0;Downgrade;;;Não calculado
09/12/2025;2025;12;Dez.;dezembro;2025-12;Dez./25;Leticia Silva;Leticia Silva;True;eduka;Downgrade;Não informado;Servidores;Servidores;https://app.pipefy.com/open-cards/1265989741;Migração/Outro;Solução própria;Troca de solução / concorrente;Down servidor 2/4, está saindo da plataforma.;1;0.0;0.0;Downgrade;;;Não calculado
09/12/2025;2025;12;Dez.;dezembro;2025-12;Dez./25;Leticia Silva;Leticia Silva;True;upbetbrasil;Downgrade;Não informado;Servidores;Servidores;https://app.pipefy.com/open-cards/1265988905;Migração/Outro;Redução de demanda;Redução de custo;Down servidor 16/16.;1;0.0;0.0;Downgrade;;;Não calculado
09/12/2025;2025;12;Dez.;dezembro;2025-12;Dez./25;Leticia Silva;Leticia Silva;True;viajesf;Downgrade;Não informado;"Usuário adicional; Funil de vendas; Conexão adicional de WhatsApp";Usuário adicional + outros;https://app.pipefy.com/open-cards/1265966521;Migração/Outro;Solução própria;Troca de solução / concorrente;Down 1 usuário, conexão adicional e funil (cliente vai manter a plataforma apenas para consulta, ela migrou).;3;0.0;0.0;Downgrade;;;Não calculado
10/12/2025;2025;12;Dez.;dezembro;2025-12;Dez./25;80401167;Usuário inexistente;False;milhasdreams;Downgrade;Não informado;"Funil de vendas; Integração";"Funil de vendas; Integração";https://app.pipefy.com/open-cards/1266420407;Migração/Outro;Sem informação;Outros motivos descritos;Downgrade Modulo - Funil de Vendas - Digisac e Integração RD CRM - protocolo 202512101596192;2;0.0;0.0;Downgrade;;;Não calculado
10/12/2025;2025;12;Dez.;dezembro;2025-12;Dez./25;80401195;Usuário inexistente;False;contacomigob4;Downgrade;Não informado;Resumo Inteligente;Resumo Inteligente;https://app.pipefy.com/open-cards/1266713732;Migração/Outro;Bug Plataforma;Problema técnico / limitação;Ferramenta de Resumo Inteligente está com BUG, não está funcionanado direito desde quando o cliente contratou, por esse motivo a Viviane Vieira autorizou a devolução do dinheiro pago na funcionalidade e a funcionalidade será retirada do Plano até resolução. Link do card de bug no suporte: https://app.pipefy.com/open-cards/1265846030;1;0.0;0.0;Downgrade;;;Não calculado
10/12/2025;2025;12;Dez.;dezembro;2025-12;Dez./25;83205771;Usuário inexistente;False;cidadeviva;Downgrade;Não informado;Conexão Instagram Direct;Conexão Instagram Direct;https://app.pipefy.com/open-cards/1266517749;Migração/Outro;Redução de demanda;Redução de custo;Downgrade - 1 Conexão de Instagram - Protocolo: 202512101596269;1;0.0;0.0;Downgrade;;;Não calculado
10/12/2025;2025;12;Dez.;dezembro;2025-12;Dez./25;Luis Siqueira;Luis Siqueira;True;financeirarealcred;Downgrade;Não informado;Funil de vendas;Funil de vendas;https://app.pipefy.com/open-cards/1266547457;Migração/Outro;Desistência da contratação;Outros motivos descritos;Cliente disse que prefere seguir com a contratação da ferramenta após a virada de ano, pois contratou sem um treinamento agendado o que trouxe algumas difculdades sobre a ferramenta;1;0.0;0.0;Downgrade;;;Não calculado
11/12/2025;2025;12;Dez.;dezembro;2025-12;Dez./25;80401157;Usuário inexistente;False;fabianemeloadv;Downgrade;Não informado;Funil de vendas;Funil de vendas;https://app.pipefy.com/open-cards/1267275456;Migração/Outro;Desistência da contratação;Cancelamento / encerramento;Cancelamento Funil de vendas = R$ 89,00/mensal  Relato do cliente: Não está sendo utilizado esse serviço;1;0.0;0.0;Downgrade;;;Não calculado
11/12/2025;2025;12;Dez.;dezembro;2025-12;Dez./25;82573565;Usuário inexistente;False;cartoriosambaiba;Downgrade;Não informado;Chat interno;Chat interno;https://app.pipefy.com/open-cards/1267182718;Migração/Outro;Não viu valor agregado;Redução de custo;Downgrade Chat Interno - R$ 89,00 | motivo: Recurso não esta sendo utilizado;1;0.0;0.0;Downgrade;;;Não calculado
11/12/2025;2025;12;Dez.;dezembro;2025-12;Dez./25;83205771;Usuário inexistente;False;espacovick;Downgrade;Não informado;Distribuição automática;Distribuição automática;https://app.pipefy.com/open-cards/1267005463;Migração/Outro;Não se adaptou ao produto;Cancelamento / encerramento;Downgrade - Distribuição de chamado - 89,00 - Protocolo: 202512111597671 - Motivo: Cliente utilizava muito a distribuição e disse que adorava, porém, após o banimento ela migrou para API, e como o atendimento é ativo, a distribuição parou de ser utilizada.;1;0.0;0.0;Downgrade;;;Não calculado
11/12/2025;2025;12;Dez.;dezembro;2025-12;Dez./25;Leticia Silva;Leticia Silva;True;mendeseguimaraes;Downgrade;Não informado;Resumo Inteligente;Resumo Inteligente;https://app.pipefy.com/open-cards/1267266170;Migração/Outro;Não viu valor agregado;Redução de custo;Falou que o resumo não retrata bem a conversa.;1;0.0;0.0;Downgrade;;;Não calculado
12/12/2025;2025;12;Dez.;dezembro;2025-12;Dez./25;80401157;Usuário inexistente;False;diasdocantofarrapos;Downgrade;Não informado;Distribuição automática;Distribuição automática;https://app.pipefy.com/open-cards/1267460863;Migração/Outro;Desistência da contratação;Processo/uso operacional;Downgrade Distribuição Automática = R$ 89,00/mensal  Relato do cliente: Seria realmente por falta de utilidade mesmo.;1;0.0;0.0;Downgrade;;;Não calculado
12/12/2025;2025;12;Dez.;dezembro;2025-12;Dez./25;83205771;Usuário inexistente;False;artcconnect;Downgrade;Não informado;Chat interno;Chat interno;https://app.pipefy.com/open-cards/1267545748;Migração/Outro;Dificuldade financeira;Redução de custo;DOwngrade - Chat Interno 89,00 - Protocolo: 202512121599118 - Motivo: A empresa decidiu desligar o chat interno porque a equipe não está utilizando a ferramenta. Além disso, eles ativaram uma nova conexão no WhatsApp via DigiSac, cujo custo já equivale ao valor atual. Como a equipe não fará uso do chat no momento e já estão arcando com a nova conexão, optaram pelo downgrade para evitar gastos.;1;0.0;0.0;Downgrade;;;Não calculado
12/12/2025;2025;12;Dez.;dezembro;2025-12;Dez./25;83205771;Usuário inexistente;False;worldchip;Downgrade;Não informado;"Conexão Instagram Direct; Conexão Facebook Messenger";Conexão Instagram Direct + outros;https://app.pipefy.com/open-cards/1267698555;Migração/Outro;Redução de demanda;Redução de custo;Downgrade - Instagram  e Facebook - 130,00 - Protocolo: 202512121599612 - Motivo: Cliente está fazendo o downgrade de conexões de Whatsapp API e Instagram por falta de uso;2;0.0;0.0;Downgrade;;;Não calculado
12/12/2025;2025;12;Dez.;dezembro;2025-12;Dez./25;Leticia Silva;Leticia Silva;True;floresadvocacia;Downgrade;Não informado;IA Copiloto;IA Copiloto;https://app.pipefy.com/open-cards/1267780937;Migração/Outro;Não informado;Outros motivos descritos;Down copiloto 500 créditos (cliente disse que recurso não tem muita serventia para o ramo em que ele atua (jurídico).;1;0.0;0.0;Downgrade;;;Não calculado
15/12/2025;2025;12;Dez.;dezembro;2025-12;Dez./25;80401157;Usuário inexistente;False;kelvinld;Downgrade;Não informado;Chat interno;Chat interno;https://app.pipefy.com/open-cards/1268355203;Migração/Outro;Falta de Funcionalidade;Outros motivos descritos;Downgrade Chat interno = R$ 89,00/mensal  Relato cliente: Gostaríamos de utilizar o Digisac para trocar informações entre os usuários do time, porém a falta dessas ferramentas dificulta a comunicação. Hoje utilizamos o Digisac para nos comunicar com os clientes e outra plataforma de comunicação para conversas entre os colaboradores da empresa.;1;0.0;0.0;Downgrade;;;Não calculado
15/12/2025;2025;12;Dez.;dezembro;2025-12;Dez./25;82573565;Usuário inexistente;False;centerlab;Downgrade;Não informado;"Texto Mágico; Resumo Inteligente";"Texto Mágico; Resumo Inteligente";https://app.pipefy.com/open-cards/1268315417;Migração/Outro;Não viu valor agregado;Redução de custo;Downgrade - IA Texto Mágico - 1.000 créditos R$ 19,90 e IA Resumo Inteligente - Plano 500 créditos R$ 29,90 | Motivo: A equipe não aderiu as ferramentas e decidiram cancelar.;2;0.0;0.0;Downgrade;;;Não calculado
15/12/2025;2025;12;Dez.;dezembro;2025-12;Dez./25;83205771;Usuário inexistente;False;piratiningaabc;Downgrade;Não informado;Chat interno;Chat interno;https://app.pipefy.com/open-cards/1268406418;Migração/Outro;Custo Benefício;Redução de custo;Downgrade - Chat Interno - 89,00 - Protocolo:202512151600936 - Motivo: Redução de custos, questionei sobre a experiência do recurso, o mesmo informou que os motivos não estão associados à experiência;1;0.0;0.0;Downgrade;;;Não calculado
15/12/2025;2025;12;Dez.;dezembro;2025-12;Dez./25;Leticia Silva;Leticia Silva;True;studioindustrial;Downgrade;Não informado;IA Copiloto;IA Copiloto;https://app.pipefy.com/open-cards/1268629313;Migração/Outro;Falta de Funcionalidade;Outros motivos descritos;Down IA Copiloto - 500 créditos, cliente falou que a equipe não gostou do recurso.;1;0.0;0.0;Downgrade;;;Não calculado
16/12/2025;2025;12;Dez.;dezembro;2025-12;Dez./25;80401157;Usuário inexistente;False;francacred;Downgrade;Não informado;IA Agent;IA Agent;https://app.pipefy.com/open-cards/1269140250;Migração/Outro;Desistência da contratação;Outros motivos descritos;Downgrade IA Agente - 1.000 créditos = R$ 112,90/mensal  Relato cliente: Paguei e não usei ,não tive suporte para isso.;1;0.0;0.0;Downgrade;;;Não calculado
16/12/2025;2025;12;Dez.;dezembro;2025-12;Dez./25;80401157;Usuário inexistente;False;smartidiomas;Downgrade;Não informado;IA Agent;IA Agent;https://app.pipefy.com/open-cards/1269126636;Migração/Outro;Desistência da contratação;Outros motivos descritos;Downgrade IA Agente - 1.000 créditos = R$ 112,90/mensal  Cliente alega não ter tempo para configurar e futuramente irá realizar a contratação, assim que tiver disponibilidade de configurar.;1;0.0;0.0;Downgrade;;;Não calculado
16/12/2025;2025;12;Dez.;dezembro;2025-12;Dez./25;Leticia Silva;Leticia Silva;True;camisadalatinha;Downgrade;Não informado;Funil de vendas;Funil de vendas;https://app.pipefy.com/open-cards/1268930291;Migração/Outro;Falta de Funcionalidade;Processo/uso operacional;Cliente disse que infelizmente, o sistema não funcionou para o nosso time de vendas, pois o tempo de negociação, ou seja, do primeiro contato do cliente conosco até o fechamento do pedido é muito rápido. Então, o processo de funil acabou ficando burocrático, ao invés de otimizar, gerou mais tarefa.  Citei nossas integrações com outros sistemas.;1;0.0;0.0;Downgrade;;;Não calculado
17/12/2025;2025;12;Dez.;dezembro;2025-12;Dez./25;80401157;Usuário inexistente;False;vgxcontactcenter;Downgrade;Não informado;Servidores;Servidores;https://app.pipefy.com/open-cards/1269695957;Migração/Outro;Não viu valor agregado;Redução de custo;Downgrade Servidor 2/4 = R$ 89,00  Motivo: Cliente está com baixo fluxo, sendo apenas necessário o base. (Validado pelo suporte);1;0.0;0.0;Downgrade;;;Não calculado
17/12/2025;2025;12;Dez.;dezembro;2025-12;Dez./25;Leticia Silva;Leticia Silva;True;cyberbridge;Downgrade;Não informado;Combo Start;Combo Start;https://app.pipefy.com/open-cards/1269473387;Migração/Outro;UP por engano;Outros motivos descritos;Down Combo Start IA (R$ 173,90): Mesmo com a descrição no momento da contratação, o cliente entendeu que o agente inteligente estaria incluso no combo adquirido.;1;0.0;0.0;Downgrade;;;Não calculado
17/12/2025;2025;12;Dez.;dezembro;2025-12;Dez./25;Leticia Silva;Leticia Silva;True;gestionna;Downgrade;Não informado;Conexão adicional de WhatsApp;Conexão adicional de WhatsApp;https://app.pipefy.com/open-cards/1269476916;Migração/Outro;Redução de funcionários;Redução de custo;Down Conexão Adicional de WhatsApp (No momento da contratação, o cliente não foi informado que a primeira conexão a ser removida seria a bonificada. Eu informei isso, pedi desculpas pela falha na nossa comunicação, mas deixei claro que em próximas reduções os primeiros recursos a serem removidos serão os bonificados. Ele está de acordo).;1;0.0;0.0;Downgrade;;;Não calculado
17/12/2025;2025;12;Dez.;dezembro;2025-12;Dez./25;Leticia Silva;Leticia Silva;True;realitycontabilidade;Downgrade;Não informado;Integração;Integração;https://app.pipefy.com/open-cards/1269629035;Migração/Outro;Falta de Funcionalidade;Cancelamento / encerramento;Cliente disse que o sistema apresentou falhas, optou por cancelar.;1;0.0;0.0;Downgrade;;;Não calculado
17/12/2025;2025;12;Dez.;dezembro;2025-12;Dez./25;Leticia Silva;Leticia Silva;True;sorrirsalvador;Downgrade;Não informado;Integração;Integração;https://app.pipefy.com/open-cards/1269625284;Migração/Outro;Falta de Funcionalidade;Baixa utilização / sem valor percebido;Cliente não utiliza mais a pipedrive.;1;0.0;0.0;Downgrade;;;Não calculado
18/12/2025;2025;12;Dez.;dezembro;2025-12;Dez./25;80401157;Usuário inexistente;False;octochat;Downgrade;Não informado;Funil de vendas;Funil de vendas;https://app.pipefy.com/open-cards/1269894036;Migração/Outro;Não viu valor agregado;Redução de custo;Downgrade de Funil de vendas = R$ 49,00/mensal  Relato cliente: Nós não estamos usando ele no momento, vimos que se tornou desnecessário.;1;0.0;0.0;Downgrade;;;Não calculado
19/12/2025;2025;12;Dez.;dezembro;2025-12;Dez./25;80401157;Usuário inexistente;False;jmalvesempresarial;Downgrade;Não informado;IA Copiloto;IA Copiloto;https://app.pipefy.com/open-cards/1270754683;Migração/Outro;Não viu valor agregado;Redução de custo;Downgrade IA Copiloto - 500 créditos = R$ 49,90  Relato do cliente: Não está utilizando a ferramenta.;1;0.0;0.0;Downgrade;;;Não calculado
19/12/2025;2025;12;Dez.;dezembro;2025-12;Dez./25;83205771;Usuário inexistente;False;ellohubprint;Downgrade;Não informado;Usuário adicional;Usuário adicional;https://app.pipefy.com/open-cards/1270480655;Migração/Outro;Custo Benefício;Redução de custo;Downgrade - 2 Usuários - 58,00 - Protocolo: 202512171605673 - Renegociação - Cliente iria retomar o uso da plataforma apenas em Março de 2026, negocie com ela a diminuição do plano completo, para que seu número oficial não fosse cancelado, e quando precisasse era só voltar a plataforma;1;0.0;0.0;Downgrade;;;Não calculado
19/12/2025;2025;12;Dez.;dezembro;2025-12;Dez./25;Leticia Silva;Leticia Silva;True;auroraborealtur;Downgrade;Não informado;"Conexão adicional de WhatsApp; Usuário adicional; Conexão Facebook Messenger; Conexão Instagram Direct; Integração";Conexão adicional de WhatsApp + outros;https://app.pipefy.com/open-cards/1270749768;Migração/Outro;Migrando de Plataforma;Cancelamento / encerramento;Cliente cancelou todos os recursos de seu plano, mantendo apenas o plano base para que possa continuar realizando consultas.;5;0.0;0.0;Downgrade;;;Não calculado
19/12/2025;2025;12;Dez.;dezembro;2025-12;Dez./25;Leticia Silva;Leticia Silva;True;cyberbridge;Downgrade;Não informado;Integração;Integração;https://app.pipefy.com/open-cards/1270805211;Migração/Outro;Falta de Funcionalidade;Outros motivos descritos;Cliente informou que apenas a funcionalidade de abertura de ticket quando o cliente entra em contato pela DigiSac não atende às suas necessidades. Diante disso, entre desenvolver a integração internamente ou contar com o desenvolvimento do nosso time para incluir as demais funcionalidades necessárias, ele optou por realizar o desenvolvimento por conta própria.;1;0.0;0.0;Downgrade;;;Não calculado
19/12/2025;2025;12;Dez.;dezembro;2025-12;Dez./25;Luis Siqueira;Luis Siqueira;True;uaiviajei;Downgrade;Não informado;Funil de vendas;Funil de vendas;https://app.pipefy.com/open-cards/1270745535;Migração/Outro;Não se adaptou ao produto;Processo/uso operacional;Cliente disse que os processos sao muito manuais.;1;0.0;0.0;Downgrade;;;Não calculado
19/12/2025;2025;12;Dez.;dezembro;2025-12;Dez./25;Vinicius Simões;Vinicius Simões;True;koaviagens;Downgrade;Não informado;Usuário adicional;Usuário adicional;https://app.pipefy.com/open-cards/1270781583;Migração/Outro;Redução de funcionários;Redução de custo;Downgrade: - 7x Usuários adicionais - R$ 203,00 - 1x Usuário bonificado - R$ 0,00;1;0.0;0.0;Downgrade;;;Não calculado
22/12/2025;2025;12;Dez.;dezembro;2025-12;Dez./25;80401157;Usuário inexistente;False;mairovergara;Downgrade;Não informado;Combo de IA's;Combo de IA's;https://app.pipefy.com/open-cards/1271322792;Migração/Outro;Não viu valor agregado;Redução de custo;Downgrade Combo do lançamento - IA Texto Mágico R$ 113,00  Cliente alega não estar utilizando o recurso.;1;0.0;0.0;Downgrade;;;Não calculado
22/12/2025;2025;12;Dez.;dezembro;2025-12;Dez./25;Guilherme Virgilio Soares;Guilherme Virgilio Soares;True;ommbomoveis;Downgrade;Não informado;Funil de vendas;Funil de vendas;https://app.pipefy.com/open-cards/1271448238;Migração/Outro;Não viu valor agregado;Redução de custo;Downgrade: - Funil de Vendas - R$ 49,00  Motivo: Segundo o cliente, sua equipe não se adaptou ao uso da ferramenta. Ele não quis dar mais detalhes.;1;0.0;0.0;Downgrade;;;Não calculado
22/12/2025;2025;12;Dez.;dezembro;2025-12;Dez./25;Leticia Silva;Leticia Silva;True;myava;Downgrade;Não informado;Integração;Integração;https://app.pipefy.com/open-cards/1271473400;Migração/Outro;Solução própria;Cancelamento / encerramento;Down Integração GLPI (cliente cancelou a GLPI).;1;0.0;0.0;Downgrade;;;Não calculado
23/12/2025;2025;12;Dez.;dezembro;2025-12;Dez./25;80401157;Usuário inexistente;False;ico;Downgrade;Não informado;Funil de vendas;Funil de vendas;https://app.pipefy.com/open-cards/1272131531;Migração/Outro;Não viu valor agregado;Redução de custo;Downgrade Funil de vendas = R$ 49,90/mensal  Relato do cliente: Está utilizando a RD com integração na Digisac.;1;0.0;0.0;Downgrade;;;Não calculado
23/12/2025;2025;12;Dez.;dezembro;2025-12;Dez./25;80401157;Usuário inexistente;False;marcelobonfimadv;Downgrade;Não informado;Funil de vendas;Funil de vendas;https://app.pipefy.com/open-cards/1271949955;Migração/Outro;Não viu valor agregado;Redução de custo;Downgrade Funil de vendas = R$ 49,00/mensal  Relato cliente: Não está sendo utilizado;1;0.0;0.0;Downgrade;;;Não calculado
23/12/2025;2025;12;Dez.;dezembro;2025-12;Dez./25;Melissa Duarte;Melissa Duarte;True;escaping;Downgrade;Não informado;"Texto Mágico; Resumo Inteligente; IA Copiloto";"Texto Mágico; Resumo Inteligente; IA Copiloto";https://app.pipefy.com/open-cards/1271926133;Migração/Outro;Redução de demanda;Redução de custo;Cliente alega que estao com demanda pequena e nao estão utilizando as ferramentas IA Texto Mágico - 1.000 créditos 19,90 IA Resumo Inteligente - Plano 500 créditos 29,90 IA Copiloto - 500 créditos  49,90 TOTAL: R$99,70;3;0.0;0.0;Downgrade;;;Não calculado
23/12/2025;2025;12;Dez.;dezembro;2025-12;Dez./25;Melissa Duarte;Melissa Duarte;True;maas;Downgrade;Não informado;"Chat interno; Usuário adicional";"Chat interno; Usuário adicional";https://app.pipefy.com/open-cards/1271995660;Migração/Outro;Redução de demanda;Redução de custo;Downgrade de 2 usuários adicionais + downgrade de Chat Interno - Protocolo: 202512231611462;2;0.0;0.0;Downgrade;;;Não calculado
23/12/2025;2025;12;Dez.;dezembro;2025-12;Dez./25;Melissa Duarte;Melissa Duarte;True;trancosoexplorer;Downgrade;Não informado;Conexão Instagram Direct;Conexão Instagram Direct;https://app.pipefy.com/open-cards/1272009340;Migração/Outro;Redução de demanda;Redução de custo;Downgrade da conexão de Instagram R$89,00/mês - Protocolo: 202512231611541;1;0.0;0.0;Downgrade;;;Não calculado
24/12/2025;2025;12;Dez.;dezembro;2025-12;Dez./25;80401195;Usuário inexistente;False;casabueno;Downgrade;Não informado;E-mail adicional;E-mail adicional;https://app.pipefy.com/open-cards/1272504931;Migração/Outro;Redução de demanda;Redução de custo;Downgrade de 3 conexões de Email, 2 pagantes e 1 bonificada - Protocolo: 202512241612435;1;0.0;0.0;Downgrade;;;Não calculado
24/12/2025;2025;12;Dez.;dezembro;2025-12;Dez./25;Guilherme Virgilio Soares;Guilherme Virgilio Soares;True;alligareimoveis;Downgrade;Não informado;Chat interno;Chat interno;https://app.pipefy.com/open-cards/1272451994;Migração/Outro;Não viu valor agregado;Redução de custo;- Dowgrade: Chat interno - R$89,00;1;0.0;0.0;Downgrade;;;Não calculado
26/12/2025;2025;12;Dez.;dezembro;2025-12;Dez./25;80401157;Usuário inexistente;False;bilheteon;Downgrade;Não informado;Conexão Instagram Direct;Conexão Instagram Direct;https://app.pipefy.com/open-cards/1273148682;Migração/Outro;Redução de demanda;Redução de custo;Downgrade conexão Instagram = R$ 89,00/ mensal  Relato cliente: Redução de custo;1;0.0;0.0;Downgrade;;;Não calculado
26/12/2025;2025;12;Dez.;dezembro;2025-12;Dez./25;Melissa Duarte;Melissa Duarte;True;indeed1;Downgrade;Não informado;Usuário adicional;Usuário adicional;https://app.pipefy.com/open-cards/1273327049;Migração/Outro;Redução de funcionários;Redução de custo;Down usuário adicional, disse que não conseguiu reduzir pelo meu plano pois tem usuário bonificado e da erro na hora de reduzir - R$29,00;1;0.0;0.0;Downgrade;;;Não calculado
26/12/2025;2025;12;Dez.;dezembro;2025-12;Dez./25;Vinicius Simões;Vinicius Simões;True;azulviagensjatai;Downgrade;Não informado;"Conexão Instagram Direct; Funil de vendas";"Conexão Instagram Direct; Funil de vendas";https://app.pipefy.com/open-cards/1273373421;Migração/Outro;Migrando de Plataforma;Troca de solução / concorrente;Downgrade: - Funil de Vendas - R$ 49,00 - Conexão de Instagram: R$ 89,00  Motivo: Segundo o cliente, a sua franqueadora indicou uma plataforma de atendimentos especializada no ramo de viagens, com isso, eles irão migrar seus atendimentos para lá. Por enquanto, irá apenas manter a Digisac ativa para consultas.;2;0.0;0.0;Downgrade;;;Não calculado
29/12/2025;2025;12;Dez.;dezembro;2025-12;Dez./25;80401157;Usuário inexistente;False;conectaobra;Downgrade;Não informado;"Conexão Instagram Direct; Conexão Facebook Messenger";Conexão Instagram Direct + outros;https://app.pipefy.com/open-cards/1274208552;Migração/Outro;Não viu valor agregado;Redução de custo;Downgrade 1x Conexão Facebook = R$ 65,00 e 02x Conexão Instagram = R$ 65,00 | R$ 130,00  Relato do cliente: Não to usando, minha conversão é 100% Whatsapp.;2;0.0;0.0;Downgrade;;;Não calculado
29/12/2025;2025;12;Dez.;dezembro;2025-12;Dez./25;Guilherme Virgilio Soares;Guilherme Virgilio Soares;True;tulondigital;Downgrade;Não informado;Funil de vendas;Funil de vendas;https://app.pipefy.com/open-cards/1274196092;Migração/Outro;Não viu valor agregado;Redução de custo;- Downgrade: Funil de vendas - R$89,90  Cliente informa que o produto não funciona como ele precisa, porém não quis dar mais detalhes sobre a necessidade.;1;0.0;0.0;Downgrade;;;Não calculado
29/12/2025;2025;12;Dez.;dezembro;2025-12;Dez./25;Leticia Silva;Leticia Silva;True;astersolucoes;Downgrade;Não informado;Servidores;Servidores;https://app.pipefy.com/open-cards/1274275166;Migração/Outro;Redução de demanda;Redução de custo;Down servidor 8/16 / Up servidor 4/8 (demanda de cliente reduzida).;1;0.0;0.0;Downgrade;;;Não calculado
29/12/2025;2025;12;Dez.;dezembro;2025-12;Dez./25;Leticia Silva;Leticia Silva;True;aventurando;Downgrade;Não informado;IA Copiloto;IA Copiloto;https://app.pipefy.com/open-cards/1274533874;Migração/Outro;Falta de Funcionalidade;Outros motivos descritos;Down IA Copiloto - 500 créditos (não estava sendo utilizado).;1;0.0;0.0;Downgrade;;;Não calculado
29/12/2025;2025;12;Dez.;dezembro;2025-12;Dez./25;Leticia Silva;Leticia Silva;True;novafaserio;Downgrade;Não informado;Conexão adicional de WhatsApp;Conexão adicional de WhatsApp;https://app.pipefy.com/open-cards/1274494792;Migração/Outro;Falta de Funcionalidade;Outros motivos descritos;Down conexão adicional (cliente vai trabalhar apenas com a api oficial).;1;0.0;0.0;Downgrade;;;Não calculado
29/12/2025;2025;12;Dez.;dezembro;2025-12;Dez./25;Leticia Silva;Leticia Silva;True;somosvoar;Downgrade;Não informado;Funil de vendas;Funil de vendas;https://app.pipefy.com/open-cards/1274247007;Migração/Outro;Falta de Funcionalidade;Processo/uso operacional;Down funil de vendas (cliente optou por centralizar a organização de atendimentos na URL grupobull).;1;0.0;0.0;Downgrade;;;Não calculado
30/12/2025;2025;12;Dez.;dezembro;2025-12;Dez./25;80401157;Usuário inexistente;False;tfcadv;Downgrade;Não informado;Funil de vendas;Funil de vendas;https://app.pipefy.com/open-cards/1274850799;Migração/Outro;Não viu valor agregado;Redução de custo;Downgrade Funil de vendas = R$ 89,00/mensal  Relato cliente: Foi apresentado para mim, porém, me enviaram apenas vídeos para configurar, não consegui fazer.;1;0.0;0.0;Downgrade;;;Não calculado
30/12/2025;2025;12;Dez.;dezembro;2025-12;Dez./25;Leticia Silva;Leticia Silva;True;patriciasouza;Downgrade;Não informado;Funil de vendas;Funil de vendas;https://app.pipefy.com/open-cards/1274998088;Migração/Outro;Bug Plataforma;Problema técnico / limitação;Down Funil de vendas (nosso recurso está apresentando falhas ao salvar a oportunidade, como não existe previsãp;1;0.0;0.0;Downgrade;;;Não calculado
30/12/2025;2025;12;Dez.;dezembro;2025-12;Dez./25;Melissa Duarte;Melissa Duarte;True;rhfpatobranco;Downgrade;Não informado;Funil de vendas;Funil de vendas;https://app.pipefy.com/open-cards/1274977413;Migração/Outro;Não viu valor agregado;Redução de custo;Downgrade Funil de vendas - R$ 49,00/mensal  Relato cliente: Meu comercial pediu a conta e aí eu vou reestruturar isso a partir de janeiro. Então, possivelmente, a gente retome isso mais pra frente.;1;0.0;0.0;Downgrade;;;Não calculado
30/12/2025;2025;12;Dez.;dezembro;2025-12;Dez./25;Tadiane Biason;Tadiane Biason;True;myshopgoiania;Downgrade;Não informado;Usuário adicional;Usuário adicional;https://app.pipefy.com/open-cards/1274840666;Migração/Outro;Sazonal;Redução de custo;Tipo: Dowgrade Produto: 13 Usuários Valor: 339,30 URL: myshoopgoiania Protocolo: 202512291613832 Ajustando ao que está utilizando na plataforma;1;0.0;0.0;Downgrade;;;Não calculado
30/12/2025;2025;12;Dez.;dezembro;2025-12;Dez./25;Vinicius Simões;Vinicius Simões;True;wnfvendas;Downgrade;Não informado;"Resumo Inteligente; Texto Mágico; Transcrição de Áudio";Resumo Inteligente + outros;https://app.pipefy.com/open-cards/1274972051;Migração/Outro;Não viu valor agregado;Redução de custo;"Downgrade: Combo do Lançamento - IA Texto Mágico - R$ 113,00 - 1.000 créditos de Resumo Inteligente; - 1.000 créditos de Texto Mágico; - 1.000 minutos de Transcrição de Áudio  Motivo: o cliente não deu muitos detalhes, apenas disse que eles pararam de usar as ferramentas.";3;0.0;0.0;Downgrade;;;Não calculado
31/12/2025;2025;12;Dez.;dezembro;2025-12;Dez./25;Leticia Silva;Leticia Silva;True;hexprosafety;Downgrade;Não informado;Integração;Integração;https://app.pipefy.com/open-cards/1275175669;Migração/Outro;Falta de Funcionalidade;Cancelamento / encerramento;Down RD CRM (cliente parou de usar a rd);1;0.0;0.0;Downgrade;;;Não calculado
